                                       1                                        2                                        3                                        4                                        5                                        6                                        7                                        8                                        9                                       10                                       11                                       12                                       13                                       14                                       15                                       16                                       17                                       18                                       19                                       20                                       21                                       22                                       23                                       24                                       25                                       26                                       27                                       28                                       29                                       30                                       31                                       32                                       33                                       34                                       35                                       36                                       37                                       38                                       39                                       40                                       41                                       42                                       43                                       44                                       45                                       46                                       47                                       48                                       49 
                            model_number                                num_zones                             initial_mass                                initial_z                                 star_age                                time_step                                     Teff                            photosphere_L                            photosphere_r                               center_eta                                center_h1                               center_he3                               center_he4                               center_c12                               center_n14                               center_o16                              center_ne20                                star_mass                                star_mdot                             star_mass_h1                            star_mass_he3                            star_mass_he4                            star_mass_c12                            star_mass_n14                            star_mass_o16                           star_mass_ne20                             he_core_mass                             co_core_mass                             fe_core_mass                   neutron_rich_core_mass                             dynamic_time                             kh_timescale                            nuc_timescale                           power_nuc_burn                             power_h_burn                            power_he_burn                                power_neu                                burn_min1                                burn_min2                             time_seconds                           version_number                                 compiler                                    build                         MESA_SDK_version                             math_backend                                     date                                     msun                                     rsun                                     lsun 
                                      20                                      976                  3.0000000000000000E+000                  2.0000000000000000E-002                  1.1976040759605586E+006                  2.0494651515258956E+005                  1.2193925920228468E+004                  7.9723544351619424E+001                  2.0005958125178962E+000                 -3.3387782362735505E+000                  6.9675501564404052E-001                  2.5824350905582566E-006                  2.8270076591910648E-001                  3.6774628449791546E-005                  5.1758123478633433E-003                  9.1668027722981802E-003                  2.0850244238815189E-003                  2.9999992624000003E+000                 -6.1738485540945638E-013                  2.0968324708798991E+000                  8.2765501884872974E-005                  8.4250381582560230E-001                  6.7088987549815977E-003                  7.4435333346465271E-003                  2.7941043888845003E-002                  6.2550717337176353E-003                  0.0000000000000000E+000                  0.0000000000000000E+000                  0.0000000000000000E+000                  0.0000000000000000E+000                  1.6350668575647011E+004                  1.3288539458806003E+006                  3.7630028704802078E+008                  7.9872961839631515E+001                  7.9872961839631515E+001                  2.1555878623704964E-036                  5.5837110462367860E+000                  5.0000000000000000E+001                  1.0000000000000000E+003                  3.7793510387532922E+013                               "r25.12.1"                               "gfortran"                                 "13.3.0"                   "x86_64-linux-25.12.1"                                 "CRMATH"                               "20260218"                  1.9884098706980504E+033                  6.9570000000000000E+010                  3.8280000000000003E+033 

                                       1                                        2                                        3                                        4                                        5                                        6                                        7                                        8                                        9                                       10                                       11                                       12                                       13                                       14                                       15                                       16                                       17                                       18                                       19                                       20                                       21                                       22                                       23 
                                    zone                                     mass                                     logR                                     logT                                   logRho                                     logP                        x_mass_fraction_H                       y_mass_fraction_He                   z_mass_fraction_metals                                 velocity                                       cp                                   csound                                       pp                                      cno                                tri_alpha                                  opacity                        mlt_mixing_length                                 brunt_N2                brunt_N2_composition_term                              log_brunt_N                             log_lamb_Sl1                             log_lamb_Sl2                             log_lamb_Sl3 
                                       1                  2.9999992624000003E+000                  3.0115935544077976E-001                  4.0889088390744490E+000                 -9.1721274122504308E+000                  3.0191923902616082E+000                  6.9999999999760387E-001                  2.8000000000239628E-001                  1.9999999999999796E-002                  0.0000000000000000E+000                  8.7393910758687985E+008                  1.4251225262920321E+006                  9.8655638730385737E-029                  0.0000000000000000E+000                  0.0000000000000000E+000                  1.4170310105331366E+001                  1.5117491525161111E+008                  3.1614740902413564E-005                  0.0000000000000000E+000                 -2.2500551865412781E+000                  3.6260597551467971E-001                  6.0116660287451085E-001                  7.5168160070650147E-001 
                                       2                  2.9999992623994003E+000                  3.0113662284992304E-001                  4.0930014194886937E+000                 -9.1455555194299514E+000                  3.0495070809812126E+000                  6.9999999999760387E-001                  2.8000000000239628E-001                  1.9999999999999796E-002                  0.0000000000000000E+000                  8.3902506416434801E+008                  1.4364098886751090E+006                  1.0488043555792830E-028                  0.0000000000000000E+000                  0.0000000000000000E+000                  1.4451253345050116E+001                  1.5204891725285289E+008                  3.0623635355168245E-005                  0.0000000000000000E+000                 -2.2569716275737046E+000                  3.6491582969322756E-001                  6.0347645705305863E-001                  7.5399145488504937E-001 
                                       3                  2.9999992623991005E+000                  3.0112592990855014E-001                  4.0956905629812992E+000                 -9.1289716885038565E+000                  3.0686035147084838E+000                  6.9999999999760387E-001                  2.8000000000239628E-001                  1.9999999999999796E-002                  0.0000000000000000E+000                  8.1761701256459677E+008                  1.4439338874003277E+006                  1.0896292330444113E-028                  0.0000000000000000E+000                  0.0000000000000000E+000                  1.4608164116256258E+001                  1.5291066669277841E+008                  2.9757040634126218E-005                  0.0000000000000000E+000                 -2.2632051309880756E+000                  3.6720152550520130E-001                  6.0576215286503243E-001                  7.5627715069702295E-001 
                                       4                  2.9999992623988003E+000                  3.0111563684074372E-001                  4.0983411058973100E+000                 -9.1131857260789939E+000                  3.0868972024233279E+000                  6.9999999999760387E-001                  2.8000000000239628E-001                  1.9999999999999796E-002                  0.0000000000000000E+000                  7.9773211851414609E+008                  1.4513874608213028E+006                  1.1299653559279378E-028                  0.0000000000000000E+000                  0.0000000000000000E+000                  1.4744381418710967E+001                  1.5378931227846554E+008                  2.9045862567865930E-005                  0.0000000000000000E+000                 -2.2684578609296988E+000                  3.6946426617041445E-001                  6.0802489353024558E-001                  7.5853989136223621E-001 
                                       5                  2.9999992623985006E+000                  3.0110571049951207E-001                  4.1009508424026517E+000                 -9.0981243344509117E+000                  3.1044529285709750E+000                  6.9999999999760387E-001                  2.8000000000239628E-001                  1.9999999999999796E-002                  0.0000000000000000E+000                  7.7932305277802777E+008                  1.4587361399728288E+006                  1.1698412415004976E-028                  0.0000000000000000E+000                  0.0000000000000000E+000                  1.4862198259896022E+001                  1.5467002336282995E+008                  2.8446165906489679E-005                  0.0000000000000000E+000                 -2.2729881306777924E+000                  3.7168885498774124E-001                  6.1024948234757237E-001                  7.6076448017956289E-001 
                                       6                  2.9999992623981999E+000                  3.0109612185801687E-001                  4.1035181762222752E+000                 -9.0837235387631310E+000                  3.1213279383364383E+000                  6.9999999999760387E-001                  2.8000000000239628E-001                  1.9999999999999796E-002                  0.0000000000000000E+000                  7.6234864495438600E+008                  1.4659490661988442E+006                  1.2092834802944793E-028                  0.0000000000000000E+000                  0.0000000000000000E+000                  1.4963422735826262E+001                  1.5555003186240372E+008                  2.7936083446683806E-005                  0.0000000000000000E+000                 -2.2769172403550280E+000                  3.7386613693387288E-001                  6.1242676429370402E-001                  7.6294176212569464E-001 
                                       7                  2.9999992623979002E+000                  3.0108684534873681E-001                  4.1060419710840836E+000                 -9.0699269699193259E+000                  3.1375730639062129E+000                  6.9999999999760387E-001                  2.8000000000239628E-001                  1.9999999999999796E-002                  0.0000000000000000E+000                  7.4678653770128107E+008                  1.4729941871153216E+006                  1.2483175466514623E-028                  0.0000000000000000E+000                  0.0000000000000000E+000                  1.5049351647574079E+001                  1.5642704322738633E+008                  2.7498060684202909E-005                  0.0000000000000000E+000                 -2.2803489669730168E+000                  3.7598748566729079E-001                  6.1454811302712187E-001                  7.6506311085911261E-001 
                                       8                  2.9999992623976000E+000                  3.0107785833491019E-001                  4.1088302846924485E+000                 -9.0550694009194821E+000                  3.1551521030101686E+000                  6.9999999999760387E-001                  2.8000000000239628E-001                  1.9999999999999796E-002                  0.0000000000000000E+000                  7.3090626937113273E+008                  1.4806916376515790E+006                  1.2917636720907462E-028                  0.0000000000000000E+000                  0.0000000000000000E+000                  1.5128833169612060E+001                  1.5730106264938217E+008                  2.7118571558470515E-005                  0.0000000000000000E+000                 -2.2833665950981397E+000                  3.7804379790661474E-001                  6.1660442526644577E-001                  7.6711942309843650E-001 
                                       9                  2.9999992623972247E+000                  3.0106700164035904E-001                  4.1126129289365423E+000                 -9.0354896411359231E+000                  3.1784462629215975E+000                  6.9999999999760387E-001                  2.8000000000239628E-001                  1.9999999999999796E-002                  0.0000000000000000E+000                  7.1157502840768731E+008                  1.4909183205952656E+006                  1.3513361499850284E-028                  0.0000000000000000E+000                  0.0000000000000000E+000                  1.5211765041553697E+001                  1.5838961387156984E+008                  2.6706057552258875E-005                  0.0000000000000000E+000                 -2.2866951097083770E+000                  3.8050890935072534E-001                  6.1906953671055653E-001                  7.6958453454254705E-001 
                                      10                  2.9999992623966625E+000                  3.0105143306918380E-001                  4.1162703142759485E+000                 -9.0169826271355262E+000                  3.2005574374568226E+000                  6.9999999999760387E-001                  2.8000000000239628E-001                  1.9999999999999796E-002                  0.0000000000000000E+000                  6.9529324451405811E+008                  1.5004576477494626E+006                  1.4101683330067896E-028                  0.0000000000000000E+000                  0.0000000000000000E+000                  1.5270279441104108E+001                  1.5998628029117393E+008                  2.6155157158145800E-005                  0.0000000000000000E+000                 -2.2912213330446067E+000                  3.8397959751693550E-001                  6.2254022487676663E-001                  7.7305522270875726E-001 
                                      11                  2.9999992623962872E+000                  3.0104148614616755E-001                  4.1184127401467263E+000                 -9.0063541468691888E+000                  3.2133043533937040E+000                  6.9999999999760387E-001                  2.8000000000239628E-001                  1.9999999999999796E-002                  0.0000000000000000E+000                  6.8682287834095228E+008                  1.5058589158847837E+006                  1.4451061814356702E-028                  0.0000000000000000E+000                  0.0000000000000000E+000                  1.5293660135528722E+001                  1.6102346188355115E+008                  2.5808724244885019E-005                  0.0000000000000000E+000                 -2.2941167313022657E+000                  3.8613636636417342E-001                  6.2469699372400456E-001                  7.7521199155599518E-001 
                                      12                  2.9999992623960998E+000                  3.0103663267469244E-001                  4.1205257058384746E+000                 -8.9960671716043628E+000                  3.2256883255435231E+000                  6.9999999999760387E-001                  2.8000000000239628E-001                  1.9999999999999796E-002                  0.0000000000000000E+000                  6.7921786646339440E+008                  1.5110387364854773E+006                  1.4797455685834668E-028                  0.0000000000000000E+000                  0.0000000000000000E+000                  1.5307273435579450E+001                  1.6154153323934466E+008                  2.5638131673420408E-005                  0.0000000000000000E+000                 -2.2955568131625674E+000                  3.8715845173671376E-001                  6.2571907909654478E-001                  7.7623407692853552E-001 
                                      13                  2.9999992623957250E+000                  3.0102715248554829E-001                  4.1232764981536061E+000                 -8.9828184805836138E+000                  3.2416707851332034E+000                  6.9999999999760387E-001                  2.8000000000239628E-001                  1.9999999999999796E-002                  0.0000000000000000E+000                  6.7042520647098625E+008                  1.5175216074505793E+006                  1.5255840836060460E-028                  0.0000000000000000E+000                  0.0000000000000000E+000                  1.5315630478285506E+001                  1.6257018686428571E+008                  2.5290472261433363E-005                  0.0000000000000000E+000                 -2.2985215303926543E+000                  3.8909220935130889E-001                  6.2765283671113992E-001                  7.7816783454313054E-001 
                                      14                  2.9999992623953498E+000                  3.0101795654138763E-001                  4.1259600020824800E+000                 -8.9700747850376139E+000                  3.2570871748110957E+000                  6.9999999999760387E-001                  2.8000000000239628E-001                  1.9999999999999796E-002                  0.0000000000000000E+000                  6.6306700318814623E+008                  1.5235633871621431E+006                  1.5710146861459476E-028                  0.0000000000000000E+000                  0.0000000000000000E+000                  1.5312625115163600E+001                  1.6357781654761437E+008                  2.4928003875245600E-005                  0.0000000000000000E+000                 -2.3016562482465908E+000                  3.9089373222515017E-001                  6.2945435958498130E-001                  7.7996935741697193E-001 
                                      15                  2.9999992623949745E+000                  3.0100902595821150E-001                  4.1285776675927650E+000                 -8.9577978178097677E+000                  3.2719762324531709E+000                  6.9999999999760387E-001                  2.8000000000239628E-001                  1.9999999999999796E-002                  0.0000000000000000E+000                  6.5706162162902176E+008                  1.5291788436217038E+006                  1.6160604556663446E-028                  0.0000000000000000E+000                  0.0000000000000000E+000                  1.5299992008008505E+001                  1.6456887476567009E+008                  2.4547807227499787E-005                  0.0000000000000000E+000                 -2.3049936479319912E+000                  3.9256423913190180E-001                  6.3112486649173294E-001                  7.8163986432372357E-001 
                                      16                  2.9999992623946001E+000                  3.0100034376848994E-001                  4.1311311983212855E+000                 -8.9459537239436262E+000                  3.2863728506016008E+000                  6.9999999999760387E-001                  2.8000000000239628E-001                  1.9999999999999796E-002                  0.0000000000000000E+000                  6.5232433098113883E+008                  1.5343794505035817E+006                  1.6607416592700420E-028                  0.0000000000000000E+000                  0.0000000000000000E+000                  1.5279815181776117E+001                  1.6554325767352879E+008                  2.4144519092033187E-005                  0.0000000000000000E+000                 -2.3085907202044256E+000                  3.9410893529038249E-001                  6.3266956265021357E-001                  7.8318456048220431E-001 
                                      17                  2.9999992623942249E+000                  3.0099189466023341E-001                  4.1336225253778061E+000                 -8.9345124760010766E+000                  3.3003085691514102E+000                  6.9999999999760387E-001                  2.8000000000239628E-001                  1.9999999999999796E-002                  0.0000000000000000E+000                  6.4876960809423554E+008                  1.5391742778905318E+006                  1.7050758473001601E-028                  0.0000000000000000E+000                  0.0000000000000000E+000                  1.5253925793663697E+001                  1.6650107356341854E+008                  2.3712024043533236E-005                  0.0000000000000000E+000                 -2.3125156866671737E+000                  3.9553204516075818E-001                  6.3409267252058932E-001                  7.8460767035257994E-001 
                                      18                  2.9999992623938496E+000                  3.0098366475858246E-001                  4.1360537362357359E+000                 -8.9234473214300554E+000                  3.3138119915738877E+000                  6.9999999999760387E-001                  2.8000000000239628E-001                  1.9999999999999796E-002                  0.0000000000000000E+000                  6.4631300983228528E+008                  1.5435705316932758E+006                  1.7490781892699088E-028                  0.0000000000000000E+000                  0.0000000000000000E+000                  1.5223885196040397E+001                  1.6744260418438697E+008                  2.3244777603375241E-005                  0.0000000000000000E+000                 -2.3168373023074285E+000                  3.9683704089806948E-001                  6.3539766825790056E-001                  7.8591266608989119E-001 
                                      19                  2.9999992623934744E+000                  3.0097564144307520E-001                  4.1384270145506434E+000                 -8.9127343184381402E+000                  3.3269091384889822E+000                  6.9999999999760387E-001                  2.8000000000239628E-001                  1.9999999999999796E-002                  0.0000000000000000E+000                  6.4487252979292119E+008                  1.5475739795770913E+006                  1.7927617891988095E-028                  0.0000000000000000E+000                  0.0000000000000000E+000                  1.5191017669888419E+001                  1.6836826090612331E+008                  2.2737878922042300E-005                  0.0000000000000000E+000                 -2.3216250252202864E+000                  3.9802679785126505E-001                  6.3658742521109613E-001                  7.8710242304308675E-001 
                                      20                  2.9999992623930996E+000                  3.0096781319382770E-001                  4.1418984977318534E+000                 -8.8972986756243326E+000                  3.3458441362641453E+000                  6.9999999999760387E-001                  2.8000000000239628E-001                  1.9999999999999796E-002                  0.0000000000000000E+000                  6.4446773066413665E+008                  1.5528861320956633E+006                  1.8576280330963398E-028                  0.0000000000000000E+000                  0.0000000000000000E+000                  1.5135664429337513E+001                  1.6928470762828168E+008                  2.2181523659430871E-005                  0.0000000000000000E+000                 -2.3270043126336506E+000                  3.9909336295234921E-001                  6.3765399031218029E-001                  7.8816898814417091E-001 
                                      21                  2.9999992623923495E+000                  3.0095270218683495E-001                  4.1452218428117984E+000                 -8.8825034302716226E+000                  3.3639904269699525E+000                  6.9999999999760387E-001                  2.8000000000239628E-001                  1.9999999999999796E-002                  0.0000000000000000E+000                  6.4590536524864995E+008                  1.5573599395989245E+006                  1.9220050084340885E-028                  0.0000000000000000E+000                  0.0000000000000000E+000                  1.5085725985591766E+001                  1.7106120526703072E+008                  2.0947229988285508E-005                  0.0000000000000000E+000                 -2.3394366994834463E+000                  4.0093335969735810E-001                  6.3949398705718918E-001                  7.9000898488917981E-001 
                                      22                  2.9999992623919747E+000                  3.0094539917866187E-001                  4.1473856962234912E+000                 -8.8730032443208167E+000                  3.3756807361489929E+000                  6.9999999999760387E-001                  2.8000000000239628E-001                  1.9999999999999796E-002                  0.0000000000000000E+000                  6.4783127089297271E+008                  1.5599955573398266E+006                  1.9645135799401589E-028                  0.0000000000000000E+000                  0.0000000000000000E+000                  1.5051085061587541E+001                  1.7192312427523679E+008                  2.0275254649941529E-005                  0.0000000000000000E+000                 -2.3465168412496507E+000                  4.0172406244208625E-001                  6.4028468980191744E-001                  7.9079968763390796E-001 
                                      23                  2.9999992623915994E+000                  3.0093825383250122E-001                  4.1500302324572269E+000                 -8.8615030763994156E+000                  3.3898654599228091E+000                  6.9999999999760387E-001                  2.8000000000239628E-001                  1.9999999999999796E-002                  0.0000000000000000E+000                  6.5124341645360672E+008                  1.5629453246387541E+006                  2.0172309032353285E-028                  0.0000000000000000E+000                  0.0000000000000000E+000                  1.5008479823577957E+001                  1.7278046500337273E+008                  1.9564753487973737E-005                  0.0000000000000000E+000                 -2.3542628098767229E+000                  4.0242658948908833E-001                  6.4098721684891946E-001                  7.9150221468091009E-001 
                                      24                  2.9999992623910372E+000                  3.0092781526893386E-001                  4.1531057966977816E+000                 -8.8481997841809203E+000                  3.4062988892414801E+000                  6.9999999999760387E-001                  2.8000000000239628E-001                  1.9999999999999796E-002                  0.0000000000000000E+000                  6.5665637743893433E+008                  1.5660310148669004E+006                  2.0799810850462623E-028                  0.0000000000000000E+000                  0.0000000000000000E+000                  1.4962036839625048E+001                  1.7404327375039685E+008                  1.8448220718414374E-005                  0.0000000000000000E+000                 -2.3670227570136300E+000                  4.0335759432151946E-001                  6.4191822168135049E-001                  7.9243321951334122E-001 
                                      25                  2.9999992623904745E+000                  3.0091769089231207E-001                  4.1560880378905489E+000                 -8.8354104618200591E+000                  3.4221345433702024E+000                  6.9999999999760387E-001                  2.8000000000239628E-001                  1.9999999999999796E-002                  0.0000000000000000E+000                  6.6340386680224109E+008                  1.5687058979380536E+006                  2.1421465411298718E-028                  0.0000000000000000E+000                  0.0000000000000000E+000                  1.4918387640502182E+001                  1.7527643755636388E+008                  1.7285525402570275E-005                  0.0000000000000000E+000                 -2.3811587076567027E+000                  4.0416653748215842E-001                  6.4272716484198944E-001                  7.9324216267398007E-001 
                                      26                  2.9999992623899114E+000                  3.0090785963861039E-001                  4.1589826099611997E+000                 -8.8230989487123725E+000                  3.4374143985179773E+000                  6.9999999999760387E-001                  2.8000000000239628E-001                  1.9999999999999796E-002                  0.0000000000000000E+000                  6.7136872774529958E+008                  1.5710315442807113E+006                  2.2037440266319562E-028                  0.0000000000000000E+000                  0.0000000000000000E+000                  1.4876528857079364E+001                  1.7648576703673300E+008                  1.6088027280784669E-005                  0.0000000000000000E+000                 -2.3967486029844922E+000                  4.0486860291132087E-001                  6.4342923027115206E-001                  7.9394422810314269E-001 
                                      27                  2.9999992623893492E+000                  3.0089830253106603E-001                  4.1617945257975819E+000                 -8.8112326183258212E+000                  3.4521761588879523E+000                  6.9999999999760387E-001                  2.8000000000239628E-001                  1.9999999999999796E-002                  0.0000000000000000E+000                  6.8043985314487958E+008                  1.5730572110284430E+006                  2.2647899344020665E-028                  0.0000000000000000E+000                  0.0000000000000000E+000                  1.4835644326660308E+001                  1.7767285337506890E+008                  1.4866833699018400E-005                  0.0000000000000000E+000                 -2.4138907582900444E+000                  4.0547962527485237E-001                  6.4404025263468345E-001                  7.9455525046667419E-001 
                                      28                  2.9999992623887866E+000                  3.0088900241372124E-001                  4.1645282609742349E+000                 -8.7997817820028743E+000                  3.4664538174121837E+000                  6.9999999999760387E-001                  2.8000000000239628E-001                  1.9999999999999796E-002                  0.0000000000000000E+000                  6.9045555520744300E+008                  1.5748373156027487E+006                  2.3253011175917455E-028                  0.0000000000000000E+000                  0.0000000000000000E+000                  1.4795077194276853E+001                  1.7883904635304195E+008                  1.3632979740464689E-005                  0.0000000000000000E+000                 -2.4327046053398935E+000                  4.0601430049637333E-001                  6.4457492785620440E-001                  7.9508992568819503E-001 
                                      29                  2.9999992623882243E+000                  3.0087994372929994E-001                  4.1671878377985792E+000                 -8.7887194224544132E+000                  3.4802781273990018E+000                  6.9999999999760387E-001                  2.8000000000239628E-001                  1.9999999999999796E-002                  0.0000000000000000E+000                  7.0124072240679789E+008                  1.5764304152974433E+006                  2.3852943988779127E-028                  0.0000000000000000E+000                  0.0000000000000000E+000                  1.4754299953530126E+001                  1.7998547762978962E+008                  1.2399777546185018E-005                  0.0000000000000000E+000                 -2.4532930530370645E+000                  4.0648848901250811E-001                  6.4504911637233919E-001                  7.9556411420432982E-001 
                                      30                  2.9999992623876617E+000                  3.0087111232827912E-001                  4.1697768931451549E+000                 -8.7780209995377767E+000                  3.4936770015566401E+000                  6.9999999999760387E-001                  2.8000000000239628E-001                  1.9999999999999796E-002                  0.0000000000000000E+000                  7.1265113107976449E+008                  1.5778899422558497E+006                  2.4447858928561908E-028                  0.0000000000000000E+000                  0.0000000000000000E+000                  1.4712889097663174E+001                  1.8111313537726110E+008                  1.1180323515255783E-005                  0.0000000000000000E+000                 -2.4757728147338494E+000                  4.0691781696221718E-001                  6.4547844432204826E-001                  7.9599344215403889E-001 
                                      31                  2.9999992623870990E+000                  3.0086249530322684E-001                  4.1735538491799797E+000                 -8.7626317335695152E+000                  3.5130322284923867E+000                  6.9999999999760387E-001                  2.8000000000239628E-001                  1.9999999999999796E-002                  0.0000000000000000E+000                  7.3083523638749921E+008                  1.5799422825575268E+006                  2.5329738694932474E-028                  0.0000000000000000E+000                  0.0000000000000000E+000                  1.4645361149289760E+001                  1.8223075977101290E+008                  9.9889978192586612E-006                  0.0000000000000000E+000                 -2.5002390408418966E+000                  4.0731559158858321E-001                  6.4587621894841429E-001                  7.9639121678040492E-001 
                                      32                  2.9999992623859741E+000                  3.0084585979919531E-001                  4.1783451382862484E+000                 -8.7431587849919179E+000                  3.5375700057988784E+000                  6.9999999999760387E-001                  2.8000000000239628E-001                  1.9999999999999796E-002                  0.0000000000000000E+000                  7.5612271803701663E+008                  1.5826107296386047E+006                  2.6491371875818253E-028                  0.0000000000000000E+000                  0.0000000000000000E+000                  1.4555983665685780E+001                  1.8441381840372857E+008                  7.7221883678922156E-006                  0.0000000000000000E+000                 -2.5561298044032270E+000                  4.0807508474563259E-001                  6.4663571210546367E-001                  7.9715070993745429E-001 
                                      33                  2.9999992623848493E+000                  3.0082995193662498E-001                  4.1817712337206681E+000                 -8.7292694284757939E+000                  3.5551068349811730E+000                  6.9999999999760387E-001                  2.8000000000239628E-001                  1.9999999999999796E-002                  0.0000000000000000E+000                  7.7557303873304236E+008                  1.5847128708572297E+006                  2.7352333356054025E-028                  0.0000000000000000E+000                  0.0000000000000000E+000                  1.4490193188095587E+001                  1.8650509910229167E+008                  5.6211279775921535E-006                  0.0000000000000000E+000                 -2.6250882634530353E+000                  4.0884168460786530E-001                  6.4740231196769638E-001                  7.9791730979968700E-001 
                                      34                  2.9999992623842862E+000                  3.0082224773045035E-001                  4.1839986834586185E+000                 -8.7203464760202323E+000                  3.5664173964927266E+000                  6.9999999999760387E-001                  2.8000000000239628E-001                  1.9999999999999796E-002                  0.0000000000000000E+000                  7.8875695257830703E+008                  1.5862070134803243E+006                  2.7920147453384989E-028                  0.0000000000000000E+000                  0.0000000000000000E+000                  1.4444476640036926E+001                  1.8752953981146762E+008                  4.6443645453800615E-006                  0.0000000000000000E+000                 -2.6665368494803650E+000                  4.0924615211259902E-001                  6.4780677947243004E-001                  7.9832177730442078E-001 
                                      35                  2.9999992623837235E+000                  3.0081469980117304E-001                  4.1861747273806191E+000                 -8.7116649257458381E+000                  3.5774416091998429E+000                  6.9999999999760387E-001                  2.8000000000239628E-001                  1.9999999999999796E-002                  0.0000000000000000E+000                  8.0187570240385699E+008                  1.5877738413473847E+006                  2.8483911370985926E-028                  0.0000000000000000E+000                  0.0000000000000000E+000                  1.4399481291050833E+001                  1.8854677578909364E+008                  3.7215865244513101E-006                  0.0000000000000000E+000                 -2.7146359397461137E+000                  4.0967273345182986E-001                  6.4823336081166094E-001                  7.9874835864365157E-001 
                                      36                  2.9999992623831613E+000                  3.0080730087502983E-001                  4.1883016454529205E+000                 -8.7032123074131871E+000                  3.5881936186512857E+000                  6.9999999999760387E-001                  2.8000000000239628E-001                  1.9999999999999796E-002                  0.0000000000000000E+000                  8.1481434423216546E+008                  1.5894160606029488E+006                  2.9043744385604944E-028                  0.0000000000000000E+000                  0.0000000000000000E+000                  1.4355565811268232E+001                  1.8955042482715788E+008                  2.8453582551008543E-006                  0.0000000000000000E+000                 -2.7729315222059738E+000                  4.1011900314038668E-001                  6.4867963050021771E-001                  7.9919462833220845E-001 
                                      37                  2.9999992623825991E+000                  3.0080004419360956E-001                  4.1914177562364827E+000                 -8.6909555898963511E+000                  3.6038394487346137E+000                  6.9999999999760387E-001                  2.8000000000239628E-001                  1.9999999999999796E-002                  0.0000000000000000E+000                  8.3380763315472269E+008                  1.5920392473955888E+006                  2.9875133472547771E-028                  0.0000000000000000E+000                  0.0000000000000000E+000                  1.4289935864194177E+001                  1.9054662529934481E+008                  2.0196928513780350E-006                  0.0000000000000000E+000                 -2.8473573358445399E+000                  4.1058953454794916E-001                  6.4915016190778019E-001                  7.9966515973977093E-001 
                                      38                  2.9999992623814733E+000                  3.0078593366166695E-001                  4.1954018377452460E+000                 -8.6752906277147801E+000                  3.6238631357471638E+000                  6.9999999999760387E-001                  2.8000000000239628E-001                  1.9999999999999796E-002                  0.0000000000000000E+000                  8.5756306885741317E+008                  1.5958211883712558E+006                  3.0972446104204607E-028                  0.0000000000000000E+000                  0.0000000000000000E+000                  1.4211937293000847E+001                  1.9250067438472414E+008                  5.0128969345024561E-007                  0.0000000000000000E+000                 -3.1499556122094310E+000                  4.1159649655884795E-001                  6.5015712391867908E-001                  8.0067212175066960E-001 
                                      39                  2.9999992623803484E+000                  3.0077232172224344E-001                  4.1992257492838601E+000                 -8.6603630595906225E+000                  3.6430065006583767E+000                  6.9999999999760387E-001                  2.8000000000239628E-001                  1.9999999999999796E-002                  0.0000000000000000E+000                  8.7935358091305602E+008                  1.5999755842409097E+006                  3.2055587635707879E-028                  0.0000000000000000E+000                  0.0000000000000000E+000                  1.4141999275735129E+001                  1.9439668831636679E+008                 -8.5391386197143665E-007                  0.0000000000000000E+000                 -9.8999999999999986E+001                  4.1268996255737905E-001                  6.5125058991721008E-001                  8.0176558774920081E-001 
                                      40                  2.9999992623792231E+000                  3.0075916848700252E-001                  4.2029031753681778E+000                 -8.6461106817546298E+000                  3.6613437207302209E+000                  6.9999999999760387E-001                  2.8000000000239628E-001                  1.9999999999999796E-002                  0.0000000000000000E+000                  8.9891065498530114E+008                  1.6045314609157983E+006                  3.3125067333065216E-028                  0.0000000000000000E+000                  0.0000000000000000E+000                  1.4080696016475747E+001                  1.9625008349259800E+008                 -2.0370039725600054E-006                  0.0000000000000000E+000                 -9.8999999999999986E+001                  4.1388519268929680E-001                  6.5244582004912788E-001                  8.0296081788111862E-001 
                                      41                  2.9999992623780982E+000                  3.0074643876164520E-001                  4.2064462355055960E+000                 -8.6324762101273915E+000                  3.6789399751699357E+000                  6.9999999999760387E-001                  2.8000000000239628E-001                  1.9999999999999796E-002                  0.0000000000000000E+000                  9.1606994635081375E+008                  1.6094643140376022E+006                  3.4181559450496690E-028                  0.0000000000000000E+000                  0.0000000000000000E+000                  1.4026801516126673E+001                  1.9806375122746485E+008                 -3.0526546798794676E-006                  0.0000000000000000E+000                 -9.8999999999999986E+001                  4.1518199320453680E-001                  6.5374262056436794E-001                  8.0425761839635856E-001 
                                      42                  2.9999992623769733E+000                  3.0073410140376072E-001                  4.2098654342397230E+000                 -8.6194079858288273E+000                  3.6958528441092318E+000                  6.9999999999760387E-001                  2.8000000000239628E-001                  1.9999999999999796E-002                  0.0000000000000000E+000                  9.3069536120830727E+008                  1.6147315235598932E+006                  3.5225787510857330E-028                  0.0000000000000000E+000                  0.0000000000000000E+000                  1.3978634746494647E+001                  1.9983939392958769E+008                 -3.9097745165526828E-006                  0.0000000000000000E+000                 -9.8999999999999986E+001                  4.1657044202176186E-001                  6.5513106938159293E-001                  8.0564606721358356E-001 
                                      43                  2.9999992623758480E+000                  3.0072212875053878E-001                  4.2131698696653590E+000                 -8.6068603996601194E+000                  3.7121334458344775E+000                  6.9999999999760387E-001                  2.8000000000239628E-001                  1.9999999999999796E-002                  0.0000000000000000E+000                  9.4266463112827134E+008                  1.6202977374541017E+006                  3.6258421702693038E-028                  0.0000000000000000E+000                  0.0000000000000000E+000                  1.3934840203662102E+001                  2.0157830411421880E+008                 -4.6175392923173554E-006                  0.0000000000000000E+000                 -9.8999999999999986E+001                  4.1803921494118262E-001                  6.5659984230101365E-001                  8.0711484013300439E-001 
                                      44                  2.9999992623747231E+000                  3.0071049611221351E-001                  4.2163674876767985E+000                 -8.5947930085432223E+000                  3.7278273689278616E+000                  6.9999999999760387E-001                  2.8000000000239628E-001                  1.9999999999999796E-002                  0.0000000000000000E+000                  9.5187348393333614E+008                  1.6261335610688340E+006                  3.7280083005347637E-028                  0.0000000000000000E+000                  0.0000000000000000E+000                  1.3894321691798650E+001                  2.0328170697902536E+008                 -5.1839532304365140E-006                  0.0000000000000000E+000                 -9.8999999999999986E+001                  4.1957885103961456E-001                  6.5813947839944553E-001                  8.0865447623143627E-001 
                                      45                  2.9999992623735978E+000                  3.0069918135458318E-001                  4.2192080164491381E+000                 -8.5841183648563710E+000                  3.7417330887505127E+000                  6.9999999999760387E-001                  2.8000000000239628E-001                  1.9999999999999796E-002                  0.0000000000000000E+000                  9.5780602509850478E+008                  1.6316925247835026E+006                  3.8207800509208758E-028                  0.0000000000000000E+000                  0.0000000000000000E+000                  1.3859751628286807E+001                  2.0494862323080811E+008                 -5.6192627902189805E-006                  0.0000000000000000E+000                 -9.8999999999999986E+001                  4.2117920891357852E-001                  6.5973983627340960E-001                  8.1025483410540022E-001 
                                      46                  2.9999992623726603E+000                  3.0068998067007718E-001                  4.2217242268028885E+000                 -8.5747206521837995E+000                  3.7540005617199617E+000                  6.9999999999760387E-001                  2.8000000000239628E-001                  1.9999999999999796E-002                  0.0000000000000000E+000                  9.6111082458799756E+008                  1.6369165889975352E+006                  3.9043632494507780E-028                  0.0000000000000000E+000                  0.0000000000000000E+000                  1.3829148926009990E+001                  2.0631243728586224E+008                 -5.8843497667125521E-006                  0.0000000000000000E+000                 -9.8999999999999986E+001                  4.2255613708687101E-001                  6.6111676444670209E-001                  8.1163176227869271E-001 
                                      47                  2.9999992623717224E+000                  3.0068097637468771E-001                  4.2241783420421166E+000                 -8.5655932472892342E+000                  3.7659319905801505E+000                  6.9999999999760387E-001                  2.8000000000239628E-001                  1.9999999999999796E-002                  0.0000000000000000E+000                  9.6255202773848629E+008                  1.6422831342256675E+006                  3.9872923415519552E-028                  0.0000000000000000E+000                  0.0000000000000000E+000                  1.3799398766728261E+001                  2.0765547877968720E+008                 -6.0631795918446469E-006                  0.0000000000000000E+000                 -9.8999999999999986E+001                  4.2397002272991513E-001                  6.6253065008974610E-001                  8.1304564792173684E-001 
                                      48                  2.9999992623707850E+000                  3.0067215880173248E-001                  4.2265733414543796E+000                 -8.5567198951813381E+000                  3.7775453020728480E+000                  6.9999999999760387E-001                  2.8000000000239628E-001                  1.9999999999999796E-002                  0.0000000000000000E+000                  9.6233691960134923E+008                  1.6477773529024157E+006                  4.0696014559923378E-028                  0.0000000000000000E+000                  0.0000000000000000E+000                  1.3770247855875770E+001                  2.0897624010408807E+008                 -6.1645108144853682E-006                  0.0000000000000000E+000                 -9.8999999999999986E+001                  4.2541485409424745E-001                  6.6397548145407848E-001                  8.1449047928606921E-001 
                                      49                  2.9999992623698475E+000                  3.0066351903741573E-001                  4.2300764226927949E+000                 -8.5438755904875325E+000                  3.7944042867427763E+000                  6.9999999999760387E-001                  2.8000000000239628E-001                  1.9999999999999796E-002                  0.0000000000000000E+000                  9.5928490272104526E+008                  1.6562736058742329E+006                  4.1917641908260663E-028                  0.0000000000000000E+000                  0.0000000000000000E+000                  1.3725388979390697E+001                  2.1028212850526503E+008                 -6.1851092607682890E-006                  0.0000000000000000E+000                 -9.8999999999999986E+001                  4.2689393090291500E-001                  6.6545455826274602E-001                  8.1596955609473665E-001 
                                      50                  2.9999992623679730E+000                  3.0064674159672905E-001                  4.2334309687857843E+000                 -8.5314820995976692E+000                  3.8106356627174862E+000                  6.9999999999760387E-001                  2.8000000000239628E-001                  1.9999999999999796E-002                  0.0000000000000000E+000                  9.5336606072895014E+008                  1.6648984752173845E+006                  4.3131144148039757E-028                  0.0000000000000000E+000                  0.0000000000000000E+000                  1.3687729309960771E+001                  2.1281445367810783E+008                 -6.0646312091425772E-006                  0.0000000000000000E+000                 -9.8999999999999986E+001                  4.2990354957506138E-001                  6.6846417693489246E-001                  8.1897917476688309E-001 
                                      51                  2.9999992623670355E+000                  3.0063858818033790E-001                  4.2356156218501786E+000                 -8.5234881080357514E+000                  3.8211298454754052E+000                  6.9999999999760387E-001                  2.8000000000239628E-001                  1.9999999999999796E-002                  0.0000000000000000E+000                  9.4801366995049500E+008                  1.6707803990390676E+006                  4.3932446744231871E-028                  0.0000000000000000E+000                  0.0000000000000000E+000                  1.3662619801399554E+001                  2.1404227509097162E+008                 -5.9354598047512848E-006                  0.0000000000000000E+000                 -9.8999999999999986E+001                  4.3142877672823687E-001                  6.6998940408806795E-001                  8.2050440192005858E-001 
                                      52                  2.9999992623660976E+000                  3.0063058302307050E-001                  4.2388184794715622E+000                 -8.5118702709361056E+000                  3.8364115611279215E+000                  6.9999999999760387E-001                  2.8000000000239628E-001                  1.9999999999999796E-002                  0.0000000000000000E+000                  9.3805077920708919E+008                  1.6797790491220951E+006                  4.5123611018361449E-028                  0.0000000000000000E+000                  0.0000000000000000E+000                  1.3625701438128790E+001                  2.1526180492321953E+008                 -5.7450462863942231E-006                  0.0000000000000000E+000                 -9.8999999999999986E+001                  4.3298090404559353E-001                  6.7154153140542461E-001                  8.2205652923741523E-001 
                                      53                  2.9999992623642227E+000                  3.0061499405319092E-001                  4.2429194739034317E+000                 -8.4969693551511085E+000                  3.8559878269825396E+000                  6.9999999999760387E-001                  2.8000000000239628E-001                  1.9999999999999796E-002                  0.0000000000000000E+000                  9.2165115332737184E+008                  1.6919251046347844E+006                  4.6698783565869015E-028                  0.0000000000000000E+000                  0.0000000000000000E+000                  1.3584984220856766E+001                  2.1763919179062137E+008                 -5.2530772810339091E-006                  0.0000000000000000E+000                 -9.8999999999999986E+001                  4.3611759736137562E-001                  6.7467822472120664E-001                  8.2519322255319738E-001 
                                      54                  2.9999992623623482E+000                  3.0059992928397677E-001                  4.2468610956466444E+000                 -8.4827129348336712E+000                  3.8747221461740371E+000                  6.9999999999760387E-001                  2.8000000000239628E-001                  1.9999999999999796E-002                  0.0000000000000000E+000                  9.0249012012726128E+008                  1.7042540010517584E+006                  4.8257272493599035E-028                  0.0000000000000000E+000                  0.0000000000000000E+000                  1.3551213453888444E+001                  2.1992759509049371E+008                 -4.6566195681026666E-006                  0.0000000000000000E+000                 -9.8999999999999986E+001                  4.3927378690986113E-001                  6.7783441426969226E-001                  8.2834941210168289E-001 
                                      55                  2.9999992623604728E+000                  3.0058534951879973E-001                  4.2506568125654445E+000                 -8.4690463435477543E+000                  3.8926839882374855E+000                  6.9999999999760387E-001                  2.8000000000239628E-001                  1.9999999999999796E-002                  0.0000000000000000E+000                  8.8150388091144001E+008                  1.7167180143195759E+006                  4.9800089870959420E-028                  0.0000000000000000E+000                  0.0000000000000000E+000                  1.3524701424739471E+001                  2.2214355763446337E+008                 -3.9732934273037135E-006                  0.0000000000000000E+000                 -9.8999999999999986E+001                  4.4244730246737690E-001                  6.8100792982720793E-001                  8.3152292765919855E-001 
                                      56                  2.9999992623585983E+000                  3.0057122001202635E-001                  4.2543186417019294E+000                 -8.4559214906167721E+000                  3.9099345636280249E+000                  6.9999999999760387E-001                  2.8000000000239628E-001                  1.9999999999999796E-002                  0.0000000000000000E+000                  8.5944265902825105E+008                  1.7292798663021822E+006                  5.1328163288228602E-028                  0.0000000000000000E+000                  0.0000000000000000E+000                  1.3505234520468179E+001                  2.2429155396771419E+008                 -3.2296200244586080E-006                  0.0000000000000000E+000                 -9.8999999999999986E+001                  4.4562691644991842E-001                  6.8418754380974955E-001                  8.3470254164174018E-001 
                                      57                  2.9999992623567233E+000                  3.0055750980828966E-001                  4.2578571679839081E+000                 -8.4432956119227907E+000                  3.9265280832123550E+000                  6.9999999999760387E-001                  2.8000000000239628E-001                  1.9999999999999796E-002                  0.0000000000000000E+000                  8.3690569289064276E+008                  1.7419096515794273E+006                  5.2842375077906776E-028                  0.0000000000000000E+000                  0.0000000000000000E+000                  1.3491695726275948E+001                  2.2637552966166070E+008                 -2.4433503123505754E-006                  0.0000000000000000E+000                 -9.8999999999999986E+001                  4.4880394630709908E-001                  6.8736457366693016E-001                  8.3787957149892078E-001 
                                      58                  2.9999992623548488E+000                  3.0054419120837411E-001                  4.2612816353847878E+000                 -8.4311303913604903E+000                  3.9425127864594369E+000                  6.9999999999760387E-001                  2.8000000000239628E-001                  1.9999999999999796E-002                  0.0000000000000000E+000                  8.1436992716821444E+008                  1.7545823414898256E+006                  5.4343581900013341E-028                  0.0000000000000000E+000                  0.0000000000000000E+000                  1.3483024321537901E+001                  2.2839888675483337E+008                 -1.6261424276799214E-006                  0.0000000000000000E+000                 -9.8999999999999986E+001                  4.5197147729136478E-001                  6.9053210465119574E-001                  8.4104710248318648E-001 
                                      59                  2.9999992623529734E+000                  3.0053123932997727E-001                  4.2646001506273006E+000                 -8.4193925217457988E+000                  3.9579317875028410E+000                  6.9999999999760387E-001                  2.8000000000239628E-001                  1.9999999999999796E-002                  0.0000000000000000E+000                  7.9214767009514022E+008                  1.7672670006095697E+006                  5.5832467883153507E-028                  0.0000000000000000E+000                  0.0000000000000000E+000                  1.3478298653087899E+001                  2.3036484996902463E+008                 -7.8795372450512807E-007                  0.0000000000000000E+000                 -9.8999999999999986E+001                  4.5512266487324438E-001                  6.9368329223307557E-001                  8.4419829006506608E-001 
                                      60                  2.9999992623510989E+000                  3.0051863170656951E-001                  4.2694204992905291E+000                 -8.4025592410377232E+000                  3.9800825550375176E+000                  6.9999999999760387E-001                  2.8000000000239628E-001                  1.9999999999999796E-002                  0.0000000000000000E+000                  7.5957504808269215E+008                  1.7863618107743915E+006                  5.8039160030955270E-028                  0.0000000000000000E+000                  0.0000000000000000E+000                  1.3473285037892246E+001                  2.3228903896385005E+008                  7.0369949861459164E-008                  0.0000000000000000E+000                 -3.5763063792035066E+000                  4.5825799481481228E-001                  6.9681862217464341E-001                  8.4733362000663404E-001 
                                      61                  2.9999992623473486E+000                  3.0049437201676571E-001                  4.2739886861046861E+000                 -8.3864713859828601E+000                  4.0011627572875206E+000                  6.9999999999760387E-001                  2.8000000000239628E-001                  1.9999999999999796E-002                  0.0000000000000000E+000                  7.2897927069941401E+008                  1.8050504050480495E+006                  6.0229597405149976E-028                  0.0000000000000000E+000                  0.0000000000000000E+000                  1.3480049736761728E+001                  2.3596474440446877E+008                  1.7630184160802428E-006                  0.0000000000000000E+000                 -2.8768715755689276E+000                  4.6440667260338336E-001                  7.0296729996321450E-001                  8.5348229779520512E-001 
                                      62                  2.9999992623454741E+000                  3.0048268183354454E-001                  4.2769472253018241E+000                 -8.3761814173472668E+000                  4.0146698462062647E+000                  6.9999999999760387E-001                  2.8000000000239628E-001                  1.9999999999999796E-002                  0.0000000000000000E+000                  7.0955642968676615E+008                  1.8174650241082080E+006                  6.1673780326964178E-028                  0.0000000000000000E+000                  0.0000000000000000E+000                  1.3484089597292044E+001                  2.3772306511944422E+008                  2.5855061813743114E-006                  0.0000000000000000E+000                 -2.7937272097942354E+000                  4.6741069252951833E-001                  7.0597131988934936E-001                  8.5648631772134010E-001 
                                      63                  2.9999992623435996E+000                  3.0047126446524441E-001                  4.2812617927003735E+000                 -8.3613432987093681E+000                  4.0341760624340131E+000                  6.9999999999760387E-001                  2.8000000000239628E-001                  1.9999999999999796E-002                  0.0000000000000000E+000                  6.8220858479198420E+008                  1.8359667914024319E+006                  6.3817476265802101E-028                  0.0000000000000000E+000                  0.0000000000000000E+000                  1.3489171927842104E+001                  2.3945964324017650E+008                  3.4050821235404060E-006                  0.0000000000000000E+000                 -2.7339362046699685E+000                  4.7037913263792719E-001                  7.0893975999775827E-001                  8.5945475782974889E-001 
                                      64                  2.9999992623398493E+000                  3.0044919417122534E-001                  4.2867385362055890E+000                 -8.3424969973738428E+000                  4.0588969674130615E+000                  6.9999999999760387E-001                  2.8000000000239628E-001                  1.9999999999999796E-002                  0.0000000000000000E+000                  6.4968259536884677E+008                  1.8599681472469510E+006                  6.6648002950472957E-028                  0.0000000000000000E+000                  0.0000000000000000E+000                  1.3501699417299797E+001                  2.4281187437595913E+008                  4.9802714063092511E-006                  0.0000000000000000E+000                 -2.6513734945789103E+000                  4.7615825379817467E-001                  7.1471888115800575E-001                  8.6523387898999637E-001 
                                      65                  2.9999992623360989E+000                  3.0042805798497663E-001                  4.2906594511931972E+000                 -8.3290082204979257E+000                  4.0765592680096230E+000                  6.9999999999760387E-001                  2.8000000000239628E-001                  1.9999999999999796E-002                  0.0000000000000000E+000                  6.2794088191960728E+008                  1.8774049918016987E+006                  6.8750649061487749E-028                  0.0000000000000000E+000                  0.0000000000000000E+000                  1.3513732049048375E+001                  2.4598391538727555E+008                  6.4406660186241703E-006                  0.0000000000000000E+000                 -2.5955346103218431E+000                  4.8169641310948208E-001                  7.2025704046931327E-001                  8.7077203830130390E-001 
                                      66                  2.9999992623342244E+000                  3.0041781197136852E-001                  4.2932097665548685E+000                 -8.3203234636223158E+000                  4.0879483518257658E+000                  6.9999999999760387E-001                  2.8000000000239628E-001                  1.9999999999999796E-002                  0.0000000000000000E+000                  6.1449463423332548E+008                  1.8888387233662100E+006                  7.0139414566381164E-028                  0.0000000000000000E+000                  0.0000000000000000E+000                  1.3520130268909314E+001                  2.4752103963299215E+008                  7.1307411536364384E-006                  0.0000000000000000E+000                 -2.5734326640918601E+000                  4.8437373844402232E-001                  7.2293436580385340E-001                  8.7344936363584413E-001 
                                      67                  2.9999992623323499E+000                  3.0040776811239023E-001                  4.2969439683769748E+000                 -8.3077251403198051E+000                  4.1044923273692469E+000                  6.9999999999760387E-001                  2.8000000000239628E-001                  1.9999999999999796E-002                  0.0000000000000000E+000                  5.9583593583766270E+008                  1.9056617113353666E+006                  7.2204008298513975E-028                  0.0000000000000000E+000                  0.0000000000000000E+000                  1.3527362860012547E+001                  2.4904244492956549E+008                  7.7964918780921608E-006                  0.0000000000000000E+000                 -2.5540503845974718E+000                  4.8698767699251144E-001                  7.2554830435234252E-001                  8.7606330218433315E-001 
                                      68                  2.9999992623285996E+000                  3.0038825275013958E-001                  4.3017155474292581E+000                 -8.2916109439908521E+000                  4.1256177507241691E+000                  6.9999999999760387E-001                  2.8000000000239628E-001                  1.9999999999999796E-002                  0.0000000000000000E+000                  5.7389366860102129E+008                  1.9271633385373105E+006                  7.4933601407790467E-028                  0.0000000000000000E+000                  0.0000000000000000E+000                  1.3538651087506645E+001                  2.5199650135907507E+008                  9.0356065510988175E-006                  0.0000000000000000E+000                 -2.5220213441883041E+000                  4.9201387394342888E-001                  7.3057450130325996E-001                  8.8108949913525070E-001 
                                      69                  2.9999992623248497E+000                  3.0036944573368823E-001                  4.3062905330991690E+000                 -8.2762406061201741E+000                  4.1457664699630525E+000                  6.9999999999760387E-001                  2.8000000000239628E-001                  1.9999999999999796E-002                  0.0000000000000000E+000                  5.5486701162832344E+008                  1.9477120677006403E+006                  7.7633294063874752E-028                  0.0000000000000000E+000                  0.0000000000000000E+000                  1.3548794662783068E+001                  2.5482782105914402E+008                  1.0148173267516335E-005                  0.0000000000000000E+000                 -2.4968060631727371E+000                  4.9677142736649360E-001                  7.3533205472632468E-001                  8.8584705255831542E-001 
                                      70                  2.9999992623210994E+000                  3.0035129036761399E-001                  4.3106844217094293E+000                 -8.2615492164866602E+000                  4.1650248556597225E+000                  6.9999999999760387E-001                  2.8000000000239628E-001                  1.9999999999999796E-002                  0.0000000000000000E+000                  5.3833535448331213E+008                  1.9673092092187859E+006                  8.0304603976423897E-028                  0.0000000000000000E+000                  0.0000000000000000E+000                  1.3558796573596243E+001                  2.5756034374643055E+008                  1.1141953333559106E-005                  0.0000000000000000E+000                 -2.4765193324258221E+000                  5.0126596674004609E-001                  7.3982659409987717E-001                  8.9034159193186779E-001 
                                      71                  2.9999992623173495E+000                  3.0033373672774555E-001                  4.3143852163070076E+000                 -8.2491990568427163E+000                  4.1812052544255485E+000                  6.9999999999760387E-001                  2.8000000000239628E-001                  1.9999999999999796E-002                  0.0000000000000000E+000                  5.2565496343943787E+008                  1.9836472822458758E+006                  8.2621198987337341E-028                  0.0000000000000000E+000                  0.0000000000000000E+000                  1.3568863860792261E+001                  2.6019695499004307E+008                  1.2022712828594745E-005                  0.0000000000000000E+000                 -2.4599987631068578E+000                  5.0550812274880363E-001                  7.4406875010863482E-001                  8.9458374794062534E-001 
                                      72                  2.9999992623145371E+000                  3.0032093926674946E-001                  4.3174677264994115E+000                 -8.2389742441499827E+000                  4.1946115304771299E+000                  6.9999999999760387E-001                  2.8000000000239628E-001                  1.9999999999999796E-002                  0.0000000000000000E+000                  5.1591223675750971E+008                  1.9971108550581881E+006                  8.4589615562942714E-028                  0.0000000000000000E+000                  0.0000000000000000E+000                  1.3577415142357808E+001                  2.6211977078800705E+008                  1.2612211496236310E-005                  0.0000000000000000E+000                 -2.4496043775539538E+000                  5.0852798272961441E-001                  7.4708861008944549E-001                  8.9760360792143612E-001 
                                      73                  2.9999992623117246E+000                  3.0030843849143607E-001                  4.3209652922187161E+000                 -8.2274386174656957E+000                  4.2097481455419343E+000                  6.9999999999760387E-001                  2.8000000000239628E-001                  1.9999999999999796E-002                  0.0000000000000000E+000                  5.0571700231878769E+008                  2.0121870951095554E+006                  8.6866741232421434E-028                  0.0000000000000000E+000                  0.0000000000000000E+000                  1.3587692702281755E+001                  2.6400630006982926E+008                  1.3142499161984394E-005                  0.0000000000000000E+000                 -2.4406610210008997E+000                  5.1140966324989157E-001                  7.4997029060972265E-001                  9.0048528844171338E-001 
                                      74                  2.9999992623079748E+000                  3.0029220607563140E-001                  4.3248268905779268E+000                 -8.2147234178633326E+000                  4.2264272630620408E+000                  6.9999999999760387E-001                  2.8000000000239628E-001                  1.9999999999999796E-002                  0.0000000000000000E+000                  4.9546648119108009E+008                  2.0285399521649838E+006                  8.9447803593385396E-028                  0.0000000000000000E+000                  0.0000000000000000E+000                  1.3601911737240414E+001                  2.6645746233685550E+008                  1.3762483695720638E-005                  0.0000000000000000E+000                 -2.4306515912621487E+000                  5.1505043904441017E-001                  7.5361106640424125E-001                  9.0412606423623187E-001 
                                      75                  2.9999992623042244E+000                  3.0027644027767697E-001                  4.3285604594154785E+000                 -8.2024815485126954E+000                  4.2424917282368462E+000                  6.9999999999760387E-001                  2.8000000000239628E-001                  1.9999999999999796E-002                  0.0000000000000000E+000                  4.8649129103531760E+008                  2.0440583628886240E+006                  9.2005222473088924E-028                  0.0000000000000000E+000                  0.0000000000000000E+000                  1.3617973475664146E+001                  2.6883587348201764E+008                  1.4292088068716758E-005                  0.0000000000000000E+000                 -2.4224521581561578E+000                  5.1847826742028125E-001                  7.5703889478011233E-001                  9.0755389261210295E-001 
                                      76                  2.9999992623004750E+000                  3.0026111103392972E-001                  4.3317247143287068E+000                 -8.1921268768691693E+000                  4.2560785243717838E+000                  6.9999999999760387E-001                  2.8000000000239628E-001                  1.9999999999999796E-002                  0.0000000000000000E+000                  4.7955264921835995E+008                  2.0569768991824288E+006                  9.4225390943669802E-028                  0.0000000000000000E+000                  0.0000000000000000E+000                  1.3633974329698162E+001                  2.7114738523122901E+008                  1.4742389423753171E-005                  0.0000000000000000E+000                 -2.4157160604959160E+000                  5.2171091565034111E-001                  7.6027154301017219E-001                  9.1078654084216293E-001 
                                      77                  2.9999992622976621E+000                  3.0024988394516994E-001                  4.3343724185979609E+000                 -8.1835095681824317E+000                  4.2673964860698943E+000                  6.9999999999760387E-001                  2.8000000000239628E-001                  1.9999999999999796E-002                  0.0000000000000000E+000                  4.7418624864116508E+008                  2.0676229089652058E+006                  9.6113839577541321E-028                  0.0000000000000000E+000                  0.0000000000000000E+000                  1.3648077606168247E+001                  2.7284262002175218E+008                  1.5033525980759877E-005                  0.0000000000000000E+000                 -2.4114695737652556E+000                  5.2401506374586870E-001                  7.6257569110569978E-001                  9.1309068893769052E-001 
                                      78                  2.9999992622948501E+000                  3.0023887658444098E-001                  4.3373897959568586E+000                 -8.1737401801720484E+000                  4.2802397349352734E+000                  6.9999999999760387E-001                  2.8000000000239628E-001                  1.9999999999999796E-002                  0.0000000000000000E+000                  4.6852602879051137E+008                  2.0795665541799103E+006                  9.8300580556158446E-028                  0.0000000000000000E+000                  0.0000000000000000E+000                  1.3664970654679982E+001                  2.7451244007819259E+008                  1.5288159070480299E-005                  0.0000000000000000E+000                 -2.4078224035877058E+000                  5.2621941627436630E-001                  7.6478004363419738E-001                  9.1529504146618812E-001 
                                      79                  2.9999992622910998E+000                  3.0022452530616367E-001                  4.3407389749364409E+000                 -8.1629171151256497E+000                  4.2944690620060140E+000                  6.9999999999760387E-001                  2.8000000000239628E-001                  1.9999999999999796E-002                  0.0000000000000000E+000                  4.6276679824345219E+008                  2.0925709273085424E+006                  1.0078131217663798E-027                  0.0000000000000000E+000                  0.0000000000000000E+000                  1.3686019493572118E+001                  2.7669281184389168E+008                  1.5577022452553394E-005                  0.0000000000000000E+000                 -2.4037577770547340E+000                  5.2901721613452413E-001                  7.6757784349435521E-001                  9.1809284132634594E-001 
                                      80                  2.9999992622873499E+000                  3.0021052588604846E-001                  4.3456111932721999E+000                 -8.1473588778371866E+000                  4.3149779255490701E+000                  6.9999999999760387E-001                  2.8000000000239628E-001                  1.9999999999999796E-002                  0.0000000000000000E+000                  4.5529455568043423E+008                  2.1110312234331993E+006                  1.0445746983728015E-027                  0.0000000000000000E+000                  0.0000000000000000E+000                  1.3716612143459839E+001                  2.7883330961063612E+008                  1.5812436721248314E-005                  0.0000000000000000E+000                 -2.4005005997255919E+000                  5.3165800352242221E-001                  7.7021863088225329E-001                  9.2073362871424391E-001 
                                      81                  2.9999992622798501E+000                  3.0018350849991304E-001                  4.3517724053485907E+000                 -8.1276760741049099E+000                  4.3409045816048719E+000                  6.9999999999760387E-001                  2.8000000000239628E-001                  1.9999999999999796E-002                  0.0000000000000000E+000                  4.4720624976587719E+008                  2.1336003874471290E+006                  1.0930094775760325E-027                  0.0000000000000000E+000                  0.0000000000000000E+000                  1.3764993585896285E+001                  2.8297555065809977E+008                  1.6153682605094830E-005                  0.0000000000000000E+000                 -2.3958642272932140E+000                  5.3653962600124105E-001                  7.7510025336107213E-001                  9.2561525119306276E-001 
                                      82                  2.9999992622723499E+000                  3.0015768353205546E-001                  4.3561694090129555E+000                 -8.1136411535296791E+000                  4.3593861438530972E+000                  6.9999999999760387E-001                  2.8000000000239628E-001                  1.9999999999999796E-002                  0.0000000000000000E+000                  4.4224811516376913E+008                  2.1492199781879890E+006                  1.1289118386905134E-027                  0.0000000000000000E+000                  0.0000000000000000E+000                  1.3805796546341982E+001                  2.8690520547349209E+008                  1.6358388719425173E-005                  0.0000000000000000E+000                 -2.3931297380073033E+000                  5.4098294764793831E-001                  7.7954357500776938E-001                  9.3005857283976001E-001 
                                      83                  2.9999992622685996E+000                  3.0014518000993934E-001                  4.3590247810589799E+000                 -8.1046287312572947E+000                  4.3712855729025257E+000                  6.9999999999760387E-001                  2.8000000000239628E-001                  1.9999999999999796E-002                  0.0000000000000000E+000                  4.3935589051244503E+008                  2.1591708202357371E+006                  1.1525856731748804E-027                  0.0000000000000000E+000                  0.0000000000000000E+000                  1.3832286500526184E+001                  2.8881500788968331E+008                  1.6418401292979367E-005                  0.0000000000000000E+000                 -2.3923345668311757E+000                  5.4305304012426459E-001                  7.8161366748409566E-001                  9.3212866531608629E-001 
                                      84                  2.9999992622648501E+000                  3.0013293223855481E-001                  4.3631996850113017E+000                 -8.0915882040349363E+000                  4.3885467758062271E+000                  6.9999999999760387E-001                  2.8000000000239628E-001                  1.9999999999999796E-002                  0.0000000000000000E+000                  4.3553878574002898E+008                  2.1734592566113602E+006                  1.1877221846801229E-027                  0.0000000000000000E+000                  0.0000000000000000E+000                  1.3871272337177693E+001                  2.9071081647464442E+008                  1.6454616909216364E-005                  0.0000000000000000E+000                 -2.3918561121740201E+000                  5.4502413074592970E-001                  7.8358475810576078E-001                  9.3409975593775141E-001 
                                      85                  2.9999992622573499E+000                  3.0010915833087853E-001                  4.3685243303073014E+000                 -8.0749623127406611E+000                  4.4105484433679205E+000                  6.9999999999760387E-001                  2.8000000000239628E-001                  1.9999999999999796E-002                  0.0000000000000000E+000                  4.3128174287701553E+008                  2.1912481502827141E+006                  1.2340768850137668E-027                  0.0000000000000000E+000                  0.0000000000000000E+000                  1.3928474637686337E+001                  2.9440295336848122E+008                  1.6470598341890398E-005                  0.0000000000000000E+000                 -2.3916453117733130E+000                  5.4872910771611727E-001                  7.8728973507594846E-001                  9.3780473290793909E-001 
                                      86                  2.9999992622498501E+000                  3.0008627366012619E-001                  4.3723533375312504E+000                 -8.0630212849972693E+000                  4.4263510506055459E+000                  6.9999999999760387E-001                  2.8000000000239628E-001                  1.9999999999999796E-002                  0.0000000000000000E+000                  4.2859558784529340E+008                  2.2037767607041793E+006                  1.2684820034538571E-027                  0.0000000000000000E+000                  0.0000000000000000E+000                  1.3974575959086771E+001                  2.9793818742344409E+008                  1.6426010156704652E-005                  0.0000000000000000E+000                 -2.3922339564855277E+000                  5.5217067348687154E-001                  7.9073130084670273E-001                  9.4124629867869336E-001 
                                      87                  2.9999992622460998E+000                  3.0007514034062838E-001                  4.3748494093949688E+000                 -8.0553136086425923E+000                  4.4365764887177113E+000                  6.9999999999760387E-001                  2.8000000000239628E-001                  1.9999999999999796E-002                  0.0000000000000000E+000                  4.2700282164618993E+008                  2.2118460473926710E+006                  1.2911975143761840E-027                  0.0000000000000000E+000                  0.0000000000000000E+000                  1.4004760391258175E+001                  2.9966478689215994E+008                  1.6385667849943957E-005                  0.0000000000000000E+000                 -2.3927679264348369E+000                  5.5379995805772297E-001                  7.9236058541755405E-001                  9.4287558324954468E-001 
                                      88                  2.9999992622423499E+000                  3.0006420203375062E-001                  4.3785123360924318E+000                 -8.0441071890978293E+000                  4.4514784005063337E+000                  6.9999999999760387E-001                  2.8000000000239628E-001                  1.9999999999999796E-002                  0.0000000000000000E+000                  4.2486701042224032E+008                  2.2235635536649781E+006                  1.3249519305475086E-027                  0.0000000000000000E+000                  0.0000000000000000E+000                  1.4049286224992166E+001                  3.0138134058023214E+008                  1.6336452087517034E-005                  0.0000000000000000E+000                 -2.3934211283118199E+000                  5.5537005109712378E-001                  7.9393067845695486E-001                  9.4444567628894549E-001 
                                      89                  2.9999992622348501E+000                  3.0004288032192311E-001                  4.3832129849569759E+000                 -8.0297367546073772E+000                  4.4705877822371001E+000                  6.9999999999760387E-001                  2.8000000000239628E-001                  1.9999999999999796E-002                  0.0000000000000000E+000                  4.2240784062692893E+008                  2.2384013249703865E+006                  1.3695310592633739E-027                  0.0000000000000000E+000                  0.0000000000000000E+000                  1.4111155918280453E+001                  3.0473876579201782E+008                  1.6217754294530669E-005                  0.0000000000000000E+000                 -2.3950046418015161E+000                  5.5836639763912466E-001                  7.9692702499895574E-001                  9.4744202283094647E-001 
                                      90                  2.9999992622273499E+000                  3.0002224959343521E-001                  4.3877386009204304E+000                 -8.0159910333967552E+000                  4.4888950574269542E+000                  6.9999999999760387E-001                  2.8000000000239628E-001                  1.9999999999999796E-002                  0.0000000000000000E+000                  4.2031109070911664E+008                  2.2525123639576267E+006                  1.4135751415308483E-027                  0.0000000000000000E+000                  0.0000000000000000E+000                  1.4171996469973358E+001                  3.0798751495195055E+008                  1.6080054341154235E-005                  0.0000000000000000E+000                 -2.3968562439622056E+000                  5.6119558927656843E-001                  7.9975621663639951E-001                  9.5027121446839025E-001 
                                      91                  2.9999992622198501E+000                  3.0000225881182946E-001                  4.3931855008396781E+000                 -7.9996289162603391E+000                  4.5107484903231931E+000                  6.9999999999760387E-001                  2.8000000000239628E-001                  1.9999999999999796E-002                  0.0000000000000000E+000                  4.1810570970910680E+008                  2.2693136286992496E+006                  1.4678530557259608E-027                  0.0000000000000000E+000                  0.0000000000000000E+000                  1.4242820065024000E+001                  3.1116202438458258E+008                  1.5934847687085629E-005                  0.0000000000000000E+000                 -2.3988260416826477E+000                  5.6387186532540068E-001                  8.0243249268523187E-001                  9.5294749051722238E-001 
                                      92                  2.9999992622086000E+000                  2.9997337648182615E-001                  4.3983662431848884E+000                 -7.9840353260592734E+000                  4.5315601593823285E+000                  6.9999999999760387E-001                  2.8000000000239628E-001                  1.9999999999999796E-002                  0.0000000000000000E+000                  4.1624867073642880E+008                  2.2851391808642498E+006                  1.5215200877323440E-027                  0.0000000000000000E+000                  0.0000000000000000E+000                  1.4312355713798729E+001                  3.1575372912595302E+008                  1.5712498974390782E-005                  0.0000000000000000E+000                 -2.4018773688269444E+000                  5.6764766801520994E-001                  8.0620829537504102E-001                  9.5672329320703176E-001 
                                      93                  2.9999992622010998E+000                  2.9995479764293226E-001                  4.4023689005870974E+000                 -7.9721055600160495E+000                  4.5475226711791086E+000                  6.9999999999760387E-001                  2.8000000000239628E-001                  1.9999999999999796E-002                  0.0000000000000000E+000                  4.1496232388696760E+008                  2.2973038138258429E+006                  1.5638987665271132E-027                  0.0000000000000000E+000                  0.0000000000000000E+000                  1.4361861068030908E+001                  3.1870952735710067E+008                  1.5567224318004627E-005                  0.0000000000000000E+000                 -2.4038944082578970E+000                  5.7002540388044165E-001                  8.0858603124027284E-001                  9.5910102907226347E-001 
                                      94                  2.9999992621936000E+000                  2.9993671991743431E-001                  4.4062424918314775E+000                 -7.9606089047758344E+000                  4.5629217395537589E+000                  6.9999999999760387E-001                  2.8000000000239628E-001                  1.9999999999999796E-002                  0.0000000000000000E+000                  4.1381842426047343E+008                  2.3090338738323902E+006                  1.6058554334587482E-027                  0.0000000000000000E+000                  0.0000000000000000E+000                  1.4407892805134521E+001                  3.2160612031925315E+008                  1.5430516234166230E-005                  0.0000000000000000E+000                 -2.4058097720980625E+000                  5.7230218317970116E-001                  8.1086281053953224E-001                  9.6137780837152298E-001 
                                      95                  2.9999992621860998E+000                  2.9991911229729323E-001                  4.4099947114403655E+000                 -7.9495146916030377E+000                  4.5777958099710423E+000                  6.9999999999760387E-001                  2.8000000000239628E-001                  1.9999999999999796E-002                  0.0000000000000000E+000                  4.1280039278904384E+008                  2.3203587717470606E+006                  1.6474103342230054E-027                  0.0000000000000000E+000                  0.0000000000000000E+000                  1.4451747106947957E+001                  3.2443542420013779E+008                  1.5298590491005544E-005                  0.0000000000000000E+000                 -2.4076742901525381E+000                  5.7448803552811400E-001                  8.1304866288794508E-001                  9.6356366071993582E-001 
                                      96                  2.9999992621786000E+000                  2.9990194671236042E-001                  4.4136328436755514E+000                 -7.9387956791023084E+000                  4.5921795220364237E+000                  6.9999999999760387E-001                  2.8000000000239628E-001                  1.9999999999999796E-002                  0.0000000000000000E+000                  4.1189339737066305E+008                  2.3313065112951845E+006                  1.6885810122459894E-027                  0.0000000000000000E+000                  0.0000000000000000E+000                  1.4494507116805728E+001                  3.2720086365813386E+008                  1.5168810539687295E-005                  0.0000000000000000E+000                 -2.4095242365118206E+000                  5.7658964066524976E-001                  8.1515026802508084E-001                  9.6566526585707146E-001 
                                      97                  2.9999992621710998E+000                  2.9988519765127264E-001                  4.4171637507207926E+000                 -7.9284275433734104E+000                  4.6061041958543383E+000                  6.9999999999760387E-001                  2.8000000000239628E-001                  1.9999999999999796E-002                  0.0000000000000000E+000                  4.1108400046750492E+008                  2.3419037614666610E+006                  1.7293827270252158E-027                  0.0000000000000000E+000                  0.0000000000000000E+000                  1.4537062769047946E+001                  3.2990580065858716E+008                  1.5039204563018664E-005                  0.0000000000000000E+000                 -2.4113875666802738E+000                  5.7861325549993514E-001                  8.1717388285976622E-001                  9.6768888069175685E-001 
                                      98                  2.9999992621636000E+000                  2.9986884184386536E-001                  4.4205938726306684E+000                 -7.9183884573036769E+000                  4.6195982430943454E+000                  6.9999999999760387E-001                  2.8000000000239628E-001                  1.9999999999999796E-002                  0.0000000000000000E+000                  4.1036005059701455E+008                  2.3521757485897020E+006                  1.7698288118081619E-027                  0.0000000000000000E+000                  0.0000000000000000E+000                  1.4580146894755536E+001                  3.3255350097891814E+008                  1.4908339524946778E-005                  0.0000000000000000E+000                 -2.4132853625562354E+000                  5.8056473017395371E-001                  8.1912535753378479E-001                  9.6964035536577542E-001 
                                      99                  2.9999992621560998E+000                  2.9985285799326739E-001                  4.4255871115946706E+000                 -7.9039320039136234E+000                  4.6390871277394661E+000                  6.9999999999760387E-001                  2.8000000000239622E-001                  1.9999999999999907E-002                  0.0000000000000000E+000                  4.0942701165770656E+008                  2.3670968385250247E+006                  1.8297394814211027E-027                  0.0000000000000000E+000                  0.0000000000000000E+000                  1.4644231719548856E+001                  3.3516225353832096E+008                  1.4776402628692907E-005                  0.0000000000000000E+000                 -2.4152156418565496E+000                  5.8244738615144886E-001                  8.2100801351128005E-001                  9.7152301134327068E-001 
                                     100                  2.9999992621410998E+000                  2.9982193188171063E-001                  4.4313221338805215E+000                 -7.8872628519366366E+000                  4.6615320774247095E+000                  6.9999999999760387E-001                  2.8000000000239628E-001                  1.9999999999999796E-002                  0.0000000000000000E+000                  4.0848550652828723E+008                  2.3841631354806512E+006                  1.9013419256263345E-027                  0.0000000000000000E+000                  0.0000000000000000E+000                  1.4731538301219171E+001                  3.4021623097636956E+008                  1.4501230705600086E-005                  0.0000000000000000E+000                 -2.4192975690214933E+000                  5.8603133856870526E-001                  8.2459196592853645E-001                  9.7510696376052708E-001 
                                     101                  2.9999992621289122E+000                  2.9979774598442788E-001                  4.4361610155291391E+000                 -7.8733128168371485E+000                  4.6803571595151725E+000                  6.9999999999760387E-001                  2.8000000000239628E-001                  1.9999999999999796E-002                  0.0000000000000000E+000                  4.0783040929514450E+008                  2.3985029252541303E+006                  1.9634136432000568E-027                  0.0000000000000000E+000                  0.0000000000000000E+000                  1.4811963760440422E+001                  3.4416199295112336E+008                  1.4264153250547756E-005                  0.0000000000000000E+000                 -2.4228770019273678E+000                  5.8878097409847463E-001                  8.2734160145830571E-001                  9.7785659929029634E-001 
                                     102                  2.9999992621171940E+000                  2.9977522180932464E-001                  4.4398210783351777E+000                 -7.8627829032110013E+000                  4.6945742366113858E+000                  6.9999999999760387E-001                  2.8000000000239628E-001                  1.9999999999999796E-002                  0.0000000000000000E+000                  4.0741282532247144E+008                  2.4093056300328104E+006                  2.0116058989977407E-027                  0.0000000000000000E+000                  0.0000000000000000E+000                  1.4878845559988346E+001                  3.4784891194111431E+008                  1.4027990517935104E-005                  0.0000000000000000E+000                 -2.4265022681734911E+000                  5.9129896104927970E-001                  8.2985958840911089E-001                  9.8037458624110152E-001 
                                     103                  2.9999992621101623E+000                  2.9976202940944652E-001                  4.4438406434253457E+000                 -7.8513774791582227E+000                  4.7100329792007170E+000                  6.9999999999760387E-001                  2.8000000000239633E-001                  1.9999999999999796E-002                  0.0000000000000000E+000                  4.0705665332365113E+008                  2.4211276921538985E+006                  2.0651405841804030E-027                  0.0000000000000000E+000                  0.0000000000000000E+000                  1.4954075273573851E+001                  3.5002698479735959E+008                  1.3883352856280968E-005                  3.6844137643669595E-019                 -2.4287528191329968E+000                  5.9275274883971862E-001                  8.3131337619954970E-001                  9.8182837403154033E-001 
                                     104                  2.9999992620961002E+000                  2.9973632505370340E-001                  4.4481373091059240E+000                 -7.8391497862535298E+000                  4.7265915346332434E+000                  6.9999999999760387E-001                  2.8000000000239628E-001                  1.9999999999999796E-002                  0.0000000000000000E+000                  4.0675967356678426E+008                  2.4336998036478921E+006                  2.1241184143299191E-027                  0.0000000000000000E+000                  0.0000000000000000E+000                  1.5044196633839027E+001                  3.5428859820972675E+008                  1.3587568626623744E-005                  1.4560622374447572E-018                 -2.4334291247062287E+000                  5.9554548081266445E-001                  8.3410610817249564E-001                  9.8462110600448627E-001 
                                     105                  2.9999992620867251E+000                  2.9971966212552409E-001                  4.4523145511904740E+000                 -7.8274113817771598E+000                  4.7425442765377372E+000                  6.9999999999760376E-001                  2.8000000000239622E-001                  2.0000000000000018E-002                  0.0000000000000000E+000                  4.0659003777332270E+008                  2.4458587627739473E+006                  2.1823203388222508E-027                  0.0000000000000000E+000                  0.0000000000000000E+000                  1.5135608048956007E+001                  3.5705896934005201E+008                  1.3385063495910691E-005                  2.1672222462809386E-018                 -2.4366897821354896E+000                  5.9732751298783382E-001                  8.3588814034766490E-001                  9.8640313817965553E-001 
                                     106                  2.9999992620726625E+000                  2.9969533080565663E-001                  4.4571463973761585E+000                 -7.8138823398700357E+000                  4.7609489086706791E+000                  6.9999999999760387E-001                  2.8000000000239628E-001                  1.9999999999999796E-002                  0.0000000000000000E+000                  4.0652133513266927E+008                  2.4598291997894407E+006                  2.2513817760025652E-027                  0.0000000000000000E+000                  0.0000000000000000E+000                  1.5250546605688685E+001                  3.6113546755407971E+008                  1.3076175641364654E-005                  1.4287392577889636E-018                 -2.4417596272684112E+000                  5.9988772010752101E-001                  8.3844834746735208E-001                  9.8896334529934271E-001 
                                     107                  2.9999992620586000E+000                  2.9967174186126211E-001                  4.4625800473929838E+000                 -7.7988348394810441E+000                  4.7814837149268694E+000                  6.9999999999760387E-001                  2.8000000000239628E-001                  1.9999999999999796E-002                  0.0000000000000000E+000                  4.0663283789381975E+008                  2.4754091480919067E+006                  2.3307648530753046E-027                  0.0000000000000000E+000                  0.0000000000000000E+000                  1.5387628887749869E+001                  3.6510927113402814E+008                  1.2762097107948773E-005                  3.5337695336780468E-019                 -2.4470389775575714E+000                  6.0232361694614178E-001                  8.4088424430597275E-001                  9.9139924213796349E-001 
                                     108                  2.9999992620398506E+000                  2.9964135535944580E-001                  4.4670428944057123E+000                 -7.7864768404618294E+000                  4.7983484210710756E+000                  6.9999999999760387E-001                  2.8000000000239628E-001                  1.9999999999999796E-002                  0.0000000000000000E+000                  4.0685965167708856E+008                  2.4880810979589480E+006                  2.3980485571939387E-027                  0.0000000000000000E+000                  0.0000000000000000E+000                  1.5510577652991014E+001                  3.7023754580729592E+008                  1.2338297741993915E-005                  0.0000000000000000E+000                 -2.4543723768877777E+000                  6.0539837993635737E-001                  8.4395900729618845E-001                  9.9447400512817907E-001 
                                     109                  2.9999992620304754E+000                  2.9962658604131437E-001                  4.4699494135115208E+000                 -7.7785233751191303E+000                  4.8092398394343281E+000                  6.9999999999760387E-001                  2.8000000000239622E-001                  1.9999999999999907E-002                  0.0000000000000000E+000                  4.0709630169644314E+008                  2.4962675766584780E+006                  2.4423754356177655E-027                  0.0000000000000000E+000                  0.0000000000000000E+000                  1.5592296984794164E+001                  3.7273876797982389E+008                  1.2124879835218983E-005                  0.0000000000000000E+000                 -2.4581612784106808E+000                  6.0686495971648435E-001                  8.4542558707631554E-001                  9.9594058490830617E-001 
                                     110                  2.9999992620211007E+000                  2.9961208327369709E-001                  4.4727952620235474E+000                 -7.7707748914725929E+000                  4.8198661893981170E+000                  6.9999999999760387E-001                  2.8000000000239628E-001                  1.9999999999999796E-002                  0.0000000000000000E+000                  4.0739350306361425E+008                  2.5042254877059953E+006                  2.4863477785319238E-027                  0.0000000000000000E+000                  0.0000000000000000E+000                  1.5674652751257257E+001                  3.7521721387345505E+008                  1.1911535537324276E-005                  0.0000000000000000E+000                 -2.4620161246154209E+000                  6.0828387642959969E-001                  8.4684450378943077E-001                  9.9735950162142140E-001 
                                     111                  2.9999992620117255E+000                  2.9959783554849367E-001                  4.4755832465370355E+000                 -7.7632216072711646E+000                  4.8302400759903774E+000                  6.9999999999760387E-001                  2.8000000000239628E-001                  1.9999999999999796E-002                  0.0000000000000000E+000                  4.0775041505185217E+008                  2.5119616208529510E+006                  2.5299743162548673E-027                  0.0000000000000000E+000                  0.0000000000000000E+000                  1.5757523899131545E+001                  3.7766159849738252E+008                  1.1697895544434294E-005                  0.0000000000000000E+000                 -2.4659461304792667E+000                  6.0965902262655181E-001                  8.4821964998638288E-001                  9.9873464781837362E-001 
                                     112                  2.9999992620023512E+000                  2.9958383211211026E-001                  4.4796758063312421E+000                 -7.7522535751536497E+000                  4.8453524964755177E+000                  6.9999999999760387E-001                  2.8000000000239628E-001                  1.9999999999999796E-002                  0.0000000000000000E+000                  4.0840800036058140E+008                  2.5232020107246069E+006                  2.5946903844507923E-027                  0.0000000000000000E+000                  0.0000000000000000E+000                  1.5881307479331415E+001                  3.8008420508412236E+008                  1.1484228918079500E-005                  0.0000000000000000E+000                 -2.4699490795929959E+000                  6.1098959690643684E-001                  8.4955022426626792E-001                  1.0000652220982584E+000 
                                     113                  2.9999992619836009E+000                  2.9955651979416165E-001                  4.4855868836673132E+000                 -7.7365120558108851E+000                  4.8670839709007314E+000                  6.9999999999760387E-001                  2.8000000000239628E-001                  1.9999999999999796E-002                  0.0000000000000000E+000                  4.0963060893606085E+008                  2.5391583532888456E+006                  2.6904758561002912E-027                  0.0000000000000000E+000                  0.0000000000000000E+000                  1.6070685304309198E+001                  3.8484556494142169E+008                  1.1055470580927871E-005                  0.0000000000000000E+000                 -2.4782113833788779E+000                  6.1352754367704332E-001                  8.5208817103687440E-001                  1.0026031688688650E+000 
                                     114                  2.9999992619601632E+000                  2.9952358784629279E-001                  4.4912428124940540E+000                 -7.7215462340344319E+000                  4.8877857879774345E+000                  6.9999999999760387E-001                  2.8000000000239628E-001                  1.9999999999999796E-002                  0.0000000000000000E+000                  4.1114699150899434E+008                  2.5540547220732956E+006                  2.7848184803273546E-027                  0.0000000000000000E+000                  0.0000000000000000E+000                  1.6265300721795068E+001                  3.9059718017021459E+008                  1.0513220182153730E-005                  0.0000000000000000E+000                 -2.4891321199526741E+000                  6.1649249859673927E-001                  8.5505312595657046E-001                  1.0055681237885610E+000 
                                     115                  2.9999992619414133E+000                  2.9949812955975441E-001                  4.4960960991865155E+000                 -7.7088627568294710E+000                  4.9053979290439145E+000                  6.9999999999760387E-001                  2.8000000000239628E-001                  1.9999999999999796E-002                  0.0000000000000000E+000                  4.1277680017201197E+008                  2.5664934660004280E+006                  2.8673589734436454E-027                  0.0000000000000000E+000                  0.0000000000000000E+000                  1.6440679790936468E+001                  3.9507250486701065E+008                  1.0072108728272147E-005                  0.0000000000000000E+000                 -2.4984397973360304E+000                  6.1870145841348978E-001                  8.5726208577332097E-001                  1.0077770836053115E+000 
                                     116                  2.9999992619226634E+000                  2.9947339973862186E-001                  4.5013752995103928E+000                 -7.6952315019026472E+000                  4.9243978884090547E+000                  6.9999999999760387E-001                  2.8000000000239628E-001                  1.9999999999999796E-002                  0.0000000000000000E+000                  4.1493598769174111E+008                  2.5796053032993865E+006                  2.9587970296553112E-027                  0.0000000000000000E+000                  0.0000000000000000E+000                  1.6641139798187019E+001                  3.9947048442270464E+008                  9.6223626809388078E-006                  0.0000000000000000E+000                 -2.5083591389650133E+000                  6.2076488106128525E-001                  8.5932550842111632E-001                  1.0098405062531068E+000 
                                     117                  2.9999992618992262E+000                  2.9944343698163783E-001                  4.5064582893312997E+000                 -7.6821980909400738E+000                  4.9426062631063701E+000                  6.9999999999760387E-001                  2.8000000000239628E-001                  1.9999999999999796E-002                  0.0000000000000000E+000                  4.1743061585830188E+008                  2.5917569575467473E+006                  3.0489505672711942E-027                  0.0000000000000000E+000                  0.0000000000000000E+000                  1.6846308330376420E+001                  4.0483525544348294E+008                  9.0481782899466749E-006                  0.0000000000000000E+000                 -2.5217194252185133E+000                  6.2315802976249046E-001                  8.6171865712232154E-001                  1.0122336549543121E+000 
                                     118                  2.9999992618804758E+000                  2.9942017117088759E-001                  4.5108404874320858E+000                 -7.6710952371266359E+000                  4.9581777589068521E+000                  6.9999999999760387E-001                  2.8000000000239628E-001                  1.9999999999999796E-002                  0.0000000000000000E+000                  4.1997651080010170E+008                  2.6018077876705024E+006                  3.1279139013623156E-027                  0.0000000000000000E+000                  0.0000000000000000E+000                  1.7029288525696312E+001                  4.0902941691690224E+008                  8.5798881353779686E-006                  0.0000000000000000E+000                 -2.5332591872239441E+000                  6.2492850937420308E-001                  8.6348913673403427E-001                  1.0140041345660249E+000 
                                     119                  2.9999992618617259E+000                  2.9939748901874225E-001                  4.5161558662517978E+000                 -7.6578112764710475E+000                  4.9768922382319634E+000                  6.9999999999760387E-001                  2.8000000000239628E-001                  1.9999999999999796E-002                  0.0000000000000000E+000                  4.2363008788571525E+008                  2.6133993141942602E+006                  3.2250810645099822E-027                  0.0000000000000000E+000                  0.0000000000000000E+000                  1.7256356862726797E+001                  4.1317077004043502E+008                  8.1039547700508168E-006                  0.0000000000000000E+000                 -2.5456514957668888E+000                  6.2656410191481315E-001                  8.6512472927464434E-001                  1.0156397271066349E+000 
                                     120                  2.9999992618336009E+000                  2.9936448437210500E-001                  4.5212672530909135E+000                 -7.6450940945538539E+000                  4.9948388279153146E+000                  6.9999999999760387E-001                  2.8000000000239628E-001                  1.9999999999999796E-002                  0.0000000000000000E+000                  4.2776881060143250E+008                  2.6238521552660698E+006                  3.3209294424845484E-027                  0.0000000000000000E+000                  0.0000000000000000E+000                  1.7483045530719981E+001                  4.1923303178191358E+008                  7.3813167894880042E-006                  0.0000000000000000E+000                 -2.5659330776660068E+000                  6.2879539731027978E-001                  8.6735602467011086E-001                  1.0178710225021015E+000 
                                     121                  2.9999992618148510E+000                  2.9934311222217852E-001                  4.5252440702600030E+000                 -7.6353267740248416E+000                  5.0086832369285608E+000                  6.9999999999760387E-001                  2.8000000000239628E-001                  1.9999999999999796E-002                  0.0000000000000000E+000                  4.3148882318864667E+008                  2.6314668550088787E+006                  3.3964747772265970E-027                  0.0000000000000000E+000                  0.0000000000000000E+000                  1.7660387268337583E+001                  4.2318144561127687E+008                  6.8946390858992850E-006                  0.0000000000000000E+000                 -2.5807442314666780E+000                  6.3013910209518520E-001                  8.6869972945501628E-001                  1.0192147272870069E+000 
                                     122                  2.9999992617961007E+000                  2.9932221231777251E-001                  4.5291188088870538E+000                 -7.6258868732651672E+000                  5.0221024583200107E+000                  6.9999999999760387E-001                  2.8000000000239628E-001                  1.9999999999999796E-002                  0.0000000000000000E+000                  4.3558357008968413E+008                  2.6384235403657914E+006                  3.4711204705636409E-027                  0.0000000000000000E+000                  0.0000000000000000E+000                  1.7834819559469810E+001                  4.2708222470799178E+008                  6.4033613937904118E-006                  0.0000000000000000E+000                 -2.5967959933562383E+000                  6.3136250086523982E-001                  8.6992312822507101E-001                  1.0204381260570616E+000 
                                     123                  2.9999992617773512E+000                  2.9930175887457716E-001                  4.5328967977421550E+000                 -7.6167545967499644E+000                  5.0351218543331004E+000                  6.9999999999760387E-001                  2.8000000000239628E-001                  1.9999999999999796E-002                  0.0000000000000000E+000                  4.4007245291680396E+008                  2.6447437844186747E+006                  3.5448945814214389E-027                  0.0000000000000000E+000                  0.0000000000000000E+000                  1.8008721021275036E+001                  4.3092571567044634E+008                  5.9054045473144456E-006                  0.0000000000000000E+000                 -2.6143751729330806E+000                  6.3247573715383976E-001                  8.7103636451367095E-001                  1.0215513623456614E+000 
                                     124                  2.9999992617586009E+000                  2.9928172823213772E-001                  4.5384150488723627E+000                 -7.6036200795450695E+000                  5.0539505579331410E+000                  6.9999999999760387E-001                  2.8000000000239628E-001                  1.9999999999999796E-002                  0.0000000000000000E+000                  4.4763155425746632E+008                  2.6531007232084619E+006                  3.6537583837663984E-027                  0.0000000000000000E+000                  0.0000000000000000E+000                  1.8272272127945435E+001                  4.3473643500177479E+008                  5.3928534410102242E-006                  0.0000000000000000E+000                 -2.6340906910820836E+000                  6.3347219443007785E-001                  8.7203282178990893E-001                  1.0225478196218996E+000 
                                     125                  2.9999992617211011E+000                  2.9924285248795135E-001                  4.5454557721034234E+000                 -7.5870027890647860E+000                  5.0778576063722243E+000                  6.9999999999760387E-001                  2.8000000000239628E-001                  1.9999999999999796E-002                  0.0000000000000000E+000                  4.5916461206194633E+008                  2.6621755331098456E+006                  3.7962925048576673E-027                  0.0000000000000000E+000                  0.0000000000000000E+000                  1.8646408765844761E+001                  4.4220887309565818E+008                  4.3153748426824479E-006                  0.0000000000000000E+000                 -2.6824907372816709E+000                  6.3516611944388046E-001                  8.7372674680371154E-001                  1.0242417446357022E+000 
                                     126                  2.9999992616836009E+000                  2.9920542627552787E-001                  4.5505278045423756E+000                 -7.5751652944985279E+000                  5.0949678050466618E+000                  6.9999999999760387E-001                  2.8000000000239628E-001                  1.9999999999999796E-002                  0.0000000000000000E+000                  4.6898499987919772E+008                  2.6676335124446000E+006                  3.9012071366137497E-027                  0.0000000000000000E+000                  0.0000000000000000E+000                  1.8951454627907871E+001                  4.4943452650717628E+008                  3.1683447048530670E-006                  0.0000000000000000E+000                 -2.7495837873935964E+000                  6.3653757454818549E-001                  8.7509820190801668E-001                  1.0256131997400073E+000 
                                     127                  2.9999992616648510E+000                  2.9918721284102179E-001                  4.5554826508682140E+000                 -7.5638775750916132E+000                  5.1114320851958004E+000                  6.9999999999760387E-001                  2.8000000000239628E-001                  1.9999999999999796E-002                  0.0000000000000000E+000                  4.8002123330463660E+008                  2.6721309547019629E+006                  4.0039487975403153E-027                  0.0000000000000000E+000                  0.0000000000000000E+000                  1.9276812544725157E+001                  4.5301357488083321E+008                  2.5566928960996514E-006                  0.0000000000000000E+000                 -2.7961607176331418E+000                  6.3709607268092938E-001                  8.7565670004076057E-001                  1.0261716978727513E+000 
                                     128                  2.9999992616273508E+000                  2.9915171395765677E-001                  4.5610722378485802E+000                 -7.5512874090597073E+000                  5.1298892143453090E+000                  6.9999999999760387E-001                  2.8000000000239628E-001                  1.9999999999999796E-002                  0.0000000000000000E+000                  4.9430212203484958E+008                  2.6762834198048566E+006                  4.1217410189904853E-027                  0.0000000000000000E+000                  0.0000000000000000E+000                  1.9676754989760802E+001                  4.6010619323245168E+008                  1.2756735134358366E-006                  0.0000000000000000E+000                 -2.9471302307761587E+000                  6.3800463013148145E-001                  8.7656525749131264E-001                  1.0270802553233032E+000 
                                     129                  2.9999992615992261E+000                  2.9912584506481266E-001                  4.5657373792355314E+000                 -7.5409893846277054E+000                  5.1451119034918609E+000                  6.9999999999760387E-001                  2.8000000000239628E-001                  1.9999999999999796E-002                  0.0000000000000000E+000                  5.0786606805335015E+008                  2.6790734710787958E+006                  4.2206602883389922E-027                  0.0000000000000000E+000                  0.0000000000000000E+000                  2.0025514516433940E+001                  4.6533748427703911E+008                  2.9162883212387642E-007                  0.0000000000000000E+000                 -3.2675847706754881E+000                  6.3854570370688346E-001                  8.7710633106671454E-001                  1.0276213288987053E+000 
                                     130                  2.9999992615711015E+000                  2.9910057789951372E-001                  4.5702880695740538E+000                 -7.5311094982737465E+000                  5.1598223998155364E+000                  6.9999999999760387E-001                  2.8000000000239628E-001                  1.9999999999999796E-002                  0.0000000000000000E+000                  5.2259843386102426E+008                  2.6813546841649148E+006                  4.3177939022465155E-027                  0.0000000000000000E+000                  0.0000000000000000E+000                  2.0372255234952341E+001                  4.7053632540101171E+008                 -6.9833518992819576E-007                  0.0000000000000000E+000                 -9.8999999999999986E+001                  6.3898203217712435E-001                  8.7754265953695554E-001                  1.0280576573689462E+000 
                                     131                  2.9999992615429765E+000                  2.9907587479188125E-001                  4.5747291807830335E+000                 -7.5216199941742126E+000                  5.1740540865713385E+000                  6.9999999999760387E-001                  2.8000000000239628E-001                  1.9999999999999796E-002                  0.0000000000000000E+000                  5.3845715124290502E+008                  2.6833124006376443E+006                  4.4131937065910004E-027                  0.0000000000000000E+000                  0.0000000000000000E+000                  2.0710125315582602E+001                  4.7569472412872458E+008                 -1.6740309483692585E-006                  0.0000000000000000E+000                 -9.8999999999999986E+001                  6.3935003178166239E-001                  8.7791065914149347E-001                  1.0284256569734840E+000 
                                     132                  2.9999992615148519E+000                  2.9905170152198063E-001                  4.5812145976146192E+000                 -7.5080878959207684E+000                  5.1945680954313396E+000                  6.9999999999760387E-001                  2.8000000000239628E-001                  1.9999999999999796E-002                  0.0000000000000000E+000                  5.6438423526104546E+008                  2.6860068504389878E+006                  4.5528922025139168E-027                  0.0000000000000000E+000                  0.0000000000000000E+000                  2.1188200332628025E+001                  4.8084734322780013E+008                 -2.6181441635946033E-006                  0.0000000000000000E+000                 -9.8999999999999986E+001                  6.3967800366381700E-001                  8.7823863102364808E-001                  1.0287536288556387E+000 
                                     133                  2.9999992614586017E+000                  2.9900482667432005E-001                  4.5881080625902149E+000                 -7.4938599709093827E+000                  5.2162887694591387E+000                  6.9999999999760387E-001                  2.8000000000239628E-001                  1.9999999999999796E-002                  0.0000000000000000E+000                  5.9533914648542786E+008                  2.6891954505635980E+006                  4.7045460917373893E-027                  0.0000000000000000E+000                  0.0000000000000000E+000                  2.1683457102090458E+001                  4.9099448919183403E+008                 -4.3898437432195372E-006                  0.0000000000000000E+000                 -9.8999999999999986E+001                  6.4032463989907329E-001                  8.7888526725890437E-001                  1.0294002650908949E+000 
                                     134                  2.9999992614211015E+000                  2.9897457590842208E-001                  4.5934404736123717E+000                 -7.4830850544152181E+000                  5.2329201006187285E+000                  6.9999999999760387E-001                  2.8000000000239628E-001                  1.9999999999999796E-002                  0.0000000000000000E+000                  6.2136615668982089E+008                  2.6922830641617617E+006                  4.8227473934100362E-027                  0.0000000000000000E+000                  0.0000000000000000E+000                  2.2050102602795437E+001                  4.9763797292404151E+008                 -5.4739006014656261E-006                  0.0000000000000000E+000                 -9.8999999999999986E+001                  6.4081016526065060E-001                  8.7937079262048179E-001                  1.0298857904524723E+000 
                                     135                  2.9999992613836017E+000                  2.9894506034296409E-001                  4.5986049968194278E+000                 -7.4727872213132205E+000                  5.2489422306253006E+000                  6.9999999999760387E-001                  2.8000000000239628E-001                  1.9999999999999796E-002                  0.0000000000000000E+000                  6.4794166706017077E+008                  2.6961297587932898E+006                  4.9384897610354455E-027                  0.0000000000000000E+000                  0.0000000000000000E+000                  2.2392136492076496E+001                  5.0424547037234026E+008                 -6.4609782132154082E-006                  0.0000000000000000E+000                 -9.8999999999999986E+001                  6.4139893107696033E-001                  8.7995955843679141E-001                  1.0304745562687820E+000 
                                     136                  2.9999992613461020E+000                  2.9891623059851985E-001                  4.6036077762909917E+000                 -7.4629279026092972E+000                  5.2643982692929399E+000                  6.9999999999760387E-001                  2.8000000000239628E-001                  1.9999999999999796E-002                  0.0000000000000000E+000                  6.7464697653539920E+008                  2.7009458319552680E+006                  5.0519056274616869E-027                  0.0000000000000000E+000                  0.0000000000000000E+000                  2.2709830119612690E+001                  5.1078986360449886E+008                 -7.3457402299946470E-006                  0.0000000000000000E+000                 -9.8999999999999986E+001                  6.4212540063435153E-001                  8.8068602799418261E-001                  1.0312010258261732E+000 
                                     137                  2.9999992613086017E+000                  2.9888804242080264E-001                  4.6084546021436585E+000                 -7.4534703319831035E+000                  5.2793269059507058E+000                  6.9999999999760387E-001                  2.8000000000239628E-001                  1.9999999999999796E-002                  0.0000000000000000E+000                  7.0085847722074628E+008                  2.7068188462527455E+006                  5.1631471153229997E-027                  0.0000000000000000E+000                  0.0000000000000000E+000                  2.3001910309943511E+001                  5.1727013956893235E+008                 -8.1211253034459205E-006                  0.0000000000000000E+000                 -9.8999999999999986E+001                  6.4301287281795783E-001                  8.8157350017778890E-001                  1.0320884980097795E+000 
                                     138                  2.9999992612711019E+000                  2.9886045614385010E-001                  4.6131507420885818E+000                 -7.4443801165092340E+000                  5.2937629938740871E+000                  6.9999999999760387E-001                  2.8000000000239628E-001                  1.9999999999999796E-002                  0.0000000000000000E+000                  7.2591302857487488E+008                  2.7137691114755049E+006                  5.2723759054987685E-027                  0.0000000000000000E+000                  0.0000000000000000E+000                  2.3266815457327723E+001                  5.2368303367291385E+008                 -8.7818431156994461E-006                  0.0000000000000000E+000                 -9.8999999999999986E+001                  6.4406907024679128E-001                  8.8262969760662235E-001                  1.0331446954386130E+000 
                                     139                  2.9999992612336017E+000                  2.9883343617861563E-001                  4.6177010299047687E+000                 -7.4356260999640300E+000                  5.3077380412033852E+000                  6.9999999999760387E-001                  2.8000000000239628E-001                  1.9999999999999796E-002                  0.0000000000000000E+000                  7.4926062710725248E+008                  2.7218035949040847E+006                  5.3797487082611513E-027                  0.0000000000000000E+000                  0.0000000000000000E+000                  2.3503652639842564E+001                  5.3002441137315446E+008                 -9.3245278371658714E-006                  0.0000000000000000E+000                 -9.8999999999999986E+001                  6.4529500352701441E-001                  8.8385563088684549E-001                  1.0343706287188361E+000 
                                     140                  2.9999992611961015E+000                  2.9880695050469958E-001                  4.6221100210613999E+000                 -7.4271800384311240E+000                  5.3212806257584448E+000                  6.9999999999760387E-001                  2.8000000000239628E-001                  1.9999999999999796E-002                  0.0000000000000000E+000                  7.7045462356721950E+008                  2.7309156712849815E+006                  5.4854166078402661E-027                  0.0000000000000000E+000                  0.0000000000000000E+000                  2.3712144262007662E+001                  5.3629009710908741E+008                 -9.7478388988072507E-006                  0.0000000000000000E+000                 -9.8999999999999986E+001                  6.4668931851397760E-001                  8.8524994587380867E-001                  1.0357649437057992E+000 
                                     141                  2.9999992611586017E+000                  2.9878097023439365E-001                  4.6263821121990691E+000                 -7.4190147178026074E+000                  5.3344167474830595E+000                  6.9999999999760387E-001                  2.8000000000239628E-001                  1.9999999999999796E-002                  0.0000000000000000E+000                  7.8916436110037673E+008                  2.7410501758102672E+006                  5.5895451138868732E-027                  0.0000000000000000E+000                  0.0000000000000000E+000                  2.3892629304705807E+001                  5.4247496493340206E+008                 -1.0053613035731196E-005                  0.0000000000000000E+000                 -9.8999999999999986E+001                  6.4824553831873344E-001                  8.8680616567856452E-001                  1.0373211635105550E+000 
                                     142                  2.9999992611211019E+000                  2.9875546933097680E-001                  4.6300065046028100E+000                 -7.4120732755752785E+000                  5.3455962879944341E+000                  6.9999999999760387E-001                  2.8000000000239628E-001                  1.9999999999999796E-002                  0.0000000000000000E+000                  8.0329022298812342E+008                  2.7506667597981151E+006                  5.6796191951954408E-027                  0.0000000000000000E+000                  0.0000000000000000E+000                  2.4028722193483585E+001                  5.4856363547055054E+008                 -1.0251264136022273E-005                  0.0000000000000000E+000                 -9.8999999999999986E+001                  6.4994443375543631E-001                  8.8850506111526750E-001                  1.0390200589472580E+000 
                                     143                  2.9999992610929769E+000                  2.9873664403222211E-001                  4.6330388704039800E+000                 -7.4062725768591404E+000                  5.3549565104269723E+000                  6.9999999999760387E-001                  2.8000000000239628E-001                  1.9999999999999796E-002                  0.0000000000000000E+000                  8.1368741451903570E+008                  2.7594368834720561E+006                  5.7560031112965596E-027                  0.0000000000000000E+000                  0.0000000000000000E+000                  2.4128441253649381E+001                  5.5306906327145958E+008                 -1.0330298447008205E-005                  0.0000000000000000E+000                 -9.8999999999999986E+001                  6.5130625428759548E-001                  8.8986688164742656E-001                  1.0403818794794171E+000 
                                     144                  2.9999992610648523E+000                  2.9871806610388635E-001                  4.6374732353762766E+000                 -7.3978233964371665E+000                  5.3686314254376359E+000                  6.9999999999760387E-001                  2.8000000000239628E-001                  1.9999999999999796E-002                  0.0000000000000000E+000                  8.2624002588383138E+008                  2.7734605327625317E+006                  5.8691042028204262E-027                  0.0000000000000000E+000                  0.0000000000000000E+000                  2.4247672826500015E+001                  5.5754260202111030E+008                 -1.0342738015050606E-005                  0.0000000000000000E+000                 -9.8999999999999986E+001                  6.5275060734828594E-001                  8.9131123470811713E-001                  1.0418262325401075E+000 
                                     145                  2.9999992610086021E+000                  2.9868161920055281E-001                  4.6440552732235414E+000                 -7.3851478615650583E+000                  5.3890896143559432E+000                  6.9999999999760387E-001                  2.8000000000239628E-001                  1.9999999999999796E-002                  0.0000000000000000E+000                  8.3811800178200150E+008                  2.7969000655904091E+006                  6.0429613256457878E-027                  0.0000000000000000E+000                  0.0000000000000000E+000                  2.4370631885096575E+001                  5.6632743736874580E+008                 -1.0205602149517851E-005                  0.0000000000000000E+000                 -9.8999999999999986E+001                  6.5582367601210734E-001                  8.9438430337193853E-001                  1.0448993012039292E+000 
                                     146                  2.9999992609336021E+000                  2.9863440753480580E-001                  4.6511272978498424E+000                 -7.3712530997184080E+000                  5.4113574270650151E+000                  6.9999999999760387E-001                  2.8000000000239628E-001                  1.9999999999999796E-002                  0.0000000000000000E+000                  8.4160318001334047E+008                  2.8255032813873030E+006                  6.2394644462591155E-027                  0.0000000000000000E+000                  0.0000000000000000E+000                  2.4424681118474734E+001                  5.7759200626314819E+008                 -9.7731247706941710E-006                  0.0000000000000000E+000                 -9.8999999999999986E+001                  6.6017072126520915E-001                  8.9873134862504034E-001                  1.0492463464570310E+000 
                                     147                  2.9999992608586026E+000                  2.9858866776346760E-001                  4.6561223894726860E+000                 -7.3611669882000497E+000                  5.4273462506145558E+000                  6.9999999999760387E-001                  2.8000000000239628E-001                  1.9999999999999796E-002                  0.0000000000000000E+000                  8.3852279786543071E+008                  2.8477483120240816E+006                  6.3860959678328459E-027                  0.0000000000000000E+000                  0.0000000000000000E+000                  2.4414692990727094E+001                  5.8830616483851850E+008                 -9.1318637737289324E-006                  0.0000000000000000E+000                 -9.8999999999999986E+001                  6.6469376411964276E-001                  9.0325439147947384E-001                  1.0537693893114646E+000 
                                     148                  2.9999992608211019E+000                  2.9856631763528807E-001                  4.6601473417278862E+000                 -7.3530261146028613E+000                  5.4402374473618993E+000                  6.9999999999760387E-001                  2.8000000000239628E-001                  1.9999999999999796E-002                  0.0000000000000000E+000                  8.3290490607280862E+008                  2.8668830638048076E+006                  6.5069573111734467E-027                  0.0000000000000000E+000                  0.0000000000000000E+000                  2.4371887844146279E+001                  5.9349203743639922E+008                 -8.7390816736805755E-006                  0.0000000000000000E+000                 -9.8999999999999986E+001                  6.6701410021122143E-001                  9.0557472757105251E-001                  1.0560897254030430E+000 
                                     149                  2.9999992607648522E+000                  2.9853340874092010E-001                  4.6647654617661436E+000                 -7.3434687825894738E+000                  5.4552226397658883E+000                  6.9999999999760387E-001                  2.8000000000239628E-001                  1.9999999999999796E-002                  0.0000000000000000E+000                  8.2317734167964256E+008                  2.8900844553361777E+006                  6.6517702202912102E-027                  0.0000000000000000E+000                  0.0000000000000000E+000                  2.4298252807355585E+001                  6.0106836282243538E+008                 -8.0830401021523020E-006                  0.0000000000000000E+000                 -9.8999999999999986E+001                  6.7054350088026227E-001                  9.0910412824009346E-001                  1.0596191260720840E+000 
                                     150                  2.9999992607086021E+000                  2.9850120890766030E-001                  4.6699128634135549E+000                 -7.3326314711138521E+000                  5.4720808128216119E+000                  6.9999999999760387E-001                  2.8000000000239628E-001                  1.9999999999999796E-002                  0.0000000000000000E+000                  8.0886179452887356E+008                  2.9174397688147831E+006                  6.8198808295023361E-027                  0.0000000000000000E+000                  0.0000000000000000E+000                  2.4184946489819350E+001                  6.0836266000393128E+008                 -7.3897851301347935E-006                  0.0000000000000000E+000                 -9.8999999999999986E+001                  6.7408061499875038E-001                  9.1264124235858146E-001                  1.0631562401905721E+000 
                                     151                  2.9999992606336021E+000                  2.9845932316929252E-001                  4.6754689088359322E+000                 -7.3205779027250069E+000                  5.4905855514632309E+000                  6.9999999999760387E-001                  2.8000000000239628E-001                  1.9999999999999796E-002                  0.0000000000000000E+000                  7.9019202116125953E+008                  2.9485729341302351E+006                  7.0118541499097191E-027                  0.0000000000000000E+000                  0.0000000000000000E+000                  2.4038721685209303E+001                  6.1766710173857570E+008                 -6.4440526638873184E-006                  0.0000000000000000E+000                 -9.8999999999999986E+001                  6.7876680640020126E-001                  9.1732743376003245E-001                  1.0678424315920230E+000 
                                     152                  2.9999992605586026E+000                  2.9841857232958097E-001                  4.6807236953265257E+000                 -7.3088746149468475E+000                  5.5083404721911151E+000                  6.9999999999760387E-001                  2.8000000000239628E-001                  1.9999999999999796E-002                  0.0000000000000000E+000                  7.7036177067193687E+008                  2.9794254062942467E+006                  7.2034184154695771E-027                  0.0000000000000000E+000                  0.0000000000000000E+000                  2.3879100597252258E+001                  6.2649692136241865E+008                 -5.5096755667590487E-006                  0.0000000000000000E+000                 -9.8999999999999986E+001                  6.8337263151083971E-001                  9.2193325887067090E-001                  1.0724482567026614E+000 
                                     153                  2.9999992604836021E+000                  2.9837889395086170E-001                  4.6850846002093425E+000                 -7.2988871583393848E+000                  5.5233074226388092E+000                  6.9999999999760387E-001                  2.8000000000239628E-001                  1.9999999999999796E-002                  0.0000000000000000E+000                  7.5287859708552754E+008                  3.0059482269634879E+006                  7.3710310618730157E-027                  0.0000000000000000E+000                  0.0000000000000000E+000                  2.3730671127662092E+001                  6.3488414374917054E+008                 -4.6023216449491268E-006                  0.0000000000000000E+000                 -9.8999999999999986E+001                  6.8787034097675470E-001                  9.2643096833658578E-001                  1.0769459661685765E+000 
                                     154                  2.9999992604273524E+000                  2.9834980481118079E-001                  4.6886767447795812E+000                 -7.2905281731536826E+000                  5.5357413720656741E+000                  6.9999999999760387E-001                  2.8000000000239628E-001                  1.9999999999999796E-002                  0.0000000000000000E+000                  7.3805768493248892E+008                  3.0283545715504321E+006                  7.5143088107425579E-027                  0.0000000000000000E+000                  0.0000000000000000E+000                  2.3592363891426714E+001                  6.4091034200819254E+008                 -3.9424622670425757E-006                  0.0000000000000000E+000                 -9.8999999999999986E+001                  6.9116042472237194E-001                  9.2972105208220301E-001                  1.0802360499141936E+000 
                                     155                  2.9999992603711023E+000                  2.9832126452418306E-001                  4.6921341535611365E+000                 -7.2823346295074876E+000                  5.5478323547351129E+000                  6.9999999999760387E-001                  2.8000000000239628E-001                  1.9999999999999796E-002                  0.0000000000000000E+000                  7.2362441702724183E+008                  3.0503239451378137E+006                  7.6574536409825446E-027                  0.0000000000000000E+000                  0.0000000000000000E+000                  2.3445836274202037E+001                  6.4673262230091202E+008                 -3.3012444532319126E-006                  0.0000000000000000E+000                 -9.8999999999999986E+001                  6.9437104137036476E-001                  9.3293166873019584E-001                  1.0834466665621865E+000 
                                     156                  2.9999992603148522E+000                  2.9829325216919311E-001                  4.6954645908879780E+000                 -7.2742992460716316E+000                  5.5595988106395904E+000                  6.9999999999760387E-001                  2.8000000000239628E-001                  1.9999999999999796E-002                  0.0000000000000000E+000                  7.0972536396994305E+008                  3.0718061507226597E+006                  7.8004837244418696E-027                  0.0000000000000000E+000                  0.0000000000000000E+000                  2.3291292731192513E+001                  6.5235126602285230E+008                 -2.6828212851730823E-006                  0.0000000000000000E+000                 -9.8999999999999986E+001                  6.9749243244244030E-001                  9.3605305980227138E-001                  1.0865680576342620E+000 
                                     157                  2.9999992602586021E+000                  2.9826574806448802E-001                  4.7002707921107536E+000                 -7.2625720837682888E+000                  5.5766757699706950E+000                  6.9999999999760387E-001                  2.8000000000239628E-001                  1.9999999999999796E-002                  0.0000000000000000E+000                  6.8998416868175197E+008                  3.1032995429805745E+006                  8.0140365341547173E-027                  0.0000000000000000E+000                  0.0000000000000000E+000                  2.3036911112259528E+001                  6.5779971582103992E+008                 -2.0842440083879668E-006                  0.0000000000000000E+000                 -9.8999999999999986E+001                  7.0052284062757497E-001                  9.3908346798740605E-001                  1.0895984658193967E+000 
                                     158                  2.9999992601461023E+000                  2.9821219036219093E-001                  4.7062480411605820E+000                 -7.2473655898322953E+000                  5.5984586865929966E+000                  6.9999999999760387E-001                  2.8000000000239628E-001                  1.9999999999999796E-002                  0.0000000000000000E+000                  6.6643618703914142E+008                  3.1429409425906977E+006                  8.2996783704449781E-027                  0.0000000000000000E+000                  0.0000000000000000E+000                  2.2689722558464091E+001                  6.6814645871582782E+008                 -9.6389214800893651E-007                  0.0000000000000000E+000                 -9.8999999999999986E+001                  7.0628964101305358E-001                  9.4485026837288477E-001                  1.0953652662048754E+000 
                                     159                  2.9999992600336025E+000                  2.9816045668126501E-001                  4.7109064142802355E+000                 -7.2350743726379090E+000                  5.6158201422771370E+000                  6.9999999999760387E-001                  2.8000000000239628E-001                  1.9999999999999796E-002                  0.0000000000000000E+000                  6.4902014636522186E+008                  3.1740357779015205E+006                  8.5379835519565463E-027                  0.0000000000000000E+000                  0.0000000000000000E+000                  2.2401016660119506E+001                  6.7775065970538890E+008                  3.9807223078795024E-008                  0.0000000000000000E+000                 -3.7000190587038047E+000                  7.1165929615196255E-001                  9.5021992351179363E-001                  1.1007349213437843E+000 
                                     160                  2.9999992599586021E+000                  2.9812692009827552E-001                  4.7144703417281510E+000                 -7.2255170701952682E+000                  5.6292303681683942E+000                  6.9999999999760387E-001                  2.8000000000239628E-001                  1.9999999999999796E-002                  0.0000000000000000E+000                  6.3631875866954637E+008                  3.1978871746775620E+006                  8.7280022081311093E-027                  0.0000000000000000E+000                  0.0000000000000000E+000                  2.2168767276846804E+001                  6.8381953945471895E+008                  6.4877169788277845E-007                  0.0000000000000000E+000                 -3.0939540520567683E+000                  7.1502672615348817E-001                  9.5358735351331925E-001                  1.1041023513453099E+000 
                                     161                  2.9999992598836025E+000                  2.9809410595769381E-001                  4.7184183552309111E+000                 -7.2147476642409440E+000                  5.6442411810776347E+000                  6.9999999999760387E-001                  2.8000000000239628E-001                  1.9999999999999796E-002                  0.0000000000000000E+000                  6.2294016648698056E+008                  3.2242836146016726E+006                  8.9471928234229610E-027                  0.0000000000000000E+000                  0.0000000000000000E+000                  2.1905255360417012E+001                  6.8967097731611156E+008                  1.2117993945416633E-006                  0.0000000000000000E+000                 -2.9582846344142486E+000                  7.1822958681242666E-001                  9.5679021417225774E-001                  1.1073052120042484E+000 
                                     162                  2.9999992597851648E+000                  2.9805208139547679E-001                  4.7226706841174639E+000                 -7.2028415932492820E+000                  5.6606807481202930E+000                  6.9999999999760387E-001                  2.8000000000239628E-001                  1.9999999999999796E-002                  0.0000000000000000E+000                  6.0940761257111502E+008                  3.2525660541242789E+006                  9.1959312748796287E-027                  0.0000000000000000E+000                  0.0000000000000000E+000                  2.1622831857194409E+001                  6.9700831686706471E+008                  1.8797546268420870E-006                  0.0000000000000000E+000                 -2.8629494187626672E+000                  7.2219486601177929E-001                  9.6075549337161037E-001                  1.1112704912036009E+000 
                                     163                  2.9999992596867271E+000                  2.9801118156446377E-001                  4.7275748134850977E+000                 -7.1888668896055679E+000                  5.6798480985781250E+000                  6.9999999999760387E-001                  2.8000000000239628E-001                  1.9999999999999796E-002                  0.0000000000000000E+000                  5.9494524534895611E+008                  3.2849573667777982E+006                  9.4967239569489684E-027                  0.0000000000000000E+000                  0.0000000000000000E+000                  2.1297069622760283E+001                  7.0399929108419371E+008                  2.4724504851047317E-006                  0.0000000000000000E+000                 -2.8034361985531793E+000                  7.2590531313635176E-001                  9.6446594049618284E-001                  1.1149809383281735E+000 
                                     164                  2.9999992595461027E+000                  2.9795458435559319E-001                  4.7320761616261446E+000                 -7.1755763379257589E+000                  5.6978617565210534E+000                  6.9999999999760387E-001                  2.8000000000239628E-001                  1.9999999999999796E-002                  0.0000000000000000E+000                  5.8268091068483734E+008                  3.3143274094330901E+006                  9.7919152221534587E-027                  0.0000000000000000E+000                  0.0000000000000000E+000                  2.1012198618586652E+001                  7.1341123181290662E+008                  3.2041091849553577E-006                  0.0000000000000000E+000                 -2.7471463465411405E+000                  7.3081180839668369E-001                  9.6937243575651477E-001                  1.1198874335885054E+000 
                                     165                  2.9999992594523524E+000                  2.9791797829367272E-001                  4.7363804501744911E+000                 -7.1627690672275088E+000                  5.7151636241422255E+000                  6.9999999999760387E-001                  2.8000000000239628E-001                  1.9999999999999796E-002                  0.0000000000000000E+000                  5.7184262811897922E+008                  3.3421365555639393E+006                  1.0085051548341770E-026                  0.0000000000000000E+000                  0.0000000000000000E+000                  2.0738242666566631E+001                  7.1936719745665801E+008                  3.6265901619325463E-006                  0.0000000000000000E+000                 -2.7202507604601367E+000                  7.3384570964429574E-001                  9.7240633700412682E-001                  1.1229213348361173E+000 
                                     166                  2.9999992593117275E+000                  2.9786464825468417E-001                  4.7408424191622665E+000                 -7.1491174145700178E+000                  5.7334406783761587E+000                  6.9999999999760387E-001                  2.8000000000239633E-001                  1.9999999999999796E-002                  0.0000000000000000E+000                  5.6146416643166292E+008                  3.3705239076927183E+006                  1.0407184304366131E-026                  0.0000000000000000E+000                  0.0000000000000000E+000                  2.0466249370568516E+001                  7.2789415958360910E+008                  4.1796112604168702E-006                  0.0000000000000000E+000                 -2.6894320547233441E+000                  7.3808009417727316E-001                  9.7664072153710424E-001                  1.1271557193690949E+000 
                                     167                  2.9999992591945399E+000                  2.9782156746855831E-001                  4.7454764259473139E+000                 -7.1347923435538343E+000                  5.7525467993624497E+000                  6.9999999999760387E-001                  2.8000000000239628E-001                  1.9999999999999796E-002                  0.0000000000000000E+000                  5.5159328511636078E+008                  3.3995653778121490E+006                  1.0756277981256325E-026                  0.0000000000000000E+000                  0.0000000000000000E+000                  2.0185545631938773E+001                  7.3464819993682361E+008                  4.5755506818260325E-006                  0.0000000000000000E+000                 -2.6697783148767944E+000                  7.4134535134048307E-001                  9.7990597870031415E-001                  1.1304209765323048E+000 
                                     168                  2.9999992590304778E+000                  2.9776319087232272E-001                  4.7494730918292225E+000                 -7.1220732196759577E+000                  5.7693605815470557E+000                  6.9999999999760387E-001                  2.8000000000239628E-001                  1.9999999999999796E-002                  0.0000000000000000E+000                  5.4373858406105006E+008                  3.4241693884160216E+006                  1.1076039056402583E-026                  0.0000000000000000E+000                  0.0000000000000000E+000                  1.9956599184060902E+001                  7.4360876677154875E+008                  5.0485221149675789E-006                  0.0000000000000000E+000                 -2.6484178684901543E+000                  7.4556893512720124E-001                  9.8412956248703232E-001                  1.1346445603190229E+000 
                                     169                  2.9999992589367275E+000                  2.9773078544360476E-001                  4.7515789615146806E+000                 -7.1153175346251061E+000                  5.7782672013644474E+000                  6.9999999999760387E-001                  2.8000000000239628E-001                  1.9999999999999796E-002                  0.0000000000000000E+000                  5.3983873890146649E+008                  3.4369936418791325E+006                  1.1249726287640292E-026                  0.0000000000000000E+000                  0.0000000000000000E+000                  1.9837316409916266E+001                  7.4847817690479624E+008                  5.2817842799623135E-006                  0.0000000000000000E+000                 -2.6386096701687833E+000                  7.4782058068278168E-001                  9.8638120804261276E-001                  1.1368962058746033E+000 
                                     170                  2.9999992588898525E+000                  2.9771483015616568E-001                  4.7536467240661393E+000                 -7.1086987481327109E+000                  5.7869960965579867E+000                  6.9999999999760387E-001                  2.8000000000239628E-001                  1.9999999999999796E-002                  0.0000000000000000E+000                  5.3616948810717452E+008                  3.4495059194304631E+006                  1.1422535383031879E-026                  0.0000000000000000E+000                  0.0000000000000000E+000                  1.9718939641294590E+001                  7.5087439795708656E+008                  5.3901143104696280E-006                  0.0000000000000000E+000                 -2.6342010122229786E+000                  7.4890371742402662E-001                  9.8746434478385769E-001                  1.1379793426158484E+000 
                                     171                  2.9999992587961031E+000                  2.9768339707719743E-001                  4.7576468407604979E+000                 -7.0958171038453877E+000                  5.8039493735014780E+000                  6.9999999999760387E-001                  2.8000000000239628E-001                  1.9999999999999796E-002                  0.0000000000000000E+000                  5.2948331166117662E+008                  3.4734447066622963E+006                  1.1766509209432061E-026                  0.0000000000000000E+000                  0.0000000000000000E+000                  1.9491983854816691E+001                  7.5559891663327861E+008                  5.5918899132590658E-006                  0.0000000000000000E+000                 -2.6262206935359380E+000                  7.5099009838639152E-001                  9.8955072574622260E-001                  1.1400657235782132E+000 
                                     172                  2.9999992586086028E+000                  2.9762234871815135E-001                  4.7620439436058657E+000                 -7.0812785649335854E+000                  5.8229368499765704E+000                  6.9999999999760387E-001                  2.8000000000239628E-001                  1.9999999999999796E-002                  0.0000000000000000E+000                  5.2267593213638854E+008                  3.4992699812740311E+006                  1.2167186666213168E-026                  0.0000000000000000E+000                  0.0000000000000000E+000                  1.9257338757859937E+001                  7.6460402234765792E+008                  5.9400429627870406E-006                  0.0000000000000000E+000                 -2.6131052069341623E+000                  7.5489240496079724E-001                  9.9345303232062832E-001                  1.1439680301526189E+000 
                                     173                  2.9999992584679780E+000                  2.9757805371511009E-001                  4.7656491885848160E+000                 -7.0692700207671155E+000                  5.8385824493408469E+000                  6.9999999999760387E-001                  2.8000000000239628E-001                  1.9999999999999796E-002                  0.0000000000000000E+000                  5.1751617700630748E+008                  3.5201235084916446E+006                  1.2508408724057522E-026                  0.0000000000000000E+000                  0.0000000000000000E+000                  1.9067713345308213E+001                  7.7101036696336079E+008                  6.1591550537565730E-006                  0.0000000000000000E+000                 -2.6052394313090490E+000                  7.5760466530178849E-001                  9.9616529266161968E-001                  1.1466802904936102E+000 
                                     174                  2.9999992583273531E+000                  2.9753495371371030E-001                  4.7696804795138901E+000                 -7.0557512088608867E+000                  5.8561574339557323E+000                  6.9999999999760387E-001                  2.8000000000239628E-001                  1.9999999999999796E-002                  0.0000000000000000E+000                  5.1216404915688640E+008                  3.5431140092380596E+006                  1.2904010300850831E-026                  0.0000000000000000E+000                  0.0000000000000000E+000                  1.8858846334253069E+001                  7.7720861519408989E+008                  6.3496339905252960E-006                  0.0000000000000000E+000                 -2.5986256539269581E+000                  7.6014999645712866E-001                  9.9871062381695985E-001                  1.1492256216489505E+000 
                                     175                  2.9999992581398529E+000                  2.9747922930813148E-001                  4.7729642389227189E+000                 -7.0445150169393216E+000                  5.8706829050070422E+000                  6.9999999999760387E-001                  2.8000000000239628E-001                  1.9999999999999796E-002                  0.0000000000000000E+000                  5.0807783460917896E+008                  3.5615575764127872E+006                  1.3242321204047110E-026                  0.0000000000000000E+000                  0.0000000000000000E+000                  1.8697819177880231E+001                  7.8509596595658910E+008                  6.5651018313630218E-006                  0.0000000000000000E+000                 -2.5913792665880080E+000                  7.6332355227633253E-001                  1.0018841796361637E+000                  1.1523991774681543E+000 
                                     176                  2.9999992580461030E+000                  2.9745207094548881E-001                  4.7761578492053225E+000                 -7.0336544998676169E+000                  5.8847416970482893E+000                  6.9999999999760387E-001                  2.8000000000239628E-001                  1.9999999999999796E-002                  0.0000000000000000E+000                  5.0436814064491600E+008                  3.5793231570551903E+006                  1.3577749491396466E-026                  0.0000000000000000E+000                  0.0000000000000000E+000                  1.8538205891579636E+001                  7.8891436494424665E+008                  6.6588182058186171E-006                  0.0000000000000000E+000                 -2.5883014208678552E+000                  7.6482253363991748E-001                  1.0033831609997486E+000                  1.1538981588317392E+000 
                                     177                  2.9999992578586037E+000                  2.9739908102323159E-001                  4.7802181339071623E+000                 -7.0196338945644836E+000                  5.9028142969452704E+000                  6.9999999999760387E-001                  2.8000000000239628E-001                  1.9999999999999796E-002                  0.0000000000000000E+000                  4.9994201027996433E+008                  3.6015980067191371E+006                  1.4023374455910121E-026                  0.0000000000000000E+000                  0.0000000000000000E+000                  1.8344169265225791E+001                  7.9634086394226432E+008                  6.8235717291949612E-006                  0.0000000000000000E+000                 -2.5829941193994670E+000                  7.6766420825119386E-001                  1.0062248356110248E+000                  1.1567398334430155E+000 
                                     178                  2.9999992576711034E+000                  2.9734775600059132E-001                  4.7840948133019374E+000                 -7.0061347174786794E+000                  5.9201728211481166E+000                  6.9999999999760387E-001                  2.8000000000239628E-001                  1.9999999999999796E-002                  0.0000000000000000E+000                  4.9601143762577313E+008                  3.6225767661945419E+006                  1.4466242842721428E-026                  0.0000000000000000E+000                  0.0000000000000000E+000                  1.8163954162310052E+001                  8.0343153052262247E+008                  6.9604213850287867E-006                  0.0000000000000000E+000                 -2.5786822336679180E+000                  7.7032361867762289E-001                  1.0088842460374539E+000                  1.1593992438694445E+000 
                                     179                  2.9999992574836032E+000                  2.9729798439882427E-001                  4.7868801583217175E+000                 -6.9963160041337611E+000                  5.9327567324109616E+000                  6.9999999999760387E-001                  2.8000000000239628E-001                  1.9999999999999796E-002                  0.0000000000000000E+000                  4.9334184379672551E+008                  3.6374738594008987E+006                  1.4797128493298720E-026                  0.0000000000000000E+000                  0.0000000000000000E+000                  1.8039824473401509E+001                  8.1022189219252503E+008                  7.0740717141988819E-006                  0.0000000000000000E+000                 -2.5751652708948587E+000                  7.7282174047886720E-001                  1.0113823678386982E+000                  1.1618973656706888E+000 
                                     180                  2.9999992573898533E+000                  2.9727364868603473E-001                  4.7886961212874946E+000                 -6.9899252872848496E+000                  5.9409497150870516E+000                  6.9999999999760387E-001                  2.8000000000239628E-001                  1.9999999999999796E-002                  0.0000000000000000E+000                  4.9167995836915904E+008                  3.6471247516110688E+006                  1.5016548390690049E-026                  0.0000000000000000E+000                  0.0000000000000000E+000                  1.7958773610455697E+001                  8.1352321914893484E+008                  7.1234720621765396E-006                  0.0000000000000000E+000                 -2.5736541373177304E+000                  7.7401510845215737E-001                  1.0125757358119885E+000                  1.1630907336439791E+000 
                                     181                  2.9999992572961038E+000                  2.9724966445305306E-001                  4.7913612795695002E+000                 -6.9805601676240130E+000                  5.9529590969204209E+000                  6.9999999999760387E-001                  2.8000000000239628E-001                  1.9999999999999796E-002                  0.0000000000000000E+000                  4.8934817234309208E+008                  3.6612037355347509E+006                  1.5343983928259060E-026                  0.0000000000000000E+000                  0.0000000000000000E+000                  1.7839859106837103E+001                  8.1679203199391282E+008                  7.1690153459006268E-006                  0.0000000000000000E+000                 -2.5722702449839359E+000                  7.7517255643670391E-001                  1.0137331837965349E+000                  1.1642481816285255E+000 
                                     182                  2.9999992571086036E+000                  2.9720270780148889E-001                  4.7947782488934383E+000                 -6.9684231071573421E+000                  5.9684784487712594E+000                  6.9999999999760387E-001                  2.8000000000239628E-001                  1.9999999999999796E-002                  0.0000000000000000E+000                  4.8650251635827368E+008                  3.6790823962198864E+006                  1.5778982489686720E-026                  0.0000000000000000E+000                  0.0000000000000000E+000                  1.7693842984670326E+001                  8.2315944992686737E+008                  7.2483989275993478E-006                  0.0000000000000000E+000                 -2.5698789562799025E+000                  7.7739341213359847E-001                  1.0159540394934294E+000                  1.1664690373254201E+000 
                                     183                  2.9999992569211034E+000                  2.9715703065022825E-001                  4.7988843438555753E+000                 -6.9538258705678366E+000                  5.9871365431771917E+000                  6.9999999999760387E-001                  2.8000000000239628E-001                  1.9999999999999796E-002                  0.0000000000000000E+000                  4.8331616379356819E+008                  3.7003617446603505E+006                  1.6318523836219865E-026                  0.0000000000000000E+000                  0.0000000000000000E+000                  1.7521250933462980E+001                  8.2931330958755398E+008                  7.3137943421106710E-006                  0.0000000000000000E+000                 -2.5679286279151912E+000                  7.7949921110932940E-001                  1.0180598384691606E+000                  1.1685748363011512E+000 
                                     184                  2.9999992566398537E+000                  2.9709075393716694E-001                  4.8027789362465070E+000                 -6.9397656122790190E+000                  6.0050366632504701E+000                  6.9999999999760387E-001                  2.8000000000239628E-001                  1.9999999999999796E-002                  0.0000000000000000E+000                  4.8046316279139185E+008                  3.7203155020376560E+006                  1.6855656456595515E-026                  0.0000000000000000E+000                  0.0000000000000000E+000                  1.7368823357153637E+001                  8.3815210663828385E+008                  7.3897997685309804E-006                  0.0000000000000000E+000                 -2.5656836644697183E+000                  7.8246941500467460E-001                  1.0210300423645056E+000                  1.1715450401964962E+000 
                                     185                  2.9999992564523534E+000                  2.9704796090587582E-001                  4.8057858609670898E+000                 -6.9289164512735928E+000                  6.0188491926361465E+000                  6.9999999999760387E-001                  2.8000000000239628E-001                  1.9999999999999796E-002                  0.0000000000000000E+000                  4.7839498540023494E+008                  3.7356063161605988E+006                  1.7282174569076187E-026                  0.0000000000000000E+000                  0.0000000000000000E+000                  1.7253081240645823E+001                  8.4380508061727536E+008                  7.4276805197165427E-006                  0.0000000000000000E+000                 -2.5645733922283842E+000                  7.8433651496215673E-001                  1.0228971423219879E+000                  1.1734121401539785E+000 
                                     186                  2.9999992562648532E+000                  2.9700621146111161E-001                  4.8094180497888068E+000                 -6.9158184145881592E+000                  6.0355254073124129E+000                  6.9999999999760387E-001                  2.8000000000239628E-001                  1.9999999999999796E-002                  0.0000000000000000E+000                  4.7604342100513572E+008                  3.7539530726889777E+006                  1.7811511524257186E-026                  0.0000000000000000E+000                  0.0000000000000000E+000                  1.7115771150989865E+001                  8.4933710114621913E+008                  7.4580850079361715E-006                  0.0000000000000000E+000                 -2.5636863354091042E+000                  7.8612036233610694E-001                  1.0246809896959379E+000                  1.1751959875279285E+000 
                                     187                  2.9999992559836040E+000                  2.9694542627836851E-001                  4.8128864400808071E+000                 -6.9031589968631071E+000                  6.0515937196186096E+000                  6.9999999999760387E-001                  2.8000000000239628E-001                  1.9999999999999796E-002                  0.0000000000000000E+000                  4.7390165854841471E+008                  3.7713306494507827E+006                  1.8338527571735629E-026                  0.0000000000000000E+000                  0.0000000000000000E+000                  1.6993342579448168E+001                  8.5733035232794976E+008                  7.4904349874528690E-006                 -1.1922912636304884E-019                 -2.5627464805250950E+000                  7.8866111321512544E-001                  1.0272217405749564E+000                  1.1777367384069470E+000 
                                     188                  2.9999992557961037E+000                  2.9690605338878850E-001                  4.8169141229186687E+000                 -6.8885859275600190E+000                  6.0701289939652963E+000                  6.9999999999760387E-001                  2.8000000000239628E-001                  1.9999999999999796E-002                  0.0000000000000000E+000                  4.7159957607952160E+008                  3.7914023644522955E+006                  1.8964549170337938E-026                  0.0000000000000000E+000                  0.0000000000000000E+000                  1.6850216039435058E+001                  8.6250287833766317E+008                  7.5048210777974534E-006                 -4.7362415978605623E-019                 -2.5623298286491645E+000                  7.9027146574907603E-001                  1.0288320931089072E+000                  1.1793470909408978E+000 
                                     189                  2.9999992554211037E+000                  2.9682987574468789E-001                  4.8213585190542769E+000                 -6.8722623180743572E+000                  6.0908129133915114E+000                  6.9999999999760398E-001                  2.8000000000239617E-001                  1.9999999999999796E-002                  0.0000000000000000E+000                  4.6917919253637415E+008                  3.8133725402867817E+006                  1.9691183665564192E-026                  0.0000000000000000E+000                  0.0000000000000000E+000                  1.6706168439816608E+001                  8.7247471787187970E+008                  7.5199690186391449E-006                 -7.0114343343101457E-019                 -2.5618919743226480E+000                  7.9331882092301287E-001                  1.0318794482828439E+000                  1.1823944461148346E+000 
                                     190                  2.9999992551398535E+000                  2.9677482514731351E-001                  4.8250123314196278E+000                 -6.8588608243413010E+000                  6.1077986654082705E+000                  6.9999999999760398E-001                  2.8000000000239617E-001                  1.9999999999999796E-002                  0.0000000000000000E+000                  4.6731844479582745E+008                  3.8313414490018981E+006                  2.0308510354867851E-026                  0.0000000000000000E+000                  0.0000000000000000E+000                  1.6590982838536583E+001                  8.7960882433287311E+008                  7.5203155424715581E-006                 -4.6307401151368929E-019                 -2.5618819683026368E+000                  7.9546954715304208E-001                  1.0340301745128730E+000                  1.1845451723448637E+000 
                                     191                  2.9999992548586039E+000                  2.9672142736567803E-001                  4.8291083929021230E+000                 -6.8438575294792434E+000                  6.1268197257375450E+000                  6.9999999999760398E-001                  2.8000000000239622E-001                  1.9999999999999796E-002                  0.0000000000000000E+000                  4.6536091543713552E+008                  3.8513978024477949E+006                  2.1022616643201258E-026                  0.0000000000000000E+000                  0.0000000000000000E+000                  1.6465486782842767E+001                  8.8655179220851648E+008                  7.5146693737939392E-006                 -1.1474108942953805E-019                 -2.5620450612508181E+000                  7.9751580120133836E-001                  1.0360764285611694E+000                  1.1865914263931601E+000 
                                     192                  2.9999992544836038E+000                  2.9665261888563416E-001                  4.8330111565882614E+000                 -6.8294458703164400E+000                  6.1450538609839294E+000                  6.9999999999760398E-001                  2.8000000000239622E-001                  1.9999999999999796E-002                  0.0000000000000000E+000                  4.6358053161980265E+008                  3.8704159553320524E+006                  2.1732200952630402E-026                  0.0000000000000000E+000                  0.0000000000000000E+000                  1.6354775583739737E+001                  8.9545356868361604E+008                  7.4983153773271411E-006                  0.0000000000000000E+000                 -2.5625181486048425E+000                  8.0010261156554530E-001                  1.0386632389253765E+000                  1.1891782367573671E+000 
                                     193                  2.9999992542023541E+000                  2.9660267645247418E-001                  4.8362379383551630E+000                 -6.8175577893922670E+000                  6.1601028307592252E+000                  6.9999999999760398E-001                  2.8000000000239622E-001                  1.9999999999999796E-002                  0.0000000000000000E+000                  4.6219035246116883E+008                  3.8860973337965915E+006                  2.2335527642768618E-026                  0.0000000000000000E+000                  0.0000000000000000E+000                  1.6266092010550363E+001                  9.0188518914512479E+008                  7.4803290683867664E-006                  0.0000000000000000E+000                 -2.5630396482976456E+000                  8.0194699489898347E-001                  1.0405076222588145E+000                  1.1910226200908052E+000 
                                     194                  2.9999992539211040E+000                  2.9655406602440304E-001                  4.8398743624077385E+000                 -6.8041907486293081E+000                  6.1770326696933502E+000                  6.9999999999760398E-001                  2.8000000000239622E-001                  1.9999999999999796E-002                  0.0000000000000000E+000                  4.6070498318986946E+008                  3.9037329395616818E+006                  2.3033943823615711E-026                  0.0000000000000000E+000                  0.0000000000000000E+000                  1.6169700619542322E+001                  9.0817050833036101E+008                  7.4590729197462284E-006                  0.0000000000000000E+000                 -2.5636575735866161E+000                  8.0371657827121479E-001                  1.0422772056310459E+000                  1.1927922034630365E+000 
                                     195                  2.9999992535461040E+000                  2.9649119241886229E-001                  4.8438564242751809E+000                 -6.7895059687079691E+000                  6.1956164399565186E+000                  6.9999999999760398E-001                  2.8000000000239622E-001                  1.9999999999999796E-002                  0.0000000000000000E+000                  4.5914868582976502E+008                  3.9230016891765394E+006                  2.3826415802508810E-026                  0.0000000000000000E+000                  0.0000000000000000E+000                  1.6071993300209019E+001                  9.1629190548171782E+008                  7.4257088490265445E-006                  0.0000000000000000E+000                 -2.5646310414076097E+000                  8.0597254702530696E-001                  1.0445331743851380E+000                  1.1950481722171287E+000 
                                     196                  2.9999992531711039E+000                  2.9643038324397902E-001                  4.8472022578276333E+000                 -6.7771388549851403E+000                  6.2112580724193531E+000                  6.9999999999760398E-001                  2.8000000000239617E-001                  1.9999999999999796E-002                  0.0000000000000000E+000                  4.5789542277045846E+008                  3.9391647272539083E+006                  2.4514929490038012E-026                  0.0000000000000000E+000                  0.0000000000000000E+000                  1.5996402808079486E+001                  9.2410505846082973E+008                  7.3868275415769209E-006                  0.0000000000000000E+000                 -2.5657710201128854E+000                  8.0812250671873653E-001                  1.0466831340785676E+000                  1.1971981319105582E+000 
                                     197                  2.9999992528898543E+000                  2.9638604066079993E-001                  4.8499852123310454E+000                 -6.7668854828148826E+000                  6.2242361426408550E+000                  6.9999999999760398E-001                  2.8000000000239617E-001                  1.9999999999999796E-002                  0.0000000000000000E+000                  4.5690067141363460E+008                  3.9525996658095359E+006                  2.5100829133528819E-026                  0.0000000000000000E+000                  0.0000000000000000E+000                  1.5936593283730593E+001                  9.2980268778885174E+008                  7.3548381784177495E-006                  0.0000000000000000E+000                 -2.5667134391020356E+000                  8.0967120079635224E-001                  1.0482318281561833E+000                  1.1987468259881739E+000 
                                     198                  2.9999992526086041E+000                  2.9634271959700104E-001                  4.8531392136460836E+000                 -6.7553022930280546E+000                  6.2389085195699767E+000                  6.9999999999760398E-001                  2.8000000000239622E-001                  1.9999999999999796E-002                  0.0000000000000000E+000                  4.5582294337851155E+008                  3.9678199659990310E+006                  2.5779582891106734E-026                  0.0000000000000000E+000                  0.0000000000000000E+000                  1.5872420537851362E+001                  9.3539520694035196E+008                  7.3210853206965984E-006                  0.0000000000000000E+000                 -2.5677122659018048E+000                  8.1116936270188233E-001                  1.0497299900617134E+000                  1.2002449878937040E+000 
                                     199                  2.9999992522336041E+000                  2.9628645903956735E-001                  4.8566165925988702E+000                 -6.7425160795672436E+000                  6.2550997979350633E+000                  6.9999999999760398E-001                  2.8000000000239622E-001                  1.9999999999999796E-002                  0.0000000000000000E+000                  4.5467760657802504E+008                  3.9845922694768435E+006                  2.6550168482609685E-026                  0.0000000000000000E+000                  0.0000000000000000E+000                  1.5807885078101553E+001                  9.4266174279212463E+008                  7.2735047377970847E-006                  0.0000000000000000E+000                 -2.5691281369695314E+000                  8.1309555625163676E-001                  1.0516561836114680E+000                  1.2021711814434586E+000 
                                     200                  2.9999992518586045E+000                  2.9623180979257047E-001                  4.8595565771310882E+000                 -6.7316992022420665E+000                  6.2687951012498351E+000                  6.9999999999760398E-001                  2.8000000000239617E-001                  1.9999999999999796E-002                  0.0000000000000000E+000                  4.5374242151949853E+008                  3.9987714332370935E+006                  2.7220030148236337E-026                  0.0000000000000000E+000                  0.0000000000000000E+000                  1.5757814669955952E+001                  9.4969769885368574E+008                  7.2234739826807623E-006                  1.3409176836527302E-019                 -2.5706269435521980E+000                  8.1494741403972581E-001                  1.0535080413995570E+000                  1.2040230392315476E+000 
                                     201                  2.9999992515773544E+000                  2.9619181803131983E-001                  4.8620127142544147E+000                 -6.7226963647568567E+000                  6.2802038577176473E+000                  6.9999999999760398E-001                  2.8000000000239622E-001                  1.9999999999999796E-002                  0.0000000000000000E+000                  4.5299131658465797E+008                  4.0106236109078350E+006                  2.7790424428356796E-026                  0.0000000000000000E+000                  0.0000000000000000E+000                  1.5717586920031296E+001                  9.5485242407972383E+008                  7.1851445063150119E-006                  4.0835726197882622E-019                 -2.5717822464952804E+000                  8.1629102714293189E-001                  1.0548516545027631E+000                  1.2053666523347537E+000 
                                     202                  2.9999992512961042E+000                  2.9615263604449665E-001                  4.8656028090091716E+000                 -6.7096408634054372E+000                  6.2967798692216110E+000                  6.9999999999760387E-001                  2.8000000000239622E-001                  1.9999999999999907E-002                  0.0000000000000000E+000                  4.5195228095555830E+008                  4.0279655697631999E+006                  2.8638889496678026E-026                  0.0000000000000000E+000                  0.0000000000000000E+000                  1.5659372818969535E+001                  9.5994656671779311E+008                  7.1470781870044100E-006                  2.9873194819512015E-019                 -2.5729357334073120E+000                  8.1759790952924816E-001                  1.0561585368890791E+000                  1.2066735347210700E+000 
                                     203                  2.9999992507336044E+000                  2.9607656246910252E-001                  4.8694174094792100E+000                 -6.6956601745286299E+000                  6.3144969243638300E+000                  6.9999999999760398E-001                  2.8000000000239617E-001                  1.9999999999999796E-002                  0.0000000000000000E+000                  4.5086579006994289E+008                  4.0463927122920328E+006                  2.9576231464494041E-026                  0.0000000000000000E+000                  0.0000000000000000E+000                  1.5605792721314893E+001                  9.6981634848006523E+008                  7.0704496271242629E-006                 -2.1218878282088337E-019                 -2.5752764837401649E+000                  8.2011276680523759E-001                  1.0586733941650688E+000                  1.2091883919970594E+000 
                                     204                  2.9999992503586044E+000                  2.9602743213821925E-001                  4.8716387514617230E+000                 -6.6875386837412982E+000                  6.3247948970402712E+000                  6.9999999999760398E-001                  2.8000000000239617E-001                  1.9999999999999796E-002                  0.0000000000000000E+000                  4.5025723338253516E+008                  4.0571321866847207E+006                  3.0134767252286957E-026                  0.0000000000000000E+000                  0.0000000000000000E+000                  1.5575821829492288E+001                  9.7614513292660892E+008                  7.0188253639766275E-006                 -3.5734960225791968E-019                 -2.5768677815866572E+000                  8.2172148137984724E-001                  1.0602821087396783E+000                  1.2107971065716687E+000 
                                     205                  2.9999992501711046E+000                  2.9600331598280843E-001                  4.8738241856382292E+000                 -6.6796210359527350E+000                  6.3348565388865801E+000                  6.9999999999760398E-001                  2.8000000000239617E-001                  1.9999999999999796E-002                  0.0000000000000000E+000                  4.4968879973068088E+008                  4.0677108520809188E+006                  3.0689438815560485E-026                  0.0000000000000000E+000                  0.0000000000000000E+000                  1.5545096550864946E+001                  9.7927799482561398E+008                  6.9936704627426085E-006                 -1.2145008301661496E-019                 -2.5776474176107693E+000                  8.2250626735299248E-001                  1.0610668947128234E+000                  1.2115818925448141E+000 
                                     206                  2.9999992497961046E+000                  2.9595594333565023E-001                  4.8770113219329359E+000                 -6.6680728749110543E+000                  6.3495312805355892E+000                  6.9999999999760398E-001                  2.8000000000239617E-001                  1.9999999999999796E-002                  0.0000000000000000E+000                  4.4888195800008625E+008                  4.0831500418130653E+006                  3.1516806677867421E-026                  0.0000000000000000E+000                  0.0000000000000000E+000                  1.5502134629188744E+001                  9.8547047994376481E+008                  6.9446794949927812E-006                  0.0000000000000000E+000                 -2.5791738963287680E+000                  8.2403925534083577E-001                  1.0625998827006669E+000                  1.2131148805326575E+000 
                                     207                  2.9999992493273551E+000                  2.9589826043544432E-001                  4.8807745971301566E+000                 -6.6544692961523495E+000                  6.3668277601438010E+000                  6.9999999999760398E-001                  2.8000000000239617E-001                  1.9999999999999796E-002                  0.0000000000000000E+000                  4.4796869755087090E+008                  4.1014049933773498E+006                  3.2520100646776353E-026                  0.0000000000000000E+000                  0.0000000000000000E+000                  1.5453110252452635E+001                  9.9300883323261309E+008                  6.8846538889726208E-006                  0.0000000000000000E+000                 -2.5810589440352358E+000                  8.2589187474189785E-001                  1.0644525021017288E+000                  1.2149674999337197E+000 
                                     208                  2.9999992487648548E+000                  2.9583114661691873E-001                  4.8850487263018527E+000                 -6.6390621983015086E+000                  6.3864306011102867E+000                  6.9999999999760398E-001                  2.8000000000239617E-001                  1.9999999999999796E-002                  0.0000000000000000E+000                  4.4698032661565244E+008                  4.1221752830853029E+006                  3.3695041598682663E-026                  0.0000000000000000E+000                  0.0000000000000000E+000                  1.5400124442724735E+001                  1.0017956867061915E+009                  6.8145676142424246E-006                  0.0000000000000000E+000                 -2.5832808475159648E+000                  8.2802853517873476E-001                  1.0665891625385657E+000                  1.2171041603705564E+000 
                                     209                  2.9999992481086051E+000                  2.9575553896997481E-001                  4.8897668136335719E+000                 -6.6221099951142550E+000                  6.4080163549870433E+000                  6.9999999999760398E-001                  2.8000000000239617E-001                  1.9999999999999796E-002                  0.0000000000000000E+000                  4.4594812050320739E+008                  4.1451514558824128E+006                  3.5036931666515038E-026                  0.0000000000000000E+000                  0.0000000000000000E+000                  1.5345571545328204E+001                  1.0117160938144163E+009                  6.7350309447086128E-006                  0.0000000000000000E+000                 -2.5858302022655741E+000                  8.3041222131389258E-001                  1.0689728486737238E+000                  1.2194878465057144E+000 
                                     210                  2.9999992473586050E+000                  2.9567239254206146E-001                  4.8933708498921904E+000                 -6.6091071249904543E+000                  6.4245567237149555E+000                  6.9999999999760398E-001                  2.8000000000239617E-001                  1.9999999999999796E-002                  0.0000000000000000E+000                  4.4517858348868340E+008                  4.1627302196968682E+006                  3.6102316897524130E-026                  0.0000000000000000E+000                  0.0000000000000000E+000                  1.5310153471160202E+001                  1.0225799522173660E+009                  6.6455034050637432E-006                  0.0000000000000000E+000                 -2.5887360575667535E+000                  8.3300724237492341E-001                  1.0715678697347544E+000                  1.2220828675667450E+000 
                                     211                  2.9999992469836054E+000                  2.9563202837446767E-001                  4.8968831897526268E+000                 -6.5966221834660406E+000                  6.4404960034395495E+000                  6.9999999999760398E-001                  2.8000000000239617E-001                  1.9999999999999796E-002                  0.0000000000000000E+000                  4.4449668197301835E+008                  4.1799061063126144E+006                  3.7155746857680948E-026                  0.0000000000000000E+000                  0.0000000000000000E+000                  1.5273650356616736E+001                  1.0278880822957926E+009                  6.6018366664484259E-006                  0.0000000000000000E+000                 -2.5901676122944042E+000                  8.3425626891225657E-001                  1.0728168962720877E+000                  1.2233318941040783E+000 
                                     212                  2.9999992462336054E+000                  2.9555355554602003E-001                  4.9002521221444892E+000                 -6.5845459720586863E+000                  6.4558818599753733E+000                  6.9999999999760398E-001                  2.8000000000239617E-001                  1.9999999999999796E-002                  0.0000000000000000E+000                  4.4384144143208706E+008                  4.1963999705554545E+006                  3.8203932814299799E-026                  0.0000000000000000E+000                  0.0000000000000000E+000                  1.5246002808369767E+001                  1.0382359911102754E+009                  6.5161917192384378E-006                  0.0000000000000000E+000                 -2.5930030731867943E+000                  8.3666707762418246E-001                  1.0752277049840133E+000                  1.2257427028160042E+000 
                                     213                  2.9999992458586049E+000                  2.9551537975220737E-001                  4.9035415990873004E+000                 -6.5729190306345409E+000                  6.4707463738101447E+000                  6.9999999999760398E-001                  2.8000000000239617E-001                  1.9999999999999796E-002                  0.0000000000000000E+000                  4.4325909627657199E+008                  4.2125463511625510E+006                  3.9241060769989314E-026                  0.0000000000000000E+000                  0.0000000000000000E+000                  1.5217730187757118E+001                  1.0432804259439425E+009                  6.4739133135932529E-006                  0.0000000000000000E+000                 -2.5944165600725424E+000                  8.3783127269670044E-001                  1.0763919000565316E+000                  1.2269068978885223E+000 
                                     214                  2.9999992451086057E+000                  2.9544101623269942E-001                  4.9067064739831636E+000                 -6.5616487525948655E+000                  6.4851286010464229E+000                  6.9999999999760398E-001                  2.8000000000239617E-001                  1.9999999999999796E-002                  0.0000000000000000E+000                  4.4269670487300688E+008                  4.2281028585225465E+006                  4.0273246385342452E-026                  0.0000000000000000E+000                  0.0000000000000000E+000                  1.5196978116290900E+001                  1.0531339523508141E+009                  6.3908725089350345E-006                  0.0000000000000000E+000                 -2.5972199230375099E+000                  8.4008469210068881E-001                  1.0786453194605199E+000                  1.2291603172925105E+000 
                                     215                  2.9999992447336052E+000                  2.9540477311278501E-001                  4.9098018205416691E+000                 -6.5507718622683404E+000                  6.4990543439608919E+000                  6.9999999999760398E-001                  2.8000000000239622E-001                  1.9999999999999796E-002                  0.0000000000000000E+000                  4.4219498362835753E+008                  4.2433586408676635E+006                  4.1295147769779554E-026                  0.0000000000000000E+000                  0.0000000000000000E+000                  1.5175501278912298E+001                  1.0579468392689114E+009                  6.3499783364908755E-006                  0.0000000000000000E+000                 -2.5986138781696435E+000                  8.4117592158622212E-001                  1.0797365489460531E+000                  1.2302515467780437E+000 
                                     216                  2.9999992439836052E+000                  2.9533405362246407E-001                  4.9137784020841027E+000                 -6.5367774299396171E+000                  6.5169649241793266E+000                  6.9999999999760398E-001                  2.8000000000239622E-001                  1.9999999999999796E-002                  0.0000000000000000E+000                  4.4156564749575305E+008                  4.2630020664006323E+006                  4.2648192354977519E-026                  0.0000000000000000E+000                  0.0000000000000000E+000                  1.5153633354310944E+001                  1.0674058247626276E+009                  6.2703595349941059E-006                  0.0000000000000000E+000                 -2.6013537782618865E+000                  8.4329287160265476E-001                  1.0818534989624859E+000                  1.2323684967944766E+000 
                                     217                  2.9999992432336060E+000                  2.9526554369083791E-001                  4.9166568623771205E+000                 -6.5266395783875701E+000                  6.5299372584886290E+000                  6.9999999999760398E-001                  2.8000000000239622E-001                  1.9999999999999796E-002                  0.0000000000000000E+000                  4.4112124266564280E+008                  4.2772550540938806E+006                  4.3655980537339806E-026                  0.0000000000000000E+000                  0.0000000000000000E+000                  1.5141577050239572E+001                  1.0765172755332758E+009                  6.1917025274744129E-006                  0.0000000000000000E+000                 -2.6040949584768365E+000                  8.4533006632871799E-001                  1.0838906936885488E+000                  1.2344056915205397E+000 
                                     218                  2.9999992428586055E+000                  2.9523206729693052E-001                  4.9194785342967497E+000                 -6.5168225760669625E+000                  6.5425371509421479E+000                  6.9999999999760398E-001                  2.8000000000239622E-001                  1.9999999999999796E-002                  0.0000000000000000E+000                  4.4072270268241757E+008                  4.2912660205909098E+006                  4.4654569681279186E-026                  0.0000000000000000E+000                  0.0000000000000000E+000                  1.5128771033624540E+001                  1.0810003973646908E+009                  6.1533737322531843E-006                  0.0000000000000000E+000                 -2.6054433533672379E+000                  8.4632015312729569E-001                  1.0848807804871268E+000                  1.2353957783191174E+000 
                                     219                  2.9999992421086064E+000                  2.9516658859025346E-001                  4.9231172946280246E+000                 -6.5041507014027804E+000                  6.5587974033265617E+000                  6.9999999999760398E-001                  2.8000000000239622E-001                  1.9999999999999796E-002                  0.0000000000000000E+000                  4.4021881402157128E+008                  4.3093797275904743E+006                  4.5977412746767939E-026                  0.0000000000000000E+000                  0.0000000000000000E+000                  1.5116846939245809E+001                  1.0898285861173944E+009                  6.0787821016758361E-006                  0.0000000000000000E+000                 -2.6080917119675799E+000                  8.4824760175015412E-001                  1.0868082291099850E+000                  1.2373232269419758E+000 
                                     220                  2.9999992413586063E+000                  2.9510296445795559E-001                  4.9266377208527983E+000                 -6.4919418516636620E+000                  6.5744797925595169E+000                  6.9999999999760398E-001                  2.8000000000239622E-001                  1.9999999999999796E-002                  0.0000000000000000E+000                  4.3975412111270195E+008                  4.3269631604758995E+006                  4.7288982641946126E-026                  0.0000000000000000E+000                  0.0000000000000000E+000                  1.5108223535635789E+001                  1.0983984442689981E+009                  6.0057202748323729E-006                  0.0000000000000000E+000                 -2.6107174497819581E+000                  8.5011004275964674E-001                  1.0886706701194777E+000                  1.2391856679514683E+000 
                                     221                  2.9999992406086062E+000                  2.9504107719297801E-001                  4.9300479093095557E+000                 -6.4801641264828325E+000                  6.5896240521308433E+000                  6.9999999999760398E-001                  2.8000000000239622E-001                  1.9999999999999796E-002                  0.0000000000000000E+000                  4.3932289315858978E+008                  4.3440569957177546E+006                  4.8589691676919684E-026                  0.0000000000000000E+000                  0.0000000000000000E+000                  1.5102658279896774E+001                  1.1067623421776798E+009                  5.9346407048562793E-006                  0.0000000000000000E+000                 -2.6133027844896302E+000                  8.5191224902174889E-001                  1.0904728763815799E+000                  1.2409878742135707E+000 
                                     222                  2.9999992398586062E+000                  2.9498082029349554E-001                  4.9341779145978313E+000                 -6.4660189370586991E+000                  6.6078505750498859E+000                  6.9999999999760398E-001                  2.8000000000239622E-001                  1.9999999999999796E-002                  0.0000000000000000E+000                  4.3883403141344190E+008                  4.3648514047792852E+006                  5.0199245710788776E-026                  0.0000000000000000E+000                  0.0000000000000000E+000                  1.5098069144749257E+001                  1.1149623830992467E+009                  5.8657919237392728E-006                  0.0000000000000000E+000                 -2.6158366733690563E+000                  8.5365858886101931E-001                  1.0922192162208504E+000                  1.2427342140528410E+000 
                                     223                  2.9999992387336065E+000                  2.9489328674529081E-001                  4.9381376499695113E+000                 -6.4524248151301862E+000                  6.6253567032324474E+000                  6.9999999999760398E-001                  2.8000000000239622E-001                  1.9999999999999796E-002                  0.0000000000000000E+000                  4.3836133884492719E+008                  4.3848811305084731E+006                  5.1796329720135857E-026                  0.0000000000000000E+000                  0.0000000000000000E+000                  1.5100950727758937E+001                  1.1268808694187000E+009                  5.7654600938617977E-006                  0.0000000000000000E+000                 -2.6195830147611994E+000                  8.5618341154937438E-001                  1.0947440389092054E+000                  1.2452590367411962E+000 
                                     224                  2.9999992379836065E+000                  2.9483670122224842E-001                  4.9419809511675972E+000                 -6.4393910830984158E+000                  6.6421930330156478E+000                  6.9999999999760398E-001                  2.8000000000239617E-001                  1.9999999999999796E-002                  0.0000000000000000E+000                  4.3793783987912303E+008                  4.4044309365722788E+006                  5.3375282748515647E-026                  0.0000000000000000E+000                  0.0000000000000000E+000                  1.5104697757025152E+001                  1.1346154001647043E+009                  5.7006138623413854E-006                  0.0000000000000000E+000                 -2.6220391877187592E+000                  8.5780807307646145E-001                  1.0963687004362925E+000                  1.2468836982682832E+000 
                                     225                  2.9999992368586068E+000                  2.9475429284745014E-001                  4.9464142423552433E+000                 -6.4243859149980374E+000                  6.6615855855846844E+000                  6.9999999999760398E-001                  2.8000000000239617E-001                  1.9999999999999796E-002                  0.0000000000000000E+000                  4.3745184081273502E+008                  4.4271108857469931E+006                  5.5252775073909170E-026                  0.0000000000000000E+000                  0.0000000000000000E+000                  1.5115667469181330E+001                  1.1459641975250587E+009                  5.6068756592933109E-006                  0.0000000000000000E+000                 -2.6256395374565091E+000                  8.6016536750984596E-001                  1.0987259948696770E+000                  1.2492409927016677E+000 
                                     226                  2.9999992357336067E+000                  2.9467463853823028E-001                  4.9503264821390855E+000                 -6.4112008276247767E+000                  6.6786443486505895E+000                  6.9999999999760398E-001                  2.8000000000239622E-001                  1.9999999999999796E-002                  0.0000000000000000E+000                  4.3702963104231620E+008                  4.4472474306382257E+006                  5.6956984221112009E-026                  0.0000000000000000E+000                  0.0000000000000000E+000                  1.5130462390340972E+001                  1.1569332442077107E+009                  5.5159341642631459E-006                  0.0000000000000000E+000                 -2.6291904630055138E+000                  8.6243502863473398E-001                  1.1009956559945651E+000                  1.2515106538265557E+000 
                                     227                  2.9999992347961073E+000                  2.9461021285036620E-001                  4.9537741729298297E+000                 -6.3996613869549428E+000                  6.6936002191767123E+000                  6.9999999999760398E-001                  2.8000000000239622E-001                  1.9999999999999796E-002                  0.0000000000000000E+000                  4.3666868788980973E+008                  4.4650950975507619E+006                  5.8491580049799267E-026                  0.0000000000000000E+000                  0.0000000000000000E+000                  1.5146350494682808E+001                  1.1658457472578492E+009                  5.4426334809020745E-006                  0.0000000000000000E+000                 -2.6320954555294378E+000                  8.6426478699837739E-001                  1.1028254143582084E+000                  1.2533404121901990E+000 
                                     228                  2.9999992338586070E+000                  2.9454744888007928E-001                  4.9579540029654492E+000                 -6.3857989810615265E+000                  6.7116088567082848E+000                  6.9999999999760398E-001                  2.8000000000239622E-001                  1.9999999999999796E-002                  0.0000000000000000E+000                  4.3624814053394896E+008                  4.4868697810006086E+006                  6.0389884872554336E-026                  0.0000000000000000E+000                  0.0000000000000000E+000                  1.5167915059384111E+001                  1.1746077583991728E+009                  5.3720982629118374E-006                  0.0000000000000000E+000                 -2.6349280260498653E+000                  8.6604272496842272E-001                  1.1046033523282537E+000                  1.2551183501602445E+000 
                                     229                  2.9999992324523572E+000                  2.9445621203509359E-001                  4.9627654952399585E+000                 -6.3698875569748967E+000                  6.7322945437550592E+000                  6.9999999999760398E-001                  2.8000000000239617E-001                  1.9999999999999796E-002                  0.0000000000000000E+000                  4.3575514155557770E+008                  4.5121217908784030E+006                  6.2644865690384709E-026                  0.0000000000000000E+000                  0.0000000000000000E+000                  1.5199153600878148E+001                  1.1874050733781664E+009                  5.2708352685079216E-006                  0.0000000000000000E+000                 -2.6390602783747785E+000                  8.6862076348913597E-001                  1.1071813908489672E+000                  1.2576963886809578E+000 
                                     230                  2.9999992310461079E+000                  2.9436820290990712E-001                  4.9673860841747519E+000                 -6.3547152003254785E+000                  6.7520552462944812E+000                  6.9999999999760398E-001                  2.8000000000239617E-001                  1.9999999999999796E-002                  0.0000000000000000E+000                  4.3528607601628625E+008                  4.5365653377721068E+006                  6.4873511514052202E-026                  0.0000000000000000E+000                  0.0000000000000000E+000                  1.5232868504498732E+001                  1.1997756178550618E+009                  5.1745552643013251E-006                  0.0000000000000000E+000                 -2.6430634852118255E+000                  8.7110049965984637E-001                  1.1096611270196775E+000                  1.2601761248516681E+000 
                                     231                  2.9999992296398581E+000                  2.9428316454146675E-001                  4.9707244319231787E+000                 -6.3437676552815478E+000                  6.7663182142903011E+000                  6.9999999999760398E-001                  2.8000000000239617E-001                  1.9999999999999796E-002                  0.0000000000000000E+000                  4.3494045178246009E+008                  4.5543358284475468E+006                  6.6530679380290596E-026                  0.0000000000000000E+000                  0.0000000000000000E+000                  1.5260671377629802E+001                  1.2117403283215008E+009                  5.0830966857383699E-006                  0.0000000000000000E+000                 -2.6469358147450182E+000                  8.7348978988647030E-001                  1.1120504172463013E+000                  1.2625654150782919E+000 
                                     232                  2.9999992289367330E+000                  2.9424168564829623E-001                  4.9736306223581428E+000                 -6.3343566649467160E+000                  6.7786193790138931E+000                  6.9999999999760398E-001                  2.8000000000239617E-001                  1.9999999999999796E-002                  0.0000000000000000E+000                  4.3465952651373810E+008                  4.5698872727214182E+006                  6.7989060897036082E-026                  0.0000000000000000E+000                  0.0000000000000000E+000                  1.5283484969371653E+001                  1.2176185803433733E+009                  5.0395500268079176E-006                  0.0000000000000000E+000                 -2.6488041196342285E+000                  8.7465224697555688E-001                  1.1132128743353880E+000                  1.2637278721673786E+000 
                                     233                  2.9999992277648588E+000                  2.9417401058871018E-001                  4.9771573679223620E+000                 -6.3229531608659659E+000                  6.7935306247607272E+000                  6.9999999999760398E-001                  2.8000000000239617E-001                  1.9999999999999796E-002                  0.0000000000000000E+000                  4.3431571956313431E+008                  4.5888494056948107E+006                  6.9799131529974768E-026                  0.0000000000000000E+000                  0.0000000000000000E+000                  1.5313339436118225E+001                  1.2272858497304194E+009                  4.9703773030969796E-006                  0.0000000000000000E+000                 -2.6518053212838866E+000                  8.7654469272018776E-001                  1.1151053200800187E+000                  1.2656203179120094E+000 
                                     234                  2.9999992265929838E+000                  2.9410805895121395E-001                  4.9809226425387321E+000                 -6.3108593635906001E+000                  6.8093719456692723E+000                  6.9999999999760398E-001                  2.8000000000239617E-001                  1.9999999999999796E-002                  0.0000000000000000E+000                  4.3395894786705941E+008                  4.6092055565953599E+006                  7.1771471099282649E-026                  0.0000000000000000E+000                  0.0000000000000000E+000                  1.5345520256074725E+001                  1.2367287954172633E+009                  4.9044544921841262E-006                  0.0000000000000000E+000                 -2.6547046454375547E+000                  8.7838368722565419E-001                  1.1169443145854854E+000                  1.2674593124174758E+000 
                                     235                  2.9999992251867340E+000                  2.9403105243653649E-001                  4.9845641646479688E+000                 -6.2991899966940874E+000                  6.8246663715086910E+000                  6.9999999999760398E-001                  2.8000000000239617E-001                  1.9999999999999796E-002                  0.0000000000000000E+000                  4.3361396707326770E+008                  4.6289952732437421E+006                  7.3727425801517255E-026                  0.0000000000000000E+000                  0.0000000000000000E+000                  1.5378184464874863E+001                  1.2477851244495008E+009                  4.8295670435610665E-006                  0.0000000000000000E+000                 -2.6580459003613321E+000                  8.8052404430013098E-001                  1.1190846716599621E+000                  1.2695996694919527E+000 
                                     236                  2.9999992240148594E+000                  2.9396855155864215E-001                  4.9881038555445940E+000                 -6.2879339679892423E+000                  6.8394488148833545E+000                  6.9999999999760398E-001                  2.8000000000239617E-001                  1.9999999999999796E-002                  0.0000000000000000E+000                  4.3329423088377935E+008                  4.6483275888526430E+006                  7.5664606323846720E-026                  0.0000000000000000E+000                  0.0000000000000000E+000                  1.5408997216480001E+001                  1.2567933012711160E+009                  4.7706425535331541E-006                  8.5032101586707958E-020                 -2.6607115611445198E+000                  8.8225496978826434E-001                  1.1208155971480955E+000                  1.2713305949800859E+000 
                                     237                  2.9999992226086101E+000                  2.9389543516547106E-001                  4.9924645857279142E+000                 -6.2741547080842688E+000                  6.8575751127352857E+000                  6.9999999999760398E-001                  2.8000000000239617E-001                  1.9999999999999796E-002                  0.0000000000000000E+000                  4.3291850994594747E+008                  4.6722634739027070E+006                  7.8105491642009044E-026                  0.0000000000000000E+000                  0.0000000000000000E+000                  1.5446036944902744E+001                  1.2674099126673796E+009                  4.7044268986176558E-006                  2.4914896428557591E-019                 -2.6637466377578627E+000                  8.8427179187305660E-001                  1.1228324192328876E+000                  1.2733474170648782E+000 
                                     238                  2.9999992207336104E+000                  2.9380093650427336E-001                  4.9972494304649029E+000                 -6.2590790267479450E+000                  6.8774217225890935E+000                  6.9999999999760387E-001                  2.8000000000239617E-001                  2.0000000000000018E-002                  0.0000000000000000E+000                  4.3251988803074807E+008                  4.6986616751078982E+006                  8.0866352718637058E-026                  0.0000000000000000E+000                  0.0000000000000000E+000                  1.5486809120646340E+001                  1.2811687375393915E+009                  4.6222612923167653E-006                  1.5168639691911863E-019                 -2.6675727539412333E+000                  8.8686466288017640E-001                  1.1254252902400075E+000                  1.2759402880719981E+000 
                                     239                  2.9999992188586107E+000                  2.9370960329405327E-001                  5.0018455944800264E+000                 -6.2446765330515692E+000                  6.8964092841498710E+000                  6.9999999999760398E-001                  2.8000000000239617E-001                  1.9999999999999796E-002                  0.0000000000000000E+000                  4.3216328464991969E+008                  4.7241407392515466E+006                  8.3595067310296768E-026                  0.0000000000000000E+000                  0.0000000000000000E+000                  1.5524035446090043E+001                  1.2944898970006144E+009                  4.5464080298937049E-006                 -1.8770881781279268E-019                 -2.6711657949545375E+000                  8.8935406763990121E-001                  1.1279146949997323E+000                  1.2784296928317229E+000 
                                     240                  2.9999992169850662E+000                  2.9362126306835956E-001                  5.0062663808303505E+000                 -6.2308907334738119E+000                  6.9146071090895793E+000                  6.9999999999760398E-001                  2.8000000000239617E-001                  1.9999999999999796E-002                  0.0000000000000000E+000                  4.3184703248884088E+008                  4.7487506699020052E+006                  8.6293179805539856E-026                  0.0000000000000000E+000                  0.0000000000000000E+000                  1.5557894660546962E+001                  1.3074239009181538E+009                  4.4767182980982431E-006                 -1.8255002041537254E-019                 -2.6745201165820798E+000                  8.9174454199293474E-001                  1.1303051693527657E+000                  1.2808201671847566E+000 
                                     241                  2.9999992151119059E+000                  2.9353564911751956E-001                  5.0105253545281965E+000                 -6.2176670234661140E+000                  6.9320829839612159E+000                  6.9999999999760398E-001                  2.8000000000239617E-001                  1.9999999999999796E-002                  0.0000000000000000E+000                  4.3156807382777172E+008                  4.7725505773222651E+006                  8.8963107486815390E-026                  0.0000000000000000E+000                  0.0000000000000000E+000                  1.5589213646938722E+001                  1.3200009221381686E+009                  4.4122630196436323E-006                  7.6229912470527511E-020                 -2.6776693033544583E+000                  8.9404389767328118E-001                  1.1326045250331123E+000                  1.2831195228651029E+000 
                                     242                  2.9999992132391271E+000                  2.9345257118137330E-001                  5.0156549085617561E+000                 -6.2018790031785223E+000                  6.9529966295074326E+000                  6.9999999999760387E-001                  2.8000000000239611E-001                  2.0000000000000018E-002                  0.0000000000000000E+000                  4.3128206219555575E+008                  4.8013314923449280E+006                  9.2259227574864617E-026                  0.0000000000000000E+000                  0.0000000000000000E+000                  1.5623731306515980E+001                  1.3322901611832032E+009                  4.3526467251741420E-006                  1.5765001622521265E-020                 -2.6806232900755096E+000                  8.9625743991220541E-001                  1.1348180672720365E+000                  1.2853330651040271E+000 
                                     243                  2.9999992104299578E+000                  2.9333231873316090E-001                  5.0210234618725087E+000                 -6.1853198344985190E+000                  6.9749186933823397E+000                  6.9999999999760398E-001                  2.8000000000239611E-001                  1.9999999999999907E-002                  0.0000000000000000E+000                  4.3100304820114231E+008                  4.8315646364709232E+006                  9.5847688282094624E-026                  0.0000000000000000E+000                  0.0000000000000000E+000                  1.5663207612728861E+001                  1.3500986161862881E+009                  4.2693013134852939E-006                 -1.4139994488645118E-019                 -2.6848215965068949E+000                  8.9943158471400908E-001                  1.1379922120738402E+000                  1.2885072099058308E+000 
                                     244                  2.9999992080889832E+000                  2.9323578509020798E-001                  5.0266358227196068E+000                 -6.1681956440697876E+000                  6.9976551807000300E+000                  6.9999999999760387E-001                  2.8000000000239611E-001                  2.0000000000000018E-002                  0.0000000000000000E+000                  4.3078489639924961E+008                  4.8633008477779021E+006                  9.9705514531926745E-026                  0.0000000000000000E+000                  0.0000000000000000E+000                  1.5701703865871911E+001                  1.3644342556830122E+009                  4.2043884918765984E-006                 -2.0485178181541127E-019                 -2.6881485806602603E+000                  9.0195212399793456E-001                  1.1405127513577655E+000                  1.2910277491897562E+000 
                                     245                  2.9999992048116186E+000                  2.9310576143508893E-001                  5.0324019976528360E+000                 -6.1505753082709216E+000                  7.0210404209009640E+000                  6.9999999999760398E-001                  2.8000000000239611E-001                  1.9999999999999907E-002                  0.0000000000000000E+000                  4.3058955501568282E+008                  4.8960330028844299E+006                  1.0383733234687256E-025                  0.0000000000000000E+000                  0.0000000000000000E+000                  1.5746469023361870E+001                  1.3838061499511344E+009                  4.1192904876885704E-006                 -3.8830937403587055E-019                 -2.6925887905049337E+000                  9.0530957506641685E-001                  1.1438702024262479E+000                  1.2943852002582386E+000 
                                     246                  2.9999992020024493E+000                  2.9299865613975234E-001                  5.0374911290941187E+000                 -6.1351237809185744E+000                  7.0415830578380474E+000                  6.9999999999760398E-001                  2.8000000000239611E-001                  1.9999999999999907E-002                  0.0000000000000000E+000                  4.3046639422682953E+008                  4.9250405099438149E+006                  1.0760131201454570E-025                  0.0000000000000000E+000                  0.0000000000000000E+000                  1.5786939856343453E+001                  1.3997567207057362E+009                  4.0500567552626314E-006                 -3.8644410976237860E-019                 -2.6962694453896194E+000                  9.0804343615402650E-001                  1.1466040635138575E+000                  1.2971190613458481E+000 
                                     247                  2.9999991991932808E+000                  2.9289521930326540E-001                  5.0415601505433036E+000                 -6.1227725658298313E+000                  7.0580048700170837E+000                  6.9999999999760398E-001                  2.8000000000239611E-001                  1.9999999999999907E-002                  0.0000000000000000E+000                  4.3038687521794504E+008                  4.9483107837416595E+006                  1.1070798532019035E-025                  0.0000000000000000E+000                  0.0000000000000000E+000                  1.5822360286375964E+001                  1.4151846751941447E+009                  3.9840471700558128E-006                 -1.2866975420133218E-019                 -2.6998377641435369E+000                  9.1065716812327757E-001                  1.1492177954831087E+000                  1.2997327933150993E+000 
                                     248                  2.9999991973205011E+000                  2.9282815544862256E-001                  5.0447251533878532E+000                 -6.1132285760063159E+000                  7.0707171268008855E+000                  6.9999999999760398E-001                  2.8000000000239617E-001                  1.9999999999999796E-002                  0.0000000000000000E+000                  4.3034925378124994E+008                  4.9664644329546532E+006                  1.1316988930211609E-025                  0.0000000000000000E+000                  0.0000000000000000E+000                  1.5849949186340730E+001                  1.4252117835688999E+009                  3.9416608892066614E-006                  0.0000000000000000E+000                 -2.7021603709366198E+000                  9.1233784752829905E-001                  1.1508984748881301E+000                  1.3014134727201208E+000 
                                     249                  2.9999991954477214E+000                  2.9276251922706792E-001                  5.0485747702488366E+000                 -6.1016910391442760E+000                  7.0861105477601800E+000                  6.9999999999760398E-001                  2.8000000000239617E-001                  1.9999999999999796E-002                  0.0000000000000000E+000                  4.3032997766096288E+008                  4.9886112369582132E+006                  1.1621927433594525E-025                  0.0000000000000000E+000                  0.0000000000000000E+000                  1.5883828602334104E+001                  1.4351031089891393E+009                  3.9009404403452374E-006                  0.0000000000000000E+000                 -2.7044153402282198E+000                  9.1397190095233427E-001                  1.1525325283121652E+000                  1.3030475261441559E+000 
                                     250                  2.9999991926385525E+000                  2.9266659249829780E-001                  5.0522864591398573E+000                 -6.0905281003719738E+000                  7.1009898977779464E+000                  6.9999999999760398E-001                  2.8000000000239617E-001                  1.9999999999999796E-002                  0.0000000000000000E+000                  4.3031332230154538E+008                  5.0100299097962789E+006                  1.1924787162732811E-025                  0.0000000000000000E+000                  0.0000000000000000E+000                  1.5920685591646022E+001                  1.4495476928191173E+009                  3.8415249518757160E-006                  0.0000000000000000E+000                 -2.7077481707958326E+000                  9.1634354536261342E-001                  1.1549041727224445E+000                  1.3054191705544351E+000 
                                     251                  2.9999991907657728E+000                  2.9260423009045400E-001                  5.0551812258730449E+000                 -6.0818747277705709E+000                  7.1125434460029577E+000                  6.9999999999760398E-001                  2.8000000000239617E-001                  1.9999999999999796E-002                  0.0000000000000000E+000                  4.3031779486263633E+008                  5.0267868911448708E+006                  1.2164982453100831E-025                  0.0000000000000000E+000                  0.0000000000000000E+000                  1.5949653940099415E+001                  1.4589306344054103E+009                  3.8029243709195323E-006                  0.0000000000000000E+000                 -2.7099411556769217E+000                  9.1787489753475682E-001                  1.1564355248945879E+000                  1.3069505227265785E+000 
                                     252                  2.9999991888929936E+000                  2.9254307187795087E-001                  5.0580074583433730E+000                 -6.0734465089505623E+000                  7.1238038425077157E+000                  6.9999999999760398E-001                  2.8000000000239617E-001                  1.9999999999999796E-002                  0.0000000000000000E+000                  4.3033105572261071E+008                  5.0431918142052516E+006                  1.2403580232922776E-025                  0.0000000000000000E+000                  0.0000000000000000E+000                  1.5978807270379841E+001                  1.4681745320226550E+009                  3.7655580406502463E-006                  0.0000000000000000E+000                 -2.7120853269937588E+000                  9.1936861074075038E-001                  1.1579292381005815E+000                  1.3084442359325721E+000 
                                     253                  2.9999991870202138E+000                  2.9248306399379537E-001                  5.0621422232756412E+000                 -6.0612232407205431E+000                  7.1401741218424517E+000                  6.9999999999760398E-001                  2.8000000000239617E-001                  1.9999999999999796E-002                  0.0000000000000000E+000                  4.3038048217011094E+008                  5.0672799917806620E+006                  1.2757956617742563E-025                  0.0000000000000000E+000                  0.0000000000000000E+000                  1.6020438947042070E+001                  1.4773063031088758E+009                  3.7295952031264522E-006                  0.0000000000000000E+000                 -2.7141691511986767E+000                  9.2082644998912122E-001                  1.1593870773489523E+000                  1.3099020751809429E+000 
                                     254                  2.9999991832746544E+000                  2.9236630773270000E-001                  5.0661072612466045E+000                 -6.0494045819222837E+000                  7.1559663583796551E+000                  6.9999999999760398E-001                  2.8000000000239617E-001                  1.9999999999999796E-002                  0.0000000000000000E+000                  4.3041276633591628E+008                  5.0904681091558617E+006                  1.3110231458926620E-025                  0.0000000000000000E+000                  0.0000000000000000E+000                  1.6066118105527487E+001                  1.4950240529840646E+009                  3.6601267536113048E-006                  1.4606707744249434E-019                 -2.7182519371606153E+000                  9.2364460502371903E-001                  1.1622052323835501E+000                  1.3127202302155407E+000 
                                     255                  2.9999991814018752E+000                  2.9230946277660075E-001                  5.0699754549020417E+000                 -6.0380407018582236E+000                  7.1712122760267629E+000                  6.9999999999760398E-001                  2.8000000000239611E-001                  1.9999999999999907E-002                  0.0000000000000000E+000                  4.3048374281114185E+008                  5.1131963824623534E+006                  1.3458124659416006E-025                  0.0000000000000000E+000                  0.0000000000000000E+000                  1.6107298862064575E+001                  1.5036670172094116E+009                  3.6268913693476557E-006                  7.8220593474867056E-019                 -2.7202327259869250E+000                  9.2500725984065402E-001                  1.1635678872004851E+000                  1.3140828850324757E+000 
                                     256                  2.9999991776563157E+000                  2.9219864497323195E-001                  5.0749277284440879E+000                 -6.0234607250396293E+000                  7.1907612411211108E+000                  6.9999999999760409E-001                  2.8000000000239611E-001                  1.9999999999999796E-002                  0.0000000000000000E+000                  4.3056975412172836E+008                  5.1424391492993794E+006                  1.3918035673702221E-025                  0.0000000000000000E+000                  0.0000000000000000E+000                  1.6163661716272340E+001                  1.5206343586069105E+009                  3.5642852387749957E-006                  1.3520427253129573E-018                 -2.7240137739970001E+000                  9.2764706382406525E-001                  1.1662076911838963E+000                  1.3167226890158870E+000 
                                     257                  2.9999991739107568E+000                  2.9209140501212127E-001                  5.0785004249952284E+000                 -6.0129261717648035E+000                  7.2048800367924670E+000                  6.9999999999760421E-001                  2.8000000000239600E-001                  1.9999999999999796E-002                  0.0000000000000000E+000                  4.3062751023111349E+008                  5.1636432423893930E+006                  1.4260092282904122E-025                  0.0000000000000000E+000                  0.0000000000000000E+000                  1.6206530185484262E+001                  1.5369438547324619E+009                  3.5043863326688573E-006                  5.3768647371471262E-019                 -2.7276940110554095E+000                  9.3018307764925745E-001                  1.1687437050090885E+000                  1.3192587028410792E+000 
                                     258                  2.9999991720379771E+000                  2.9203904116910789E-001                  5.0808330479611810E+000                 -6.0060998755295829E+000                  7.2140482228603071E+000                  6.9999999999760409E-001                  2.8000000000239600E-001                  1.9999999999999907E-002                  0.0000000000000000E+000                  4.3067527557587975E+008                  5.1775426074550012E+006                  1.4486219790054889E-025                  0.0000000000000000E+000                  0.0000000000000000E+000                  1.6233829830136159E+001                  1.5449244631679995E+009                  3.4757935657816340E-006                 -1.0971426568668834E-018                 -2.7294730125305864E+000                  9.3141443253951517E-001                  1.1699750598993461E+000                  1.3204900577313368E+000 
                                     259                  2.9999991701651978E+000                  2.9198747544622938E-001                  5.0836916875138796E+000                 -5.9977712790935849E+000                  7.2252480601309346E+000                  6.9999999999760409E-001                  2.8000000000239600E-001                  1.9999999999999907E-002                  0.0000000000000000E+000                  4.3073998513575393E+008                  5.1946364333076952E+006                  1.4766976695923046E-025                  0.0000000000000000E+000                  0.0000000000000000E+000                  1.6267535093944637E+001                  1.5528457108756752E+009                  3.4483336858019917E-006                 -1.8489599421438097E-018                 -2.7311953576634225E+000                  9.3262248876680909E-001                  1.1711831161266399E+000                  1.3216981139586306E+000 
                                     260                  2.9999991673560285E+000                  2.9191156265013740E-001                  5.0870297161811999E+000                 -5.9880456739103725E+000                  7.2383264156065028E+000                  6.9999999999760398E-001                  2.8000000000239600E-001                  2.0000000000000018E-002                  0.0000000000000000E+000                  4.3081222470163852E+008                  5.2146789842066029E+006                  1.5101724466265534E-025                  0.0000000000000000E+000                  0.0000000000000000E+000                  1.6309483701371438E+001                  1.5645234549258578E+009                  3.4081928708988032E-006                 -1.5529608601036606E-018                 -2.7337379181620372E+000                  9.3439373629705824E-001                  1.1729543636568893E+000                  1.3234693614888799E+000 
                                     261                  2.9999991645468591E+000                  2.9183729243916029E-001                  5.0918939102740950E+000                 -5.9740159391726086E+000                  7.2572465534721449E+000                  6.9999999999760398E-001                  2.8000000000239600E-001                  2.0000000000000018E-002                  0.0000000000000000E+000                  4.3094057523764396E+008                  5.2440581365401587E+006                  1.5598036961295375E-025                  0.0000000000000000E+000                  0.0000000000000000E+000                  1.6372133895094560E+001                  1.5760120311483214E+009                  3.3692097255987387E-006                 -8.3073246508761053E-019                 -2.7362359771696738E+000                  9.3611824255045439E-001                  1.1746788699102855E+000                  1.3251938677422761E+000 
                                     262                  2.9999991589285204E+000                  2.9169336546299218E-001                  5.0970428244975663E+000                 -5.9590645225464236E+000                  7.2773713054644809E+000                  6.9999999999760409E-001                  2.8000000000239611E-001                  1.9999999999999796E-002                  0.0000000000000000E+000                  4.3104166788814479E+008                  5.2753692165446617E+006                  1.6144930147162797E-025                  0.0000000000000000E+000                  0.0000000000000000E+000                  1.6451998623659701E+001                  1.5982488096069765E+009                  3.2925875616985766E-006                 -2.0497067080844114E-019                 -2.7412313333832610E+000                  9.3944032234625274E-001                  1.1780009497060839E+000                  1.3285159475380743E+000 
                                     263                  2.9999991551829610E+000                  2.9160058541421680E-001                  5.1010256893486998E+000                 -5.9476025258571017E+000                  7.2928385009253027E+000                  6.9999999999760409E-001                  2.8000000000239611E-001                  1.9999999999999796E-002                  0.0000000000000000E+000                  4.3113119242784196E+008                  5.2997577389167501E+006                  1.6577143294331752E-025                  0.0000000000000000E+000                  0.0000000000000000E+000                  1.6519064442790878E+001                  1.6125451199810610E+009                  3.2416704631746098E-006                  0.0000000000000000E+000                 -2.7446155680471045E+000                  9.4156813486528546E-001                  1.1801287622251166E+000                  1.3306437600571073E+000 
                                     264                  2.9999991514374020E+000                  2.9151016481075787E-001                  5.1048865874277221E+000                 -5.9365391956331726E+000                  7.3077859624341253E+000                  6.9999999999760387E-001                  2.8000000000239617E-001                  2.0000000000000018E-002                  0.0000000000000000E+000                  4.3121801440254956E+008                  5.3235404757316578E+006                  1.7005299653849190E-025                  0.0000000000000000E+000                  0.0000000000000000E+000                  1.6590284649161408E+001                  1.6265736586319997E+009                  3.1913101518342325E-006                  0.0000000000000000E+000                 -2.7480154931265948E+000                  9.4363233869964058E-001                  1.1821929660594717E+000                  1.3327079638914623E+000 
                                     265                  2.9999991476918426E+000                  2.9142196411658167E-001                  5.1095656363499709E+000                 -5.9232472225237460E+000                  7.3257889822295441E+000                  6.9999999999760398E-001                  2.8000000000239622E-001                  1.9999999999999796E-002                  0.0000000000000000E+000                  4.3133525410543513E+008                  5.3525524641000535E+006                  1.7534362808712165E-025                  0.0000000000000000E+000                  0.0000000000000000E+000                  1.6681625383198753E+001                  1.6403466004524326E+009                  3.1417221711267864E-006                  0.0000000000000000E+000                 -2.7514161115706002E+000                  9.4563741135882851E-001                  1.1841980387186597E+000                  1.3347130365506503E+000 
                                     266                  2.9999991420735039E+000                  2.9129355489995867E-001                  5.1149510349247596E+000                 -5.9079841551320440E+000                  7.3464754126040024E+000                  6.9999999999760398E-001                  2.8000000000239622E-001                  1.9999999999999796E-002                  0.0000000000000000E+000                  4.3146070434545606E+008                  5.3861915231979396E+006                  1.8162226019229380E-025                  0.0000000000000000E+000                  0.0000000000000000E+000                  1.6795238833584396E+001                  1.6604750018384662E+009                  3.0695847691761883E-006                  0.0000000000000000E+000                 -2.7564601843545615E+000                  9.4854306443125036E-001                  1.1871036917910813E+000                  1.3376186896230720E+000 
                                     267                  2.9999991364551652E+000                  2.9116947201904736E-001                  5.1192642444896297E+000                 -5.8957938287108602E+000                  7.3630104331724544E+000                  6.9999999999760398E-001                  2.8000000000239617E-001                  1.9999999999999796E-002                  0.0000000000000000E+000                  4.3155562180660695E+008                  5.4133245141181070E+006                  1.8679807605032912E-025                  0.0000000000000000E+000                  0.0000000000000000E+000                  1.6890584357017453E+001                  1.6798903428942852E+009                  3.0004600836570105E-006                  0.0000000000000000E+000                 -2.7614060732279468E+000                  9.5133612394658917E-001                  1.1898967513064203E+000                  1.3404117491384109E+000 
                                     268                  2.9999991327096058E+000                  2.9108898290475338E-001                  5.1226223955059043E+000                 -5.8863805139709982E+000                  7.3758089728049221E+000                  6.9999999999760398E-001                  2.8000000000239617E-001                  1.9999999999999796E-002                  0.0000000000000000E+000                  4.3163866274946451E+008                  5.4345716062637968E+006                  1.9089558032445866E-025                  0.0000000000000000E+000                  0.0000000000000000E+000                  1.6964433325513031E+001                  1.6925352412994158E+009                  2.9568810945773930E-006                  0.0000000000000000E+000                 -2.7645830697300413E+000                  9.5313966527983318E-001                  1.1917002926396643E+000                  1.3422152904716549E+000 
                                     269                  2.9999991289640469E+000                  2.9101017627088321E-001                  5.1263033383624510E+000                 -5.8761216686487163E+000                  7.3897803809526685E+000                  6.9999999999760398E-001                  2.8000000000239622E-001                  1.9999999999999796E-002                  0.0000000000000000E+000                  4.3173565440434402E+008                  5.4579805287434366E+006                  1.9546361034227255E-025                  0.0000000000000000E+000                  0.0000000000000000E+000                  1.7044631697358962E+001                  1.7050091623734155E+009                  2.9159352641682084E-006                  0.0000000000000000E+000                 -2.7676110609463396E+000                  9.5489888553460445E-001                  1.1934595128944354E+000                  1.3439745107264260E+000 
                                     270                  2.9999991242820978E+000                  2.9091390946710383E-001                  5.1310589055348439E+000                 -5.8629494213995414E+000                  7.4077517165060467E+000                  6.9999999999760398E-001                  2.8000000000239617E-001                  1.9999999999999796E-002                  0.0000000000000000E+000                  4.3187008654014421E+008                  5.4884029773584604E+006                  2.0148964597036574E-025                  0.0000000000000000E+000                  0.0000000000000000E+000                  1.7147301266265966E+001                  1.7203336097289708E+009                  2.8681336600789636E-006                  0.0000000000000000E+000                 -2.7712003068225233E+000                  9.5703866702222662E-001                  1.1955992943820577E+000                  1.3461142922140483E+000 
                                     271                  2.9999991177273690E+000                  2.9078305968334134E-001                  5.1360060057592749E+000                 -5.8492552148805075E+000                  7.4264384885496559E+000                  6.9999999999760398E-001                  2.8000000000239617E-001                  1.9999999999999796E-002                  0.0000000000000000E+000                  4.3200409913482356E+008                  5.5202517248605071E+006                  2.0795162642698629E-025                  0.0000000000000000E+000                  0.0000000000000000E+000                  1.7258259402506095E+001                  1.7411772588162537E+009                  2.8054181687232616E-006                  0.0000000000000000E+000                 -2.7760011973584025E+000                  9.5993095923857963E-001                  1.1984915865984107E+000                  1.3490065844304013E+000 
                                     272                  2.9999991121090304E+000                  2.9067429411320350E-001                  5.1404162109785565E+000                 -5.8371287446859252E+000                  7.4430183559083627E+000                  6.9999999999760398E-001                  2.8000000000239617E-001                  1.9999999999999796E-002                  0.0000000000000000E+000                  4.3213722074031192E+008                  5.5488166408001324E+006                  2.1384672987375131E-025                  0.0000000000000000E+000                  0.0000000000000000E+000                  1.7360428344928057E+001                  1.7585188358896706E+009                  2.7542344158302340E-006                  0.0000000000000000E+000                 -2.7799995496196073E+000                  9.6231990611757368E-001                  1.2008805334774049E+000                  1.3513955313093955E+000 
                                     273                  2.9999991064906912E+000                  2.9056844508065111E-001                  5.1446831004915961E+000                 -5.8254538808514713E+000                  7.4590037617882601E+000                  6.9999999999760398E-001                  2.8000000000239617E-001                  1.9999999999999796E-002                  0.0000000000000000E+000                  4.3227685436145556E+008                  5.5766020006842082E+006                  2.1968022557220469E-025                  0.0000000000000000E+000                  0.0000000000000000E+000                  1.7464705982360528E+001                  1.7754760534210269E+009                  2.7047091985856367E-006                  0.0000000000000000E+000                 -2.7839397109790145E+000                  9.6463104752035977E-001                  1.2031916748801907E+000                  1.3537066727121814E+000 
                                     274                  2.9999991008723530E+000                  2.9046532921856949E-001                  5.1481307906554274E+000                 -5.8160394501559711E+000                  7.4719017431828112E+000                  6.9999999999760398E-001                  2.8000000000239617E-001                  1.9999999999999796E-002                  0.0000000000000000E+000                  4.3239375356027341E+008                  5.5991551456151474E+006                  2.2450003072173304E-025                  0.0000000000000000E+000                  0.0000000000000000E+000                  1.7554933435710385E+001                  1.7920127496930196E+009                  2.6557881262991656E-006                  0.0000000000000000E+000                 -2.7879032875528851E+000                  9.6687000656728495E-001                  1.2054306339271161E+000                  1.3559456317591065E+000 
                                     275                  2.9999990971267936E+000                  2.9039801986334807E-001                  5.1521751375128950E+000                 -5.8051329792630568E+000                  7.4868992431440438E+000                  6.9999999999760398E-001                  2.8000000000239628E-001                  1.9999999999999796E-002                  0.0000000000000000E+000                  4.3256246696582276E+008                  5.6257343075719755E+006                  2.3021614475133982E-025                  0.0000000000000000E+000                  0.0000000000000000E+000                  1.7664992579493827E+001                  1.8028907101321599E+009                  2.6233585933854366E-006                  0.0000000000000000E+000                 -2.7905711702816154E+000                  9.6832426248276215E-001                  1.2068848898425932E+000                  1.3573998876745839E+000 
                                     276                  2.9999990896356756E+000                  2.9026664963237730E-001                  5.1573692359737784E+000                 -5.7911411939684658E+000                  7.5061455421182135E+000                  6.9999999999760398E-001                  2.8000000000239622E-001                  1.9999999999999796E-002                  0.0000000000000000E+000                  4.3278692138755208E+008                  5.6600421703542639E+006                  2.3776304228313709E-025                  0.0000000000000000E+000                  0.0000000000000000E+000                  1.7819957830596188E+001                  1.8242497103010340E+009                  2.5586442249249878E-006                  0.0000000000000000E+000                 -2.7959950489074492E+000                  9.7114792535706862E-001                  1.2097085527168998E+000                  1.3602235505488904E+000 
                                     277                  2.9999990821445572E+000                  2.9013933063412267E-001                  5.1611288779584044E+000                 -5.7810343112237375E+000                  7.5200564708127189E+000                  6.9999999999760398E-001                  2.8000000000239617E-001                  1.9999999999999796E-002                  0.0000000000000000E+000                  4.3295877375282168E+008                  5.6849928545473376E+006                  2.4336802915536381E-025                  0.0000000000000000E+000                  0.0000000000000000E+000                  1.7940055857007145E+001                  1.8448707272030585E+009                  2.4941282490888121E-006                  0.0000000000000000E+000                 -2.8015406093422199E+000                  9.7386789969867182E-001                  1.2124285270585029E+000                  1.3629435248904935E+000 
                                     278                  2.9999990783989978E+000                  2.9007709477666188E-001                  5.1648115125430989E+000                 -5.7712786171967121E+000                  7.5335432219074541E+000                  6.9999999999760398E-001                  2.8000000000239617E-001                  1.9999999999999796E-002                  0.0000000000000000E+000                  4.3316431525832570E+008                  5.7095363119647717E+006                  2.4890362407636482E-025                  0.0000000000000000E+000                  0.0000000000000000E+000                  1.8058651184450980E+001                  1.8550353481605394E+009                  2.4625755853906141E-006                  0.0000000000000000E+000                 -2.8043052152752215E+000                  9.7519048919531237E-001                  1.2137511165551433E+000                  1.3642661143871340E+000 
                                     279                  2.9999990709078794E+000                  2.8995531056203860E-001                  5.1683789579318447E+000                 -5.7617969311142252E+000                  7.5466381951446504E+000                  6.9999999999760409E-001                  2.8000000000239617E-001                  1.9999999999999796E-002                  0.0000000000000000E+000                  4.3336169385415751E+008                  5.7333954231406813E+006                  2.5440444685679846E-025                  0.0000000000000000E+000                  0.0000000000000000E+000                  1.8179325732719771E+001                  1.8750089500927715E+009                  2.4012908681302662E-006                  0.0000000000000000E+000                 -2.8097776153540526E+000                  9.7776686436727367E-001                  1.2163274917271047E+000                  1.3668424895590954E+000 
                                     280                  2.9999990671623205E+000                  2.8989569612793625E-001                  5.1712964414959828E+000                 -5.7541304575187482E+000                  7.5572626760711561E+000                  6.9999999999760398E-001                  2.8000000000239617E-001                  1.9999999999999796E-002                  0.0000000000000000E+000                  4.3354694750275773E+008                  5.7529774159723353E+006                  2.5894098750574826E-025                  0.0000000000000000E+000                  0.0000000000000000E+000                  1.8277764533470847E+001                  1.8848029423790901E+009                  2.3716149622084240E-006                  0.0000000000000000E+000                 -2.8124779092056902E+000                  9.7902224089272860E-001                  1.2175828682525596E+000                  1.3680978660845504E+000 
                                     281                  2.9999990615439813E+000                  2.8980779438593629E-001                  5.1747145436284194E+000                 -5.7451714238474789E+000                  7.5696881119447692E+000                  6.9999999999760398E-001                  2.8000000000239617E-001                  1.9999999999999796E-002                  0.0000000000000000E+000                  4.3377429569145244E+008                  5.7759924180513034E+006                  2.6434505568789199E-025                  0.0000000000000000E+000                  0.0000000000000000E+000                  1.8394769851269068E+001                  1.8993478406885126E+009                  2.3288766581427438E-006                  0.0000000000000000E+000                 -2.8164267559702005E+000                  9.8086583890421697E-001                  1.2194264662640482E+000                  1.3699414640960388E+000 
                                     282                  2.9999990559256426E+000                  2.8972163560624747E-001                  5.1786051324946900E+000                 -5.7350477827239814E+000                  7.5837599310463633E+000                  6.9999999999760398E-001                  2.8000000000239617E-001                  1.9999999999999796E-002                  0.0000000000000000E+000                  4.3405703950507367E+008                  5.8022873606267218E+006                  2.7058754824850882E-025                  0.0000000000000000E+000                  0.0000000000000000E+000                  1.8527622693153692E+001                  1.9136526890727904E+009                  2.2881271805675465E-006                  0.0000000000000000E+000                 -2.8202599199474530E+000                  9.8266461055171817E-001                  1.2212252379115494E+000                  1.3717402357435400E+000 
                                     283                  2.9999990484345247E+000                  2.8960932718274246E-001                  5.1829175422850069E+000                 -5.7238668697690862E+000                  7.5993185828280998E+000                  6.9999999999760398E-001                  2.8000000000239617E-001                  1.9999999999999796E-002                  0.0000000000000000E+000                  4.3438939306694520E+008                  5.8315502978814738E+006                  2.7765354635494756E-025                  0.0000000000000000E+000                  0.0000000000000000E+000                  1.8674979574764311E+001                  1.9323695194448476E+009                  2.2370824694891285E-006                  1.3716976893460281E-019                 -2.8251590027250710E+000                  9.8499680251988730E-001                  1.2235574298797183E+000                  1.3740724277117089E+000 
                                     284                  2.9999990409434063E+000                  2.8949978933889603E-001                  5.1871008616086085E+000                 -5.7130803767704279E+000                  7.6143539703971532E+000                  6.9999999999760398E-001                  2.8000000000239617E-001                  1.9999999999999796E-002                  0.0000000000000000E+000                  4.3473551448959160E+008                  5.8600567937790202E+006                  2.8464521427457991E-025                  0.0000000000000000E+000                  0.0000000000000000E+000                  1.8815980944130558E+001                  1.9506632722669659E+009                  2.1897178111208444E-006                  5.4405682393354682E-019                 -2.8298059245364335E+000                  9.8725755313650487E-001                  1.2258181804963357E+000                  1.3763331783283264E+000 
                                     285                  2.9999990334522888E+000                  2.8939285864174352E-001                  5.1916667168655319E+000                 -5.7013900467802108E+000                  7.6306847858780280E+000                  6.9999999999760409E-001                  2.8000000000239617E-001                  1.9999999999999796E-002                  0.0000000000000000E+000                  4.3514354942058110E+008                  5.8913071192382379E+006                  2.9242181586984362E-025                  0.0000000000000000E+000                  0.0000000000000000E+000                  1.8965484954771952E+001                  1.9686149721139798E+009                  2.1464447205509677E-006                  8.0943674744366135E-019                 -2.8341401459213693E+000                  9.8945020438274411E-001                  1.2280108317425751E+000                  1.3785258295745657E+000 
                                     286                  2.9999990240883907E+000                  2.8926263860827450E-001                  5.1955877378073634E+000                 -5.6913403505859925E+000                  7.6447193912993638E+000                  6.9999999999760409E-001                  2.8000000000239611E-001                  1.9999999999999796E-002                  0.0000000000000000E+000                  4.3550095845870489E+008                  5.9182524425377855E+006                  2.9927676620893669E-025                  0.0000000000000000E+000                  0.0000000000000000E+000                  1.9091638523276387E+001                  1.9904796328042383E+009                  2.0974167345652039E-006                  5.3431687450987179E-019                 -2.8391576356159356E+000                  9.9210184947918112E-001                  1.2306624768390122E+000                  1.3811774746710028E+000 
                                     287                  2.9999990184700516E+000                  2.8918623932305476E-001                  5.1989407160090479E+000                 -5.6828236235363967E+000                  7.6566465832006383E+000                  6.9999999999760409E-001                  2.8000000000239611E-001                  1.9999999999999796E-002                  0.0000000000000000E+000                  4.3583133797398973E+008                  5.9413816666958574E+006                  3.0521180201252505E-025                  0.0000000000000000E+000                  0.0000000000000000E+000                  1.9193943251971671E+001                  2.0033406108987801E+009                  2.0708894599706395E-006                  1.3281353055863546E-019                 -2.8419215411389844E+000                  9.9364716734774072E-001                  1.2322077947075718E+000                  1.3827227925395624E+000 
                                     288                  2.9999990109789332E+000                  2.8908629092842120E-001                  5.2026689281880794E+000                 -5.6733625595504922E+000                  7.6699002579438069E+000                  6.9999999999760409E-001                  2.8000000000239611E-001                  1.9999999999999796E-002                  0.0000000000000000E+000                  4.3620821352866089E+008                  5.9671883200754020E+006                  3.1194311040320536E-025                  0.0000000000000000E+000                  0.0000000000000000E+000                  1.9303439402436833E+001                  2.0202501364521878E+009                  2.0391753985463132E-006                  0.0000000000000000E+000                 -2.8452727085075349E+000                  9.9565645288390658E-001                  1.2342170802437376E+000                  1.3847320780757282E+000 
                                     289                  2.9999990034878148E+000                  2.8898842951726395E-001                  5.2082160289496571E+000                 -5.6594316236990174E+000                  7.6894796689278078E+000                  6.9999999999760409E-001                  2.8000000000239611E-001                  1.9999999999999796E-002                  0.0000000000000000E+000                  4.3681684007371289E+008                  6.0057744393970724E+006                  3.2212597705967782E-025                  0.0000000000000000E+000                  0.0000000000000000E+000                  1.9453967785217717E+001                  2.0369088200161109E+009                  2.0113625110691272E-006                  0.0000000000000000E+000                 -2.8482548243812467E+000                  9.9760950099883638E-001                  1.2361701283586675E+000                  1.3866851261906579E+000 
                                     290                  2.9999989880129529E+000                  2.8879245418930177E-001                  5.2136004670897522E+000                 -5.6457475277378775E+000                  7.7086412692794148E+000                  6.9999999999760409E-001                  2.8000000000239617E-001                  1.9999999999999796E-002                  0.0000000000000000E+000                  4.3738333835055816E+008                  6.0434236386451712E+006                  3.3245220450555629E-025                  0.0000000000000000E+000                  0.0000000000000000E+000                  1.9599413038165594E+001                  2.0701270669445748E+009                  1.9612648503862885E-006                  0.0000000000000000E+000                 -2.8537318774918208E+000                  1.0014819416607921E+000                  1.2400425690206232E+000                  1.3905575668526138E+000 
                                     291                  2.9999989800292091E+000                  2.8869438373180267E-001                  5.2171590492919053E+000                 -5.6367842692784569E+000                  7.7212277533750742E+000                  6.9999999999760409E-001                  2.8000000000239617E-001                  1.9999999999999796E-002                  0.0000000000000000E+000                  4.3778329474152774E+008                  6.0684298317571329E+006                  3.3939491322458967E-025                  0.0000000000000000E+000                  0.0000000000000000E+000                  1.9690274923373401E+001                  2.0866658596149037E+009                  1.9382506900676074E-006                  0.0000000000000000E+000                 -2.8562950263691538E+000                  1.0033993547994369E+000                  1.2419599821592680E+000                  1.3924749799912586E+000 
                                     292                  2.9999989720454656E+000                  2.8859825211508044E-001                  5.2214846086492992E+000                 -5.6259404172552339E+000                  7.7364778834849961E+000                  6.9999999999760409E-001                  2.8000000000239617E-001                  1.9999999999999796E-002                  0.0000000000000000E+000                  4.3828787987249577E+008                  6.0989588984024478E+006                  3.4798851201558717E-025                  0.0000000000000000E+000                  0.0000000000000000E+000                  1.9797312883815643E+001                  2.1030236862768703E+009                  1.9177297571258675E-006                  0.0000000000000000E+000                 -2.8586062964080288E+000                  1.0052642702402514E+000                  1.2438248976000825E+000                  1.3943398954320729E+000 
                                     293                  2.9999989600698496E+000                  2.8845749544742028E-001                  5.2264804193640328E+000                 -5.6133861250658414E+000                  7.7541205359255860E+000                  6.9999999999760409E-001                  2.8000000000239617E-001                  1.9999999999999796E-002                  0.0000000000000000E+000                  4.3887033257972687E+008                  6.1343975841563633E+006                  3.5820995356552373E-025                  0.0000000000000000E+000                  0.0000000000000000E+000                  1.9921070081895852E+001                  2.1269777960366943E+009                  1.8893599777551820E-006                  0.0000000000000000E+000                 -2.8618426442634246E+000                  1.0079712663550746E+000                  1.2465318937149057E+000                  1.3970468915468963E+000 
                                     294                  2.9999989480942344E+000                  2.8832061823998761E-001                  5.2304928788019254E+000                 -5.6032810886144020E+000                  7.7683118848965274E+000                  6.9999999999760409E-001                  2.8000000000239622E-001                  1.9999999999999685E-002                  0.0000000000000000E+000                  4.3933642531571478E+008                  6.1630059367948873E+006                  3.6665509883176623E-025                  0.0000000000000000E+000                  0.0000000000000000E+000                  2.0020491355356157E+001                  2.1501477531057186E+009                  1.8627857124887120E-006                  0.0000000000000000E+000                 -2.8649185508761774E+000                  1.0105779554416969E+000                  1.2491385828015280E+000                  1.3996535806335186E+000 
                                     295                  2.9999989401104905E+000                  2.8823139581981361E-001                  5.2336222562427537E+000                 -5.5954321103697842E+000                  7.7793492104363038E+000                  6.9999999999760409E-001                  2.8000000000239622E-001                  1.9999999999999685E-002                  0.0000000000000000E+000                  4.3970891629462934E+008                  6.1854156535625029E+006                  3.7335202501199610E-025                  0.0000000000000000E+000                  0.0000000000000000E+000                  2.0095363975071976E+001                  2.1652524404126439E+009                  1.8464418937111973E-006                  0.0000000000000000E+000                 -2.8668321773771090E+000                  1.0122631830453610E+000                  1.2508238104051923E+000                  1.4013388082371829E+000 
                                     296                  2.9999989321267471E+000                  2.8814371787285753E-001                  5.2381964902048486E+000                 -5.5840357346889711E+000                  7.7954091581777512E+000                  6.9999999999760409E-001                  2.8000000000239617E-001                  1.9999999999999796E-002                  0.0000000000000000E+000                  4.4027253271660620E+008                  6.2183342665218711E+006                  3.8329417072068038E-025                  0.0000000000000000E+000                  0.0000000000000000E+000                  2.0197817237786396E+001                  2.1802057486237650E+009                  1.8319937978177398E-006                  0.0000000000000000E+000                 -2.8685380004809429E+000                  1.0139080492184680E+000                  1.2524686765782991E+000                  1.4029836744102897E+000 
                                     297                  2.9999989161592593E+000                  2.8797275101086411E-001                  5.2433017717392563E+000                 -5.5711933249613796E+000                  7.8134524866415962E+000                  6.9999999999760409E-001                  2.8000000000239617E-001                  1.9999999999999796E-002                  0.0000000000000000E+000                  4.4086998636074769E+008                  6.2552885959776808E+006                  3.9481570595666685E-025                  0.0000000000000000E+000                  0.0000000000000000E+000                  2.0307545089547123E+001                  2.2092699681117334E+009                  1.8070901573347529E-006                 -9.3070965473901180E-020                 -2.8715100897803429E+000                  1.0170867553686427E+000                  1.2556473827284738E+000                  1.4061623805604644E+000 
                                     298                  2.9999989041836437E+000                  2.8784813490367300E-001                  5.2489261049335694E+000                 -5.5571629382945567E+000                  7.8332174793889280E+000                  6.9999999999760409E-001                  2.8000000000239622E-001                  1.9999999999999685E-002                  0.0000000000000000E+000                  4.4155339828106701E+008                  6.2962945710945185E+006                  4.0779957407265967E-025                  0.0000000000000000E+000                  0.0000000000000000E+000                  2.0409180436283489E+001                  2.2304185937217083E+009                  1.7924488642838134E-006                 -3.6920395753644581E-019                 -2.8732766126072478E+000                  1.0193786490813053E+000                  1.2579392764411363E+000                  1.4084542742731270E+000 
                                     299                  2.9999988842242842E+000                  2.8764681745301190E-001                  5.2549255270738788E+000                 -5.5420250344828421E+000                  7.8544666282043423E+000                  6.9999999999760398E-001                  2.8000000000239628E-001                  1.9999999999999796E-002                  0.0000000000000000E+000                  4.4223412307345867E+008                  6.3403517600587718E+006                  4.2228802007041494E-025                  0.0000000000000000E+000                  0.0000000000000000E+000                  2.0501394127082929E+001                  2.2645062276640439E+009                  1.7759331606141874E-006                 -5.4653295463207298E-019                 -2.8752866917231561E+000                  1.0230363502699962E+000                  1.2615969776298273E+000                  1.4121119754618179E+000 
                                     300                  2.9999988682567960E+000                  2.8749108859857919E-001                  5.2594660426351592E+000                 -5.5305404189304621E+000                  7.8705757124237534E+000                  6.9999999999760398E-001                  2.8000000000239622E-001                  1.9999999999999796E-002                  0.0000000000000000E+000                  4.4273714009523737E+008                  6.3739259412543857E+006                  4.3362262133738202E-025                  0.0000000000000000E+000                  0.0000000000000000E+000                  2.0556168883889391E+001                  2.2906146261341314E+009                  1.7679693938170646E-006                 -2.4460982232725438E-019                 -2.8762626287710353E+000                  1.0258268503227526E+000                  1.2643874776825836E+000                  1.4149024755145743E+000 
                                     301                  2.9999988558329238E+000                  2.8737297071505796E-001                  5.2633088963356780E+000                 -5.5208155434418238E+000                  7.8842145450609804E+000                  6.9999999999760398E-001                  2.8000000000239622E-001                  1.9999999999999796E-002                  0.0000000000000000E+000                  4.4315751944370544E+008                  6.4025006452896213E+006                  4.4345821762814076E-025                  0.0000000000000000E+000                  0.0000000000000000E+000                  2.0592163566640981E+001                  2.3103971962694407E+009                  1.7652950854531183E-006                  2.7906664102195574E-019                 -2.8765913439277906E+000                  1.0279195635790430E+000                  1.2664801909388741E+000                  1.4169951887708647E+000 
                                     302                  2.9999988434090512E+000                  2.8725737510220956E-001                  5.2679548578607198E+000                 -5.5090632913845194E+000                  7.9006991912375995E+000                  6.9999999999760421E-001                  2.8000000000239611E-001                  1.9999999999999685E-002                  0.0000000000000000E+000                  4.4366285244495809E+008                  6.4372414851461696E+006                  4.5564269389495889E-025                  0.0000000000000000E+000                  0.0000000000000000E+000                  2.0622906983649486E+001                  2.3297864679867163E+009                  1.7654177914894941E-006                  3.1975943128221942E-019                 -2.8765762505015129E+000                  1.0299469768364269E+000                  1.2685076041962580E+000                  1.4190226020282488E+000 
                                     303                  2.9999988247732419E+000                  2.8708844496519459E-001                  5.2737192205934784E+000                 -5.4943643986151063E+000                  7.9212656092653289E+000                  6.9999999999760409E-001                  2.8000000000239622E-001                  1.9999999999999685E-002                  0.0000000000000000E+000                  4.4425611517475772E+008                  6.4806215591424312E+006                  4.7135487194271894E-025                  0.0000000000000000E+000                  0.0000000000000000E+000                  2.0646479809197626E+001                  2.3580229842762337E+009                  1.7689390923944957E-006                 -9.1305482260014794E-020                 -2.8761435601681913E+000                  1.0328731603254042E+000                  1.2714337876852353E+000                  1.4219487855172259E+000 
                                     304                  2.9999988030314655E+000                  2.8689768178040148E-001                  5.2796087282972710E+000                 -5.4792074460433202E+000                  7.9424125424511463E+000                  6.9999999999760409E-001                  2.8000000000239617E-001                  1.9999999999999796E-002                  0.0000000000000000E+000                  4.4482500348266047E+008                  6.5252503567821095E+006                  4.8812477843295558E-025                  0.0000000000000000E+000                  0.0000000000000000E+000                  2.0654780910206501E+001                  2.3895946056500974E+009                  1.7758645438467558E-006                 -2.4663393371469880E-019                 -2.8752950818078244E+000                  1.0361249213576318E+000                  1.2746855487174629E+000                  1.4252005465494537E+000 
                                     305                  2.9999987812896882E+000                  2.8671322252657255E-001                  5.2840119594949062E+000                 -5.4677319523082444E+000                  7.9583610719336084E+000                  6.9999999999760409E-001                  2.8000000000239617E-001                  1.9999999999999796E-002                  0.0000000000000000E+000                  4.4521392661906034E+008                  6.5588082667442057E+006                  5.0121753487069552E-025                  0.0000000000000000E+000                  0.0000000000000000E+000                  2.0652807360372748E+001                  2.4197290451354098E+009                  1.7844322806667547E-006                 -8.8642063701524551E-020                 -2.8742499644511894E+000                  1.0392160673405526E+000                  1.2777766947003839E+000                  1.4282916925323745E+000 
                                     306                  2.9999987688658156E+000                  2.8661046402754792E-001                  5.2886662072831765E+000                 -5.4556926887250503E+000                  7.9751320315219454E+000                  6.9999999999760409E-001                  2.8000000000239622E-001                  1.9999999999999685E-002                  0.0000000000000000E+000                  4.4564993072630399E+008                  6.5944780170125626E+006                  5.1533149608261492E-025                  0.0000000000000000E+000                  0.0000000000000000E+000                  2.0635889975150114E+001                  2.4365063371547713E+009                  1.7905480016747744E-006                  0.0000000000000000E+000                 -2.8735070158842522E+000                  1.0409141809835394E+000                  1.2794748083433705E+000                  1.4299898061753611E+000 
                                     307                  2.9999987440180704E+000                  2.8641035680818283E-001                  5.2938187633264331E+000                 -5.4421061359226597E+000                  7.9939470716494414E+000                  6.9999999999760409E-001                  2.8000000000239622E-001                  1.9999999999999685E-002                  0.0000000000000000E+000                  4.4606989010252762E+008                  6.6341591930411905E+006                  5.3173772853994252E-025                  0.0000000000000000E+000                  0.0000000000000000E+000                  2.0612150536904199E+001                  2.4690055608118782E+009                  1.8040610513061557E-006                  1.4172407666432459E-019                 -2.8718743847837520E+000                  1.0441739440481939E+000                  1.2827345714080249E+000                  1.4332495692400156E+000 
                                     308                  2.9999987253822611E+000                  2.8626472505006950E-001                  5.2973559312059404E+000                 -5.4327189134279950E+000                  8.0069213376553812E+000                  6.9999999999760398E-001                  2.8000000000239622E-001                  1.9999999999999796E-002                  0.0000000000000000E+000                  4.4634579163985223E+008                  6.6615245297368830E+006                  5.4337751527747142E-025                  0.0000000000000000E+000                  0.0000000000000000E+000                  2.0589678979560059E+001                  2.4922883452567592E+009                  1.8138141473245117E-006                  4.5847281426160632E-019                 -2.8707036075151655E+000                  1.0465078182277485E+000                  1.2850684455875796E+000                  1.4355834434195702E+000 
                                     309                  2.9999987129583885E+000                  2.8616963420535574E-001                  5.3007973820346264E+000                 -5.4236007797595249E+000                  8.0195301023841559E+000                  6.9999999999760387E-001                  2.8000000000239633E-001                  1.9999999999999796E-002                  0.0000000000000000E+000                  4.4662138834700388E+008                  6.6882515493789269E+006                  5.5492775860135501E-025                  0.0000000000000000E+000                  0.0000000000000000E+000                  2.0561019826802799E+001                  2.5074834732731481E+009                  1.8208092841720966E-006                  4.2611722509587321E-019                 -2.8698677704219402E+000                  1.0480135460902456E+000                  1.2865741734500766E+000                  1.4370891712820673E+000 
                                     310                  2.9999986943225800E+000                  2.8602984805745285E-001                  5.3054365693468819E+000                 -5.4112224022021680E+000                  8.0366106706279616E+000                  6.9999999999760398E-001                  2.8000000000239633E-001                  1.9999999999999685E-002                  0.0000000000000000E+000                  4.4697608277706748E+008                  6.7244253709933786E+006                  6.8937649884618069E-025                  0.0000000000000000E+000                  0.0000000000000000E+000                  2.0515212182072503E+001                  2.5298003792236242E+009                  1.8318646459938299E-006                 -1.8748248508151403E-019                 -2.8685533094578957E+000                  1.0502013870579514E+000                  1.2887620144177825E+000                  1.4392770122497731E+000 
                                     311                  2.9999986694748344E+000                  2.8584850280860141E-001                  5.3105012008612382E+000                 -5.3975465363022108E+000                  8.0554136962044787E+000                  6.9999999999760398E-001                  2.8000000000239633E-001                  1.9999999999999685E-002                  0.0000000000000000E+000                  4.4732834788598055E+008                  6.7641013773545465E+006                  8.8275743475078918E-025                  0.0000000000000000E+000                  0.0000000000000000E+000                  2.0456166360722445E+001                  2.5584518871025653E+009                  1.8464710411715135E-006                 -7.7555940355696308E-019                 -2.8668287495732585E+000                  1.0529963367041142E+000                  1.2915569640639453E+000                  1.4420719618959359E+000 
                                     312                  2.9999986445175959E+000                  2.8567178636647639E-001                  5.3141381678140496E+000                 -5.3875850985296436E+000                  8.0690515250608730E+000                  6.9999999999760387E-001                  2.8000000000239633E-001                  1.9999999999999796E-002                  0.0000000000000000E+000                  4.4754908109112900E+008                  6.7927082136468776E+006                  1.0540571274244386E-024                  0.0000000000000000E+000                  0.0000000000000000E+000                  2.0408339183719711E+001                  2.5859381732825346E+009                  1.8606768659938497E-006                 -8.5438525614388555E-019                 -2.8651645209845169E+000                  1.0556742078168031E+000                  1.2942348351766342E+000                  1.4447498330086248E+000 
                                     313                  2.9999986320389760E+000                  2.8558535323045464E-001                  5.3176827740877943E+000                 -5.3779376231262521E+000                  8.0822844735493753E+000                  6.9999999999760387E-001                  2.8000000000239633E-001                  1.9999999999999796E-002                  0.0000000000000000E+000                  4.4778406818213820E+008                  6.8207015245109899E+006                  1.2522281476941994E-024                  0.0000000000000000E+000                  0.0000000000000000E+000                  2.0351107959136662E+001                  2.5993507141500497E+009                  1.8682109941180915E-006                 -5.0035823216412285E-019                 -2.8642870382482255E+000                  1.0569669108063930E+000                  1.2955275381662241E+000                  1.4460425359982148E+000 
                                     314                  2.9999986070817375E+000                  2.8541613535071231E-001                  5.3222075215575559E+000                 -5.3654422507661712E+000                  8.0993496978338069E+000                  6.9999999999760398E-001                  2.8000000000239633E-001                  1.9999999999999685E-002                  0.0000000000000000E+000                  4.4804200508140033E+008                  6.8565662589712040E+006                  1.5599316647004939E-024                  0.0000000000000000E+000                  0.0000000000000000E+000                  2.0270960687286280E+001                  2.6255451204059296E+009                  1.8841522739135884E-006                 -1.2398903219896085E-019                 -2.8624420005995930E+000                  1.0594663450391826E+000                  1.2980269723990137E+000                  1.4485419702310043E+000 
                                     315                  2.9999985821244985E+000                  2.8525152709332269E-001                  5.3276160318715231E+000                 -5.3504422018004574E+000                  8.1198096969076481E+000                  6.9999999999760398E-001                  2.8000000000239628E-001                  1.9999999999999796E-002                  0.0000000000000000E+000                  4.4834093522996658E+008                  6.8996540702939145E+006                  2.0269300058160230E-024                  0.0000000000000000E+000                  0.0000000000000000E+000                  2.0157196990745007E+001                  2.6507819919011769E+009                  1.9004101616043381E-006                  0.0000000000000000E+000                 -2.8605763280243077E+000                  1.0618585781921590E+000                  1.3004192055519901E+000                  1.4509342033839807E+000 
                                     316                  2.9999985446886401E+000                  2.8501266457447388E-001                  5.3332140244104433E+000                 -5.3345886229058861E+000                  8.1413015402088647E+000                  6.9999999999760409E-001                  2.8000000000239617E-001                  1.9999999999999796E-002                  0.0000000000000000E+000                  4.4857044694708687E+008                  6.9444763269138550E+006                  2.6572883746897244E-024                  0.0000000000000000E+000                  0.0000000000000000E+000                  2.0027775098814228E+001                  2.6869151106107435E+009                  1.9248987317223122E-006                  0.0000000000000000E+000                 -2.8577960568208738E+000                  1.0652639544468518E+000                  1.3038245818066829E+000                  1.4543395796386736E+000 
                                     317                  2.9999985134920917E+000                  2.8482046173552417E-001                  5.3370891736995407E+000                 -5.3234715437601219E+000                  8.1563159863181305E+000                  6.9999999999760398E-001                  2.8000000000239622E-001                  1.9999999999999796E-002                  0.0000000000000000E+000                  4.4869481400401366E+008                  6.9756470155977681E+006                  3.2042314657459020E-024                  0.0000000000000000E+000                  0.0000000000000000E+000                  1.9930796188914563E+001                  2.7154114502436423E+009                  1.9441698905503184E-006                  0.0000000000000000E+000                 -2.8556328935462538E+000                  1.0679488080386690E+000                  1.3065094353985003E+000                  1.4570244332304909E+000 
                                     318                  2.9999984947741627E+000                  2.8470793620143708E-001                  5.3413120891417334E+000                 -5.3114111445720127E+000                  8.1726256862841371E+000                  6.9999999999760398E-001                  2.8000000000239622E-001                  1.9999999999999796E-002                  0.0000000000000000E+000                  4.4884753554237801E+008                  7.0097730561669506E+006                  3.9264802083790498E-024                  0.0000000000000000E+000                  0.0000000000000000E+000                  1.9813384942580264E+001                  2.7320722335222778E+009                  1.9558872405080136E-006                  0.0000000000000000E+000                 -2.8543280932396331E+000                  1.0694973231612461E+000                  1.3080579505210772E+000                  1.4585729483530678E+000 
                                     319                  2.9999984573383043E+000                  2.8448879797394505E-001                  5.3457595163712464E+000                 -5.2984085671606262E+000                  8.1900914875028246E+000                  6.9999999999760398E-001                  2.8000000000239628E-001                  1.9999999999999796E-002                  0.0000000000000000E+000                  4.4893041839342004E+008                  7.0458502981563155E+006                  4.8640879801242310E-024                  0.0000000000000000E+000                  0.0000000000000000E+000                  1.9689222422685837E+001                  2.7642106539597068E+009                  1.9782801097246569E-006                  0.0000000000000000E+000                 -2.8518561077609856E+000                  1.0724673311074102E+000                  1.3110279584672413E+000                  1.4615429562992319E+000 
                                     320                  2.9999984323810653E+000                  2.8434683797761551E-001                  5.3491883578513608E+000                 -5.2883468349323071E+000                  8.2035927561811324E+000                  6.9999999999760398E-001                  2.8000000000239628E-001                  1.9999999999999796E-002                  0.0000000000000000E+000                  4.4898576772751850E+008                  7.0737828771868618E+006                  5.7351454635686828E-024                  0.0000000000000000E+000                  0.0000000000000000E+000                  1.9588355821239727E+001                  2.7846983969796829E+009                  1.9918019097834603E-006                  0.0000000000000000E+000                 -2.8503769277768818E+000                  1.0743597064713146E+000                  1.3129203338311457E+000                  1.4634353316631363E+000 
                                     321                  2.9999984074238264E+000                  2.8420799450951029E-001                  5.3524996662400905E+000                 -5.2785547939193727E+000                  8.2167034289138154E+000                  6.9999999999760387E-001                  2.8000000000239628E-001                  1.9999999999999796E-002                  0.0000000000000000E+000                  4.4901998328680968E+008                  7.1008512084636195E+006                  6.7228187324446358E-024                  0.0000000000000000E+000                  0.0000000000000000E+000                  1.9488632944389281E+001                  2.8046464023511496E+009                  2.0047304323583800E-006                  0.0000000000000000E+000                 -2.8489720084321171E+000                  1.0761869924576610E+000                  1.3147476198174921E+000                  1.4652626176494827E+000 
                                     322                  2.9999983824665879E+000                  2.8407211765225587E-001                  5.3572922538491419E+000                 -5.2643822388507866E+000                  8.2356791585438884E+000                  6.9999999999760398E-001                  2.8000000000239633E-001                  1.9999999999999685E-002                  0.0000000000000000E+000                  4.4907059530578548E+008                  7.1402084303669222E+006                  8.4557490845656661E-024                  0.0000000000000000E+000                  0.0000000000000000E+000                  1.9336198942649350E+001                  2.8241376206901731E+009                  2.0171923746350706E-006                  0.0000000000000000E+000                 -2.8476263411121359E+000                  1.0779530551159493E+000                  1.3165136824757804E+000                  1.4670286803077710E+000 
                                     323                  2.9999983325521096E+000                  2.8380872612983288E-001                  5.3632918197933144E+000                 -5.2462460969880746E+000                  8.2598123624596766E+000                  6.9999999999760398E-001                  2.8000000000239628E-001                  1.9999999999999796E-002                  0.0000000000000000E+000                  4.4902927961021465E+008                  7.1897337366665434E+006                  1.1266087402109695E-023                  0.0000000000000000E+000                  0.0000000000000000E+000                  1.9143382166006308E+001                  2.8614863717342243E+009                  2.0400324822327522E-006                  0.0000000000000000E+000                 -2.8451814587522133E+000                  1.0813188419919877E+000                  1.3198794693518190E+000                  1.4703944671838096E+000 
                                     324                  2.9999982826376321E+000                  2.8355565631501067E-001                  5.3678936283048921E+000                 -5.2320834041907922E+000                  8.2785648879070237E+000                  6.9999999999760398E-001                  2.8000000000239628E-001                  1.9999999999999796E-002                  0.0000000000000000E+000                  4.4893061392761582E+008                  7.2279210919500878E+006                  1.4036817239356526E-023                  0.0000000000000000E+000                  0.0000000000000000E+000                  1.8991914438230445E+001                  2.8964764304750986E+009                  2.0594620201770771E-006                  0.0000000000000000E+000                 -2.8431231063644904E+000                  1.0844841184513354E+000                  1.3230447458111665E+000                  1.4735597436431573E+000 
                                     325                  2.9999982512485119E+000                  2.8340140059269109E-001                  5.3716629843404409E+000                 -5.2204720953730073E+000                  8.2939353249126757E+000                  6.9999999999760398E-001                  2.8000000000239628E-001                  1.9999999999999796E-002                  0.0000000000000000E+000                  4.4884736296063697E+008                  7.2593491406922480E+006                  1.6798799849121817E-023                  0.0000000000000000E+000                  0.0000000000000000E+000                  1.8860521975170176E+001                  2.9176039088824296E+009                  2.0708957125029725E-006                  0.0000000000000000E+000                 -2.8419208855182374E+000                  1.0863807266453955E+000                  1.3249413540052266E+000                  1.4754563518372172E+000 
                                     326                  2.9999982134275118E+000                  2.8322023030061005E-001                  5.3746273297217444E+000                 -5.2111969188768574E+000                  8.3061610827378178E+000                  6.9999999999760398E-001                  2.8000000000239622E-001                  1.9999999999999796E-002                  0.0000000000000000E+000                  4.4874375143768185E+008                  7.2841425178502798E+006                  1.9347802922693926E-023                  0.0000000000000000E+000                  0.0000000000000000E+000                  1.8756588838369257E+001                  2.9422018903114967E+009                  2.0839991882980102E-006                  0.0000000000000000E+000                 -2.8405512272634548E+000                  1.0885783076425897E+000                  1.3271389350024207E+000                  1.4776539328344116E+000 
                                     327                  2.9999981945170111E+000                  2.8313147654894799E-001                  5.3775237584769311E+000                 -5.2021811908463471E+000                  8.3180616696751049E+000                  6.9999999999760398E-001                  2.8000000000239628E-001                  1.9999999999999796E-002                  0.0000000000000000E+000                  4.4865533254921705E+008                  7.3084547933612932E+006                  2.2203105080740092E-023                  0.0000000000000000E+000                  0.0000000000000000E+000                  1.8649317901881666E+001                  2.9541969737049179E+009                  2.0903701568561077E-006                  0.0000000000000000E+000                 -2.8398884017181567E+000                  1.0896429967986219E+000                  1.3282036241584529E+000                  1.4787186219904438E+000 
                                     328                  2.9999981566960101E+000                  2.8295745816690687E-001                  5.3812352579502090E+000                 -5.1904708079435871E+000                  8.3334624711902929E+000                  6.9999999999760409E-001                  2.8000000000239622E-001                  1.9999999999999685E-002                  0.0000000000000000E+000                  4.4850034672508174E+008                  7.3397066597757945E+006                  2.6485346428721228E-023                  0.0000000000000000E+000                  0.0000000000000000E+000                  1.8510785967440722E+001                  2.9776466611199207E+009                  2.1028935212540154E-006                  0.0000000000000000E+000                 -2.8385913584981486E+000                  1.0917087904317970E+000                  1.3302694177916281E+000                  1.4807844156236190E+000 
                                     329                  2.9999981188750091E+000                  2.8278786819924834E-001                  5.3848034554952831E+000                 -5.1791188717187566E+000                  8.3483586425115455E+000                  6.9999999999760398E-001                  2.8000000000239622E-001                  1.9999999999999796E-002                  0.0000000000000000E+000                  4.4832690277743888E+008                  7.3698649469002783E+006                  3.1372824284485489E-023                  0.0000000000000000E+000                  0.0000000000000000E+000                  1.8374778961917194E+001                  3.0001936878318996E+009                  2.1143799680775486E-006                  0.0000000000000000E+000                 -2.8374084822108254E+000                  1.0936952870154799E+000                  1.3322559143753110E+000                  1.4827709122073016E+000 
                                     330                  2.9999980810540090E+000                  2.8262246240615874E-001                  5.3873823678608712E+000                 -5.1708140523819006E+000                  8.3592211025638470E+000                  6.9999999999760398E-001                  2.8000000000239622E-001                  1.9999999999999796E-002                  0.0000000000000000E+000                  4.4817533489749616E+008                  7.3917253759733755E+006                  3.5456903124440983E-023                  0.0000000000000000E+000                  0.0000000000000000E+000                  1.8276352534366719E+001                  3.0219092617711878E+009                  2.1248838587083667E-006                 -9.6253166911104632E-020                 -2.8363324012540128E+000                  1.0956081455064011E+000                  1.3341687728662324E+000                  1.4846837706982230E+000 
                                     331                  2.9999980621435083E+000                  2.8254125683300713E-001                  5.3899089450914124E+000                 -5.1627161143048177E+000                  8.3698263230336885E+000                  6.9999999999760387E-001                  2.8000000000239622E-001                  1.9999999999999907E-002                  0.0000000000000000E+000                  4.4803751710859382E+008                  7.4132087974602329E+006                  3.9961497676748532E-023                  0.0000000000000000E+000                  0.0000000000000000E+000                  1.8176468200961985E+001                  3.0325422768002439E+009                  2.1299324368332022E-006                 -3.8376119313394964E-019                 -2.8358170862561933E+000                  1.0965382354818760E+000                  1.3350988628417071E+000                  1.4856138606736977E+000 
                                     332                  2.9999980243225073E+000                  2.8238171337502549E-001                  5.3935657823395644E+000                 -5.1508807021283722E+000                  8.3852861442842261E+000                  6.9999999999760398E-001                  2.8000000000239633E-001                  1.9999999999999685E-002                  0.0000000000000000E+000                  4.4780850577248847E+008                  7.4443967281946074E+006                  4.7509161282962009E-023                  0.0000000000000000E+000                  0.0000000000000000E+000                  1.8031664803416369E+001                  3.0534181436403728E+009                  2.1397097812194792E-006                 -5.7201711224973964E-019                 -2.8348225640175215E+000                  1.0983489357416703E+000                  1.3369095631015016E+000                  1.4874245609334922E+000 
                                     333                  2.9999979770462564E+000                  2.8218740820159233E-001                  5.3974574680694145E+000                 -5.1381476005365814E+000                  8.4018710628640001E+000                  6.9999999999760398E-001                  2.8000000000239628E-001                  1.9999999999999796E-002                  0.0000000000000000E+000                  4.4752986400975448E+008                  7.4777109684116049E+006                  5.7104961436425467E-023                  0.0000000000000000E+000                  0.0000000000000000E+000                  1.7877462219588384E+001                  3.0785164448668551E+009                  2.1505422484617989E-006                 -3.7845679714424936E-019                 -2.8337260105485282E+000                  1.1005258923281036E+000                  1.3390865196879347E+000                  1.4896015175199253E+000 
                                     334                  2.9999979297700055E+000                  2.8199846723475475E-001                  5.4015611138564141E+000                 -5.1246355795043153E+000                  8.4194414330818574E+000                  6.9999999999760398E-001                  2.8000000000239622E-001                  1.9999999999999796E-002                  0.0000000000000000E+000                  4.4721552871963072E+008                  7.5129858811434954E+006                  6.9307805641995718E-023                  0.0000000000000000E+000                  0.0000000000000000E+000                  1.7713455993673495E+001                  3.1026856518808255E+009                  2.1601172145011613E-006                 -9.3927671011678017E-020                 -2.8327613410379877E+000                  1.1026135706921645E+000                  1.3411741980519956E+000                  1.4916891958839862E+000 
                                     335                  2.9999978730385046E+000                  2.8177837288153545E-001                  5.4054754556571289E+000                 -5.1115795830714754E+000                  8.4363621166771985E+000                  6.9999999999760398E-001                  2.8000000000239628E-001                  1.9999999999999796E-002                  0.0000000000000000E+000                  4.4687393775060844E+008                  7.5467626208473518E+006                  8.3361060514164619E-023                  0.0000000000000000E+000                  0.0000000000000000E+000                  1.7558605112103344E+001                  3.1305179949188166E+009                  2.1700060545530301E-006                  0.0000000000000000E+000                 -2.8317695272104579E+000                  1.1050110183714066E+000                  1.3435716457312377E+000                  1.4940866435632283E+000 
                                     336                  2.9999978257622537E+000                  2.8160014766475289E-001                  5.4095797664334535E+000                 -5.0978657017664304E+000                  8.4541274572093243E+000                  6.9999999999760398E-001                  2.8000000000239628E-001                  1.9999999999999796E-002                  0.0000000000000000E+000                  4.4651224909061569E+008                  7.5823327445008932E+006                  1.0111959641885460E-022                  0.0000000000000000E+000                  0.0000000000000000E+000                  1.7393598128308117E+001                  3.1528791502165833E+009                  2.1771698742850375E-006                  0.0000000000000000E+000                 -2.8310538418445517E+000                  1.1069257310658847E+000                  1.3454863584257160E+000                  1.4960013562577066E+000 
                                     337                  2.9999977595755021E+000                  2.8135803707448137E-001                  5.4144543827544664E+000                 -5.0813932267971671E+000                  8.4754048045688926E+000                  6.9999999999760398E-001                  2.8000000000239628E-001                  1.9999999999999796E-002                  0.0000000000000000E+000                  4.4603860812412935E+008                  7.6247645774769187E+006                  1.2715577396847564E-022                  0.0000000000000000E+000                  0.0000000000000000E+000                  1.7198596419597386E+001                  3.1830611838376489E+009                  2.1859578718969538E-006                  0.0000000000000000E+000                 -2.8301791060465398E+000                  1.1094906247520804E+000                  1.3480512521119117E+000                  1.4985662499439023E+000 
                                     338                  2.9999976839335010E+000                  2.8109116894245673E-001                  5.4191886100468043E+000                 -5.0651959600611089E+000                  8.4962611238891075E+000                  6.9999999999760409E-001                  2.8000000000239617E-001                  1.9999999999999796E-002                  0.0000000000000000E+000                  4.4553185828096145E+008                  7.6661665848274222E+006                  1.5880437066877431E-022                  0.0000000000000000E+000                  0.0000000000000000E+000                  1.7010439237732086E+001                  3.2158241309018526E+009                  2.1939881292766987E-006                  0.0000000000000000E+000                 -2.8293828632675209E+000                  1.1122720206762184E+000                  1.3508326480360495E+000                  1.5013476458680401E+000 
                                     339                  2.9999976140020648E+000                  2.8085306512712926E-001                  5.4229356062361038E+000                 -5.0522447853089876E+000                  8.5128949605744371E+000                  6.9999999999760409E-001                  2.8000000000239617E-001                  1.9999999999999796E-002                  0.0000000000000000E+000                  4.4510076647334039E+008                  7.6990702851561075E+006                  1.8931160245890318E-022                  0.0000000000000000E+000                  0.0000000000000000E+000                  1.6862141907075284E+001                  3.2446241607292156E+009                  2.1998277500909368E-006                  0.0000000000000000E+000                 -2.8288056618874640E+000                  1.1147147053958339E+000                  1.3532753327556650E+000                  1.5037903305876557E+000 
                                     340                  2.9999975629811289E+000                  2.8068421491619916E-001                  5.4259878811226248E+000                 -5.0416689549865925E+000                  8.5264698516659774E+000                  6.9999999999760409E-001                  2.8000000000239617E-001                  1.9999999999999796E-002                  0.0000000000000000E+000                  4.4474582765649772E+008                  7.7259692992141470E+006                  2.1838804222824430E-022                  0.0000000000000000E+000                  0.0000000000000000E+000                  1.6740037557629741E+001                  3.2649010085856957E+009                  2.2034568887189409E-006                  0.0000000000000000E+000                 -2.8284477210850025E+000                  1.1164252027470953E+000                  1.3549858301069264E+000                  1.5055008279389170E+000 
                                     341                  2.9999975119601929E+000                  2.8051923673140655E-001                  5.4289401678245683E+000                 -5.0313847111738319E+000                  8.5396529732889785E+000                  6.9999999999760409E-001                  2.8000000000239617E-001                  1.9999999999999796E-002                  0.0000000000000000E+000                  4.4439100902984530E+008                  7.7520651219857484E+006                  2.5071691000140650E-022                  0.0000000000000000E+000                  0.0000000000000000E+000                  1.6621877195323837E+001                  3.2846399590739970E+009                  2.2067120416706561E-006                  0.0000000000000000E+000                 -2.8281271675543511E+000                  1.1180797018618429E+000                  1.3566403292216740E+000                  1.5071553270536646E+000 
                                     342                  2.9999974609392579E+000                  2.8035793772435685E-001                  5.4317987301867445E+000                 -5.0213763437812657E+000                  8.5524664234350958E+000                  6.9999999999760409E-001                  2.8000000000239622E-001                  1.9999999999999685E-002                  0.0000000000000000E+000                  4.4403706801609701E+008                  7.7774057406500280E+006                  2.8653284937371932E-022                  0.0000000000000000E+000                  0.0000000000000000E+000                  1.6507714901641076E+001                  3.3038171786435480E+009                  2.2094901175831799E-006                  0.0000000000000000E+000                 -2.8278539682861212E+000                  1.1196818509450210E+000                  1.3582424783048521E+000                  1.5087574761368427E+000 
                                     343                  2.9999974099183220E+000                  2.8020013955040129E-001                  5.4349143493630088E+000                 -5.0104354311267789E+000                  8.5664636314672205E+000                  6.9999999999760398E-001                  2.8000000000239622E-001                  1.9999999999999796E-002                  0.0000000000000000E+000                  4.4364604609769815E+008                  7.8051102029426377E+006                  3.3135091102960409E-022                  0.0000000000000000E+000                  0.0000000000000000E+000                  1.6383280276576730E+001                  3.3224969292955818E+009                  2.2118366354878793E-006                  0.0000000000000000E+000                 -2.8276234764156274E+000                  1.1212347689353475E+000                  1.3597953962951785E+000                  1.5103103941271692E+000 
                                     344                  2.9999973461421527E+000                  2.8000756600742555E-001                  5.4385812341123145E+000                 -4.9974843408196170E+000                  8.5830092496249879E+000                  6.9999999999760398E-001                  2.8000000000239628E-001                  1.9999999999999796E-002                  0.0000000000000000E+000                  4.4317121874217159E+008                  7.8378265173604134E+006                  3.9307695402953631E-022                  0.0000000000000000E+000                  0.0000000000000000E+000                  1.6238248273219011E+001                  3.3451829728277073E+009                  2.2141447304962067E-006                  0.0000000000000000E+000                 -2.8273969971483632E+000                  1.1231112721352436E+000                  1.3616718994950747E+000                  1.5121868973270653E+000 
                                     345                  2.9999972696107493E+000                  2.7978294386853036E-001                  5.4414667163680539E+000                 -4.9871597168826103E+000                  8.5961576039162324E+000                  6.9999999999760398E-001                  2.8000000000239622E-001                  1.9999999999999796E-002                  0.0000000000000000E+000                  4.4276727553528935E+008                  7.8636453689299952E+006                  4.4964032558796924E-022                  0.0000000000000000E+000                  0.0000000000000000E+000                  1.6127742909334970E+001                  3.3712803983498673E+009                  2.2156699457508184E-006                 -8.0988022702812232E-020                 -2.8272474666051286E+000                  1.1252757375410980E+000                  1.3638363649009291E+000                  1.5143513627329199E+000 
                                     346                  2.9999972310068932E+000                  2.7967217389205606E-001                  5.4443103995328768E+000                 -4.9770599229706143E+000                  8.6090433014423109E+000                  6.9999999999760398E-001                  2.8000000000239622E-001                  1.9999999999999796E-002                  0.0000000000000000E+000                  4.4239130922404373E+008                  7.8891777855661549E+006                  5.1312545484900358E-022                  0.0000000000000000E+000                  0.0000000000000000E+000                  1.6017106753273602E+001                  3.3841183695584311E+009                  2.2160869806939284E-006                 -3.2278204971162340E-019                 -2.8272065988458870E+000                  1.1263332866647462E+000                  1.3648939140245773E+000                  1.5154089118565679E+000 
                                     347                  2.9999971534610270E+000                  2.7945453183523489E-001                  5.4479582941977585E+000                 -4.9639654126599497E+000                  8.6257067045858555E+000                  6.9999999999760409E-001                  2.8000000000239622E-001                  1.9999999999999685E-002                  0.0000000000000000E+000                  4.4187844489292800E+008                  7.9220296101053897E+006                  6.0783404205299420E-022                  0.0000000000000000E+000                  0.0000000000000000E+000                  1.5880005785894767E+001                  3.4093283105468245E+009                  2.2163363421189376E-006                 -5.4604889320671705E-019                 -2.8271821660958745E+000                  1.1283936339670548E+000                  1.3669542613268859E+000                  1.5174692591588765E+000 
                                     348                  2.9999970759151613E+000                  2.7924304077558793E-001                  5.4520470673131589E+000                 -4.9492641073717811E+000                  8.6444078099179311E+000                  6.9999999999760398E-001                  2.8000000000239622E-001                  1.9999999999999796E-002                  0.0000000000000000E+000                  4.4130318511231434E+008                  7.9590049882933768E+006                  7.3460237264522390E-022                  0.0000000000000000E+000                  0.0000000000000000E+000                  1.5729200981469068E+001                  3.4336158459110112E+009                  2.2154771714047586E-006                 -5.7766949366326127E-019                 -2.8272663603210417E+000                  1.1303744067009998E+000                  1.3689350340608311E+000                  1.5194500318928215E+000 
                                     349                  2.9999969725206723E+000                  2.7896998193391503E-001                  5.4564951793598251E+000                 -4.9331296583520903E+000                  8.6648889270502796E+000                  6.9999999999760409E-001                  2.8000000000239622E-001                  1.9999999999999685E-002                  0.0000000000000000E+000                  4.4064891264221460E+008                  7.9994025972914882E+006                  9.0248713180909026E-022                  0.0000000000000000E+000                  0.0000000000000000E+000                  1.5572013250263071E+001                  3.4647553093425918E+009                  2.2129362736616587E-006                 -4.6453851314419087E-019                 -2.8275155461759067E+000                  1.1329027014918842E+000                  1.3714633288517155E+000                  1.5219783266837061E+000 
                                     350                  2.9999968691261842E+000                  2.7870639324479729E-001                  5.4612650685742006E+000                 -4.9157957055776773E+000                  8.6868835472662536E+000                  6.9999999999760409E-001                  2.8000000000239617E-001                  1.9999999999999796E-002                  0.0000000000000000E+000                  4.3994714264510250E+008                  8.0429404107163111E+006                  1.1247085387034108E-021                  0.0000000000000000E+000                  0.0000000000000000E+000                  1.5407479665502970E+001                  3.4945927806472936E+009                  2.2090798839344833E-006                 -2.5499618146478515E-019                 -2.8278942895236190E+000                  1.1353135548038502E+000                  1.3738741821636813E+000                  1.5243891799956719E+000 
                                     351                  2.9999967398830747E+000                  2.7838916340536835E-001                  5.4647818450614833E+000                 -4.9028093053558868E+000                  8.7032991319116526E+000                  6.9999999999760409E-001                  2.8000000000239622E-001                  1.9999999999999685E-002                  0.0000000000000000E+000                  4.3938427571560234E+008                  8.0751646306232708E+006                  1.3229394143706497E-021                  0.0000000000000000E+000                  0.0000000000000000E+000                  1.5293463462793966E+001                  3.5299788120762134E+009                  2.2026694169999915E-006                 -6.3134102843169890E-020                 -2.8285253390655383E+000                  1.1381799034075555E+000                  1.3767405307673866E+000                  1.5272555285993772E+000 
                                     352                  2.9999966881858309E+000                  2.7826582209643391E-001                  5.4677239332608121E+000                 -4.8920751047546460E+000                  8.7169072835945567E+000                  6.9999999999760409E-001                  2.8000000000239622E-001                  1.9999999999999685E-002                  0.0000000000000000E+000                  4.3894837294093978E+008                  8.1022369295559116E+006                  1.5144853065516243E-021                  0.0000000000000000E+000                  0.0000000000000000E+000                  1.5195522728835186E+001                  3.5437056405624232E+009                  2.1998474331872397E-006                 -7.5852613417926973E-020                 -2.8288037189576443E+000                  1.1392837478483344E+000                  1.3778443752081655E+000                  1.5283593730401563E+000 
                                     353                  2.9999965847913419E+000                  2.7802485887100226E-001                  5.4710224429783452E+000                 -4.8799037643969205E+000                  8.7322961387444291E+000                  6.9999999999760409E-001                  2.8000000000239622E-001                  1.9999999999999685E-002                  0.0000000000000000E+000                  4.3842944255117416E+008                  8.1326816655363599E+006                  1.7624124900461184E-021                  0.0000000000000000E+000                  0.0000000000000000E+000                  1.5090133148585778E+001                  3.5705674129633365E+009                  2.1941292402554275E-006                 -3.0124256235272525E-019                 -2.8293688974333695E+000                  1.1414247165064733E+000                  1.3799853438663043E+000                  1.5305003416982952E+000 
                                     354                  2.9999965072454762E+000                  2.7784887772934197E-001                  5.4746871609042733E+000                 -4.8664552436264206E+000                  8.7493225846319262E+000                  6.9999999999760398E-001                  2.8000000000239628E-001                  1.9999999999999796E-002                  0.0000000000000000E+000                  4.3787424500938690E+008                  8.1666522171487985E+006                  2.0845879181090715E-021                  0.0000000000000000E+000                  0.0000000000000000E+000                  1.4971684160598810E+001                  3.5900962017686338E+009                  2.1896401641045664E-006                 -4.4952947003004094E-019                 -2.8298136246767052E+000                  1.1429755243046629E+000                  1.3815361516644939E+000                  1.5320511494964846E+000 
                                     355                  2.9999963773181659E+000                  2.7756255698321303E-001                  5.4786437239145300E+000                 -4.8517769689394541E+000                  8.7678585792237413E+000                  6.9999999999760398E-001                  2.8000000000239628E-001                  1.9999999999999796E-002                  0.0000000000000000E+000                  4.3724020279273427E+008                  8.2034748972094944E+006                  2.4986379292377189E-021                  0.0000000000000000E+000                  0.0000000000000000E+000                  1.4848368351903463E+001                  3.6217347164891958E+009                  2.1820181022374740E-006                 -1.8888964029224118E-019                 -2.8305708253914288E+000                  1.1454773591009337E+000                  1.3840379864607650E+000                  1.5345529842927557E+000 
                                     356                  2.9999962725552769E+000                  2.7733897003445945E-001                  5.4811977698755587E+000                 -4.8422582594603174E+000                  8.7798663188113650E+000                  6.9999999999760398E-001                  2.8000000000239622E-001                  1.9999999999999796E-002                  0.0000000000000000E+000                  4.3682236118301457E+008                  8.2273324504188979E+006                  2.8082210984159653E-021                  0.0000000000000000E+000                  0.0000000000000000E+000                  1.4770154632746911E+001                  3.6460963891355844E+009                  2.1754875324880386E-006                  2.7351658319621260E-019                 -2.8312217006322333E+000                  1.1474132118247586E+000                  1.3859738391845897E+000                  1.5364888370165803E+000 
                                     357                  2.9999962201738319E+000                  2.7722947424957961E-001                  5.4837012587051150E+000                 -4.8330047516363974E+000                  8.7915626035526326E+000                  6.9999999999760409E-001                  2.8000000000239622E-001                  1.9999999999999685E-002                  0.0000000000000000E+000                  4.3643235260678780E+008                  8.2507978254660936E+006                  3.1477241082602266E-021                  0.0000000000000000E+000                  0.0000000000000000E+000                  1.4691760446060044E+001                  3.6580748866441007E+009                  2.1723226368950765E-006                  3.1222855160505435E-019                 -2.8315378360845758E+000                  1.1483553896609617E+000                  1.3869160170207928E+000                  1.5374310148527834E+000 
                                     358                  2.9999961154109429E+000                  2.7701485927283837E-001                  5.4869270103306897E+000                 -4.8209997251368071E+000                  8.8067126187450313E+000                  6.9999999999760398E-001                  2.8000000000239622E-001                  1.9999999999999796E-002                  0.0000000000000000E+000                  4.3591234954741192E+008                  8.2811278052741922E+006                  3.6460702078772541E-021                  0.0000000000000000E+000                  0.0000000000000000E+000                  1.4593484861331753E+001                  3.6815934003280993E+009                  2.1661192126562309E-006                 -6.7647146199008685E-020                 -2.8321588227994696E+000                  1.1501917141094393E+000                  1.3887523414692704E+000                  1.5392673393012610E+000 
                                     359                  2.9999960106480543E+000                  2.7680578984643539E-001                  5.4908418076267393E+000                 -4.8064661977941041E+000                  8.8250647898747925E+000                  6.9999999999760409E-001                  2.8000000000239617E-001                  1.9999999999999796E-002                  0.0000000000000000E+000                  4.3529266898346025E+008                  8.3180987011215240E+006                  4.3558461464092405E-021                  0.0000000000000000E+000                  0.0000000000000000E+000                  1.4474481479181986E+001                  3.7044164928619881E+009                  2.1598306321447103E-006                 -2.2152315332514335E-019                 -2.8327901518340015E+000                  1.1519676202607201E+000                  1.3905282476205512E+000                  1.5410432454525418E+000 
                                     360                  2.9999958521193659E+000                  2.7649928968184040E-001                  5.4949618945016816E+000                 -4.7910308238864134E+000                  8.8445148376279175E+000                  6.9999999999760409E-001                  2.8000000000239622E-001                  1.9999999999999685E-002                  0.0000000000000000E+000                  4.3461136192289728E+008                  8.3571809412208861E+006                  5.2516923100780475E-021                  0.0000000000000000E+000                  0.0000000000000000E+000                  1.4354750439314978E+001                  3.7376704080743208E+009                  2.1501144493283140E-006                 -8.1194236438955912E-020                 -2.8337692111145589E+000                  1.1545494899057920E+000                  1.3931101172656233E+000                  1.5436251150976139E+000 
                                     361                  2.9999957200121248E+000                  2.7625231961121977E-001                  5.4978451903500654E+000                 -4.7801912943309217E+000                  8.8581630300866099E+000                  6.9999999999760409E-001                  2.8000000000239622E-001                  1.9999999999999685E-002                  0.0000000000000000E+000                  4.3412804566330546E+008                  8.3846430666023912E+006                  5.9848315566611902E-021                  0.0000000000000000E+000                  0.0000000000000000E+000                  1.4273378921617422E+001                  3.7641414940001540E+009                  2.1415983621255546E-006                  0.0000000000000000E+000                 -2.8346309869826820E+000                  1.1566116432185356E+000                  1.3951722705783667E+000                  1.5456872684103573E+000 
                                     362                  2.9999956407477808E+000                  2.7610759458931511E-001                  5.5003180170450152E+000                 -4.7709432764270527E+000                  8.8698218507625324E+000                  6.9999999999760398E-001                  2.8000000000239628E-001                  1.9999999999999796E-002                  0.0000000000000000E+000                  4.3372602294228035E+008                  8.4082780118057597E+006                  6.6925640771985819E-021                  0.0000000000000000E+000                  0.0000000000000000E+000                  1.4203489560502957E+001                  3.7796778371191068E+009                  2.1364928432857980E-006                  0.0000000000000000E+000                 -2.8351492788108699E+000                  1.1578124772507270E+000                  1.3963731046105581E+000                  1.5468881024425487E+000 
                                     363                  2.9999955343617311E+000                  2.7591722172133931E-001                  5.5037699193444212E+000                 -4.7580433299137805E+000                  8.8860878945908937E+000                  6.9999999999760398E-001                  2.8000000000239628E-001                  1.9999999999999796E-002                  0.0000000000000000E+000                  4.3316886200091016E+008                  8.4413915144892614E+006                  7.8201050952401445E-021                  0.0000000000000000E+000                  0.0000000000000000E+000                  1.4107604509351189E+001                  3.8002280098941789E+009                  2.1297381611792906E-006                  0.0000000000000000E+000                 -2.8358368936198333E+000                  1.1593838777425292E+000                  1.3979445051023605E+000                  1.5484595029343511E+000 
                                     364                  2.9999953737322689E+000                  2.7563774195742757E-001                  5.5077524785715823E+000                 -4.7430815976029566E+000                  8.9049311192777267E+000                  6.9999999999760398E-001                  2.8000000000239622E-001                  1.9999999999999796E-002                  0.0000000000000000E+000                  4.3251098522944015E+008                  8.4797599179669153E+006                  9.3566267906954541E-021                  0.0000000000000000E+000                  0.0000000000000000E+000                  1.4001529755645112E+001                  3.8302489260295873E+009                  2.1193569966605314E-006                  0.0000000000000000E+000                 -2.8368979410356032E+000                  1.1616753006108131E+000                  1.4002359279706442E+000                  1.5507509258026348E+000 
                                     365                  2.9999952131028076E+000                  2.7536721306614337E-001                  5.5122096833108563E+000                 -4.7263790621702420E+000                  8.9259800287382802E+000                  6.9999999999760398E-001                  2.8000000000239622E-001                  1.9999999999999796E-002                  0.0000000000000000E+000                  4.3178839412865168E+008                  8.5229256224840358E+006                  1.1429607251746874E-020                  0.0000000000000000E+000                  0.0000000000000000E+000                  1.3884487840930179E+001                  3.8592070669443569E+009                  2.1089328380190601E-006                  0.0000000000000000E+000                 -2.8379686253844434E+000                  1.1638759017636586E+000                  1.4024365291234897E+000                  1.5529515269554806E+000 
                                     366                  2.9999949989301924E+000                  2.7501937479545119E-001                  5.5158454076614980E+000                 -4.7126015595946544E+000                  8.9432982896899329E+000                  6.9999999999760398E-001                  2.8000000000239622E-001                  1.9999999999999796E-002                  0.0000000000000000E+000                  4.3116816406288892E+008                  8.5582903702953216E+006                  1.3455308870967150E-020                  0.0000000000000000E+000                  0.0000000000000000E+000                  1.3794635671711619E+001                  3.8960828347366714E+009                  2.0949652318758431E-006                  0.0000000000000000E+000                 -2.8394115901029631E+000                  1.1666821560650338E+000                  1.4052427834248649E+000                  1.5557577812568555E+000 
                                     367                  2.9999948918438846E+000                  2.7485058550549074E-001                  5.5182065940216445E+000                 -4.7037128714033809E+000                  8.9544888163988023E+000                  6.9999999999760398E-001                  2.8000000000239622E-001                  1.9999999999999796E-002                  0.0000000000000000E+000                  4.3078047310055584E+008                  8.5813466852598600E+006                  1.4954319567085264E-020                  0.0000000000000000E+000                  0.0000000000000000E+000                  1.3735443801761049E+001                  3.9138762960352616E+009                  2.0880338081735536E-006                  0.0000000000000000E+000                 -2.8401312368903593E+000                  1.1680341661256179E+000                  1.4065947934854490E+000                  1.5571097913174399E+000 
                                     368                  2.9999947847575776E+000                  2.7468502462620603E-001                  5.5211007138375852E+000                 -4.6928498299986048E+000                  8.9681746426068401E+000                  6.9999999999760387E-001                  2.8000000000239622E-001                  1.9999999999999907E-002                  0.0000000000000000E+000                  4.3031439454163474E+008                  8.6096989390723072E+006                  1.7016347026804601E-020                  0.0000000000000000E+000                  0.0000000000000000E+000                  1.3662620584253956E+001                  3.9314788434495888E+009                  2.0814439860782525E-006                 -5.7565492997342460E-020                 -2.8408176359784285E+000                  1.1693541058768739E+000                  1.4079147332367050E+000                  1.5584297310686956E+000 
                                     369                  2.9999946227112670E+000                  2.7444033518252980E-001                  5.5250344763181438E+000                 -4.6780737708040050E+000                  8.9867877209645712E+000                  6.9999999999760387E-001                  2.8000000000239622E-001                  1.9999999999999907E-002                  0.0000000000000000E+000                  4.2968200582431942E+008                  8.6483918586579543E+006                  2.0275032039104513E-020                  0.0000000000000000E+000                  0.0000000000000000E+000                  1.3564516623393830E+001                  3.9575241162025723E+009                  2.0718490085677235E-006                 -2.2885482940249270E-019                 -2.8418209490616793E+000                  1.1712943428082334E+000                  1.4098549701680647E+000                  1.5603699680000553E+000 
                                     370                  2.9999944057049537E+000                  2.7412300206775181E-001                  5.5293545010537768E+000                 -4.6617858835936516E+000                  9.0072881345509384E+000                  6.9999999999760398E-001                  2.8000000000239622E-001                  1.9999999999999796E-002                  0.0000000000000000E+000                  4.2897857925882524E+008                  8.6910881897670310E+006                  2.4567885845809142E-020                  0.0000000000000000E+000                  0.0000000000000000E+000                  1.3458765290643029E+001                  3.9911066178165641E+009                  2.0594365201187083E-006                 -3.4059140499721286E-019                 -2.8431257950771474E+000                  1.1737926683559869E+000                  1.4123532957158182E+000                  1.5628682935478089E+000 
                                     371                  2.9999941872611098E+000                  2.7381465951303530E-001                  5.5324763968642729E+000                 -4.6499426133587924E+000                  9.0221737315358261E+000                  6.9999999999760398E-001                  2.8000000000239622E-001                  1.9999999999999796E-002                  0.0000000000000000E+000                  4.2845730560746801E+008                  8.7220738120511994E+006                  2.8220879540966658E-020                  0.0000000000000000E+000                  0.0000000000000000E+000                  1.3384645849490406E+001                  4.0233685164549537E+009                  2.0472169270528944E-006                 -2.2534648328871511E-019                 -2.8444180681092641E+000                  1.1762013809034497E+000                  1.4147620082632808E+000                  1.5652770060952714E+000 
                                     372                  2.9999940773204230E+000                  2.7366340850228354E-001                  5.5350296408002500E+000                 -4.6403388724803909E+000                  9.0342686782992168E+000                  6.9999999999760398E-001                  2.8000000000239617E-001                  1.9999999999999796E-002                  0.0000000000000000E+000                  4.2805054695900297E+008                  8.7475113540386055E+006                  3.1596228648161894E-020                  0.0000000000000000E+000                  0.0000000000000000E+000                  1.3322463079116762E+001                  4.0392114451574640E+009                  2.0413126682621606E-006                 -5.6129931793298438E-020                 -2.8450452346089188E+000                  1.1773758202185121E+000                  1.4159364475783434E+000                  1.5664514454103340E+000 
                                     373                  2.9999939124093924E+000                  2.7344120752801565E-001                  5.5384943346149971E+000                 -4.6273004227026675E+000                  9.0506878738816905E+000                  6.9999999999760409E-001                  2.8000000000239611E-001                  1.9999999999999796E-002                  0.0000000000000000E+000                  4.2749956613258511E+008                  8.7821546476847846E+006                  3.6820744015361390E-020                  0.0000000000000000E+000                  0.0000000000000000E+000                  1.3239183325083241E+001                  4.0626461398993363E+009                  2.0328859336423154E-006                  0.0000000000000000E+000                 -2.8459434945913347E+000                  1.1790929353660071E+000                  1.4176535627258382E+000                  1.5681685605578288E+000 
                                     374                  2.9999936925280184E+000                  2.7315319489528778E-001                  5.5423006495471405E+000                 -4.6129319348236937E+000                  9.0687695996445417E+000                  6.9999999999760409E-001                  2.8000000000239611E-001                  1.9999999999999796E-002                  0.0000000000000000E+000                  4.2688795634087914E+008                  8.8203767000599075E+006                  4.3548844106325146E-020                  0.0000000000000000E+000                  0.0000000000000000E+000                  1.3150390295033029E+001                  4.0928705537966661E+009                  2.0218300484065114E-006                  0.0000000000000000E+000                 -2.8471276766329652E+000                  1.1813050619680940E+000                  1.4198656893279251E+000                  1.5703806871599157E+000 
                                     375                  2.9999934726466440E+000                  2.7287400875693441E-001                  5.5459858322268563E+000                 -4.5990212895153748E+000                  9.0862759317288351E+000                  6.9999999999760409E-001                  2.8000000000239611E-001                  1.9999999999999796E-002                  0.0000000000000000E+000                  4.2629904294646841E+008                  8.8575509386737701E+006                  5.1211919545249541E-020                  0.0000000000000000E+000                  0.0000000000000000E+000                  1.3066407008808381E+001                  4.1220296347591877E+009                  2.0109244349337653E-006                  0.0000000000000000E+000                 -2.8483021243505293E+000                  1.1834349583806911E+000                  1.4219955857405222E+000                  1.5725105835725131E+000 
                                     376                  2.9999932500934281E+000                  2.7259981427342056E-001                  5.5497880123266317E+000                 -4.5846864751760723E+000                  9.1043217611227707E+000                  6.9999999999760409E-001                  2.8000000000239611E-001                  1.9999999999999796E-002                  0.0000000000000000E+000                  4.2569798953019422E+008                  8.8960829208704364E+006                  6.0507397330443664E-020                  0.0000000000000000E+000                  0.0000000000000000E+000                  1.2981833313750450E+001                  4.1506498927153959E+009                  2.0000945833046825E-006                  0.0000000000000000E+000                 -2.8494747331590005E+000                  1.1855132499825927E+000                  1.4240738773424237E+000                  1.5745888751744144E+000 
                                     377                  2.9999929987191183E+000                  2.7229957150428857E-001                  5.5530197823647685E+000                 -4.5724464132290583E+000                  9.1197148069169067E+000                  6.9999999999760409E-001                  2.8000000000239605E-001                  1.9999999999999796E-002                  0.0000000000000000E+000                  4.2517752218206543E+008                  8.9289702410449721E+006                  6.9710103008181384E-020                  0.0000000000000000E+000                  0.0000000000000000E+000                  1.2913553476379025E+001                  4.1818195834541464E+009                  1.9879074482893223E-006                  0.0000000000000000E+000                 -2.8508019195349719E+000                  1.1877746183023148E+000                  1.4263352456621459E+000                  1.5768502434941367E+000 
                                     378                  2.9999928311362454E+000                  2.7210463909807070E-001                  5.5553324102824710E+000                 -4.5637127780825333E+000                  9.1307057726906748E+000                  6.9999999999760409E-001                  2.8000000000239611E-001                  1.9999999999999796E-002                  0.0000000000000000E+000                  4.2481143546791810E+008                  8.9525875541017614E+006                  7.7124444367450705E-020                  0.0000000000000000E+000                  0.0000000000000000E+000                  1.2865196744033836E+001                  4.2019833236846542E+009                  1.9798308900196411E-006                  0.0000000000000000E+000                 -2.8516859520075815E+000                  1.1892348171134888E+000                  1.4277954444733201E+000                  1.5783104423053107E+000 
                                     379                  2.9999926909095671E+000                  2.7194457868859889E-001                  5.5588479963231991E+000                 -4.5505612673650537E+000                  9.1472931877785193E+000                  6.9999999999760409E-001                  2.8000000000239605E-001                  1.9999999999999796E-002                  0.0000000000000000E+000                  4.2428221600934029E+008                  8.9886331135877855E+006                  8.9881841779998186E-020                  0.0000000000000000E+000                  0.0000000000000000E+000                  1.2790041898055557E+001                  4.2187191159849505E+009                  1.9733660618451475E-006                 -5.5651581098258743E-020                 -2.8523961725555806E+000                  1.1904288928852895E+000                  1.4289895202451206E+000                  1.5795045180771112E+000 
                                     380                  2.9999923522981158E+000                  2.7156890835245368E-001                  5.5631122538473132E+000                 -4.5344442535657183E+000                  9.1675732792387148E+000                  6.9999999999760409E-001                  2.8000000000239611E-001                  1.9999999999999796E-002                  0.0000000000000000E+000                  4.2360839616537184E+008                  9.0325504243710600E+006                  1.0821145300505598E-019                  0.0000000000000000E+000                  0.0000000000000000E+000                  1.2704428062698875E+001                  4.2578778329649587E+009                  1.9582306652428493E-006                 -2.2074342650183048E-019                 -2.8540680764038595E+000                  1.1932166023459525E+000                  1.4317772297057836E+000                  1.5822922275377742E+000 
                                     381                  2.9999920821804098E+000                  2.7127948138330327E-001                  5.5673328504097643E+000                 -4.5185963152846007E+000                  9.1875456553480284E+000                  6.9999999999760398E-001                  2.8000000000239617E-001                  1.9999999999999796E-002                  0.0000000000000000E+000                  4.2296506579370129E+008                  9.0762590642746333E+006                  1.2993568849969427E-019                  0.0000000000000000E+000                  0.0000000000000000E+000                  1.2617894115069959E+001                  4.2878496632629447E+009                  1.9466034714758442E-006                 -3.2899991613277839E-019                 -2.8553612532303818E+000                  1.1953495429167182E+000                  1.4339101702765493E+000                  1.5844251681085399E+000 
                                     382                  2.9999917260429703E+000                  2.7091072217605333E-001                  5.5705547594896689E+000                 -4.5063756862446631E+000                  9.2029114556726039E+000                  6.9999999999760376E-001                  2.8000000000239622E-001                  2.0000000000000018E-002                  0.0000000000000000E+000                  4.2245078085427028E+008                  9.1097668144229222E+006                  1.4940363878991791E-019                  0.0000000000000000E+000                  0.0000000000000000E+000                  1.2554667901568660E+001                  4.3257941741037693E+009                  1.9320806237798402E-006                 -2.1756686005480919E-019                 -2.8569873774353853E+000                  1.1980495761186221E+000                  1.4366102034784531E+000                  1.5871252013104440E+000 
                                     383                  2.9999915820822669E+000                  2.7076553789932117E-001                  5.5732789520361123E+000                 -4.4961765729500245E+000                  9.2157743384235538E+000                  6.9999999999760387E-001                  2.8000000000239628E-001                  1.9999999999999796E-002                  0.0000000000000000E+000                  4.2204401548969084E+008                  9.1382163891737033E+006                  1.6803357940664997E-019                  0.0000000000000000E+000                  0.0000000000000000E+000                  1.2497533361303605E+001                  4.3407448559365158E+009                  1.9265813643297767E-006                 -1.3294061496384303E-019                 -2.8576063224629751E+000                  1.1991067103560138E+000                  1.4376673377158451E+000                  1.5881823355478357E+000 
                                     384                  2.9999912941608602E+000                  2.7048148824363377E-001                  5.5769743066115245E+000                 -4.4822869435422126E+000                  9.2332761238188734E+000                  6.9999999999760387E-001                  2.8000000000239622E-001                  1.9999999999999907E-002                  0.0000000000000000E+000                  4.2148279359383672E+008                  9.1769556805726159E+006                  1.9703215717130481E-019                  0.0000000000000000E+000                  0.0000000000000000E+000                  1.2420212947584840E+001                  4.3702098285756521E+009                  1.9165304514911561E-006                 -3.1296932864570464E-019                 -2.8587421379544855E+000                  1.2011655310612541E+000                  1.4397261584210852E+000                  1.5902411562530758E+000 
                                     385                  2.9999909751098595E+000                  2.7017601366877125E-001                  5.5798719847287686E+000                 -4.4713345288519548E+000                  9.2470594806370787E+000                  6.9999999999760398E-001                  2.8000000000239622E-001                  1.9999999999999796E-002                  0.0000000000000000E+000                  4.2103185616408855E+008                  9.2074503557866532E+006                  2.2320310432095629E-019                  0.0000000000000000E+000                  0.0000000000000000E+000                  1.2360058072405428E+001                  4.4015306337931957E+009                  1.9059460920940397E-006                 -4.6641067373746915E-019                 -2.8599446935689872E+000                  1.2033665398931315E+000                  1.4419271672529628E+000                  1.5924421650849534E+000 
                                     386                  2.9999908000195616E+000                  2.7001228358346241E-001                  5.5828826985695095E+000                 -4.4600713939347676E+000                  9.2612678768588772E+000                  6.9999999999760398E-001                  2.8000000000239617E-001                  1.9999999999999796E-002                  0.0000000000000000E+000                  4.2058751231510401E+008                  9.2392621204937883E+006                  2.5395295364613949E-019                  0.0000000000000000E+000                  0.0000000000000000E+000                  1.2294037450216324E+001                  4.4183698082789631E+009                  1.9005981171486082E-006                 -3.0987074570695368E-019                 -2.8605548526551949E+000                  1.2045401035231169E+000                  1.4431007308829480E+000                  1.5936157287149386E+000 
                                     387                  2.9999904498389669E+000                  2.6969267363149302E-001                  5.5870930206479601E+000                 -4.4442559622164319E+000                  9.2812006947889749E+000                  6.9999999999760398E-001                  2.8000000000239611E-001                  1.9999999999999907E-002                  0.0000000000000000E+000                  4.1995560525911188E+008                  9.2839390963840205E+006                  3.0410540079381581E-019                  0.0000000000000000E+000                  0.0000000000000000E+000                  1.2202367671425412E+001                  4.4513927977186327E+009                  1.8908100929753455E-006                  1.3313488080128513E-019                 -2.8616760440688962E+000                  1.2068189639818308E+000                  1.4453795913416618E+000                  1.5958945891736525E+000 
                                     388                  2.9999900358003635E+000                  2.6932743149703448E-001                  5.5903675749453976E+000                 -4.4318532370516204E+000                  9.2968030773357970E+000                  6.9999999999760398E-001                  2.8000000000239617E-001                  1.9999999999999796E-002                  0.0000000000000000E+000                  4.1944645463149631E+008                  9.3188332333209068E+006                  3.4982909485865648E-019                  0.0000000000000000E+000                  0.0000000000000000E+000                  1.2133080870370955E+001                  4.4885904510647039E+009                  1.8796282730024733E-006                  8.3404639339635749E-019                 -2.8629640155134624E+000                  1.2094048276011606E+000                  1.4479654549609917E+000                  1.5984804527929823E+000 
                                     389                  2.9999898287810614E+000                  2.6914961877865456E-001                  5.5925003420976553E+000                 -4.4238239095120999E+000                  9.3069180737561545E+000                  6.9999999999760387E-001                  2.8000000000239622E-001                  1.9999999999999907E-002                  0.0000000000000000E+000                  4.1912554087204581E+008                  9.3416387374966070E+006                  3.8314171937936276E-019                  0.0000000000000000E+000                  0.0000000000000000E+000                  1.2086728752986922E+001                  4.5066295927856588E+009                  1.8742928635484257E-006                  1.2465312160081229E-018                 -2.8635812742039244E+000                  1.2106561356354903E+000                  1.4492167629953214E+000                  1.5997317608273121E+000 
                                     390                  2.9999896217617597E+000                  2.6897485059761334E-001                  5.5941484346825190E+000                 -4.4176028662849456E+000                  9.3147504417590579E+000                  6.9999999999760387E-001                  2.8000000000239628E-001                  1.9999999999999796E-002                  0.0000000000000000E+000                  4.1887508710439134E+008                  9.3592995510282237E+006                  4.1102223689075319E-019                  0.0000000000000000E+000                  0.0000000000000000E+000                  1.2051311732917906E+001                  4.5244018760196095E+009                  1.8692010513079457E-006                  8.2808341634099787E-019                 -2.8641719916921717E+000                  1.2118812006857322E+000                  1.4504418280455633E+000                  1.6009568258775539E+000 
                                     391                  2.9999895020135314E+000                  2.6887510094902523E-001                  5.5959360540143406E+000                 -4.4108932803161709E+000                  9.3232090141914963E+000                  6.9999999999760387E-001                  2.8000000000239633E-001                  1.9999999999999796E-002                  0.0000000000000000E+000                  4.1861148261478847E+008                  9.3784981932484433E+006                  4.4348541570925561E-019                  0.0000000000000000E+000                  0.0000000000000000E+000                  1.2012052792365120E+001                  4.5345682802451429E+009                  1.8663548193139483E-006                  1.5355554593664594E-019                 -2.8645028937402794E+000                  1.2125782258064590E+000                  1.4511388531662901E+000                  1.6016538509982807E+000 
                                     392                  2.9999892625170750E+000                  2.6867845891999376E-001                  5.5994387848145557E+000                 -4.3977829973056375E+000                  9.3397477422142430E+000                  6.9999999999760376E-001                  2.8000000000239633E-001                  1.9999999999999907E-002                  0.0000000000000000E+000                  4.1810416252437532E+008                  9.4162372127390690E+006                  5.1454373079899774E-019                  0.0000000000000000E+000                  0.0000000000000000E+000                  1.1934585386284086E+001                  4.5547630264761162E+009                  1.8609642881340018E-006                 -2.1137174331199825E-019                 -2.8651309804456733E+000                  1.2139475604489673E+000                  1.4525081878087986E+000                  1.6030231856407893E+000 
                                     393                  2.9999887803630947E+000                  2.6829357929933595E-001                  5.6035870751879866E+000                 -4.3821160168496691E+000                  9.3594714615780816E+000                  6.9999999999760387E-001                  2.8000000000239633E-001                  1.9999999999999796E-002                  0.0000000000000000E+000                  4.1748066082927585E+008                  9.4611168282943331E+006                  6.1350032529871207E-019                  0.0000000000000000E+000                  0.0000000000000000E+000                  1.1846869542505070E+001                  4.5939802585798378E+009                  1.8503153505018762E-006                 -3.1465611707849461E-019                 -2.8663771240926814E+000                  1.2166116628406287E+000                  1.4551722902004598E+000                  1.6056872880324504E+000 
                                     394                  2.9999883683545931E+000                  2.6797557519648840E-001                  5.6073750672043099E+000                 -4.3678409082672482E+000                  9.3774524293574704E+000                  6.9999999999760387E-001                  2.8000000000239622E-001                  1.9999999999999907E-002                  0.0000000000000000E+000                  4.1692162280866438E+008                  9.5022889061280973E+006                  7.2005367130659999E-019                  0.0000000000000000E+000                  0.0000000000000000E+000                  1.1766326079265946E+001                  4.6260956325101490E+009                  1.8414278250877862E-006                 -2.0847078210770956E-019                 -2.8674226493413753E+000                  1.2187963408988507E+000                  1.4573569682586818E+000                  1.6078719660906724E+000 
                                     395                  2.9999879315447164E+000                  2.6764860260712153E-001                  5.6116246473471358E+000                 -4.3518538537540872E+000                  9.3975983407074182E+000                  6.9999999999760387E-001                  2.8000000000239622E-001                  1.9999999999999907E-002                  0.0000000000000000E+000                  4.1630511955093950E+008                  9.5486916824947093E+006                  8.6131660773685777E-019                  0.0000000000000000E+000                  0.0000000000000000E+000                  1.1674919712105318E+001                  4.6591832404365931E+009                  1.8326652378016250E-006                 -5.1790453995497417E-020                 -2.8684584289081556E+000                  1.2210268106790028E+000                  1.4595874380388341E+000                  1.6101024358708247E+000 
                                     396                  2.9999873776317840E+000                  2.6724795298842813E-001                  5.6148550670265420E+000                 -4.3395718536416492E+000                  9.4130385122182183E+000                  6.9999999999760387E-001                  2.8000000000239628E-001                  1.9999999999999796E-002                  0.0000000000000000E+000                  4.1581676498441154E+008                  9.5841012489573583E+006                  9.8694136039620532E-019                  0.0000000000000000E+000                  0.0000000000000000E+000                  1.1607665440005611E+001                  4.6992831164775114E+009                  1.8220456449480192E-006                  0.0000000000000000E+000                 -2.8697203737526551E+000                  1.2237394782453672E+000                  1.4623001056051983E+000                  1.6128151034371889E+000 
                                     397                  2.9999871434256740E+000                  2.6708295143165506E-001                  5.6172039518542007E+000                 -4.3307285739973747E+000                  9.4241808978080392E+000                  6.9999999999760387E-001                  2.8000000000239628E-001                  1.9999999999999796E-002                  0.0000000000000000E+000                  4.1548038280964541E+008                  9.6099361262424421E+006                  1.0892337019120681E-018                  0.0000000000000000E+000                  0.0000000000000000E+000                  1.1556149671594401E+001                  4.7157590947184429E+009                  1.8178358777565523E-006                 -4.5995354042017832E-020                 -2.8702226646830455E+000                  1.2248495886910395E+000                  1.4634102160508708E+000                  1.6139252138828615E+000 
                                     398                  2.9999867921165095E+000                  2.6684009602352204E-001                  5.6214577152866898E+000                 -4.3147940658825119E+000                  9.4442818078826747E+000                  6.9999999999760387E-001                  2.8000000000239622E-001                  1.9999999999999907E-002                  0.0000000000000000E+000                  4.1489155295040560E+008                  9.6568991815044265E+006                  1.3014907056334969E-018                  0.0000000000000000E+000                  0.0000000000000000E+000                  1.1459330433669054E+001                  4.7403493000257807E+009                  1.8122808456775851E-006                 -1.2109283347779977E-019                 -2.8708872498315765E+000                  1.2264754234093889E+000                  1.4650360507692202E+000                  1.6155510486012108E+000 
                                     399                  2.9999860508465552E+000                  2.6634486578295080E-001                  5.6260679631679320E+000                 -4.2972658805191317E+000                  9.4663189523648281E+000                  6.9999999999760398E-001                  2.8000000000239611E-001                  1.9999999999999907E-002                  0.0000000000000000E+000                  4.1421473859023327E+008                  9.7080184704580605E+006                  1.5785686830532668E-018                  0.0000000000000000E+000                  0.0000000000000000E+000                  1.1357219341670351E+001                  4.7899220599309864E+009                  1.8014210172216833E-006                  2.7995969277142213E-020                 -2.8721923873193469E+000                  1.2297653331335323E+000                  1.4683259604933634E+000                  1.6188409583253540E+000 
                                     400                  2.9999855404502775E+000                  2.6601643361732136E-001                  5.6294779906483150E+000                 -4.2843354688725759E+000                  9.4825859743270104E+000                  6.9999999999760387E-001                  2.8000000000239622E-001                  1.9999999999999907E-002                  0.0000000000000000E+000                  4.1372651738462889E+008                  9.7459970379223414E+006                  1.8200008358653686E-018                  0.0000000000000000E+000                  0.0000000000000000E+000                  1.1278677867310897E+001                  4.8223410528992262E+009                  1.7944956566961932E-006                  4.0206209201819453E-019                 -2.8730287942366046E+000                  1.2319271802816583E+000                  1.4704878076414896E+000                  1.6210028054734802E+000 
                                     401                  2.9999850882185459E+000                  2.6573336868090952E-001                  5.6333584244728767E+000                 -4.2696841901622253E+000                  9.5010364325266963E+000                  6.9999999999760398E-001                  2.8000000000239617E-001                  1.9999999999999796E-002                  0.0000000000000000E+000                  4.1318867038077331E+008                  9.7893901707777046E+006                  2.1388507974042022E-018                  0.0000000000000000E+000                  0.0000000000000000E+000                  1.1186049089300500E+001                  4.8504514728462429E+009                  1.7891924522404368E-006                  5.2031043855661182E-019                 -2.8736714712896081E+000                  1.2337768706061762E+000                  1.4723374979660073E+000                  1.6228524957979980E+000 
                                     402                  2.9999844070288595E+000                  2.6532014406470672E-001                  5.6378271832841369E+000                 -4.2527039281084047E+000                  9.5223895812313444E+000                  6.9999999999760398E-001                  2.8000000000239611E-001                  1.9999999999999907E-002                  0.0000000000000000E+000                  4.1255877124228936E+008                  9.8395753032050226E+006                  2.5752123009974969E-018                  0.0000000000000000E+000                  0.0000000000000000E+000                  1.1080073628050547E+001                  4.8913628801642551E+009                  1.7819453892356884E-006                  2.7342051467894074E-019                 -2.8745528048962092E+000                  1.2364557840639963E+000                  1.4750164114238276E+000                  1.6255314092558182E+000 
                                     403                  2.9999837201549959E+000                  2.6491831862066378E-001                  5.6410110333920596E+000                 -4.2405084254487644E+000                  9.5376984140143986E+000                  6.9999999999760398E-001                  2.8000000000239617E-001                  1.9999999999999796E-002                  0.0000000000000000E+000                  4.1209878869280463E+008                  9.8754667581995595E+006                  2.9391373451130529E-018                  0.0000000000000000E+000                  0.0000000000000000E+000                  1.1006026862226351E+001                  4.9305253803597126E+009                  1.7747946446974763E-006                  1.1350780214546855E-019                 -2.8754259452013842E+000                  1.2390373984652743E+000                  1.4775980258251054E+000                  1.6281130236570960E+000 
                                     404                  2.9999833877595319E+000                  2.6472886319010031E-001                  5.6436560686508122E+000                 -4.2304664335284654E+000                  9.5503296309482728E+000                  6.9999999999760398E-001                  2.8000000000239611E-001                  1.9999999999999907E-002                  0.0000000000000000E+000                  4.1173641195687467E+008                  9.9053841844965480E+006                  3.2789434460240710E-018                  0.0000000000000000E+000                  0.0000000000000000E+000                  1.0942250533442941E+001                  4.9489929230665102E+009                  1.7715498677670511E-006                  2.4169204759236325E-019                 -2.8758233090514493E+000                  1.2402460408870624E+000                  1.4788066682468934E+000                  1.6293216660788841E+000 
                                     405                  2.9999828531988224E+000                  2.6443064201205990E-001                  5.6470231016719934E+000                 -4.2176342678894496E+000                  9.5664568367864238E+000                  6.9999999999760387E-001                  2.8000000000239622E-001                  1.9999999999999907E-002                  0.0000000000000000E+000                  4.1127131825554752E+008                  9.9435858153017405E+006                  3.7683543832648769E-018                  0.0000000000000000E+000                  0.0000000000000000E+000                  1.0862059941902384E+001                  4.9781958986147346E+009                  1.7667011558765737E-006                  3.6071081546087193E-019                 -2.8764184534101882E+000                  1.2421377665310580E+000                  1.4806983938908891E+000                  1.6312133917228797E+000 
                                     406                  2.9999822467030861E+000                  2.6410142810824588E-001                  5.6512220867945695E+000                 -4.2016532601970269E+000                  9.5865482691390973E+000                  6.9999999999760398E-001                  2.8000000000239622E-001                  1.9999999999999796E-002                  0.0000000000000000E+000                  4.1070235032511950E+008                  9.9914231285607908E+006                  4.4801869016816727E-018                  0.0000000000000000E+000                  0.0000000000000000E+000                  1.0761760343688222E+001                  5.0103288742030172E+009                  1.7613606766000793E-006                  2.3915317247379214E-019                 -2.8770758518805364E+000                  1.2442114505696098E+000                  1.4827720779294409E+000                  1.6332870757614315E+000 
                                     407                  2.9999813755704374E+000                  2.6364441047171350E-001                  5.6557471552447689E+000                 -4.1843033783922499E+000                  9.6083251276117814E+000                  6.9999999999760398E-001                  2.8000000000239622E-001                  1.9999999999999796E-002                  0.0000000000000000E+000                  4.1007574752641171E+008                  1.0043209294188466E+007                  5.3973571562228494E-018                  0.0000000000000000E+000                  0.0000000000000000E+000                  1.0656947456992997E+001                  5.0546154818456497E+009                  1.7538200717329712E-006                  5.9339247012682536E-020                 -2.8780074819564097E+000                  1.2470661248331441E+000                  1.4856267521929751E+000                  1.6361417500249658E+000 
                                     408                  2.9999805730612428E+000                  2.6323867500499259E-001                  5.6588377013114757E+000                 -4.1723780648170603E+000                  9.6232724684817939E+000                  6.9999999999760398E-001                  2.8000000000239611E-001                  1.9999999999999907E-002                  0.0000000000000000E+000                  4.0964000624160826E+008                  1.0078719534074219E+007                  6.1286880913005872E-018                  0.0000000000000000E+000                  0.0000000000000000E+000                  1.0587182317215346E+001                  5.0933286777156801E+009                  1.7467322485475630E-006                  0.0000000000000000E+000                 -2.8788868308199818E+000                  1.2495779517723622E+000                  1.4881385791321933E+000                  1.6386535769641839E+000 
                                     409                  2.9999801817295553E+000                  2.6304578456359690E-001                  5.6611693343119383E+000                 -4.1634471737603436E+000                  9.6344853327619280E+000                  6.9999999999760398E-001                  2.8000000000239617E-001                  1.9999999999999796E-002                  0.0000000000000000E+000                  4.0932533581638783E+008                  1.0105595380045993E+007                  6.7431857598577007E-018                  0.0000000000000000E+000                  0.0000000000000000E+000                  1.0533120335815426E+001                  5.1117350557585239E+009                  1.7434214630402842E-006                  0.0000000000000000E+000                 -2.8792988058866071E+000                  1.2507643356481848E+000                  1.4893249630080159E+000                  1.6398399608400067E+000 
                                     410                  2.9999796517671244E+000                  2.6278948158782950E-001                  5.6637793020689333E+000                 -4.1534199281802069E+000                  9.6470664259406380E+000                  6.9999999999760398E-001                  2.8000000000239622E-001                  1.9999999999999796E-002                  0.0000000000000000E+000                  4.0897063379305214E+008                  1.0135759080442918E+007                  7.5036823387296550E-018                  0.0000000000000000E+000                  0.0000000000000000E+000                  1.0473260762769092E+001                  5.1362844871249027E+009                  1.7391885146804468E-006                  0.0000000000000000E+000                 -2.8798266706294005E+000                  1.2523332190398266E+000                  1.4908938463996577E+000                  1.6414088442316483E+000 
                                     411                  2.9999791218046941E+000                  2.6253858936565372E-001                  5.6672729513926203E+000                 -4.1400557556352453E+000                  9.6638511029854843E+000                  6.9999999999760398E-001                  2.8000000000239622E-001                  1.9999999999999796E-002                  0.0000000000000000E+000                  4.0850967827096176E+008                  1.0176278744917789E+007                  8.6540517110110298E-018                  0.0000000000000000E+000                  0.0000000000000000E+000                  1.0391786703463129E+001                  5.1603291819698105E+009                  1.7351468854938374E-006                  7.5277046559436301E-020                 -2.8803318774799846E+000                  1.2538608484213247E+000                  1.4924214757811560E+000                  1.6429364736131467E+000 
                                     412                  2.9999781924122098E+000                  2.6211093312113948E-001                  5.6707305622813662E+000                 -4.1266750194328896E+000                  9.6806135150670745E+000                  6.9999999999760398E-001                  2.8000000000239622E-001                  1.9999999999999796E-002                  0.0000000000000000E+000                  4.0803163517341626E+008                  1.0216526407469243E+007                  9.9665806966847236E-018                  0.0000000000000000E+000                  0.0000000000000000E+000                  1.0314364676893502E+001                  5.2009612170731363E+009                  1.7282022117882318E-006                  2.9911180190339798E-019                 -2.8812027216907565E+000                  1.2564479058231564E+000                  1.4950085331829874E+000                  1.6455235310149781E+000 
                                     413                  2.9999776129499551E+000                  2.6185177166971046E-001                  5.6733233449119753E+000                 -4.1166791608815920E+000                  9.6931465514829274E+000                  6.9999999999760409E-001                  2.8000000000239611E-001                  1.9999999999999796E-002                  0.0000000000000000E+000                  4.0768197730788064E+008                  1.0246816184744263E+007                  1.1076644164902778E-017                  0.0000000000000000E+000                  0.0000000000000000E+000                  1.0255330410258559E+001                  5.2253562173199568E+009                  1.7239338333601662E-006                  4.9588949272377265E-019                 -2.8817397034662142E+000                  1.2580051109811288E+000                  1.4965657383409599E+000                  1.6470807361729505E+000 
                                     414                  2.9999770283759868E+000                  2.6159581789446640E-001                  5.6768702348376125E+000                 -4.1030678628015593E+000                  9.7102307632520350E+000                  6.9999999999760398E-001                  2.8000000000239617E-001                  1.9999999999999796E-002                  0.0000000000000000E+000                  4.0721695892595774E+008                  1.0288406944826884E+007                  1.2792717982439195E-017                  0.0000000000000000E+000                  0.0000000000000000E+000                  1.0172966344432220E+001                  5.2496403551511421E+009                  1.7200157260696720E-006                  4.9204021673654850E-019                 -2.8822337911642317E+000                  1.2595349116693939E+000                  1.4980955390292250E+000                  1.6486105368612156E+000 
                                     415                  2.9999759749911865E+000                  2.6114773976387479E-001                  5.6807974115646607E+000                 -4.0878454614985511E+000                  9.7292951479238550E+000                  6.9999999999760387E-001                  2.8000000000239628E-001                  1.9999999999999796E-002                  0.0000000000000000E+000                  4.0668049578758073E+008                  1.0334649785956254E+007                  1.5004235654759049E-017                  0.0000000000000000E+000                  0.0000000000000000E+000                  1.0084666542320624E+001                  5.2918646828836737E+009                  1.7132312938580891E-006                  3.6464417643263767E-019                 -2.8830920006931389E+000                  1.2621957181829895E+000                  1.5007563455428206E+000                  1.6512713433748114E+000 
                                     416                  2.9999751307098093E+000                  2.6080002328747320E-001                  5.6842983104419105E+000                 -4.0743025191836981E+000                  9.7462643121095205E+000                  6.9999999999760387E-001                  2.8000000000239622E-001                  1.9999999999999907E-002                  0.0000000000000000E+000                  4.0620950662528914E+008                  1.0376060230297316E+007                  1.7289291668921170E-017                  0.0000000000000000E+000                  0.0000000000000000E+000                  1.0004967543054793E+001                  5.3243144389178581E+009                  1.7079506588847028E-006                  1.9297003361153473E-019                 -2.8837623399159034E+000                  1.2642452228725340E+000                  1.5028058502323651E+000                  1.6533208480643558E+000 
                                     417                  2.9999742199946486E+000                  2.6043556659185924E-001                  5.6881915316931879E+000                 -4.0592423693248305E+000                  9.7651352708830963E+000                  6.9999999999760398E-001                  2.8000000000239617E-001                  1.9999999999999796E-002                  0.0000000000000000E+000                  4.0568864152510411E+008                  1.0422317790226951E+007                  2.0233942835973909E-017                  0.0000000000000000E+000                  0.0000000000000000E+000                  9.9158195394025448E+000                  5.3583586751330833E+009                  1.7027226103466907E-006                  4.7986935946424129E-020                 -2.8844280484814093E+000                  1.2663790117516465E+000                  1.5049396391114773E+000                  1.6554546369434682E+000 
                                     418                  2.9999731035934247E+000                  2.6000283434693089E-001                  5.6919736343478773E+000                 -4.0445273675548128E+000                  9.7835508084628220E+000                  6.9999999999760398E-001                  2.8000000000239617E-001                  1.9999999999999796E-002                  0.0000000000000000E+000                  4.0517165844721836E+008                  1.0467458752476608E+007                  2.3570013440718054E-017                  0.0000000000000000E+000                  0.0000000000000000E+000                  9.8304250961051718E+000                  5.3984854659663868E+009                  1.6966373963025008E-006                 -5.9588424873399176E-020                 -2.8852054823802415E+000                  1.2688944174109869E+000                  1.5074550447708179E+000                  1.6579700426028086E+000 
                                     419                  2.9999721632519196E+000                  2.5964953025595688E-001                  5.6953284315928654E+000                 -4.0314832938612071E+000                  9.7998780673007513E+000                  6.9999999999760398E-001                  2.8000000000239617E-001                  1.9999999999999796E-002                  0.0000000000000000E+000                  4.0471636669378805E+008                  1.0507676383856671E+007                  2.6978096369436447E-017                  0.0000000000000000E+000                  0.0000000000000000E+000                  9.7539291773016341E+000                  5.4310291858199377E+009                  1.6917823346437172E-006                 -2.3716168943111464E-019                 -2.8858277570976885E+000                  1.2709335029588433E+000                  1.5094941303186746E+000                  1.6600091281506653E+000 
                                     420                  2.9999712118588358E+000                  2.5930180957840793E-001                  5.6984652908984943E+000                 -4.0192598833648701E+000                  9.8151711581857306E+000                  6.9999999999760387E-001                  2.8000000000239628E-001                  1.9999999999999796E-002                  0.0000000000000000E+000                  4.0428777037386400E+008                  1.0545431197672287E+007                  3.0603292995326138E-017                  0.0000000000000000E+000                  0.0000000000000000E+000                  9.6824186585957079E+000                  5.4629711844821138E+009                  1.6872167009482120E-006                 -3.5401501734014001E-019                 -2.8864145671873449E+000                  1.2729277471585199E+000                  1.5114883745183509E+000                  1.6620033723503416E+000 
                                     421                  2.9999703315344428E+000                  2.5898827766622562E-001                  5.7015411592142122E+000                 -4.0072775340867119E+000                  9.8301640067908806E+000                  6.9999999999760387E-001                  2.8000000000239622E-001                  1.9999999999999907E-002                  0.0000000000000000E+000                  4.0386903055964583E+008                  1.0582597053954393E+007                  3.4622055354056517E-017                  0.0000000000000000E+000                  0.0000000000000000E+000                  9.6116545051657134E+000                  5.4916861591423254E+009                  1.6832738439054294E-006                 -2.3498929618495500E-019                 -2.8869226124747991E+000                  1.2747153107597449E+000                  1.5132759381195759E+000                  1.6637909359515666E+000 
                                     422                  2.9999693577489377E+000                  2.5865013695118150E-001                  5.7038968301491542E+000                 -3.9980394739571552E+000                  9.8417064490858230E+000                  6.9999999999760398E-001                  2.8000000000239622E-001                  1.9999999999999796E-002                  0.0000000000000000E+000                  4.0353940480070287E+008                  1.0611153433589982E+007                  3.8052472168259999E-017                  0.0000000000000000E+000                  0.0000000000000000E+000                  9.5583718745078432E+000                  5.5224165923696938E+009                  1.6790840574555640E-006                 -5.8476046545575555E-020                 -2.8874637809436812E+000                  1.2766324163595695E+000                  1.5151930437194006E+000                  1.6657080415513912E+000 
                                     423                  2.9999688644487956E+000                  2.5848215346021064E-001                  5.7058508091755913E+000                 -3.9904227438807491E+000                  9.8512359322724183E+000                  6.9999999999760398E-001                  2.8000000000239617E-001                  1.9999999999999796E-002                  0.0000000000000000E+000                  4.0327363506288910E+008                  1.0634908163243968E+007                  4.1145711111939828E-017                  0.0000000000000000E+000                  0.0000000000000000E+000                  9.5130039774322981E+000                  5.5376619406011391E+009                  1.6770776797950360E-006                  0.0000000000000000E+000                 -2.8877234105201448E+000                  1.2775804702962761E+000                  1.5161410976561072E+000                  1.6666560954880980E+000 
                                     424                  2.9999681187037792E+000                  2.5823225948944162E-001                  5.7085426995232744E+000                 -3.9799169906937597E+000                  9.8643767437964769E+000                  6.9999999999760387E-001                  2.8000000000239633E-001                  1.9999999999999796E-002                  0.0000000000000000E+000                  4.0290629853904092E+008                  1.0667727806323634E+007                  4.5817257446035799E-017                  0.0000000000000000E+000                  0.0000000000000000E+000                  9.4505153906296044E+000                  5.5604449666980896E+009                  1.6742935250682631E-006                  0.0000000000000000E+000                 -2.8880842011454892E+000                  1.2789854393084412E+000                  1.5175460666682725E+000                  1.6680610645002631E+000 
                                     425                  2.9999671146685571E+000                  2.5790319803967454E-001                  5.7123098807177435E+000                 -3.9652226726049515E+000                  9.8827594260855935E+000                  6.9999999999760387E-001                  2.8000000000239622E-001                  1.9999999999999907E-002                  0.0000000000000000E+000                  4.0239504966310334E+008                  1.0713842818230690E+007                  5.3241520370332867E-017                  0.0000000000000000E+000                  0.0000000000000000E+000                  9.3625351277250530E+000                  5.5904029259698849E+009                  1.6707618524004251E-006                 -7.5150571517748983E-020                 -2.8885427246520838E+000                  1.2808260713010504E+000                  1.5193866986608815E+000                  1.6699016964928721E+000 
                                     426                  2.9999655880560083E+000                  2.5741815126495082E-001                  5.7159638949529574E+000                 -3.9508184915883042E+000                  9.9007381209008791E+000                  6.9999999999760387E-001                  2.8000000000239622E-001                  1.9999999999999907E-002                  0.0000000000000000E+000                  4.0187816296288151E+008                  1.0758766373378422E+007                  6.1591107323029980E-017                  0.0000000000000000E+000                  0.0000000000000000E+000                  9.2800538539493260E+000                  5.6340457955247784E+009                  1.6654576880149351E-006                 -2.9869918090400633E-019                 -2.8892331981766017E+000                  1.2835208859923557E+000                  1.5220815133521868E+000                  1.6725965111841774E+000 
                                     427                  2.9999645453361525E+000                  2.5709676447653879E-001                  5.7183649346587089E+000                 -3.9413541871029918E+000                  9.9125515727746372E+000                  6.9999999999760376E-001                  2.8000000000239633E-001                  1.9999999999999907E-002                  0.0000000000000000E+000                  4.0153984946051919E+008                  1.0788396156557254E+007                  6.7766038555910944E-017                  0.0000000000000000E+000                  0.0000000000000000E+000                  9.2257668424015566E+000                  5.6626064196458158E+009                  1.6618211160226864E-006                 -3.7653522185420442E-019                 -2.8897078634725282E+000                  1.2852942044167104E+000                  1.5238548317765415E+000                  1.6743698296085321E+000 
                                     428                  2.9999638461207661E+000                  2.5688550993161402E-001                  5.7204984262991827E+000                 -3.9329721287102446E+000                  9.9230218875872200E+000                  6.9999999999760398E-001                  2.8000000000239617E-001                  1.9999999999999796E-002                  0.0000000000000000E+000                  4.0124417643896300E+008                  1.0814800321348142E+007                  7.3756938723772025E-017                  0.0000000000000000E+000                  0.0000000000000000E+000                  9.1769561697872994E+000                  5.6814334646176023E+009                  1.6595441473731164E-006                 -1.8796336615371268E-020                 -2.8900055949764343E+000                  1.2864543600754670E+000                  1.5250149874352981E+000                  1.6755299852672887E+000 
                                     429                  2.9999629644193178E+000                  2.5662378564320254E-001                  5.7230675649867813E+000                 -3.9228670769605540E+000                  9.9356415997408600E+000                  6.9999999999760387E-001                  2.8000000000239622E-001                  1.9999999999999907E-002                  0.0000000000000000E+000                  4.0088738862420630E+008                  1.0846687530997211E+007                  8.1668181174994228E-017                  0.0000000000000000E+000                  0.0000000000000000E+000                  9.1184436562806610E+000                  5.7047966628738441E+009                  1.6568237532557341E-006                  3.4149417789806400E-019                 -2.8903618438770913E+000                  1.2878858261491475E+000                  1.5264464535089786E+000                  1.6769614513409694E+000 
                                     430                  2.9999618940222161E+000                  2.5631274189687447E-001                  5.7262885042523770E+000                 -3.9101985400047345E+000                  9.9514631890704663E+000                  6.9999999999760387E-001                  2.8000000000239633E-001                  1.9999999999999796E-002                  0.0000000000000000E+000                  4.0044172896082956E+008                  1.0886806984822324E+007                  9.2774665239793587E-017                  0.0000000000000000E+000                  0.0000000000000000E+000                  9.0451965337506159E+000                  5.7325060833246565E+009                  1.6536313699631736E-006                  2.7586701810100256E-019                 -2.8907806487925010E+000                  1.2895788452706674E+000                  1.5281394726304984E+000                  1.6786544704624891E+000 
                                     431                  2.9999604427521449E+000                  2.5590212323506184E-001                  5.7301154765717381E+000                 -3.8951006939852233E+000                  9.9703068686043999E+000                  6.9999999999760387E-001                  2.8000000000239622E-001                  1.9999999999999907E-002                  0.0000000000000000E+000                  3.9990810170951414E+008                  1.0934676681099337E+007                  1.0792627810080081E-016                  0.0000000000000000E+000                  0.0000000000000000E+000                  8.9593090332806931E+000                  5.7689274636742306E+009                  1.6494267369422257E-006                  6.8618013140492191E-020                 -2.8913334849360499E+000                  1.2918006132097468E+000                  1.5303612405695779E+000                  1.6808762384015685E+000 
                                     432                  2.9999587801284835E+000                  2.5544641590896283E-001                  5.7338492923997073E+000                 -3.8803076797297251E+000                  9.9887537080313376E+000                  6.9999999999760387E-001                  2.8000000000239628E-001                  1.9999999999999796E-002                  0.0000000000000000E+000                  3.9938144560439348E+008                  1.0981590181532087E+007                  1.2506578503358136E-016                  0.0000000000000000E+000                  0.0000000000000000E+000                  8.8770123150805755E+000                  5.8089746143372078E+009                  1.6446414217259433E-006                  0.0000000000000000E+000                 -2.8919643879272563E+000                  1.2942492199645661E+000                  1.5328098473243972E+000                  1.6833248451563878E+000 
                                     433                  2.9999572740508880E+000                  2.5504625908768641E-001                  5.7377335932595148E+000                 -3.8649543400260011E+000                  1.0007909624034870E+001                  6.9999999999760398E-001                  2.8000000000239611E-001                  1.9999999999999907E-002                  0.0000000000000000E+000                  3.9884238647587973E+008                  1.1030620546011269E+007                  1.4572593473264335E-016                  0.0000000000000000E+000                  0.0000000000000000E+000                  8.7909987812840136E+000                  5.8440156874017515E+009                  1.6404756814287600E-006                 -5.9864960957483392E-020                 -2.8925151016269517E+000                  1.2963842956228007E+000                  1.5349449229826317E+000                  1.6854599208146226E+000 
                                     434                  2.9999553566643735E+000                  2.5455299526467828E-001                  5.7415150992708730E+000                 -3.8499090111798497E+000                  1.0026655294182360E+001                  6.9999999999760398E-001                  2.8000000000239611E-001                  1.9999999999999907E-002                  0.0000000000000000E+000                  3.9830737961409217E+008                  1.1078563507671542E+007                  1.6909210100632537E-016                  0.0000000000000000E+000                  0.0000000000000000E+000                  8.7095700902592501E+000                  5.8869412961598082E+009                  1.6353197448367905E-006                 -2.3806911117679677E-019                 -2.8931986597765382E+000                  1.2989977467640745E+000                  1.5375583741239056E+000                  1.6880733719558962E+000 
                                     435                  2.9999537903540872E+000                  2.5416257921268981E-001                  5.7444086812464663E+000                 -3.8383836963813405E+000                  1.0041012237643523E+001                  6.9999999999760387E-001                  2.8000000000239633E-001                  1.9999999999999796E-002                  0.0000000000000000E+000                  3.9789902160668272E+008                  1.1115392856072003E+007                  1.8943288856791155E-016                  0.0000000000000000E+000                  0.0000000000000000E+000                  8.6478123646467928E+000                  5.9205752503858166E+009                  1.6310975358526223E-006                 -3.5548246310338356E-019                 -2.8937600341898366E+000                  1.3010520606788565E+000                  1.5396126880386876E+000                  1.6901276858706782E+000 
                                     436                  2.9999525949592827E+000                  2.5387173671803936E-001                  5.7472742896783355E+000                 -3.8270140546893634E+000                  1.0055187505861692E+001                  6.9999999999760387E-001                  2.8000000000239633E-001                  1.9999999999999796E-002                  0.0000000000000000E+000                  3.9750333975902879E+008                  1.1151993031981731E+007                  2.1192362752542697E-016                  0.0000000000000000E+000                  0.0000000000000000E+000                  8.5861148279230814E+000                  5.9456728918922052E+009                  1.6280380742869421E-006                 -2.3619816777274808E-019                 -2.8941677213267973E+000                  1.3025740626530744E+000                  1.5411346900129055E+000                  1.6916496878448961E+000 
                                     437                  2.9999509800778754E+000                  2.5348809205036321E-001                  5.7500805954787841E+000                 -3.8158153510384047E+000                  1.0069132687655413E+001                  6.9999999999760387E-001                  2.8000000000239622E-001                  1.9999999999999907E-002                  0.0000000000000000E+000                  3.9710929252678043E+008                  1.1187949792846743E+007                  2.3652445131716069E-016                  0.0000000000000000E+000                  0.0000000000000000E+000                  8.5273033469635813E+000                  5.9786631167280998E+009                  1.6239912754627106E-006                 -5.8793004470658990E-020                 -2.8947081541202602E+000                  1.3045714655501688E+000                  1.5431320929099999E+000                  1.6936470907419905E+000 
                                     438                  2.9999497494031195E+000                  2.5320250597826571E-001                  5.7528622219447456E+000                 -3.8047582307007923E+000                  1.0082913447340230E+001                  6.9999999999760387E-001                  2.8000000000239605E-001                  2.0000000000000018E-002                  0.0000000000000000E+000                  3.9672722949051172E+008                  1.1223709552103532E+007                  2.6365053925869055E-016                  0.0000000000000000E+000                  0.0000000000000000E+000                  8.4685911204014683E+000                  6.0031349462822304E+009                  1.6209493414323751E-006                  0.0000000000000000E+000                 -2.8951152788435293E+000                  1.3060507056510984E+000                  1.5446113330109295E+000                  1.6951263308429201E+000 
                                     439                  2.9999480844916100E+000                  2.5282500128955415E-001                  5.7559848767253570E+000                 -3.7923051026501060E+000                  1.0098423649618022E+001                  6.9999999999760387E-001                  2.8000000000239617E-001                  2.0000000000000018E-002                  0.0000000000000000E+000                  3.9629579638740373E+008                  1.1263987625997292E+007                  2.9778745289687229E-016                  0.0000000000000000E+000                  0.0000000000000000E+000                  8.4039421235305873E+000                  6.0354566427495193E+009                  1.6169606732119402E-006                 -7.4404854384261458E-020                 -2.8956502713129528E+000                  1.3079963365441771E+000                  1.5465569639040082E+000                  1.6970719617359988E+000 
                                     440                  2.9999463903151802E+000                  2.5245074910941379E-001                  5.7590602168081197E+000                 -3.7800304163977900E+000                  1.0113709293878696E+001                  6.9999999999760387E-001                  2.8000000000239622E-001                  1.9999999999999907E-002                  0.0000000000000000E+000                  3.9587282483802950E+008                  1.1303796113554027E+007                  3.3565556063764463E-016                  0.0000000000000000E+000                  0.0000000000000000E+000                  8.3409469610672176E+000                  6.0672986725519667E+009                  1.6129213756048389E-006                 -3.7102308144129750E-019                 -2.8961934012321158E+000                  1.3099146197941280E+000                  1.5484752471539593E+000                  1.6989902449859500E+000 
                                     441                  2.9999446663649123E+000                  2.5207957823738730E-001                  5.7613218396873123E+000                 -3.7709569368771114E+000                  1.0124996304351917E+001                  6.9999999999760398E-001                  2.8000000000239622E-001                  1.9999999999999796E-002                  0.0000000000000000E+000                  3.9555763381211954E+008                  1.1333157377896257E+007                  3.6653011654559860E-016                  0.0000000000000000E+000                  0.0000000000000000E+000                  8.2957775927587232E+000                  6.0986108867688265E+009                  1.6087994714067084E-006                 -7.4010326002083986E-019                 -2.8967490425523712E+000                  1.3118070841497431E+000                  1.5503677115095742E+000                  1.7008827093415648E+000 
                                     442                  2.9999437968821621E+000                  2.5189589521553346E-001                  5.7635831244546063E+000                 -3.7619614261899490E+000                  1.0136206917624270E+001                  6.9999999999760387E-001                  2.8000000000239622E-001                  1.9999999999999907E-002                  0.0000000000000000E+000                  3.9525480444461888E+008                  1.1362595459705425E+007                  4.0011964910440843E-016                  0.0000000000000000E+000                  0.0000000000000000E+000                  8.2493906976896980E+000                  6.1141421269858227E+009                  1.6068074916317915E-006                 -7.3968286835747935E-019                 -2.8970180760334259E+000                  1.3127396674445122E+000                  1.5513002948043433E+000                  1.7018152926363341E+000 
                                     443                  2.9999420273641264E+000                  2.5152904122589637E-001                  5.7665500013199722E+000                 -3.7500980655402172E+000                  1.0150975583803922E+001                  6.9999999999760387E-001                  2.8000000000239628E-001                  1.9999999999999796E-002                  0.0000000000000000E+000                  3.9485218465527046E+008                  1.1401329078008359E+007                  4.4888292016582544E-016                  0.0000000000000000E+000                  0.0000000000000000E+000                  8.1899590334061436E+000                  6.1452309206667500E+009                  1.6029482892207578E-006                 -3.6892371099385111E-019                 -2.8975402438348787E+000                  1.3145947925469839E+000                  1.5531554199068149E+000                  1.7036704177388056E+000 
                                     444                  2.9999402267625177E+000                  2.5116488390551445E-001                  5.7694769180374292E+000                 -3.7383868334963188E+000                  1.0165553215413349E+001                  6.9999999999760398E-001                  2.8000000000239617E-001                  1.9999999999999796E-002                  0.0000000000000000E+000                  3.9445734041094029E+008                  1.1439667561868051E+007                  5.0271529916836920E-016                  0.0000000000000000E+000                  0.0000000000000000E+000                  8.1317255450548682E+000                  6.1758337429139214E+009                  1.5990335213054075E-006                 -7.3606396892547279E-020                 -2.8980712159175739E+000                  1.3164269508158466E+000                  1.5549875781756777E+000                  1.7055025760076683E+000 
                                     445                  2.9999383945371818E+000                  2.5080328450660311E-001                  5.7723656294677603E+000                 -3.7268211657845400E+000                  1.0179948090697428E+001                  6.9999999999760398E-001                  2.8000000000239617E-001                  1.9999999999999796E-002                  0.0000000000000000E+000                  3.9407004762764925E+008                  1.1477628713641677E+007                  5.6206911412163310E-016                  0.0000000000000000E+000                  0.0000000000000000E+000                  8.0745617647819827E+000                  6.2061187523474073E+009                  1.5951857382355037E-006                  0.0000000000000000E+000                 -2.8985943709133104E+000                  1.3182369641841236E+000                  1.5567975915439547E+000                  1.7073125893759453E+000 
                                     446                  2.9999365301386884E+000                  2.5044411202911315E-001                  5.7752177559929034E+000                 -3.7153948596461706E+000                  1.0194167991757023E+001                  6.9999999999760398E-001                  2.8000000000239617E-001                  1.9999999999999796E-002                  0.0000000000000000E+000                  3.9369008216303122E+008                  1.1515228915329576E+007                  6.2743157618622161E-016                  0.0000000000000000E+000                  0.0000000000000000E+000                  8.0183416507150245E+000                  6.2360996445057468E+009                  1.5914197654939891E-006                  0.0000000000000000E+000                 -2.8991076261437332E+000                  1.3200257885484101E+000                  1.5585864159082412E+000                  1.7091014137402318E+000 
                                     447                  2.9999346330081798E+000                  2.5008724265968391E-001                  5.7780347969988108E+000                 -3.7041020488616923E+000                  1.0208220243355301E+001                  6.9999999999760398E-001                  2.8000000000239617E-001                  1.9999999999999796E-002                  0.0000000000000000E+000                  3.9331721750636619E+008                  1.1552483265865531E+007                  6.9932711078927505E-016                  0.0000000000000000E+000                  0.0000000000000000E+000                  7.9629642946951060E+000                  6.2657889044040890E+009                  1.5877480723956255E-006                  0.0000000000000000E+000                 -2.8996092029217313E+000                  1.3217943095956284E+000                  1.5603549369554595E+000                  1.7108699347874501E+000 
                                     448                  2.9999327025772047E+000                  2.4973255926004614E-001                  5.7808181559146590E+000                 -3.6929371951240819E+000                  1.0222111747996525E+001                  6.9999999999760387E-001                  2.8000000000239622E-001                  1.9999999999999907E-002                  0.0000000000000000E+000                  3.9295123423162091E+008                  1.1589405884290628E+007                  7.7832009694388755E-016                  0.0000000000000000E+000                  0.0000000000000000E+000                  7.9084044831790150E+000                  6.2951980377215061E+009                  1.5841725171631717E-006                  0.0000000000000000E+000                 -2.9000987626446446E+000                  1.3235433527891902E+000                  1.5621039801490213E+000                  1.7126189779810119E+000 
                                     449                  2.9999307382675591E+000                  2.4937995088824078E-001                  5.7835691630225314E+000                 -3.6818950806602526E+000                  1.0235849017700943E+001                  6.9999999999760387E-001                  2.8000000000239622E-001                  1.9999999999999907E-002                  0.0000000000000000E+000                  3.9259192345053726E+008                  1.1626010261075474E+007                  8.6501790778071929E-016                  0.0000000000000000E+000                  0.0000000000000000E+000                  7.8546573960647912E+000                  6.3243378884207687E+009                  1.5806848028592149E-006                 -6.0466556423253984E-020                 -2.9005773610573584E+000                  1.3252736971299799E+000                  1.5638343244898112E+000                  1.7143493223218018E+000 
                                     450                  2.9999287394911209E+000                  2.4902931234896444E-001                  5.7862890848296678E+000                 -3.6709707890838947E+000                  1.0249438202843953E+001                  6.9999999999760387E-001                  2.8000000000239622E-001                  1.9999999999999907E-002                  0.0000000000000000E+000                  3.9223908590029609E+008                  1.1662309413070124E+007                  9.6007401114719477E-016                  0.0000000000000000E+000                  0.0000000000000000E+000                  7.8017237383541271E+000                  6.3532188451324377E+009                  1.5772744920002847E-006                 -2.4104180545583478E-019                 -2.9010463600611667E+000                  1.3269860858850491E+000                  1.5655467132448802E+000                  1.7160617110768708E+000 
                                     451                  2.9999267056496821E+000                  2.4868054378017082E-001                  5.7889791301319198E+000                 -3.6601596845277964E+000                  1.0262885118379735E+001                  6.9999999999760398E-001                  2.8000000000239617E-001                  1.9999999999999796E-002                  0.0000000000000000E+000                  3.9189254201615864E+008                  1.1698315834742559E+007                  1.0641912603720459E-015                  0.0000000000000000E+000                  0.0000000000000000E+000                  7.7496089786038143E+000                  6.3818509162598076E+009                  1.5739307206718203E-006                 -3.6035134451914910E-019                 -2.9015071938957542E+000                  1.3286812296302875E+000                  1.5672418569901185E+000                  1.7177568548221092E+000 
                                     452                  2.9999246361347751E+000                  2.4833355027495549E-001                  5.7916404554049921E+000                 -3.6494573929732934E+000                  1.0276195267729257E+001                  6.9999999999760398E-001                  2.8000000000239611E-001                  1.9999999999999907E-002                  0.0000000000000000E+000                  3.9155212683912468E+008                  1.1734041542002169E+007                  1.1781254248396280E-015                  0.0000000000000000E+000                  0.0000000000000000E+000                  7.6983226814078005E+000                  6.4102437764838533E+009                  1.5706422514463304E-006                 -2.3944286577166542E-019                 -2.9019613619407707E+000                  1.3303598070852685E+000                  1.5689204344450995E+000                  1.7194354322770902E+000 
                                     453                  2.9999225303275030E+000                  2.4798824153477145E-001                  5.7942741696106213E+000                 -3.6388597851425963E+000                  1.0289373864578048E+001                  6.9999999999760398E-001                  2.8000000000239622E-001                  1.9999999999999796E-002                  0.0000000000000000E+000                  3.9121768861829513E+008                  1.1769498122968158E+007                  1.3026889853799271E-015                  0.0000000000000000E+000                  0.0000000000000000E+000                  7.6478779289827665E+000                  6.4384068115481730E+009                  1.5673975551584148E-006                 -1.2179998983606746E-019                 -2.9024104174921117E+000                  1.3320224677464059E+000                  1.5705830951062369E+000                  1.7210980929382276E+000 
                                     454                  2.9999203875983600E+000                  2.4764453155084468E-001                  5.7968813384936668E+000                 -3.6283629607553318E+000                  1.0302425852799782E+001                  6.9999999999760387E-001                  2.8000000000239633E-001                  1.9999999999999796E-002                  0.0000000000000000E+000                  3.9088908835619444E+008                  1.1804696783163248E+007                  1.4387552126550914E-015                  0.0000000000000000E+000                  0.0000000000000000E+000                  7.5982908209405382E+000                  6.4663491582806234E+009                  1.5641848876776570E-006                 -2.4774068210567843E-019                 -2.9028559571750132E+000                  1.3336698344640880E+000                  1.5722304618239193E+000                  1.7227454596559100E+000 
                                     455                  2.9999182073070534E+000                  2.4730233831109549E-001                  5.7994629884352111E+000                 -3.6179632340261261E+000                  1.0315355924695901E+001                  6.9999999999760398E-001                  2.8000000000239617E-001                  1.9999999999999796E-002                  0.0000000000000000E+000                  3.9056619966442215E+008                  1.1839648385725951E+007                  1.5872625536053809E-015                  0.0000000000000000E+000                  0.0000000000000000E+000                  7.5495800418535373E+000                  6.4940797401299334E+009                  1.5609923544057838E-006                 -3.7044539876214370E-019                 -2.9032996120330159E+000                  1.3353025057476888E+000                  1.5738631331075199E+000                  1.7243781309395105E+000 
                                     456                  2.9999159888023215E+000                  2.4696158353008724E-001                  5.8033262634820213E+000                 -3.6025085740780929E+000                  1.0334599802597239E+001                  6.9999999999760365E-001                  2.8000000000239639E-001                  2.0000000000000018E-002                  0.0000000000000000E+000                  3.9010229861340278E+008                  1.1892140039073309E+007                  1.8376209101253258E-015                  0.0000000000000000E+000                  0.0000000000000000E+000                  7.4755141659910898E+000                  6.5218434231094561E+009                  1.5579436757467077E-006                 -1.8237975438285804E-019                 -2.9037241237022569E+000                  1.3369205958139008E+000                  1.5754812231737318E+000                  1.7259962210057225E+000 
                                     457                  2.9999114344915667E+000                  2.4628413452570375E-001                  5.8070652078424674E+000                 -3.5873137764329148E+000                  1.0353457784030565E+001                  6.9999999999760398E-001                  2.8000000000239611E-001                  1.9999999999999907E-002                  0.0000000000000000E+000                  3.8963099977566946E+008                  1.1943135361914868E+007                  2.1179285832894241E-015                  0.0000000000000000E+000                  0.0000000000000000E+000                  7.4088019836952270E+000                  6.5763272809338312E+009                  1.5515884460535330E-006                  1.9258019852752425E-019                 -2.9046117315229321E+000                  1.3401180021707508E+000                  1.5786786295305819E+000                  1.7291936273625725E+000 
                                     458                  2.9999090973264861E+000                  2.4594725832874725E-001                  5.8095543032322050E+000                 -3.5772693479040516E+000                  1.0365942645057917E+001                  6.9999999999760376E-001                  2.8000000000239633E-001                  1.9999999999999907E-002                  0.0000000000000000E+000                  3.8932975879406440E+008                  1.1977202626718016E+007                  2.3270604170521758E-015                  0.0000000000000000E+000                  0.0000000000000000E+000                  7.3637398643066652E+000                  6.6030684431506653E+009                  1.5482311636592289E-006                  4.4383155835216300E-019                 -2.9050820975350615E+000                  1.3416978147138983E+000                  1.5802584420737293E+000                  1.7307734399057202E+000 
                                     459                  2.9999067192294788E+000                  2.4561154006602223E-001                  5.8120224920044175E+000                 -3.5673063318546885E+000                  1.0378325817733398E+001                  6.9999999999760398E-001                  2.8000000000239617E-001                  1.9999999999999796E-002                  0.0000000000000000E+000                  3.8903366577504343E+008                  1.2011073778856577E+007                  2.5544786268707070E-015                  0.0000000000000000E+000                  0.0000000000000000E+000                  7.3195928646183583E+000                  6.6298672437033796E+009                  1.5449891625390694E-006                  5.5183038319588937E-019                 -2.9055372813124491E+000                  1.3432653125345890E+000                  1.5818259398944201E+000                  1.7323409377264107E+000 
                                     460                  2.9999042994915883E+000                  2.4527691673150723E-001                  5.8144705944283617E+000                 -3.5574220476357135E+000                  1.0390610792609317E+001                  6.9999999999760387E-001                  2.8000000000239633E-001                  1.9999999999999796E-002                  0.0000000000000000E+000                  3.8874263125959623E+008                  1.2044758042345759E+007                  2.8016224772153095E-015                  0.0000000000000000E+000                  0.0000000000000000E+000                  7.2763528606212882E+000                  6.6565040174253397E+009                  1.5417193423065360E-006                  6.6192397859962628E-019                 -2.9059973394659022E+000                  1.3448213155986803E+000                  1.5833819429585114E+000                  1.7338969407905021E+000 
                                     461                  2.9999018373917310E+000                  2.4494332782848896E-001                  5.8181402843245493E+000                 -3.5427078974924253E+000                  1.0408926050892024E+001                  6.9999999999760409E-001                  2.8000000000239611E-001                  1.9999999999999796E-002                  0.0000000000000000E+000                  3.8832402535752124E+008                  1.2095422834805058E+007                  3.2159984807451415E-015                  0.0000000000000000E+000                  0.0000000000000000E+000                  7.2108472562629204E+000                  6.6832049914199047E+009                  1.5385343572154547E-006                  4.8886716661782223E-019                 -2.9064464005101849E+000                  1.3463658675116270E+000                  1.5849264948714581E+000                  1.7354414927034487E+000 
                                     462                  2.9998967831599002E+000                  2.4427905966050920E-001                  5.8217026709046591E+000                 -3.5282175630734787E+000                  1.0426908797221920E+001                  6.9999999999760376E-001                  2.8000000000239644E-001                  1.9999999999999796E-002                  0.0000000000000000E+000                  3.8789943806009817E+008                  1.2144784725760175E+007                  3.6774717847175403E-015                  0.0000000000000000E+000                  0.0000000000000000E+000                  7.1518701552059802E+000                  6.7357386986412706E+009                  1.5318626115923129E-006                 -1.5937348494119183E-019                 -2.9073900917978364E+000                  1.3494248493546834E+000                  1.5879854767145147E+000                  1.7385004745465054E+000 
                                     463                  2.9998941895232516E+000                  2.4394823337340926E-001                  5.8240779472520314E+000                 -3.5186237631850337E+000                  1.0438832847473323E+001                  6.9999999999760398E-001                  2.8000000000239622E-001                  1.9999999999999796E-002                  0.0000000000000000E+000                  3.8762782829509962E+008                  1.2177806736930942E+007                  4.0201245532927467E-015                  0.0000000000000000E+000                  0.0000000000000000E+000                  7.1121024200753356E+000                  6.7615881278969784E+009                  1.5283435300088678E-006                 -5.6545590403260319E-019                 -2.9078895086070360E+000                  1.3509396296334926E+000                  1.5895002569933236E+000                  1.7400152548253143E+000 
                                     464                  2.9998915505148593E+000                  2.4361822184978882E-001                  5.8264367575505505E+000                 -3.5090970250488378E+000                  1.0450673945937831E+001                  6.9999999999760387E-001                  2.8000000000239628E-001                  1.9999999999999796E-002                  0.0000000000000000E+000                  3.8736080384433377E+008                  1.2210683798646169E+007                  4.3914270548986150E-015                  0.0000000000000000E+000                  0.0000000000000000E+000                  7.0731438814977796E+000                  6.7875219903865166E+009                  1.5249133897256821E-006                 -4.3493383582228184E-019                 -2.9083774110872467E+000                  1.3524447547059757E+000                  1.5910053820658068E+000                  1.7415203798977974E+000 
                                     465                  2.9998888653498526E+000                  2.4328897512586559E-001                  5.8287797306930020E+000                 -3.4996353040148089E+000                  1.0462434757806561E+001                  6.9999999999760398E-001                  2.8000000000239611E-001                  1.9999999999999907E-002                  0.0000000000000000E+000                  3.8709824096958011E+008                  1.2243423541144267E+007                  4.7935670260499731E-015                  0.0000000000000000E+000                  0.0000000000000000E+000                  7.0349571780170255E+000                  6.8133350870170994E+009                  1.5214563619555753E-006                 -3.3011516764246177E-019                 -2.9088702497283840E+000                  1.3539409297541216E+000                  1.5925015571139529E+000                  1.7430165549459433E+000 
                                     466                  2.9998861332299511E+000                  2.4296044501288744E-001                  5.8322969030489764E+000                 -3.4855305217338772E+000                  1.0479993151956776E+001                  6.9999999999760387E-001                  2.8000000000239622E-001                  1.9999999999999907E-002                  0.0000000000000000E+000                  3.8672012940556794E+008                  1.2292733658590609E+007                  5.4648972224902728E-015                  0.0000000000000000E+000                  0.0000000000000000E+000                  6.9770090343846940E+000                  6.8392387474769583E+009                  1.5180827128250644E-006                 -1.7507775969745506E-019                 -2.9093522826178670E+000                  1.3554281390147420E+000                  1.5939887663745731E+000                  1.7445037642065639E+000 
                                     467                  2.9998805248639306E+000                  2.4230538346752778E-001                  5.8357199107661097E+000                 -3.4716217446431195E+000                  1.0497260210675829E+001                  6.9999999999760398E-001                  2.8000000000239611E-001                  1.9999999999999907E-002                  0.0000000000000000E+000                  3.8633650166286546E+008                  1.2340895640007917E+007                  6.2093559503449582E-015                  0.0000000000000000E+000                  0.0000000000000000E+000                  6.9245876327576523E+000                  6.8903155246305561E+009                  1.5111062360684470E-006                  3.1386640497198650E-019                 -2.9103525010811668E+000                  1.3583792609588112E+000                  1.5969398883186423E+000                  1.7474548861506329E+000 
                                     468                  2.9998776469521489E+000                  2.4197872997413200E-001                  5.8380051699223126E+000                 -3.4624011220977970E+000                  1.0508724390081177E+001                  6.9999999999760376E-001                  2.8000000000239633E-001                  1.9999999999999907E-002                  0.0000000000000000E+000                  3.8609073030603731E+008                  1.2373153737285189E+007                  6.7599954115534646E-015                  0.0000000000000000E+000                  0.0000000000000000E+000                  6.8891231771368355E+000                  6.9155012045193624E+009                  1.5074828392590670E-006                  6.6884817132689258E-019                 -2.9108738115201120E+000                  1.3598434008779978E+000                  1.5984040282378289E+000                  1.7489190260698195E+000 
                                     469                  2.9998747187536736E+000                  2.4165261640585789E-001                  5.8402772872944340E+000                 -3.4532363987528978E+000                  1.0520120051588309E+001                  6.9999999999760387E-001                  2.8000000000239628E-001                  1.9999999999999796E-002                  0.0000000000000000E+000                  3.8584893609732324E+008                  1.2405306746179679E+007                  7.3549630988438069E-015                  0.0000000000000000E+000                  0.0000000000000000E+000                  6.8542675677511697E+000                  6.9407916374021978E+009                  1.5039638944322909E-006                  4.4437657981703174E-019                 -2.9113812948499276E+000                  1.3612999536814323E+000                  1.5998605810412636E+000                  1.7503755788732540E+000 
                                     470                  2.9998717393997087E+000                  2.4132700221062633E-001                  5.8425367278895513E+000                 -3.4441259509193007E+000                  1.0531449274817247E+001                  6.9999999999760387E-001                  2.8000000000239622E-001                  1.9999999999999907E-002                  0.0000000000000000E+000                  3.8561101470416158E+008                  1.2437360325180897E+007                  7.9975514193053935E-015                  0.0000000000000000E+000                  0.0000000000000000E+000                  6.8200003110002863E+000                  6.9659920138547497E+009                  1.5004421235249612E-006                  2.1315887421411221E-020                 -2.9118903759671180E+000                  1.3627494960585087E+000                  1.6013101234183398E+000                  1.7518251212503304E+000 
                                     471                  2.9998687080066366E+000                  2.4100184814739459E-001                  5.8459323716516014E+000                 -3.4305289859350565E+000                  1.0548382915705790E+001                  6.9999999999760398E-001                  2.8000000000239622E-001                  1.9999999999999796E-002                  0.0000000000000000E+000                  3.8526787005708766E+008                  1.2485689227854747E+007                  9.0664551305670856E-015                  0.0000000000000000E+000                  0.0000000000000000E+000                  6.7678655732032391E+000                  6.9913019550615845E+009                  1.4970155221758743E-006                  3.7078296552397368E-021                 -2.9123868482719004E+000                  1.3641919584133413E+000                  1.6027525857731724E+000                  1.7532675836051632E+000 
                                     472                  2.9998624854930744E+000                  2.4035280009771978E-001                  5.8503800270546993E+000                 -3.4126155018813371E+000                  1.0570665670724354E+001                  6.9999999999760387E-001                  2.8000000000239628E-001                  1.9999999999999796E-002                  0.0000000000000000E+000                  3.8481311401707166E+008                  1.2549265265024101E+007                  1.0683939004905285E-014                  0.0000000000000000E+000                  0.0000000000000000E+000                  6.7027386740893551E+000                  7.0416737789264002E+009                  1.4901723096735701E-006                  1.6022174247228385E-019                 -2.9133817554536821E+000                  1.3670580518157442E+000                  1.6056186791755753E+000                  1.7561336770075660E+000 
                                     473                  2.9998560438379895E+000                  2.3970515060719852E-001                  5.8536689022779784E+000                 -3.3992977754098370E+000                  1.0587213583011970E+001                  6.9999999999760387E-001                  2.8000000000239611E-001                  2.0000000000000018E-002                  0.0000000000000000E+000                  3.8447331500725073E+008                  1.2596481155256314E+007                  1.2061429497019695E-014                  0.0000000000000000E+000                  0.0000000000000000E+000                  6.6568244588111529E+000                  7.0909876779200945E+009                  1.4829366035643659E-006                 -4.9019960272236980E-020                 -2.9144387074631117E+000                  1.3699016465461540E+000                  1.6084622739059851E+000                  1.7589772717379757E+000 
                                     474                  2.9998527096254057E+000                  2.3937895420988056E-001                  5.8558607024962779E+000                 -3.3904826858812367E+000                  1.0598182700644273E+001                  6.9999999999760398E-001                  2.8000000000239611E-001                  1.9999999999999907E-002                  0.0000000000000000E+000                  3.8425540464356643E+008                  1.2628049453712931E+007                  1.3073123052086659E-014                  0.0000000000000000E+000                  0.0000000000000000E+000                  6.6258874440413935E+000                  7.1157549369243717E+009                  1.4792737919996743E-006                 -2.7529968466549156E-019                 -2.9149757184951124E+000                  1.3713272696515615E+000                  1.6098878970113928E+000                  1.7604028948433832E+000 
                                     475                  2.9998493754128215E+000                  2.3905859744179653E-001                  5.8580432894293173E+000                 -3.3817114464702001E+000                  1.0609099236650612E+001                  6.9999999999760398E-001                  2.8000000000239617E-001                  1.9999999999999796E-002                  0.0000000000000000E+000                  3.8404057795059037E+008                  1.2659564924060918E+007                  1.4163154121828952E-014                  0.0000000000000000E+000                  0.0000000000000000E+000                  6.5954633556997440E+000                  7.1402226926581945E+009                  1.4757607351277445E-006                 -4.3617232236425167E-020                 -2.9154920244532532E+000                  1.3727230344028254E+000                  1.6112836617626565E+000                  1.7617986595946471E+000 
                                     476                  2.9998459238698385E+000                  2.3873287192292042E-001                  5.8602157489363931E+000                 -3.3729842220328563E+000                  1.0619962060977178E+001                  6.9999999999760409E-001                  2.8000000000239611E-001                  1.9999999999999796E-002                  0.0000000000000000E+000                  3.8382846728211594E+008                  1.2691013679250633E+007                  1.5336643330919661E-014                  0.0000000000000000E+000                  0.0000000000000000E+000                  6.5656289257452789E+000                  7.1650576145282269E+009                  1.4721738503271947E-006                  2.3109347772851676E-019                 -2.9160204503730576E+000                  1.3741381346782739E+000                  1.6126987620381050E+000                  1.7632137598700957E+000 
                                     477                  2.9998424723268546E+000                  2.3841291383795063E-001                  5.8634760984766539E+000                 -3.3599795309865268E+000                  1.0636173780397460E+001                  6.9999999999760398E-001                  2.8000000000239622E-001                  1.9999999999999796E-002                  0.0000000000000000E+000                  3.8352250222902131E+008                  1.2738365332356259E+007                  1.7275633850752108E-014                  0.0000000000000000E+000                  0.0000000000000000E+000                  6.5204408261191391E+000                  7.1895941169362125E+009                  1.4687157478222660E-006                  2.7835713666887306E-019                 -2.9165311242619629E+000                  1.3755239622964504E+000                  1.6140845896562814E+000                  1.7645995874882723E+000 
                                     478                  2.9998353264183431E+000                  2.3776788404557819E-001                  5.8677686747904705E+000                 -3.3427709768559901E+000                  1.0657603842448287E+001                  6.9999999999760409E-001                  2.8000000000239605E-001                  1.9999999999999796E-002                  0.0000000000000000E+000                  3.8311412839927369E+008                  1.2800982919487111E+007                  2.0204046091389529E-014                  0.0000000000000000E+000                  0.0000000000000000E+000                  6.4640810686465588E+000                  7.2389447617571316E+009                  1.4616993221182060E-006                  3.3793757056007311E-019                 -2.9175709772235150E+000                  1.3783066592265556E+000                  1.6168672865863867E+000                  1.7673822844183773E+000 
                                     479                  2.9998279292453436E+000                  2.3712324880720537E-001                  5.8720293683406242E+000                 -3.3257167127131981E+000                  1.0678849450323156E+001                  6.9999999999760387E-001                  2.8000000000239617E-001                  2.0000000000000018E-002                  0.0000000000000000E+000                  3.8271514121012205E+008                  1.2863456074260185E+007                  2.3590480452914709E-014                  0.0000000000000000E+000                  0.0000000000000000E+000                  6.4098890398743054E+000                  7.2877425066952581E+009                  1.4544214140708312E-006                  3.7274905301022279E-019                 -2.9186548698854717E+000                  1.3810733986866852E+000                  1.6196340260465163E+000                  1.7701490238785071E+000 
                                     480                  2.9998202720762390E+000                  2.3647878893120070E-001                  5.8762606538284565E+000                 -3.3088092075200470E+000                  1.0699920574551770E+001                  6.9999999999760376E-001                  2.8000000000239639E-001                  1.9999999999999796E-002                  0.0000000000000000E+000                  3.8232466876115716E+008                  1.2925820775360607E+007                  2.7502382206783923E-014                  0.0000000000000000E+000                  0.0000000000000000E+000                  6.3578127004393705E+000                  7.3363873389606371E+009                  1.4470626115954581E-006                  2.0848279285131448E-019                 -2.9197563386968279E+000                  1.3838253746326943E+000                  1.6223860019925254E+000                  1.7729009998245160E+000 
                                     481                  2.9998123458799575E+000                  2.3583429565273947E-001                  5.8804648683838554E+000                 -3.2920414416938022E+000                  1.0720826540524449E+001                  6.9999999999760376E-001                  2.8000000000239628E-001                  2.0000000000000018E-002                  0.0000000000000000E+000                  3.8194194580667049E+008                  1.2988111346621098E+007                  3.2016759841421933E-014                  0.0000000000000000E+000                  0.0000000000000000E+000                  6.3078005965432524E+000                  7.3849050480242929E+009                  1.4396229697922373E-006                 -1.8039224367450963E-019                 -2.9208756163060219E+000                  1.3865641361496317E+000                  1.6251247635094628E+000                  1.7756397613414534E+000 
                                     482                  2.9998041413158636E+000                  2.3518956971222166E-001                  5.8846442321992924E+000                 -3.2754068721693859E+000                  1.0741576082199796E+001                  6.9999999999760387E-001                  2.8000000000239633E-001                  1.9999999999999796E-002                  0.0000000000000000E+000                  3.8156635798922652E+008                  1.3050360038877835E+007                  3.7221525564140568E-014                  0.0000000000000000E+000                  0.0000000000000000E+000                  6.2598352666179915E+000                  7.4333204796754265E+009                  1.4320987520185457E-006                 -4.2512743900180280E-019                 -2.9220135168597445E+000                  1.3892911354738775E+000                  1.6278517628337088E+000                  1.7783667606656994E+000 
                                     483                  2.9997956487233108E+000                  2.3454442051155469E-001                  5.8888008753255621E+000                 -3.2588994079068381E+000                  1.0762177390361472E+001                  6.9999999999760398E-001                  2.8000000000239617E-001                  1.9999999999999796E-002                  0.0000000000000000E+000                  3.8119747141010970E+008                  1.3112596707278766E+007                  4.3217036560634302E-014                  0.0000000000000000E+000                  0.0000000000000000E+000                  6.2139218515270018E+000                  7.4816578106551371E+009                  1.4244790017737623E-006                 -1.3796742568610569E-019                 -2.9231719741532833E+000                  1.3920077186515611E+000                  1.6305683460113924E+000                  1.7810833438433828E+000 
                                     484                  2.9997868581108578E+000                  2.3389866532857700E-001                  5.8929368584500699E+000                 -3.2425133928603409E+000                  1.0782638156080765E+001                  6.9999999999760376E-001                  2.8000000000239639E-001                  1.9999999999999796E-002                  0.0000000000000000E+000                  3.8083483214015335E+008                  1.3174851183274450E+007                  5.0117859224552916E-014                  0.0000000000000000E+000                  0.0000000000000000E+000                  6.1700852792864271E+000                  7.5299409059168320E+009                  1.4167478750724692E-006                  7.0450391993544928E-020                 -2.9243537150340724E+000                  1.3947151617534395E+000                  1.6332757891132705E+000                  1.7837907869452612E+000 
                                     485                  2.9997777591451182E+000                  2.3325212857467073E-001                  5.8970541914736216E+000                 -3.2262435868060622E+000                  1.0802965609953242E+001                  6.9999999999760387E-001                  2.8000000000239633E-001                  1.9999999999999796E-002                  0.0000000000000000E+000                  3.8047795158293629E+008                  1.3237153811725251E+007                  5.8054794427151946E-014                  0.0000000000000000E+000                  0.0000000000000000E+000                  6.1283695194401826E+000                  7.5781936616807461E+009                  1.4088859285348246E-006                 -3.2626900137576563E-019                 -2.9255620842165633E+000                  1.3974147214419625E+000                  1.6359753488017936E+000                  1.7864903466337843E+000 
                                     486                  2.9997683411392466E+000                  2.3260464109536058E-001                  5.9011548502088003E+000                 -3.2100851468344809E+000                  1.0823166557600205E+001                  6.9999999999760398E-001                  2.8000000000239622E-001                  1.9999999999999796E-002                  0.0000000000000000E+000                  3.8012631694229376E+008                  1.3299535557470987E+007                  6.7177205414944461E-014                  0.0000000000000000E+000                  0.0000000000000000E+000                  6.0888352271260375E+000                  7.6264402826056414E+009                  1.4008704974595834E-006                 -6.0929852965932804E-019                 -2.9268010054614142E+000                  1.4001076465956275E+000                  1.6386682739554586E+000                  1.7891832717874492E+000 
                                     487                  2.9997585930410438E+000                  2.3195603950997934E-001                  5.9052407444925201E+000                 -3.1940335586944268E+000                  1.0843247411860380E+001                  6.9999999999760398E-001                  2.8000000000239628E-001                  1.9999999999999796E-002                  0.0000000000000000E+000                  3.7977965693332434E+008                  1.3362025250854073E+007                  7.7655610283766371E-014                  0.0000000000000000E+000                  0.0000000000000000E+000                  6.0514148359480107E+000                  7.6747050725608892E+009                  1.3926935928811629E-006                 -3.5683892680840109E-019                 -2.9280722111915889E+000                  1.4027951366271922E+000                  1.6413557639870233E+000                  1.7918707618190139E+000 
                                     488                  2.9997485034206690E+000                  2.3130616566299625E-001                  5.9082817036187860E+000                 -3.1820566242925339E+000                  1.0858222999921022E+001                  6.9999999999760398E-001                  2.8000000000239617E-001                  1.9999999999999796E-002                  0.0000000000000000E+000                  3.7951809249657559E+008                  1.3408746172430776E+007                  8.6487694992078749E-014                  0.0000000000000000E+000                  0.0000000000000000E+000                  6.0255398018761559E+000                  7.7226733573875570E+009                  1.3842662338636463E-006                 -7.1192671217428915E-020                 -2.9293901873174200E+000                  1.4054787696436692E+000                  1.6440393970035003E+000                  1.7945543948354910E+000 
                                     489                  2.9997432819393075E+000                  2.3097789012089426E-001                  5.9103149198698324E+000                 -3.1741072156426386E+000                  1.0868178429750849E+001                  6.9999999999760398E-001                  2.8000000000239622E-001                  1.9999999999999796E-002                  0.0000000000000000E+000                  3.7934856728136212E+008                  1.3440089077723492E+007                  9.2923679904903389E-014                  0.0000000000000000E+000                  0.0000000000000000E+000                  6.0081287763470304E+000                  7.7468836172346191E+009                  1.3799845957755479E-006                  7.2760397085102772E-020                 -2.9300628807149671E+000                  1.4068306903146770E+000                  1.6453913176745079E+000                  1.7959063155064987E+000 
                                     490                  2.9997380604579464E+000                  2.3065484282823590E-001                  5.9133750663072586E+000                 -3.1622336336386501E+000                  1.0883072890875980E+001                  6.9999999999760398E-001                  2.8000000000239622E-001                  1.9999999999999796E-002                  0.0000000000000000E+000                  3.7910159942168009E+008                  1.3487421401087420E+007                  1.0348549731456850E-013                  0.0000000000000000E+000                  0.0000000000000000E+000                  5.9816502298036109E+000                  7.7710359492426224E+009                  1.3759073340066784E-006                  2.4183301820447085E-019                 -2.9307054072089516E+000                  1.4081583405271736E+000                  1.6467189678870047E+000                  1.7972339657189953E+000 
                                     491                  2.9997272519292544E+000                  2.3000196942821363E-001                  5.9174259716375426E+000                 -3.1464767757153669E+000                  1.0902828432760039E+001                  6.9999999999760387E-001                  2.8000000000239639E-001                  1.9999999999999796E-002                  0.0000000000000000E+000                  3.7876990354614699E+008                  1.3550362336163035E+007                  1.1930967232643545E-013                  0.0000000000000000E+000                  0.0000000000000000E+000                  5.9486926448466981E+000                  7.8198224937945938E+009                  1.3677238087892090E-006                  3.1311479941818030E-019                 -2.9320007964939379E+000                  1.4108348668134554E+000                  1.6493954941732865E+000                  1.7999104920052771E+000 
                                     492                  2.9997160651939780E+000                  2.2934737833354032E-001                  5.9204435440233327E+000                 -3.1347127529505463E+000                  1.0917570989939138E+001                  6.9999999999760398E-001                  2.8000000000239617E-001                  1.9999999999999796E-002                  0.0000000000000000E+000                  3.7851951317137718E+008                  1.3597459483359596E+007                  1.3262849062561566E-013                  0.0000000000000000E+000                  0.0000000000000000E+000                  5.9254955373741778E+000                  7.8680174702261410E+009                  1.3593527924472486E-006                  2.8914773221771396E-019                 -2.9333339081571710E+000                  1.4135102427335162E+000                  1.6520708700933473E+000                  1.8025858679253379E+000 
                                     493                  2.9997102761872640E+000                  2.2901656336904269E-001                  5.9224618945865783E+000                 -3.1269012222052419E+000                  1.0927375784057368E+001                  6.9999999999760387E-001                  2.8000000000239628E-001                  1.9999999999999796E-002                  0.0000000000000000E+000                  3.7835695459286326E+008                  1.3629065983853851E+007                  1.4232290444591672E-013                  0.0000000000000000E+000                  0.0000000000000000E+000                  5.9096340307860089E+000                  7.8923559699525127E+009                  1.3551800171244529E-006                  2.6555082517194278E-019                 -2.9340015054387112E+000                  1.4148587891541076E+000                  1.6534194165139386E+000                  1.8039344143459293E+000 
                                     494                  2.9997044871805492E+000                  2.2869090793867344E-001                  5.9255006646806780E+000                 -3.1152284928651204E+000                  1.0942051068441540E+001                  6.9999999999760387E-001                  2.8000000000239633E-001                  1.9999999999999796E-002                  0.0000000000000000E+000                  3.7811978212638825E+008                  1.3676810088988949E+007                  1.5821353846552037E-013                  0.0000000000000000E+000                  0.0000000000000000E+000                  5.8851270034224736E+000                  7.9166397416555481E+009                  1.3512678066154279E-006                  9.5429268487263918E-020                 -2.9346292849970710E+000                  1.4161836057433796E+000                  1.6547442331032109E+000                  1.8052592309352014E+000 
                                     495                  2.9996925043719775E+000                  2.2803246821609283E-001                  5.9285057811021522E+000                 -3.1035907100910345E+000                  1.0956656898543935E+001                  6.9999999999760398E-001                  2.8000000000239622E-001                  1.9999999999999796E-002                  0.0000000000000000E+000                  3.7787594240652722E+008                  1.3724201542238448E+007                  1.7567700424313733E-013                  0.0000000000000000E+000                  0.0000000000000000E+000                  5.8627212062003915E+000                  7.9653725957132263E+009                  1.3434074324159870E-006                 -2.5454753020052549E-020                 -2.9358961266459067E+000                  1.4188560392775937E+000                  1.6574166666374248E+000                  1.8079316644694154E+000 
                                     496                  2.9996863035814658E+000                  2.2769961412607712E-001                  5.9315525977369026E+000                 -3.0919422805519887E+000                  1.0971317099610468E+001                  6.9999999999760387E-001                  2.8000000000239628E-001                  1.9999999999999796E-002                  0.0000000000000000E+000                  3.7764211040581006E+008                  1.3772441609293602E+007                  1.9524580604656891E-013                  0.0000000000000000E+000                  0.0000000000000000E+000                  5.8387717128053689E+000                  7.9899854933214283E+009                  1.3395012262636446E-006                 -1.8849715725340399E-021                 -2.9365284422375573E+000                  1.4202032941902953E+000                  1.6587639215501264E+000                  1.8092789193821170E+000 
                                     497                  2.9996736853877080E+000                  2.2703793548246137E-001                  5.9345321464339253E+000                 -3.0804581409234859E+000                  1.0985745280994555E+001                  6.9999999999760387E-001                  2.8000000000239633E-001                  1.9999999999999796E-002                  0.0000000000000000E+000                  3.7740462799163610E+008                  1.3819789485029712E+007                  2.1649469720553439E-013                  0.0000000000000000E+000                  0.0000000000000000E+000                  5.8174351377729110E+000                  8.0388636796746569E+009                  1.3318429891881322E-006                 -2.4513358827593064E-019                 -2.9377734855364728E+000                  1.4228747066786895E+000                  1.6614353340385206E+000                  1.8119503318705112E+000 
                                     498                  2.9996672679844623E+000                  2.2670907536434248E-001                  5.9375543325940052E+000                 -3.0689598636856648E+000                  1.1000232215000430E+001                  6.9999999999760398E-001                  2.8000000000239628E-001                  1.9999999999999796E-002                  0.0000000000000000E+000                  3.7717708445245624E+008                  1.3868002028458817E+007                  2.4028230192656996E-013                  0.0000000000000000E+000                  0.0000000000000000E+000                  5.7949034486323630E+000                  8.0631391027655497E+009                  1.3280435889776054E-006                 -5.3466429433703871E-019                 -2.9383938351715848E+000                  1.4241987440866097E+000                  1.6627593714464410E+000                  1.8132743692784317E+000 
                                     499                  2.9996539850078805E+000                  2.2604389444738723E-001                  5.9415598316320679E+000                 -3.0536842837573319E+000                  1.1019468575218447E+001                  6.9999999999760398E-001                  2.8000000000239628E-001                  1.9999999999999796E-002                  0.0000000000000000E+000                  3.7687190400911725E+008                  1.3932176851037547E+007                  2.7582635651886295E-013                  0.0000000000000000E+000                  0.0000000000000000E+000                  5.7674265837987067E+000                  8.1125397348553333E+009                  1.3204578379843930E-006                 -3.8709802442236962E-019                 -2.9396377305958326E+000                  1.4268696300691945E+000                  1.6654302574290256E+000                  1.8159452552610162E+000 
                                     500                  2.9996402384085648E+000                  2.2537622216780898E-001                  5.9455612229979709E+000                 -3.0384780181045463E+000                  1.1038632670923331E+001                  6.9999999999760398E-001                  2.8000000000239617E-001                  1.9999999999999796E-002                  0.0000000000000000E+000                  3.7657166906075424E+008                  1.3996603783482173E+007                  3.1643879341165624E-013                  0.0000000000000000E+000                  0.0000000000000000E+000                  5.7418339361132080E+000                  8.1617377633343029E+009                  1.3125846661034473E-006                 -5.9695268227603705E-020                 -2.9409363367855317E+000                  1.4295417059981272E+000                  1.6681023333579585E+000                  1.8186173311899492E+000 
                                     501                  2.9996260122088976E+000                  2.2470594004840941E-001                  5.9495600189649682E+000                 -3.0233390465912708E+000                  1.1057728052921805E+001                  6.9999999999760354E-001                  2.8000000000239650E-001                  2.0000000000000018E-002                  0.0000000000000000E+000                  3.7627685245135921E+008                  1.4061305095627148E+007                  3.6283006729421909E-013                  0.0000000000000000E+000                  0.0000000000000000E+000                  5.7184641348775500E+000                  8.2110956280778599E+009                  1.3044554525023263E-006                  1.4652634522368119E-019                 -2.9422853737907979E+000                  1.4322153271560711E+000                  1.6707759545159022E+000                  1.8212909523478931E+000 
                                     502                  2.9996112898887790E+000                  2.2403293092241836E-001                  5.9535578898007513E+000                 -3.0082656874246143E+000                  1.1076758103086053E+001                  6.9999999999760387E-001                  2.8000000000239628E-001                  1.9999999999999796E-002                  0.0000000000000000E+000                  3.7598798913030440E+008                  1.4126306031835333E+007                  4.1581217690973508E-013                  0.0000000000000000E+000                  0.0000000000000000E+000                  5.6975414065486127E+000                  8.2606389291828833E+009                  1.2959892332608328E-006                  2.1906623061655445E-019                 -2.9436993032276320E+000                  1.4348913143243602E+000                  1.6734519416841913E+000                  1.8239669395161819E+000 
                                     503                  2.9995960543675473E+000                  2.2335707839326105E-001                  5.9575564156458167E+000                 -2.9932563225928406E+000                  1.1095726044995432E+001                  6.9999999999760409E-001                  2.8000000000239611E-001                  1.9999999999999796E-002                  0.0000000000000000E+000                  3.7570558367718929E+008                  1.4191630811787710E+007                  4.7631144737464228E-013                  0.0000000000000000E+000                  0.0000000000000000E+000                  5.6786842822222710E+000                  8.3103946351735325E+009                  1.2872042304393185E-006                  1.8233170711484476E-019                 -2.9451762707917442E+000                  1.4375705054569050E+000                  1.6761311328167361E+000                  1.8266461306487267E+000 
                                     504                  2.9995802879853084E+000                  2.2267826671392593E-001                  5.9615568109959884E+000                 -2.9783090958714253E+000                  1.1114634953790027E+001                  6.9999999999760387E-001                  2.8000000000239628E-001                  1.9999999999999796E-002                  0.0000000000000000E+000                  3.7543001074967825E+008                  1.4257298032341857E+007                  5.4538128083273098E-013                  0.0000000000000000E+000                  0.0000000000000000E+000                  5.6613208932554100E+000                  8.3603857557148838E+009                  1.2782295978976031E-006                  1.0933788799884488E-019                 -2.9466955652076954E+000                  1.4402536241429846E+000                  1.6788142515028157E+000                  1.8293292493348066E+000 
                                     505                  2.9995639724836574E+000                  2.2199638114132819E-001                  5.9655598736280790E+000                 -2.9634218521783717E+000                  1.1133487765226226E+001                  6.9999999999760376E-001                  2.8000000000239650E-001                  1.9999999999999796E-002                  0.0000000000000000E+000                  3.7516144942198014E+008                  1.4323320287656426E+007                  6.2421747560613426E-013                  0.0000000000000000E+000                  0.0000000000000000E+000                  5.6449022163746800E+000                  8.4106278968964214E+009                  1.2692170777115393E-006                 -7.3957092312652473E-020                 -2.9482320464823193E+000                  1.4429412049623997E+000                  1.6815018323222310E+000                  1.8320168301542217E+000 
                                     506                  2.9995470889857736E+000                  2.2131130839939028E-001                  5.9695660087233673E+000                 -2.9485921561171464E+000                  1.1152287283982888E+001                  6.9999999999760409E-001                  2.8000000000239617E-001                  1.9999999999999796E-002                  0.0000000000000000E+000                  3.7489990311916643E+008                  1.4389704459526915E+007                  7.1417575567304795E-013                  0.0000000000000000E+000                  0.0000000000000000E+000                  5.6288987232156922E+000                  8.4611288064281263E+009                  1.2603111733050094E-006                 -2.9264292798401531E-019                 -2.9497611067409655E+000                  1.4456335956820638E+000                  1.6841942230418949E+000                  1.8347092208738855E+000 
                                     507                  2.9995296179758673E+000                  2.2062293712943565E-001                  5.9735752504648696E+000                 -2.9338173051682781E+000                  1.1171036191273105E+001                  6.9999999999760409E-001                  2.8000000000239611E-001                  1.9999999999999796E-002                  0.0000000000000000E+000                  3.7464529094806856E+008                  1.4456451046263775E+007                  8.1679102748203861E-013                  0.0000000000000000E+000                  0.0000000000000000E+000                  5.6127983245721147E+000                  8.5118886162059355E+009                  1.2516495454589342E-006                 -2.9169564361469331E-019                 -2.9512586270080718E+000                  1.4483309554916433E+000                  1.6868915828514743E+000                  1.8374065806834650E+000 
                                     508                  2.9995115392779770E+000                  2.1993115833728924E-001                  5.9775872906277510E+000                 -2.9190943532343248E+000                  1.1189737051811333E+001                  6.9999999999760387E-001                  2.8000000000239639E-001                  1.9999999999999796E-002                  0.0000000000000000E+000                  3.7439746469292170E+008                  1.4523554463618852E+007                  9.3379861276985508E-013                  0.0000000000000000E+000                  0.0000000000000000E+000                  5.5961302701129165E+000                  8.5629001345701408E+009                  1.2433596587704728E-006                 -1.4561198144953323E-019                 -2.9527016137861648E+000                  1.4510332530086685E+000                  1.6895938803684996E+000                  1.8401088782004904E+000 
                                     509                  2.9994928320341043E+000                  2.1923586582087590E-001                  5.9816016150117086E+000                 -2.9044202491135915E+000                  1.1208392320201350E+001                  6.9999999999760398E-001                  2.8000000000239622E-001                  1.9999999999999796E-002                  0.0000000000000000E+000                  3.7415624367657727E+008                  1.4591005298175283E+007                  1.0671600782579951E-012                  0.0000000000000000E+000                  0.0000000000000000E+000                  5.5787533118707184E+000                  8.6141503832084694E+009                  1.2355157507824234E-006                  3.7052816071215088E-020                 -2.9540758568451193E+000                  1.4537403077915152E+000                  1.6923009351513463E+000                  1.8428159329833369E+000 
                                     510                  2.9994734746816372E+000                  2.1853695639197113E-001                  5.9856177045011565E+000                 -2.8897920450201626E+000                  1.1227004346835859E+001                  6.9999999999760376E-001                  2.8000000000239655E-001                  1.9999999999999685E-002                  0.0000000000000000E+000                  3.7392135879289490E+008                  1.4658794829050889E+007                  1.2190950870622513E-012                  0.0000000000000000E+000                  0.0000000000000000E+000                  5.5607508160567063E+000                  8.6656240203705349E+009                  1.2281131792305084E-006                  1.4590518354853032E-019                 -2.9553808040362264E+000                  1.4564518935563535E+000                  1.6950125209161848E+000                  1.8455275187481754E+000 
                                     511                  2.9994534449300496E+000                  2.1783432977105635E-001                  5.9896351185709644E+000                 -2.8752069798241555E+000                  1.1245575383402617E+001                  6.9999999999760387E-001                  2.8000000000239639E-001                  1.9999999999999796E-002                  0.0000000000000000E+000                  3.7369245330909294E+008                  1.4726916771298120E+007                  1.3921164585623520E-012                  0.0000000000000000E+000                  0.0000000000000000E+000                  5.5422135313183274E+000                  8.7173063147663078E+009                  1.2211150162034796E-006                  3.5925176001738157E-020                 -2.9566217140758790E+000                  1.4591678326379802E+000                  1.6977284599978113E+000                  1.8482434578298019E+000 
                                     512                  2.9994327197368436E+000                  2.1712788834728244E-001                  5.9936534965250958E+000                 -2.8606624731318178E+000                  1.1264107588051955E+001                  6.9999999999760387E-001                  2.8000000000239644E-001                  1.9999999999999685E-002                  0.0000000000000000E+000                  3.7346924318287379E+008                  1.4795365881850589E+007                  1.5890683314978491E-012                  0.0000000000000000E+000                  0.0000000000000000E+000                  5.5232340535655204E+000                  8.7691840499682274E+009                  1.2144841220116774E-006                 -7.2860802458220991E-020                 -2.9578040793622322E+000                  1.4618880010394633E+000                  1.7004486283992943E+000                  1.8509636262312850E+000 
                                     513                  2.9994112752827169E+000                  2.1641753694404017E-001                  5.9976725563575073E+000                 -2.8461561187824813E+000                  1.1282603030252950E+001                  6.9999999999760387E-001                  2.8000000000239639E-001                  1.9999999999999796E-002                  0.0000000000000000E+000                  3.7325151972743905E+008                  1.4864137873775305E+007                  1.8131692590966381E-012                  0.0000000000000000E+000                  0.0000000000000000E+000                  5.5039057546826760E+000                  8.8212455428494492E+009                  1.2081836320086250E-006                 -3.6235814170861894E-020                 -2.9589335261078138E+000                  1.4646123054276363E+000                  1.7031729327874674E+000                  1.8536879306194580E+000 
                                     514                  2.9993890869459290E+000                  2.1570318259077159E-001                  6.0016936732196227E+000                 -2.8316801074970392E+000                  1.1301070836381518E+001                  6.9999999999760387E-001                  2.8000000000239622E-001                  1.9999999999999907E-002                  0.0000000000000000E+000                  3.7303906505481851E+008                  1.4933256685901947E+007                  2.0681671739482363E-012                  2.7470678179709447E-038                  0.0000000000000000E+000                  5.4843125397477106E+000                  8.8734811834770622E+009                  1.2021774670230219E-006                  0.0000000000000000E+000                 -2.9600157082382981E+000                  1.4673406809582776E+000                  1.7059013083181087E+000                  1.8564163061500993E+000 
                                     515                  2.9993661114383641E+000                  2.1498418394351235E-001                  6.0057169873607199E+000                 -2.8172312132962318E+000                  1.1319514326852174E+001                  6.9999999999760387E-001                  2.8000000000239633E-001                  1.9999999999999796E-002                  0.0000000000000000E+000                  3.7283163571240479E+008                  1.5002726211953133E+007                  2.3582475192007544E-012                  4.3036627435965554E-038                  0.0000000000000000E+000                  5.4645367114811689E+000                  8.9259219895504246E+009                  1.1964275861830489E-006                  0.0000000000000000E+000                 -2.9610567909710803E+000                  1.4700751982986429E+000                  1.7086358256584739E+000                  1.8591508234904646E+000 
                                     516                  2.9993423347940307E+000                  2.1426086790895568E-001                  6.0097412598427171E+000                 -2.8028117813205093E+000                  1.1337929891511022E+001                  6.9999999999760387E-001                  2.8000000000239639E-001                  1.9999999999999796E-002                  0.0000000000000000E+000                  3.7262897667532086E+008                  1.5072527644573389E+007                  2.6880318399158323E-012                  6.7337274855585563E-038                  0.0000000000000000E+000                  5.4446457047661152E+000                  8.9785295254553280E+009                  1.1909095652028737E-006                  0.0000000000000000E+000                 -2.9620606082697627E+000                  1.4728143008427756E+000                  1.7113749282026067E+000                  1.8618899260345974E+000 
                                     517                  2.9993177295141544E+000                  2.1353315018283103E-001                  6.0137660199988003E+000                 -2.7884215475859460E+000                  1.1356317294816803E+001                  6.9999999999760387E-001                  2.8000000000239639E-001                  1.9999999999999796E-002                  0.0000000000000000E+000                  3.7243083568083304E+008                  1.5142655057063013E+007                  3.0627840155982061E-012                  1.0522089610454408E-037                  0.0000000000000000E+000                  5.4246957698848677E+000                  9.0312974687297974E+009                  1.1856007221930718E-006                  0.0000000000000000E+000                 -2.9630307724099501E+000                  1.4755580513335591E+000                  1.7141186786933904E+000                  1.8646336765253810E+000 
                                     518                  2.9992922722891948E+000                  2.1280109279424383E-001                  6.0177908788795529E+000                 -2.7740602538055215E+000                  1.1374676381313021E+001                  6.9999999999760387E-001                  2.8000000000239639E-001                  1.9999999999999796E-002                  0.0000000000000000E+000                  3.7223701596213615E+008                  1.5213103569970466E+007                  3.4884447716317714E-012                  1.6419585115028944E-037                  0.0000000000000000E+000                  5.4047347656511056E+000                  9.0842096826770802E+009                  1.1804820678931937E-006                  3.6308183590323370E-020                 -2.9639703028416253E+000                  1.4783059841809143E+000                  1.7168666115407454E+000                  1.8673816093727360E+000 
                                     519                  2.9992659340364218E+000                  2.1206461011068201E-001                  6.0218158838956022E+000                 -2.7597262671649023E+000                  1.1393008806419486E+001                  6.9999999999760387E-001                  2.8000000000239644E-001                  1.9999999999999685E-002                  0.0000000000000000E+000                  3.7204734496323496E+008                  1.5283875645807540E+007                  3.9717636607171149E-012                  2.5588306415128705E-037                  0.0000000000000000E+000                  5.3848022221584220E+000                  9.1372617994367409E+009                  1.1755359185891278E-006                  1.4484278373302796E-019                 -2.9648820482177403E+000                  1.4810582087598694E+000                  1.7196188361197005E+000                  1.8701338339516911E+000 
                                     520                  2.9992386846975081E+000                  2.1132361768378288E-001                  6.0258411100226974E+000                 -2.7454180480569015E+000                  1.1411316162283274E+001                  6.9999999999760376E-001                  2.8000000000239639E-001                  1.9999999999999796E-002                  0.0000000000000000E+000                  3.7186159397346187E+008                  1.5354974790909579E+007                  4.5203675154895311E-012                  3.9824160489153056E-037                  0.0000000000000000E+000                  5.3649317509429553E+000                  9.1904499650809784E+009                  1.1707469104718386E-006                  2.1669036677598341E-019                 -2.9657684898102259E+000                  1.4838148526036425E+000                  1.7223754799634736E+000                  1.8728904777954642E+000 
                                     521                  2.9992104932065939E+000                  2.1057803212919962E-001                  6.0298666550355389E+000                 -2.7311341419697501E+000                  1.1429599980859638E+001                  6.9999999999760376E-001                  2.8000000000239644E-001                  1.9999999999999796E-002                  0.0000000000000000E+000                  3.7167945709164935E+008                  1.5426405697935482E+007                  5.1428726171988477E-012                  6.1899173454973872E-037                  0.0000000000000000E+000                  5.3451517431263209E+000                  9.2437708808501549E+009                  1.1661021008278965E-006                  1.4408511392427498E-019                 -2.9666317111157450E+000                  1.4865760726334052E+000                  1.7251366999932363E+000                  1.8756516978252269E+000 
                                     522                  2.9991813274573440E+000                  2.0982777101714306E-001                  6.0338926353433324E+000                 -2.7168731726776274E+000                  1.1447861736825612E+001                  6.9999999999760376E-001                  2.8000000000239644E-001                  1.9999999999999796E-002                  0.0000000000000000E+000                  3.7150065658242810E+008                  1.5498173390905060E+007                  5.8490109902491761E-012                  9.6086924000394889E-037                  0.0000000000000000E+000                  5.3254859968808690E+000                  9.2972217209065342E+009                  1.1615905503971391E-006                  3.5929344968895115E-020                 -2.9674734648195247E+000                  1.4893420447846650E+000                  1.7279026721444963E+000                  1.8784176699764870E+000 
                                     523                  2.9991511542689473E+000                  2.0907275277161025E-001                  6.0379191823679363E+000                 -2.7026338355827546E+000                  1.1466102850337318E+001                  6.9999999999760376E-001                  2.8000000000239644E-001                  1.9999999999999796E-002                  0.0000000000000000E+000                  3.7132494518819004E+008                  1.5570283101148924E+007                  6.6497725896363500E-012                  1.4896819359446970E-036                  0.0000000000000000E+000                  5.3059542929321895E+000                  9.3508000593215523E+009                  1.1572028363141413E-006                  0.0000000000000000E+000                 -2.9682952552816126E+000                  1.4921129497693668E+000                  1.7306735771291979E+000                  1.8811885749611885E+000 
                                     524                  2.9991199393510457E+000                  2.0831289657828120E-001                  6.0419464394137332E+000                 -2.6884148916529496E+000                  1.1484324689641246E+001                  6.9999999999760376E-001                  2.8000000000239650E-001                  1.9999999999999796E-002                  0.0000000000000000E+000                  3.7115210485945445E+008                  1.5642740200104523E+007                  7.5575653518723744E-012                  2.3066494879032228E-036                  0.0000000000000000E+000                  5.2865729178265433E+000                  9.4045037993341579E+009                  1.1529308338792206E-006                 -3.6024095291780709E-020                 -2.9690983729639244E+000                  1.4948889703417034E+000                  1.7334495977015345E+000                  1.8839645955335251E+000 
                                     525                  2.9990876472675447E+000                  2.0754812230028744E-001                  6.0459745589848959E+000                 -2.6742151610046077E+000                  1.1502528573548888E+001                  6.9999999999760376E-001                  2.8000000000239655E-001                  1.9999999999999685E-002                  0.0000000000000000E+000                  3.7098192153935623E+008                  1.5715550219470065E+007                  8.5863953451266375E-012                  3.5672839621292643E-036                  0.0000000000000000E+000                  5.2673551498526798E+000                  9.4583310997356987E+009                  1.1487675672013540E-006                 -1.7972150916843437E-019                 -2.9698839171150921E+000                  1.4976702906224204E+000                  1.7362309179822515E+000                  1.8867459158142421E+000 
                                     526                  2.9990542413992762E+000                  2.0677835040269535E-001                  6.0500037005057452E+000                 -2.6600335181188619E+000                  1.1520715773783348E+001                  6.9999999999760365E-001                  2.8000000000239661E-001                  1.9999999999999796E-002                  0.0000000000000000E+000                  3.7081417037267113E+008                  1.5788718962980468E+007                  9.7520694805191689E-012                  5.5102482507782614E-036                  0.0000000000000000E+000                  5.2483116893758108E+000                  9.5122803099317608E+009                  1.1447071259828002E-006                 -3.2274115098916776E-019                 -2.9706528068102784E+000                  1.5004570979005958E+000                  1.7390177252604269E+000                  1.8895327230924175E+000 
                                     527                  2.9990196839054759E+000                  2.0600350188310684E-001                  6.0540340272081679E+000                 -2.6458688873907485E+000                  1.1538887517205973E+001                  6.9999999999760354E-001                  2.8000000000239672E-001                  1.9999999999999796E-002                  0.0000000000000000E+000                  3.7064862977220839E+008                  1.5862252460999865E+007                  1.1072423287927593E-011                  8.5014198882198033E-036                  0.0000000000000000E+000                  5.2294478401411828E+000                  9.5663499217751675E+009                  1.1407450204073851E-006                 -2.1454746294582722E-019                 -2.9714057091690882E+000                  1.5032495835383832E+000                  1.7418102108982143E+000                  1.8923252087302049E+000 
                                     528                  2.9989839356840355E+000                  2.0522349820796129E-001                  6.0580656990039330E+000                 -2.6317202335031507E+000                  1.1557044987928759E+001                  6.9999999999760343E-001                  2.8000000000239672E-001                  1.9999999999999796E-002                  0.0000000000000000E+000                  3.7048507937782472E+008                  1.5936156820861340E+007                  1.2567575856230676E-011                  1.3101098742328616E-035                  0.0000000000000000E+000                  5.2107554939190486E+000                  9.6205384636702366E+009                  1.1368797116647538E-006                  7.1779410139491010E-020                 -2.9721427418530593E+000                  1.5060479402619948E+000                  1.7446085676218259E+000                  1.8951235654538165E+000 
                                     529                  2.9989469563305065E+000                  2.0443826126425746E-001                  6.0620988668846616E+000                 -2.6175865534371718E+000                  1.1575189329303678E+001                  6.9999999999760343E-001                  2.8000000000239689E-001                  1.9999999999999685E-002                  0.0000000000000000E+000                  3.7032330274694568E+008                  1.6010438075778484E+007                  1.4260215967375113E-011                  2.0166408345986203E-035                  0.0000000000000000E+000                  5.1922251823102457E+000                  9.6748443495779095E+009                  1.1331119932443391E-006                  2.5001466223649346E-019                 -2.9728635818536802E+000                  1.5088523580524615E+000                  1.7474129854122926E+000                  1.8979279832442832E+000 
                                     530                  2.9989087040958582E+000                  2.0364771332548751E-001                  6.0661336733664468E+000                 -2.6034668740387166E+000                  1.1593321645779044E+001                  6.9999999999760332E-001                  2.8000000000239689E-001                  1.9999999999999796E-002                  0.0000000000000000E+000                  3.7016313543750596E+008                  1.6085101661148155E+007                  1.6175924745569373E-011                  3.1007170282645790E-035                  0.0000000000000000E+000                  5.1738494700375757E+000                  9.7292658011688366E+009                  1.1294424969308970E-006                  2.4955512662919571E-019                 -2.9735679376623456E+000                  1.5116630151597452E+000                  1.7502236425195763E+000                  1.9007386403515667E+000 
                                     531                  2.9988691358429893E+000                  2.0285177702244592E-001                  6.0701702541626164E+000                 -2.5893602520224182E+000                  1.1611443004641149E+001                  6.9999999999760321E-001                  2.8000000000239700E-001                  1.9999999999999796E-002                  0.0000000000000000E+000                  3.7000445507627988E+008                  1.6160152546400638E+007                  1.8343538593603731E-011                  4.7622940867931162E-035                  0.0000000000000000E+000                  5.1556227439136739E+000                  9.7838008548858547E+009                  1.1258711035137223E-006                  2.1364787561780151E-019                 -2.9742556636397661E+000                  1.5144800729391097E+000                  1.7530407002989408E+000                  1.9035556981309314E+000 
                                     532                  2.9988282070018912E+000                  2.0205037531336051E-001                  6.0742087396650586E+000                 -2.5752657747997323E+000                  1.1629554437665307E+001                  6.9999999999760310E-001                  2.8000000000239711E-001                  1.9999999999999796E-002                  0.0000000000000000E+000                  3.6984712923570675E+008                  1.6235595800642103E+007                  2.0795557051671226E-011                  7.3063120181511008E-035                  0.0000000000000000E+000                  5.1375410109503239E+000                  9.8384474040086594E+009                  1.1223971894533828E-006                  3.5577829060985465E-019                 -2.9749267147382512E+000                  1.5173036854918549E+000                  1.7558643128516860E+000                  1.9063793106836766E+000 
                                     533                  2.9987858715234199E+000                  2.0124343145143844E-001                  6.0782492562526667E+000                 -2.5611825603073792E+000                  1.1647656942685730E+001                  6.9999999999760298E-001                  2.8000000000239722E-001                  1.9999999999999796E-002                  0.0000000000000000E+000                  3.6969101244780314E+008                  1.6311436633796914E+007                  2.3568601157808887E-011                  1.1197351277728592E-034                  0.0000000000000000E+000                  5.1196017235874951E+000                  9.8932032382053928E+009                  1.1190198372544663E-006                  5.6824914490727904E-019                 -2.9755811072569203E+000                  1.5201340080520953E+000                  1.7586946354119264E+000                  1.9092096332439170E+000 
                                     534                  2.9987420818316326E+000                  2.0043086895152012E-001                  6.0822919274473302E+000                 -2.5471097566729775E+000                  1.1665751485090164E+001                  6.9999999999760276E-001                  2.8000000000239739E-001                  1.9999999999999796E-002                  0.0000000000000000E+000                  3.6953595175345153E+008                  1.6387680373057440E+007                  2.6703928485741634E-011                  1.7142510028825298E-034                  0.0000000000000000E+000                  5.1018036210453950E+000                  9.9480660693463936E+009                  1.1157378776152157E-006                  5.3177197694657593E-019                 -2.9762189115147981E+000                  1.5229711972143058E+000                  1.7615318245741369E+000                  1.9120468224061276E+000 
                                     535                  2.9986967887746347E+000                  1.9961261155606788E-001                  6.0863368749342976E+000                 -2.5330465412650698E+000                  1.1683838999244800E+001                  6.9999999999760254E-001                  2.8000000000239755E-001                  1.9999999999999907E-002                  0.0000000000000000E+000                  3.6938185575088179E+008                  1.6464331840087336E+007                  3.0248011847297233E-011                  2.6216958531740902E-034                  0.0000000000000000E+000                  5.0841465899659637E+000                  1.0003033547580669E+010                  1.1125497522357653E-006                  2.8312727499751420E-019                 -2.9768402793248310E+000                  1.5258154024969470E+000                  1.7643760298567781E+000                  1.9148910276887690E+000 
                                     536                  2.9986499415739081E+000                  1.9878858320155401E-001                  6.0903842194595352E+000                 -2.5189921202494618E+000                  1.1701920389854127E+001                  6.9999999999760243E-001                  2.8000000000239783E-001                  1.9999999999999796E-002                  0.0000000000000000E+000                  3.6922868530279875E+008                  1.6541395457130808E+007                  3.4253189405709915E-011                  4.0053974618933542E-034                  0.0000000000000000E+000                  5.0666315311148722E+000                  1.0058103275174688E+010                  1.1094534110624778E-006                 -1.3022542402585918E-022                 -2.9774454651221616E+000                  1.5286667595525050E+000                  1.7672273869123361E+000                  1.9177423847443267E+000 
                                     537                  2.9986014877720524E+000                  1.9795870798427007E-001                  6.0944340816113174E+000                 -2.5049457285388650E+000                  1.1719996533260344E+001                  6.9999999999760221E-001                  2.8000000000239800E-001                  1.9999999999999796E-002                  0.0000000000000000E+000                  3.6907639269514018E+008                  1.6618875807311025E+007                  3.8778394930131225E-011                  6.1132319794328059E-034                  0.0000000000000000E+000                  5.0492602325369482E+000                  1.0113272829827648E+010                  1.1064465298143782E-006                 -1.7657916326488260E-019                 -2.9780347844823072E+000                  1.5315253991276288E+000                  1.7700860264874598E+000                  1.9206010243194505E+000 
                                     538                  2.9985513731789148E+000                  1.9712291012473920E-001                  6.0984865824962542E+000                 -2.4909066292652202E+000                  1.1738068278685976E+001                  6.9999999999760210E-001                  2.8000000000239822E-001                  1.9999999999999685E-002                  0.0000000000000000E+000                  3.6892491767947257E+008                  1.6696777671610538E+007                  4.3889978061014041E-011                  9.3210436323409807E-034                  0.0000000000000000E+000                  5.0320352572396541E+000                  1.0168539786363529E+010                  1.1035267007070720E-006                 -1.7626352971065255E-019                 -2.9786085771372273E+000                  1.5343914550934976E+000                  1.7729520824533287E+000                  1.9234670802853193E+000 
                                     539                  2.9984995418160372E+000                  1.9628111393160413E-001                  6.1025418444380817E+000                 -2.4768741133197199E+000                  1.1756136449409169E+001                  6.9999999999760176E-001                  2.8000000000239855E-001                  1.9999999999999685E-002                  0.0000000000000000E+000                  3.6877419166294998E+008                  1.6775106013758056E+007                  4.9662625697444329E-011                  1.4198191525587535E-033                  0.0000000000000000E+000                  5.0149601488920172E+000                  1.0223901732859068E+010                  1.1006914139566485E-006                 -7.0376374650238716E-020                 -2.9791672106323648E+000                  1.5372650646855714E+000                  1.7758256920454025E+000                  1.9263406898773932E+000 
                                     540                  2.9984459358594702E+000                  1.9543324376610877E-001                  6.1065999930805681E+000                 -2.4628475003604864E+000                  1.1774201843856552E+001                  6.9999999999760132E-001                  2.8000000000239877E-001                  1.9999999999999907E-002                  0.0000000000000000E+000                  3.6862419026052988E+008                  1.6853865586135969E+007                  5.6180398510544007E-011                  2.1606419672503366E-033                  0.0000000000000000E+000                  4.9980428501122374E+000                  1.0279356303681984E+010                  1.0979373923028736E-006                  2.4623744768961535E-019                 -2.9797112119796685E+000                  1.5401463632389338E+000                  1.7787069905987649E+000                  1.9292219884307555E+000 
                                     541                  2.9983904955809408E+000                  1.9457922400488006E-001                  6.1106611598557361E+000                 -2.4488261402926805E+000                  1.1792265236627074E+001                  6.9999999999760099E-001                  2.8000000000239911E-001                  1.9999999999999907E-002                  0.0000000000000000E+000                  3.6847492453145534E+008                  1.6933061062999584E+007                  6.3537896635105366E-011                  3.2848873402007186E-033                  0.0000000000000000E+000                  4.9812931900499935E+000                  1.0334901234731573E+010                  1.0952603541864151E-006                  6.6716284942574799E-019                 -2.9802413162354644E+000                  1.5430354807818107E+000                  1.7815961081416418E+000                  1.9321111059736324E+000 
                                     542                  2.9983331592872680E+000                  1.9371897899851742E-001                  6.1147254820770263E+000                 -2.4348094123974482E+000                  1.1810327379469815E+001                  6.9999999999760065E-001                  2.8000000000239950E-001                  1.9999999999999796E-002                  0.0000000000000000E+000                  3.6832640184111953E+008                  1.7012697358294349E+007                  7.1841567268511086E-011                  4.9894514093193068E-033                  0.0000000000000000E+000                  4.9647195552945362E+000                  1.0390534396419624E+010                  1.0926560213382795E-006                  7.0115139415992418E-019                 -2.9807582683145393E+000                  1.5459325479133987E+000                  1.7844931752732298E+000                  1.9350081731052204E+000 
                                     543                  2.9982738632579329E+000                  1.9285243303015129E-001                  6.1187931016913257E+000                 -2.4207967230720420E+000                  1.1828389002222488E+001                  6.9999999999760021E-001                  2.8000000000240005E-001                  1.9999999999999796E-002                  0.0000000000000000E+000                  3.6817862195627254E+008                  1.7092779618716404E+007                  8.1211171365837267E-011                  7.5715815486698874E-033                  0.0000000000000000E+000                  4.9483289378717314E+000                  1.0446253781621363E+010                  1.0901207113402481E-006                  2.8000472197279730E-019                 -2.9812627045313662E+000                  1.5488376998439393E+000                  1.7873983272037703E+000                  1.9379133250357610E+000 
                                     544                  2.9982125416807692E+000                  1.9197951027665697E-001                  6.1228641641191262E+000                 -2.4067875037261901E+000                  1.1846450813713533E+001                  6.9999999999759976E-001                  2.8000000000240044E-001                  1.9999999999999796E-002                  0.0000000000000000E+000                  3.6803157938526869E+008                  1.7173313186929766E+007                  9.1781429970446339E-011                  1.1479653655314742E-032                  0.0000000000000000E+000                  4.9321270442395182E+000                  1.0502057477428391E+010                  1.0876512984425499E-006                 -1.7485674476209579E-019                 -2.9817551586770872E+000                  1.5517510757617845E+000                  1.7903117031216156E+000                  1.9408267009536062E+000 
                                     545                  2.9981491265857061E+000                  1.9110013477238225E-001                  6.1269388172011894E+000                 -2.3927812090435863E+000                  1.1864513502630029E+001                  6.9999999999759910E-001                  2.8000000000240105E-001                  1.9999999999999796E-002                  0.0000000000000000E+000                  3.6788529292795885E+008                  1.7254303365618281E+007                  1.0370387192547308E-010                  1.7389465267571079E-032                  0.0000000000000000E+000                  4.9161183922211338E+000                  1.0557943641502487E+010                  1.0852451066136922E-006                 -3.1423288043562807E-019                 -2.9822360818625588E+000                  1.5546728153616240E+000                  1.7932334427214551E+000                  1.9437484405534458E+000 
                                     546                  2.9980835477765058E+000                  1.9021423037466761E-001                  6.1310172102427716E+000                 -2.3787773149402720E+000                  1.1882577738353774E+001                  6.9999999999759854E-001                  2.8000000000240177E-001                  1.9999999999999685E-002                  0.0000000000000000E+000                  3.6773979858199984E+008                  1.7335755452377666E+007                  1.1714890747280739E-010                  2.6318781506439078E-032                  0.0000000000000000E+000                  4.9003064034041355E+000                  1.0613910477647062E+010                  1.0828998271531729E-006                 -1.7432754218091799E-019                 -2.9827058578030958E+000                  1.5576030562687948E+000                  1.7961636836286259E+000                  1.9466786814606165E+000 
                                     547                  2.9980157327604453E+000                  1.8932172073189851E-001                  6.1350994931483420E+000                 -2.3647753166513699E+000                  1.1900644171767690E+001                  6.9999999999759777E-001                  2.8000000000240244E-001                  1.9999999999999796E-002                  0.0000000000000000E+000                  3.6759513103181392E+008                  1.7417674849020518E+007                  1.3230815498770803E-010                  3.9799188465889203E-032                  0.0000000000000000E+000                  4.8846934873001979E+000                  1.0669956207766069E+010                  1.0806135342986842E-006                 -5.6123386698384699E-025                 -2.9831647986897192E+000                  1.5605419358901218E+000                  1.7991025632499531E+000                  1.9496175610819437E+000 
                                     548                  2.9979456066758674E+000                  1.8842252925392416E-001                  6.1391858156364325E+000                 -2.3507747271275483E+000                  1.1918713436028062E+001                  6.9999999999759699E-001                  2.8000000000240316E-001                  1.9999999999999796E-002                  0.0000000000000000E+000                  3.6745132015853918E+008                  1.7500067055623922E+007                  1.4939705134291207E-010                  6.0133741018173517E-032                  0.0000000000000000E+000                  4.8692811162623322E+000                  1.0726079047657034E+010                  1.0783846882601160E-006                  1.0432161228605914E-019                 -2.9836131436069691E+000                  1.5634895927435317E+000                  1.8020502201033628E+000                  1.9525652179353534E+000 
                                     549                  2.9978730922175960E+000                  1.8751657908488695E-001                  6.1432763265202119E+000                 -2.3367750756295260E+000                  1.1936786147277823E+001                  6.9999999999759599E-001                  2.8000000000240410E-001                  1.9999999999999907E-002                  0.0000000000000000E+000                  3.6730839204501581E+008                  1.7582937653348945E+007                  1.6865778005138343E-010                  9.0782962849980340E-032                  0.0000000000000000E+000                  4.8540698931953008E+000                  1.0782277187332865E+010                  1.0762121048697792E-006                  1.3891463121012868E-019                 -2.9840510637322999E+000                  1.5664461661616933E+000                  1.8050067935215244E+000                  1.9555217913535152E+000 
                                     550                  2.9977981095603323E+000                  1.8660379308031916E-001                  6.1473711730456317E+000                 -2.3227759068012324E+000                  1.1954862905302141E+001                  6.9999999999759510E-001                  2.8000000000240510E-001                  1.9999999999999796E-002                  0.0000000000000000E+000                  3.6716638128357732E+008                  1.7666292226545900E+007                  1.9036255525525019E-010                  1.3694273823041783E-031                  0.0000000000000000E+000                  4.8390596099389569E+000                  1.0838548777819235E+010                  1.0740949083901675E-006                  2.0808417534462897E-019                 -2.9844786710644899E+000                  1.5694117951214703E+000                  1.8079724224813014E+000                  1.9584874203132923E+000 
                                     551                  2.9977205762798427E+000                  1.8568409378572426E-001                  6.1514705005365622E+000                 -2.3087767793502869E+000                  1.1972944294154537E+001                  6.9999999999759388E-001                  2.8000000000240632E-001                  1.9999999999999796E-002                  0.0000000000000000E+000                  3.6702532873291123E+008                  1.7750136362332463E+007                  2.1481730576506504E-010                  2.0640890232518903E-031                  0.0000000000000000E+000                  4.8242499127013803E+000                  1.0894891917655258E+010                  1.0720323993931018E-006                  3.4638030357065218E-019                 -2.9848960445114510E+000                  1.5723866172828596E+000                  1.8109472446426909E+000                  1.9614622424746815E+000 
                                     552                  2.9976404072718266E+000                  1.8475740341682084E-001                  6.1555744646167518E+000                 -2.2947772780266429E+000                  1.1991030882760617E+001                  6.9999999999759255E-001                  2.8000000000240771E-001                  1.9999999999999796E-002                  0.0000000000000000E+000                  3.6688527976272213E+008                  1.7834475930034619E+007                  2.4236586437082910E-010                  3.1087024014969424E-031                  0.0000000000000000E+000                  4.8096701884006201E+000                  1.0951304801070602E+010                  1.0700193710121996E-006                  3.8057289965164316E-019                 -2.9853041800136766E+000                  1.5753707723746704E+000                  1.8139313997345015E+000                  1.9644463975664921E+000 
                                     553                  2.9975575146684204E+000                  1.8382364381300098E-001                  6.1596832611438126E+000                 -2.2807770444232789E+000                  1.2009123225503703E+001                  6.9999999999759110E-001                  2.8000000000240904E-001                  1.9999999999999796E-002                  0.0000000000000000E+000                  3.6674628887144643E+008                  1.7919317719090801E+007                  2.7339479293786979E-010                  4.6784198295248107E-031                  0.0000000000000000E+000                  4.7953920428019856E+000                  1.1007786275944469E+010                  1.0680395095386006E-006                  2.4192015007004794E-019                 -2.9857063406681417E+000                  1.5783644132498815E+000                  1.8169250406097126E+000                  1.9674400384417032E+000 
                                     554                  2.9974718077522557E+000                  1.8288273632168894E-001                  6.1637971435053647E+000                 -2.2667757946135536E+000                  1.2027221862805044E+001                  6.9999999999758944E-001                  2.8000000000241082E-001                  1.9999999999999796E-002                  0.0000000000000000E+000                  3.6660842461914760E+008                  1.8004669825117342E+007                  3.0833882411171062E-010                  7.0355599874617765E-031                  0.0000000000000000E+000                  4.7814870800864675E+000                  1.1064336487403555E+010                  1.0660700888475498E-006                 -3.4429403046230833E-020                 -2.9861071208258778E+000                  1.5813677181085126E+000                  1.8199283454683437E+000                  1.9704433433003343E+000 
                                     555                  2.9973831928680270E+000                  1.8193460163872777E-001                  6.1679164201444685E+000                 -2.2527733163930130E+000                  1.2045327321707244E+001                  6.9999999999758755E-001                  2.8000000000241271E-001                  1.9999999999999796E-002                  0.0000000000000000E+000                  3.6647177351240903E+008                  1.8090541620230470E+007                  3.4768692929267992E-010                  1.0572791513167920E-030                  0.0000000000000000E+000                  4.7680237065519329E+000                  1.1120957108815662E+010                  1.0640893087391750E-006                 -2.4128766280749807E-019                 -2.9865109601441211E+000                  1.5843808944142006E+000                  1.8229415217740317E+000                  1.9734565196060223E+000 
                                     556                  2.9972915733314798E+000                  1.8097915964754474E-001                  6.1720414509395232E+000                 -2.2387694644163698E+000                  1.2063440116461660E+001                  6.9999999999758533E-001                  2.8000000000241476E-001                  1.9999999999999907E-002                  0.0000000000000000E+000                  3.6633643619942629E+008                  1.8176943711122278E+007                  3.9198916093793884E-010                  1.5877644102671900E-030                  0.0000000000000000E+000                  4.7550675467261874E+000                  1.1177651289294310E+010                  1.0620767181862780E-006                 -1.0339640646044372E-019                 -2.9869220556190004E+000                  1.5874041774876639E+000                  1.8259648048474950E+000                  1.9764798026794859E+000 
                                     557                  2.9971968493357593E+000                  1.8001632926172204E-001                  6.1761726440089086E+000                 -2.2247641560284634E+000                  1.2081560749106217E+001                  6.9999999999758300E-001                  2.8000000000241715E-001                  1.9999999999999796E-002                  0.0000000000000000E+000                  3.6620252633361602E+008                  1.8263887898981627E+007                  4.4186437807314851E-010                  2.3828866135261893E-030                  0.0000000000000000E+000                  4.7426818527804118E+000                  1.1234423580464506E+010                  1.0600130613348635E-006                  1.7189864234513599E-019                 -2.9873443916927518E+000                  1.5904378290023300E+000                  1.8289984563621611E+000                  1.9795134541941517E+000 
                                     558                  2.9970989178551943E+000                  1.7904602827118443E-001                  6.1803104529148731E+000                 -2.2107573677600025E+000                  1.2099689709998927E+001                  6.9999999999758045E-001                  2.8000000000241976E-001                  1.9999999999999796E-002                  0.0000000000000000E+000                  3.6607016697734898E+008                  1.8351387145560570E+007                  4.9800897290057011E-010                  3.5740338191219689E-030                  0.0000000000000000E+000                  4.7309279078737569E+000                  1.1291279877240019E+010                  1.0578801244048567E-006                  3.7781744470353423E-019                 -2.9877817711877910E+000                  1.5934821356052566E+000                  1.8320427629650879E+000                  1.9825577607970786E+000 
                                     559                  2.9969976725467120E+000                  1.7806817319307250E-001                  6.1844553742555615E+000                 -2.1967491324622159E+000                  1.2117827478332567E+001                  6.9999999999757734E-001                  2.8000000000242281E-001                  1.9999999999999796E-002                  0.0000000000000000E+000                  3.6593949364815843E+008                  1.8439455522710711E+007                  5.6120673283062372E-010                  5.3576006285868942E-030                  0.0000000000000000E+000                  4.7198654238872999E+000                  1.1348227372218155E+010                  1.0556605800832636E-006                  6.1760029515478038E-019                 -2.9882378476681311E+000                  1.5965374074425540E+000                  1.8350980348023851E+000                  1.9856130326343757E+000 
                                     560                  2.9968930036483687E+000                  1.7708267912129819E-001                  6.1886079456384051E+000                 -2.1827395370664329E+000                  1.2135974522670439E+001                  6.9999999999757401E-001                  2.8000000000242620E-001                  1.9999999999999796E-002                  0.0000000000000000E+000                  3.6581066184228146E+008                  1.8528108148860194E+007                  6.3233999139533806E-010                  8.0270899269130102E-030                  0.0000000000000000E+000                  4.7095529361273609E+000                  1.1405274524643114E+010                  1.0533378264708867E-006                  7.1992035573239199E-019                 -2.9887161597813172E+000                  1.5996039763744869E+000                  1.8381646037343180E+000                  1.9886796015663089E+000 
                                     561                  2.9967847978749718E+000                  1.7608945957384331E-001                  6.1927687440259476E+000                 -2.1687287197143048E+000                  1.2154131301492297E+001                  6.9999999999757023E-001                  2.8000000000242997E-001                  1.9999999999999796E-002                  0.0000000000000000E+000                  3.6568383564580262E+008                  1.8617361242884938E+007                  7.1240224531123840E-010                  1.2021065380215670E-029                  0.0000000000000000E+000                  4.7000482137707724E+000                  1.1462431027994694E+010                  1.0508958546675890E-006                  6.5068003762963688E-019                 -2.9892201605321560E+000                  1.6026821954306083E+000                  1.8412428227904394E+000                  1.9917578206224300E+000 
                                     562                  2.9966729383107777E+000                  1.7508842633990682E-001                  6.1969383844396866E+000                 -2.1547168676843458E+000                  1.2172298263744629E+001                  6.9999999999756601E-001                  2.8000000000243425E-001                  1.9999999999999796E-002                  0.0000000000000000E+000                  3.6555918725286245E+008                  1.8707232132898908E+007                  8.0251243682056098E-010                  1.7994794672285442E-029                  0.0000000000000000E+000                  4.6914086514280502E+000                  1.1519707778354954E+010                  1.0483191402514917E-006                  6.4996862565366093E-019                 -2.9897532423827888E+000                  1.6057724391455488E+000                  1.8443330665053799E+000                  1.9948480643373705E+000 
                                     563                  2.9965573042991953E+000                  1.7407948932510750E-001                  6.2011175187591450E+000                 -2.1407042155635909E+000                  1.2190475849395444E+001                  6.9999999999756102E-001                  2.8000000000243908E-001                  1.9999999999999907E-002                  0.0000000000000000E+000                  3.6543689432196742E+008                  1.8797739254024364E+007                  9.0393112693842471E-010                  2.6927315055394399E-029                  0.0000000000000000E+000                  4.6836910971373316E+000                  1.1577116855174410E+010                  1.0455926110564571E-006                  6.8353666550333642E-019                 -2.9903187472340056E+000                  1.6088751032228381E+000                  1.8474357305826692E+000                  1.9979507284146598E+000 
                                     564                  2.9964377713294303E+000                  1.7306255639413837E-001                  6.2053068099382900E+000                 -2.1266910180617278E+000                  1.2208664489994247E+001                  6.9999999999755569E-001                  2.8000000000244440E-001                  1.9999999999999907E-002                  0.0000000000000000E+000                  3.6531713807559586E+008                  1.8888901588115055E+007                  1.0180783617999454E-009                  4.0281407501904967E-029                  0.0000000000000000E+000                  4.6768951399496661E+000                  1.1634671164740488E+010                  1.0427106818251220E-006                  6.4877382588328828E-019                 -2.9909180886999844E+000                  1.6119905977486466E+000                  1.8505512251084779E+000                  2.0010662229404681E+000 
                                     565                  2.9963142109199881E+000                  1.7203753327085161E-001                  6.2095068607779567E+000                 -2.1126774752179780E+000                  1.2226864609215260E+001                  6.9999999999754947E-001                  2.8000000000245062E-001                  1.9999999999999907E-002                  0.0000000000000000E+000                  3.6520009179566109E+008                  1.8980737063710622E+007                  1.1465527057585462E-009                  6.0242405886565824E-029                  0.0000000000000000E+000                  4.6709159284656243E+000                  1.1692383093478741E+010                  1.0396939552444086E-006                  5.7994324785655039E-019                 -2.9915472404991164E+000                  1.6151193223028844E+000                  1.8536799496627154E+000                  2.0041949474947058E+000 
                                     566                  2.9961864904991438E+000                  1.7100432361415180E-001                  6.2137181655901657E+000                 -2.0986636807401466E+000                  1.2245076623302477E+001                  6.9999999999754270E-001                  2.8000000000245751E-001                  1.9999999999999796E-002                  0.0000000000000000E+000                  3.6508590213506192E+008                  1.9073261458354890E+007                  1.2911524287042622E-009                  9.0074610465946775E-029                  0.0000000000000000E+000                  4.6656425985650403E+000                  1.1750262797559555E+010                  1.0365808651341987E-006                  5.7934192344578692E-019                 -2.9921984061619664E+000                  1.6182616351865473E+000                  1.8568222625463784E+000                  2.0073372603783688E+000 
                                     567                  2.9960544732829399E+000                  1.6996282922852488E-001                  6.2179411120928787E+000                 -2.0846496236284637E+000                  1.2263300941434753E+001                  6.9999999999753493E-001                  2.8000000000246522E-001                  1.9999999999999796E-002                  0.0000000000000000E+000                  3.6497469122980523E+008                  1.9166488392492272E+007                  1.4538999218323345E-009                  1.3465332461215527E-028                  0.0000000000000000E+000                  4.6609694321137436E+000                  1.1808317485568083E+010                  1.0334093021183870E-006                  6.4693335960202329E-019                 -2.9928638167597499E+000                  1.6214178413982558E+000                  1.8599784687580869E+000                  2.0104934665900775E+000 
                                     568                  2.9959180181496397E+000                  1.6891295027861083E-001                  6.2221759880257448E+000                 -2.0706351948501549E+000                  1.2281537966087267E+001                  6.9999999999752627E-001                  2.8000000000247394E-001                  1.9999999999999796E-002                  0.0000000000000000E+000                  3.6486655684492022E+008                  1.9260429437742990E+007                  1.6370690995546850E-009                  2.0125870802639859E-028                  0.0000000000000000E+000                  4.6567951039183546E+000                  1.1866551477866489E+010                  1.0302148915129399E-006                  7.8237693385314232E-019                 -2.9935360883929523E+000                  1.6245881947898260E+000                  1.8631488221496570E+000                  2.0136638199816477E+000 
                                     569                  2.9957769795105187E+000                  1.6785458549547280E-001                  6.2264229870419001E+000                 -2.0566201938294184E+000                  1.2299788093371095E+001                  6.9999999999751639E-001                  2.8000000000248382E-001                  1.9999999999999796E-002                  0.0000000000000000E+000                  3.6476156476719439E+008                  1.9355094338698123E+007                  1.8432160293658361E-009                  3.0075990505695561E-028                  0.0000000000000000E+000                  4.6530220283024377E+000                  1.1924966335401134E+010                  1.0270312839219436E-006                  1.0196398640536158E-018                 -2.9942081636795761E+000                  1.6277729027531216E+000                  1.8663335301129527E+000                  2.0168485279449433E+000 
                                     570                  2.9956312071771625E+000                  1.6678763237689023E-001                  6.2306822139768174E+000                 -2.0426043337159006E+000                  1.2318051713332958E+001                  6.9999999999750540E-001                  2.8000000000249492E-001                  1.9999999999999685E-002                  0.0000000000000000E+000                  3.6465975411095899E+008                  1.9450491049675509E+007                  2.0752131494367534E-009                  4.4938054148546495E-028                  0.0000000000000000E+000                  4.6495558046837706E+000                  1.1983560973175362E+010                  1.0238903976876064E-006                  1.2566179433205165E-018                 -2.9948732649550149E+000                  1.6309721300503472E+000                  1.8695327574101783E+000                  2.0200477552421687E+000 
                                     571                  2.9954805462252061E+000                  1.6571198738430060E-001                  6.2349536895907809E+000                 -2.0285872455727576E+000                  1.2336329210216180E+001                  6.9999999999749307E-001                  2.8000000000250724E-001                  1.9999999999999685E-002                  0.0000000000000000E+000                  3.6456114804186475E+008                  1.9546625647319902E+007                  2.3362874696871769E-009                  6.7132987222110679E-028                  0.0000000000000000E+000                  4.6463047522537577E+000                  1.2042331745276625E+010                  1.0208225680111683E-006                  1.4592788589334049E-018                 -2.9955248686382703E+000                  1.6341859990996948E+000                  1.8727466264595261E+000                  2.0232616242915165E+000 
                                     572                  2.9953248368544343E+000                  1.6462754613884320E-001                  6.2392373548654270E+000                 -2.0145684826673085E+000                  1.2354620962682553E+001                  6.9999999999747897E-001                  2.8000000000252118E-001                  1.9999999999999796E-002                  0.0000000000000000E+000                  3.6446575639518189E+008                  1.9643502379640922E+007                  2.6300631832858261E-009                  1.0027218564817848E-027                  0.0000000000000000E+000                  4.6431795162255733E+000                  1.2101272518980947E+010                  1.0178566751782542E-006                  1.4923392241158710E-018                 -2.9961566854403876E+000                  1.6374145903601041E+000                  1.8759752177199351E+000                  2.0264902155519255E+000 
                                     573                  2.9951639142451985E+000                  1.6353420361630194E-001                  6.2435330749117286E+000                 -2.0005475245557012E+000                  1.2372927343948438E+001                  6.9999999999746332E-001                  2.8000000000253689E-001                  1.9999999999999796E-002                  0.0000000000000000E+000                  3.6437357393864548E+008                  1.9741123760158665E+007                  2.9606091631549411E-009                  1.4974092938661124E-027                  0.0000000000000000E+000                  4.6400927433946979E+000                  1.2160374749227234E+010                  1.0150202908519698E-006                  1.3557029740772793E-018                 -2.9967626379310675E+000                  1.6406579447453804E+000                  1.8792185721052115E+000                  2.0297335699372021E+000 
                                     574                  2.9949976084119108E+000                  1.6243185434698754E-001                  6.2478406425465076E+000                 -1.9865237814091856E+000                  1.2391248721816931E+001                  6.9999999999744555E-001                  2.8000000000255459E-001                  1.9999999999999796E-002                  0.0000000000000000E+000                  3.6428455811169708E+008                  1.9839490877885338E+007                  3.3324918558955612E-009                  2.2356627307675792E-027                  0.0000000000000000E+000                  4.6369588186773125E+000                  1.2219627554431889E+010                  1.0123398586490496E-006                  1.4898428561501964E-018                 -2.9973368317137665E+000                  1.6439160688083292E+000                  1.8824766961681603E+000                  2.0329916940001507E+000 
                                     575                  2.9948257440532546E+000                  1.6132039261701686E-001                  6.2521597830380147E+000                 -1.9724965986213052E+000                  1.2409585458712103E+001                  6.9999999999742546E-001                  2.8000000000257458E-001                  2.0000000000000018E-002                  0.0000000000000000E+000                  3.6419864488736188E+008                  1.9938603289024696E+007                  3.7508342453541757E-009                  3.3370727111465686E-027                  0.0000000000000000E+000                  4.6336968234007934E+000                  1.2279017801661173E+010                  1.0098402898459485E-006                  2.0639747228471037E-018                 -2.9978736530706556E+000                  1.6471889376861455E+000                  1.8857495650459768E+000                  2.0362645628779674E+000 
                                     576                  2.9946481403975942E+000                  1.6019971266063363E-001                  6.2564901913902036E+000                 -1.9584652954694577E+000                  1.2427937911751416E+001                  6.9999999999740314E-001                  2.8000000000259700E-001                  1.9999999999999796E-002                  0.0000000000000000E+000                  3.6411576832913244E+008                  2.0038459717682958E+007                  4.2213838716159170E-009                  4.9797280087969958E-027                  0.0000000000000000E+000                  4.6302997909868964E+000                  1.2338530683668289E+010                  1.0075330569051374E-006                  2.7392867417689818E-018                 -2.9983703479304129E+000                  1.6504765020131056E+000                  1.8890371293729367E+000                  2.0395521272049271E+000 
                                     577                  2.9944646110441306E+000                  1.5906970875896626E-001                  6.2608316001240016E+000                 -1.9444292358993400E+000                  1.2446306432825390E+001                  6.9999999999737805E-001                  2.8000000000262226E-001                  1.9999999999999685E-002                  0.0000000000000000E+000                  3.6403587725743556E+008                  2.0139059626440715E+007                  4.7505924658225595E-009                  7.4287301707912887E-027                  0.0000000000000000E+000                  4.6268323956084041E+000                  1.2398151253835873E+010                  1.0054050269950377E-006                  3.2111781732502817E-018                 -2.9988294738215528E+000                  1.6537787128683223E+000                  1.8923393402281536E+000                  2.0428543380601440E+000 
                                     578                  2.9942749637997856E+000                  1.5793027515577995E-001                  6.2651838118228680E+000                 -1.9303878625966304E+000                  1.2464691368709548E+001                  6.9999999999734963E-001                  2.8000000000265057E-001                  1.9999999999999796E-002                  0.0000000000000000E+000                  3.6395893375029421E+008                  2.0240404138868667E+007                  5.3457047760181246E-009                  1.1078568017315629E-026                  0.0000000000000000E+000                  4.6233591416594084E+000                  1.2457865931011017E+010                  1.0034312057964429E-006                  3.5473111231026560E-018                 -2.9992561984677368E+000                  1.6570955488224137E+000                  1.8956561761822448E+000                  2.0461711740142352E+000 
                                     579                  2.9940790005116731E+000                  1.5678130587687553E-001                  6.2695466957567190E+000                 -1.9163406935331151E+000                  1.2483093061223354E+001                  6.9999999999731777E-001                  2.8000000000268249E-001                  1.9999999999999796E-002                  0.0000000000000000E+000                  3.6388489665383857E+008                  2.0342496178586692E+007                  6.0148563516167131E-009                  1.6516053384974694E-026                  0.0000000000000000E+000                  4.6199413587009373E+000                  1.2517662973490568E+010                  1.0015878062116630E-006                  3.9169574447921489E-018                 -2.9996554857006208E+000                  1.6604270269729189E+000                  1.8989876543327500E+000                  2.0495026521647408E+000 
                                     580                  2.9938765168950443E+000                  1.5562269454812799E-001                  6.2739201832784852E+000                 -1.9022873165535148E+000                  1.2501511847422181E+001                  6.9999999999728169E-001                  2.8000000000271852E-001                  1.9999999999999796E-002                  0.0000000000000000E+000                  3.6381374170189375E+008                  2.0445340127112590E+007                  6.7671833932110210E-009                  2.4613779490839294E-026                  0.0000000000000000E+000                  4.6166374793781264E+000                  1.2577532395055799E+010                  9.9985267619597104E-007                  4.2865329593932319E-018                 -3.0000319933143174E+000                  1.6637732001201491E+000                  1.9023338274799801E+000                  2.0528488253119708E+000 
                                     581                  2.9936673023568559E+000                  1.5445433421901600E-001                  6.2783042635738191E+000                 -1.8882273846136497E+000                  1.2519948059812368E+001                  6.9999999999724138E-001                  2.8000000000275882E-001                  1.9999999999999796E-002                  0.0000000000000000E+000                  3.6374546383123714E+008                  2.0548941713752408E+007                  7.6129462877149761E-009                  3.6668872848629065E-026                  0.0000000000000000E+000                  4.6135033135794314E+000                  1.2637465859562710E+010                  9.9820510472103967E-007                  4.5211357834338407E-018                 -3.0003901067628429E+000                  1.6671341512429632E+000                  1.9056947786027942E+000                  2.0562097764347849E+000 
                                     582                  2.9934511398147627E+000                  1.5327611718982534E-001                  6.2826989797626851E+000                 -1.8741606114199587E+000                  1.2538402026609178E+001                  6.9999999999719587E-001                  2.8000000000280423E-001                  1.9999999999999907E-002                  0.0000000000000000E+000                  3.6368007309441245E+008                  2.0653307989478871E+007                  8.5636685668342182E-009                  5.4608945171894731E-026                  0.0000000000000000E+000                  4.6105923211731668E+000                  1.2697456587995068E+010                  9.9662569674524707E-007                  4.7553919574775748E-018                 -3.0007339596406837E+000                  1.6705099914804267E+000                  1.9090706188402577E+000                  2.0595856166722482E+000 
                                     583                  2.9932278055110362E+000                  1.5208793483951563E-001                  6.2871044253497761E+000                 -1.8600867675236936E+000                  1.2556874072051237E+001                  6.9999999999714491E-001                  2.8000000000285524E-001                  1.9999999999999796E-002                  0.0000000000000000E+000                  3.6361755753125942E+008                  2.0758447711537484E+007                  9.6322932522600773E-009                  8.1297739002479267E-026                  0.0000000000000000E+000                  4.6079558832879250E+000                  1.2757499276008656E+010                  9.9509635214969477E-007                  5.3939413571894042E-018                 -3.0010674329030191E+000                  1.6739008632967425E+000                  1.9124614906565738E+000                  2.0629764884885642E+000 
                                     584                  2.9929970688212384E+000                  1.5088967745332005E-001                  6.2915207410177478E+000                 -1.8460056765856456E+000                  1.2575364516770309E+001                  6.9999999999708762E-001                  2.8000000000291264E-001                  1.9999999999999796E-002                  0.0000000000000000E+000                  3.6355789903225350E+008                  2.0864371132187478E+007                  1.0833358814690184E-008                  1.2098866254578334E-025                  0.0000000000000000E+000                  4.6056435753625005E+000                  1.2817590019035229E+010                  9.9360020638746994E-007                  6.4372277827183664E-018                 -3.0013941634786092E+000                  1.6773069417795416E+000                  1.9158675691393727E+000                  2.0663825669713631E+000 
                                     585                  2.9927586920574050E+000                  1.4968123404946279E-001                  6.2959481117591718E+000                 -1.8319172118340230E+000                  1.2593873678219150E+001                  6.9999999999702300E-001                  2.8000000000297720E-001                  1.9999999999999796E-002                  0.0000000000000000E+000                  3.6350110128472871E+008                  2.0971089599786799E+007                  1.2183197264751214E-008                  1.7999770176463174E-025                  0.0000000000000000E+000                  4.6037034426697288E+000                  1.2877726241391870E+010                  9.9212139952661098E-007                  7.5143119536962519E-018                 -3.0017175913832506E+000                  1.6807284276837979E+000                  1.9192890550436290E+000                  2.0698040528756199E+000 
                                     586                  2.9925124302654584E+000                  1.4846249220417140E-001                  6.3003867643527860E+000                 -1.8178212928314728E+000                  1.2612401871235214E+001                  6.9999999999695051E-001                  2.8000000000304970E-001                  1.9999999999999796E-002                  0.0000000000000000E+000                  3.6344718849128586E+008                  2.1078615523138318E+007                  1.3700157228850577E-008                  2.6770175923383186E-025                  0.0000000000000000E+000                  4.6021822606059226E+000                  1.2937906632558882E+010                  9.9064488400433836E-007                  8.4901748848435175E-018                 -3.0020409994760882E+000                  1.6841655423936512E+000                  1.9227261697534823E+000                  2.0732411675854729E+000 
                                     587                  2.9922580310144733E+000                  1.4723333786382745E-001                  6.3048369494992667E+000                 -1.8037178658555006E+000                  1.2630949408820380E+001                  6.9999999999686890E-001                  2.8000000000313136E-001                  1.9999999999999796E-002                  0.0000000000000000E+000                  3.6339616523413867E+008                  2.1186962360244494E+007                  1.5404851252111082E-008                  3.9801926636290932E-025                  0.0000000000000000E+000                  4.6010921434433092E+000                  1.2998130845043737E+010                  9.8916208568236253E-007                  9.4660164554104254E-018                 -3.0023662691914086E+000                  1.6876185270865909E+000                  1.9261791544464220E+000                  2.0766941522784124E+000 
                                     588                  2.9919952341768870E+000                  1.4599365518945490E-001                  6.3092988758742070E+000                 -1.7896068339929085E+000                  1.2649516602900672E+001                  6.9999999999677720E-001                  2.8000000000322295E-001                  1.9999999999999796E-002                  0.0000000000000000E+000                  3.6334793223408014E+008                  2.1296143794637516E+007                  1.7320418285052623E-008                  5.9160337415409152E-025                  0.0000000000000000E+000                  4.6003412327353725E+000                  1.3058398186444481E+010                  9.8768860920292449E-007                  1.0576726994529839E-017                 -3.0026899774129743E+000                  1.6910876339818632E+000                  1.9296482613416943E+000                  2.0801632591736849E+000 
                                     589                  2.9917237717056415E+000                  1.4474332661250780E-001                  6.3137726530168141E+000                 -1.7754879973847297E+000                  1.2668103764900604E+001                  6.9999999999667417E-001                  2.8000000000332603E-001                  1.9999999999999796E-002                  0.0000000000000000E+000                  3.6330236811670989E+008                  2.1406171249358542E+007                  1.9472810932532424E-008                  8.7908824360360040E-025                  0.0000000000000000E+000                  4.5998205080453598E+000                  1.3118705676931328E+010                  9.8626113125487064E-007                  1.1957183353217136E-017                 -3.0030040410850325E+000                  1.6945730925900673E+000                  1.9331337199498984E+000                  2.0836487177818888E+000 
                                     590                  2.9914433674059140E+000                  1.4348223307243912E-001                  6.3182582873916653E+000                 -1.7613610487339113E+000                  1.2686711206232497E+001                  6.9999999999655838E-001                  2.8000000000344177E-001                  1.9999999999999796E-002                  0.0000000000000000E+000                  3.6325934975246334E+008                  2.1517053491225652E+007                  2.1891124709620017E-008                  1.3058931640731256E-024                  0.0000000000000000E+000                  4.5994239415559104E+000                  1.3179047053085819E+010                  9.8491801015737765E-007                  1.3607856294327857E-017                 -3.0032999604965092E+000                  1.6980750805316571E+000                  1.9366357078914884E+000                  2.0871507057234790E+000 
                                     591                  2.9911537367003675E+000                  1.4221025427992010E-001                  6.3227556882092291E+000                 -1.7472255788601694E+000                  1.2705339238736112E+001                  6.9999999999642837E-001                  2.8000000000357195E-001                  1.9999999999999685E-002                  0.0000000000000000E+000                  3.6321874276723939E+008                  2.1628796802632228E+007                  2.4607966448774371E-008                  1.9393266086263288E-024                  0.0000000000000000E+000                  4.5990480682677273E+000                  1.3239412740912149E+010                  9.8369574209670026E-007                  1.5360651027858662E-017                 -3.0035696042200479E+000                  1.7015937222447419E+000                  1.9401543496045730E+000                  2.0906693474365636E+000 
                                     592                  2.9908545863875688E+000                  1.4092726897665328E-001                  6.3272646727897541E+000                 -1.7330810805584729E+000                  1.2723988175208984E+001                  6.9999999999628204E-001                  2.8000000000371816E-001                  1.9999999999999796E-002                  0.0000000000000000E+000                  3.6318029329211491E+008                  2.1741406204588905E+007                  2.7659863638175296E-008                  2.8790827215969619E-024                  0.0000000000000000E+000                  4.5985916402220601E+000                  1.3299789957924606E+010                  9.8262940167879670E-007                  1.7148210976114313E-017                 -3.0038051226469933E+000                  1.7051291038841918E+000                  1.9436897312440229E+000                  2.0942047290760133E+000 
                                     593                  2.9905456143888847E+000                  1.3963315517766764E-001                  6.3317849715862753E+000                 -1.7189269535570715E+000                  1.2742658330204696E+001                  6.9999999999611773E-001                  2.8000000000388248E-001                  1.9999999999999796E-002                  0.0000000000000000E+000                  3.6314365615636396E+008                  2.1854885299395818E+007                  3.1087718732498115E-008                  4.2727368409046064E-024                  0.0000000000000000E+000                  4.5979553369525821E+000                  1.3360162815671494E+010                  9.8175299172994855E-007                  1.9139127693955201E-017                 -3.0039988833074434E+000                  1.7086812849166091E+000                  1.9472419122764402E+000                  2.0977569101084308E+000 
                                     594                  2.9902265094810585E+000                  1.3832779038474741E-001                  6.3363162328347409E+000                 -1.7047625097166332E+000                  1.2761350020727837E+001                  6.9999999999593299E-001                  2.8000000000406722E-001                  1.9999999999999796E-002                  0.0000000000000000E+000                  3.6310848121163905E+008                  2.1969235458262164E+007                  3.4937312909990038E-008                  6.3385992563860579E-024                  0.0000000000000000E+000                  4.5970415400537012E+000                  1.3420512450286932E+010                  9.8109932894140630E-007                  2.1569882669462691E-017                 -3.0041435106691630E+000                  1.7122502891371905E+000                  1.9508109164970215E+000                  2.1013259143290122E+000 
                                     595                  2.9898969510275588E+000                  1.3701105182703455E-001                  6.3408580268318540E+000                 -1.6905869771869384E+000                  1.2780063566553167E+001                  6.9999999999572571E-001                  2.8000000000427461E-001                  1.9999999999999685E-002                  0.0000000000000000E+000                  3.6307441991239101E+008                  2.2084455821268458E+007                  3.9259864193320360E-008                  9.3993866607868208E-024                  0.0000000000000000E+000                  4.5957541825464157E+000                  1.3480817138339680E+010                  9.8069994632660998E-007                  2.4340759311123585E-017                 -3.0042319242343818E+000                  1.7158360972351694E+000                  1.9543967245950005E+000                  2.1049117224269911E+000 
                                     596                  2.9895566087051377E+000                  1.3568281671503707E-001                  6.3454098499518290E+000                 -1.6763995034228283E+000                  1.2798799290357879E+001                  6.9999999999549256E-001                  2.8000000000450748E-001                  2.0000000000000018E-002                  0.0000000000000000E+000                  3.6304112796092349E+008                  2.2200543175729834E+007                  4.4112645291883003E-008                  1.3931776511826931E-023                  0.0000000000000000E+000                  4.5939986710626988E+000                  1.3541052376148178E+010                  9.8058514289005277E-007                  2.7148790095856332E-017                 -3.0042573455764048E+000                  1.7194386465196165E+000                  1.9579992738794476E+000                  2.1085142717114382E+000 
                                     597                  2.9892051422239705E+000                  1.3434296250452790E-001                  6.3499711284755582E+000                 -1.6621991578434856E+000                  1.2817557517729059E+001                  6.9999999999523133E-001                  2.8000000000476893E-001                  1.9999999999999796E-002                  0.0000000000000000E+000                  3.6300824458152264E+008                  2.2317492053821743E+007                  4.9559666892247289E-008                  2.0639248650329800E-023                  0.0000000000000000E+000                  4.5916818728734521E+000                  1.3601190935749271E+010                  9.8078404564144072E-007                  3.0196092533685393E-017                 -3.0042133037059786E+000                  1.7230578315637328E+000                  1.9616184589235639E+000                  2.1121334567555543E+000 
                                     598                  2.9888422010412152E+000                  1.3299136717098900E-001                  6.3545412207640464E+000                 -1.6479849362097503E+000                  1.2836338577159353E+001                  6.9999999999493767E-001                  2.8000000000506253E-001                  1.9999999999999796E-002                  0.0000000000000000E+000                  3.6297537081707180E+008                  2.2435295293849684E+007                  5.5672430830553639E-008                  3.0559015571760910E-023                  0.0000000000000000E+000                  4.5887089405613128E+000                  1.3661202944031172E+010                  9.8132533413491649E-007                  3.3922835368928101E-017                 -3.0040934945790152E+000                  1.7266935114189705E+000                  1.9652541387788016E+000                  2.1157691366107922E+000 
                                     599                  2.9884674240637938E+000                  1.3162790947415984E-001                  6.3591194130778286E+000                 -1.6337557565131642E+000                  1.2855142800154217E+001                  6.9999999999460816E-001                  2.8000000000539210E-001                  1.9999999999999796E-002                  0.0000000000000000E+000                  3.6294207172577804E+008                  2.2553943899169631E+007                  6.2530754483927181E-008                  4.5218752698415349E-023                  0.0000000000000000E+000                  4.5849735139980989E+000                  1.3721055860449350E+010                  9.8223966695824921E-007                  3.8365101945206059E-017                 -3.0038912656086088E+000                  1.7303455145088606E+000                  1.9689061418686917E+000                  2.1194211397006821E+000 
                                     600                  2.9880804393388267E+000                  1.3025246923593040E-001                  6.3637049154101675E+000                 -1.6195104544293144E+000                  1.2873970521253778E+001                  6.9999999999423823E-001                  2.8000000000576197E-001                  1.9999999999999796E-002                  0.0000000000000000E+000                  3.6290791459297293E+008                  2.2673426382089883E+007                  7.0223674998290032E-008                  6.6865955684153805E-023                  0.0000000000000000E+000                  4.5803677516403578E+000                  1.3780714317018297E+010                  9.8355960980480784E-007                  4.3355962904882105E-017                 -3.0035996570056285E+000                  1.7340136316605035E+000                  1.9725742590203348E+000                  2.1230892568523254E+000 
                                     601                  2.9876808637396524E+000                  1.2886492766472049E-001                  6.3682968640929278E+000                 -1.6052477849611384E+000                  1.2892822077805432E+001                  6.9999999999382334E-001                  2.8000000000617686E-001                  1.9999999999999796E-002                  0.0000000000000000E+000                  3.6287267303057903E+008                  2.2793726117448583E+007                  7.8850447295960367E-008                  9.8803039108512232E-023                  0.0000000000000000E+000                  4.5747859924844620E+000                  1.3840140044923512E+010                  9.8531657880144956E-007                  4.8762280824226426E-017                 -3.0032121048847404E+000                  1.7376975855957364E+000                  1.9762582129555675E+000                  2.1267732107875581E+000 
                                     602                  2.9872683026461546E+000                  1.2746516770227720E-001                  6.3728943261786410E+000                 -1.5909664280187270E+000                  1.2911697809548109E+001                  6.9999999999335805E-001                  2.8000000000664221E-001                  1.9999999999999796E-002                  0.0000000000000000E+000                  3.6283616539645332E+008                  2.2914823382236425E+007                  8.8521640788230988E-008                  1.4587605498753868E-022                  0.0000000000000000E+000                  4.5681250770260355E+000                  1.3899291958535870E+010                  9.8754006093993501E-007                  5.4585854883160404E-017                 -3.0027226387913806E+000                  1.7413970259763705E+000                  1.9799576533362016E+000                  2.1304726511681920E+000 
                                     603                  2.9868423496191627E+000                  1.2605307437906671E-001                  6.3774963038833707E+000                 -1.5766649942822080E+000                  1.2930598058025723E+001                  6.9999999999283602E-001                  2.8000000000716407E-001                  1.9999999999999907E-002                  0.0000000000000000E+000                  3.6279814364544499E+008                  2.3036696852452315E+007                  9.9360341830877690E-008                  2.1518610517782256E-022                  0.0000000000000000E+000                  4.5602847246013942E+000                  1.3958126307093596E+010                  9.9025827778099532E-007                  6.0998359816292665E-017                 -3.0021257592739614E+000                  1.7451115645754178E+000                  1.9836721919352489E+000                  2.1341871897672395E+000 
                                     604                  2.9864025860692531E+000                  1.2462853517746662E-001                  6.3821017391210813E+000                 -1.5623420307978664E+000                  1.2949523165832305E+001                  6.9999999999225127E-001                  2.8000000000774894E-001                  1.9999999999999796E-002                  0.0000000000000000E+000                  3.6275830205884904E+008                  2.3159323610843133E+007                  1.1150347066305987E-007                  3.1712285232634939E-022                  0.0000000000000000E+000                  4.5511679647848045E+000                  1.4016596828498760E+010                  9.9349842383962034E-007                  6.8240153860370451E-017                 -3.0014164087754716E+000                  1.7488407903850294E+000                  1.9874014177448605E+000                  2.1379164155768509E+000 
                                     605                  2.9859485809204118E+000                  1.2319144040401037E-001                  6.3867095181786153E+000                 -1.5479960273465732E+000                  1.2968473475800588E+001                  6.9999999999159579E-001                  2.8000000000840441E-001                  1.9999999999999796E-002                  0.0000000000000000E+000                  3.6271645960397637E+008                  2.3282677119840421E+007                  1.2510322184369104E-007                  4.6686279936986429E-022                  0.0000000000000000E+000                  4.5406816066392937E+000                  1.4074654914683941E+010                  9.9728618624087228E-007                  7.6620796073381013E-017                 -3.0005900982412688E+000                  1.7525842513563623E+000                  1.9911448787161936E+000                  2.1416598765481840E+000 
                                     606                  2.9854798902635564E+000                  1.2174168355119488E-001                  6.3913184765704250E+000                 -1.5336254221045327E+000                  1.2987449330233616E+001                  6.9999999999086193E-001                  2.8000000000913838E-001                  1.9999999999999685E-002                  0.0000000000000000E+000                  3.6267259691240597E+008                  2.3406726783078227E+007                  1.4032863838045784E-007                  6.8653651992396841E-022                  0.0000000000000000E+000                  4.5287367484215295E+000                  1.4132249784745945E+010                  1.0016451635489105E-006                  8.6180782360286087E-017                 -2.9996430508138920E+000                  1.7563414320428641E+000                  1.9949020594026952E+000                  2.1454170572346856E+000 
                                     607                  2.9849960569999059E+000                  1.2027916165171421E-001                  6.3959274040643201E+000                 -1.5192286068895520E+000                  1.3006451070091867E+001                  6.9999999999003959E-001                  2.8000000000996067E-001                  1.9999999999999796E-002                  0.0000000000000000E+000                  3.6262666805397511E+008                  2.3531440211574916E+007                  1.5736733007860457E-007                  1.0083562208926193E-021                  0.0000000000000000E+000                  4.5152493164546295E+000                  1.4189328646760220E+010                  1.0065971514446944E-006                  9.6654589567811622E-017                 -2.9985721514705328E+000                  1.7601117715299157E+000                  1.9986723988897468E+000                  2.1491873967217376E+000 
                                     608                  2.9844966104777746E+000                  1.1880377563764978E-001                  6.4005350498821514E+000                 -1.5048039335736081E+000                  1.3025479034053483E+001                  6.9999999998911944E-001                  2.8000000001088077E-001                  1.9999999999999796E-002                  0.0000000000000000E+000                  3.6257858565081096E+008                  2.3656783524550926E+007                  1.7642734682271413E-007                  1.4791182027785974E-021                  0.0000000000000000E+000                  4.5001406617963209E+000                  1.4245836876070442E+010                  1.0121625704617325E-006                  1.0811579159193430E-016                 -2.9973748634200010E+000                  1.7638946882829154E+000                  2.0024553156427465E+000                  2.1529703134747371E+000 
                                     609                  2.9839810661235058E+000                  1.1731543070159411E-001                  6.4051401497110128E+000                 -1.4903497442987446E+000                  1.3044533557427718E+001                  6.9999999998808993E-001                  2.8000000001191028E-001                  1.9999999999999796E-002                  0.0000000000000000E+000                  3.6252823917976803E+008                  2.3782722053931620E+007                  1.9773928286770914E-007                  2.1666716216562799E-021                  0.0000000000000000E+000                  4.4833819308525715E+000                  1.4301718607858721E+010                  1.0183524983250319E-006                  1.2104896265102654E-016                 -2.9960509334068033E+000                  1.7676895895594893E+000                  2.0062502169193204E+000                  2.1567652147513110E+000 
                                     610                  2.9834489250678469E+000                  1.1581403657924527E-001                  6.4097415129612898E+000                 -1.4758644653675044E+000                  1.3063614970863847E+001                  6.9999999998693840E-001                  2.8000000001306169E-001                  1.9999999999999907E-002                  0.0000000000000000E+000                  3.6247556436999518E+008                  2.3909222395094894E+007                  2.2155880441699253E-007                  3.1692046116029591E-021                  0.0000000000000000E+000                  4.4650718491911476E+000                  1.4356918782138697E+010                  1.0251463396526484E-006                  1.3577228658039284E-016                 -2.9946070673201084E+000                  1.7714958963910143E+000                  2.0100565237508454E+000                  2.1605715215828361E+000 
                                     611                  2.9828996737718820E+000                  1.1429950753427423E-001                  6.4143380932621117E+000                 -1.4613466800281638E+000                  1.3082723599052485E+001                  6.9999999998565121E-001                  2.8000000001434894E-001                  1.9999999999999796E-002                  0.0000000000000000E+000                  3.6242054417363364E+008                  2.4036254282361425E+007                  2.4816950922276061E-007                  4.6285521085377133E-021                  0.0000000000000000E+000                  4.4453275940078587E+000                  1.4411385918689772E+010                  1.0324974330149647E-006                  1.5226452646796590E-016                 -2.9930555097044591E+000                  1.7753130788647438E+000                  2.0138737062245746E+000                  2.1643887040565657E+000 
                                     612                  2.9823327836421440E+000                  1.1277176206900756E-001                  6.4189289895330912E+000                 -1.4467951302301325E+000                  1.3101859759651120E+001                  6.9999999998421258E-001                  2.8000000001578751E-001                  1.9999999999999907E-002                  0.0000000000000000E+000                  3.6236319998376083E+008                  2.4163790763359714E+007                  2.7788593954983079E-007                  6.7492180857945078E-021                  0.0000000000000000E+000                  4.4242617026562083E+000                  1.4465073404798311E+010                  1.0403582127290235E-006                  1.7050496934130334E-016                 -2.9914085500497229E+000                  1.7791406738687376E+000                  2.0177013012285685E+000                  2.1682162990605591E+000 
                                     613                  2.9817477106345898E+000                  1.1123072259799444E-001                  6.4235134352319267E+000                 -1.4322087065806506E+000                  1.3121023762339401E+001                  6.9999999998260554E-001                  2.8000000001739456E-001                  1.9999999999999907E-002                  0.0000000000000000E+000                  3.6230357456403321E+008                  2.4291808236883443E+007                  3.1105688045021367E-007                  9.8255191563675832E-021                  0.0000000000000000E+000                  4.4019819430819496E+000                  1.4517939427393642E+010                  1.0486845839311517E-006                  1.9064569510283479E-016                 -2.9896775581227661E+000                  1.7829782856074425E+000                  2.0215389129672734E+000                  2.1720539107992640E+000 
                                     614                  2.9811438948522198E+000                  1.0967631513921047E-001                  6.4280907879740203E+000                 -1.4175864401500859E+000                  1.3140215907905395E+001                  6.9999999998081108E-001                  2.8000000001918907E-001                  1.9999999999999796E-002                  0.0000000000000000E+000                  3.6224164070241201E+008                  2.4420287634931557E+007                  3.4806900423509019E-007                  1.4280249118811307E-020                  0.0000000000000000E+000                  4.3785912374495561E+000                  1.4569946734817101E+010                  1.0574360956344243E-006                  2.1549889290574482E-016                 -2.9878729345069255E+000                  1.7868255948652378E+000                  2.0253862222250687E+000                  2.1759012200570593E+000 
                                     615                  2.9805207601370727E+000                  1.0810846901895180E-001                  6.4326605195781790E+000                 -1.4029274920980357E+000                  1.3159436487309325E+001                  6.9999999997880824E-001                  2.8000000002119191E-001                  1.9999999999999796E-002                  0.0000000000000000E+000                  3.6217736483982247E+008                  2.4549213279060248E+007                  3.8935090010836904E-007                  2.0719657778473900E-020                  0.0000000000000000E+000                  4.3541876615727082E+000                  1.4621062383252098E+010                  1.0665758728126631E-006                  2.4744742669837234E-016                 -2.9860041223942808E+000                  1.7906823579567275E+000                  2.0292429853165586E+000                  2.1797579831485492E+000 
                                     616                  2.9798777136599148E+000                  1.0652711660700297E-001                  6.4360686697733014E+000                 -1.3918868566356426E+000                  1.3173878103052116E+001                  6.9999999997687978E-001                  2.8000000002312037E-001                  1.9999999999999796E-002                  0.0000000000000000E+000                  3.6212398572607166E+008                  2.4645793778835949E+007                  4.2331949705251195E-007                  2.7334449262092375E-020                  0.0000000000000000E+000                  4.3358176462308755E+000                  1.4670600406909248E+010                  1.0759279725448412E-006                  2.7406359947273095E-016                 -2.9841084006607193E+000                  1.7945491947215504E+000                  2.0331098220813812E+000                  2.1836248199133719E+000 
                                     617                  2.9795459295859708E+000                  1.0572511018825219E-001                  6.4383473117707863E+000                 -1.3845291878293355E+000                  1.3183509876681608E+001                  6.9999999997567985E-001                  2.8000000002432041E-001                  1.9999999999999796E-002                  0.0000000000000000E+000                  3.6209008397903556E+008                  2.4710574583566859E+007                  4.4760204624773604E-007                  3.2883123496254346E-020                  0.0000000000000000E+000                  4.3229451554887293E+000                  1.4695204573155825E+010                  1.0807633009383079E-006                  2.8217956462047287E-016                 -2.9831347054527577E+000                  1.7965012171118591E+000                  2.0350618444716901E+000                  2.1855768423036808E+000 
                                     618                  2.9792141455120276E+000                  1.0493222093524109E-001                  6.4417759796508767E+000                 -1.3734971243478473E+000                  1.3197964197072830E+001                  6.9999999997408047E-001                  2.8000000002591963E-001                  1.9999999999999907E-002                  0.0000000000000000E+000                  3.6204196744821429E+008                  2.4808365574765723E+007                  4.8667854343212754E-007                  4.3397019093961408E-020                  0.0000000000000000E+000                  4.3026951329511753E+000                  1.4719849221134550E+010                  1.0857459800245745E-006                  2.9114416464609769E-016                 -2.9821358849692245E+000                  1.7984243678406020E+000                  2.0369849952004331E+000                  2.1874999930324237E+000 
                                     619                  2.9785294282864729E+000                  1.0332366315643268E-001                  6.4463206465439242E+000                 -1.3587242347588193E+000                  1.3217271699194962E+001                  6.9999999997130125E-001                  2.8000000002869901E-001                  1.9999999999999796E-002                  0.0000000000000000E+000                  3.6197079336148882E+008                  2.4938559200831149E+007                  5.4383021406246000E-007                  6.2642265502118008E-020                  0.0000000000000000E+000                  4.2757950557789002E+000                  1.4768806007671185E+010                  1.0960111040377936E-006                  3.2347872521153657E-016                 -2.9800925229267774E+000                  1.8023079003905051E+000                  2.0408685277503360E+000                  2.1913835255823266E+000 
                                     620                  2.9778229166514754E+000                  1.0170141228891655E-001                  6.4508565424114970E+000                 -1.3439124336879111E+000                  1.3236608681381437E+001                  6.9999999996820339E-001                  2.8000000003179676E-001                  1.9999999999999796E-002                  0.0000000000000000E+000                  3.6189727132529271E+008                  2.5069162653813869E+007                  6.0748157160184610E-007                  9.0266331867822314E-020                  0.0000000000000000E+000                  4.2482272215094792E+000                  1.4816100853370771E+010                  1.1063929594274824E-006                  3.7232174809573961E-016                 -2.9780452982694752E+000                  1.8062010430822406E+000                  2.0447616704420715E+000                  2.1952766682740621E+000 
                                     621                  2.9770939469188442E+000                  1.0006541065822955E-001                  6.4553835581520813E+000                 -1.3290613850898383E+000                  1.3255975371315088E+001                  6.9999999996475193E-001                  2.8000000003524822E-001                  1.9999999999999796E-002                  0.0000000000000000E+000                  3.6182136432805485E+008                  2.5200172772593420E+007                  6.7834752239636858E-007                  1.2984839392924253E-019                  0.0000000000000000E+000                  4.2200277838061426E+000                  1.4862394310816175E+010                  1.1170294386746398E-006                  4.2293118998033526E-016                 -2.9759676905749268E+000                  1.8101031791672231E+000                  2.0486638065270539E+000                  2.1991788043590446E+000 
                                     622                  2.9763418366084928E+000                  9.8415602660066381E-002                  6.4587591412484029E+000                 -1.3178740829485092E+000                  1.3270528618623073E+001                  6.9999999996155071E-001                  2.8000000003844944E-001                  1.9999999999999796E-002                  0.0000000000000000E+000                  3.6175919414327085E+008                  2.5298289483311068E+007                  7.3657378673622617E-007                  1.7020465971326487E-019                  0.0000000000000000E+000                  4.1989720570751210E+000                  1.4907001893149313E+010                  1.1277918466145593E-006                  4.5293630806148062E-016                 -2.9738855247368869E+000                  1.8140151062371361E+000                  2.0525757335969672E+000                  2.2030907314289578E+000 
                                     623                  2.9759538603131657E+000                  9.7579035019633525E-002                  6.4610157335021094E+000                 -1.3104187484791030E+000                  1.3280234359594846E+001                  6.9999999995974915E-001                  2.8000000004025105E-001                  1.9999999999999796E-002                  0.0000000000000000E+000                  3.6171941835771167E+008                  2.5364090610811744E+007                  7.7814878389960134E-007                  2.0387487755477900E-019                  0.0000000000000000E+000                  4.1843509933940872E+000                  1.4929087547974447E+010                  1.1333210975252036E-006                  4.5985875032026310E-016                 -2.9728235132383967E+000                  1.8159896843112044E+000                  2.0545503116710355E+000                  2.2050653095030261E+000 
                                     624                  2.9755658840178381E+000                  9.6751967065085140E-002                  6.4644108052040297E+000                 -1.2992404446652439E+000                  1.3294798846303818E+001                  6.9999999995717299E-001                  2.8000000004282721E-001                  1.9999999999999796E-002                  0.0000000000000000E+000                  3.6166240591632056E+008                  2.5463407344179537E+007                  8.4497400781551316E-007                  2.6731980538447528E-019                  0.0000000000000000E+000                  4.1614971801086975E+000                  1.4951247084189865E+010                  1.1389879950468331E-006                  4.9492532805107021E-016                 -2.9717404266840632E+000                  1.8179352324472602E+000                  2.0564958598070913E+000                  2.2070108576390819E+000 
                                     625                  2.9747653677932946E+000                  9.5074388115681974E-002                  6.4689100866741240E+000                 -1.2842693487772492E+000                  1.3314255858733683E+001                  6.9999999995186313E-001                  2.8000000004813702E-001                  1.9999999999999796E-002                  0.0000000000000000E+000                  3.6157901765161663E+008                  2.5595604829740383E+007                  9.4256656046767719E-007                  3.8255689618104940E-019                  0.0000000000000000E+000                  4.1310666228933544E+000                  1.4995129702537693E+010                  1.1506691463085067E-006                  5.7505521437972261E-016                 -2.9695247658949042E+000                  1.8218636546172193E+000                  2.0604242819770504E+000                  2.2109392798090410E+000 
                                     626                  2.9739395464945400E+000                  9.3382851332660749E-002                  6.4733995521180709E+000                 -1.2692573029837579E+000                  1.3333743329836816E+001                  6.9999999994656303E-001                  2.8000000005343717E-001                  1.9999999999999796E-002                  0.0000000000000000E+000                  3.6149278925889689E+008                  2.5728183241418585E+007                  1.0510654890757686E-006                  5.4651890745775905E-019                  0.0000000000000000E+000                  4.0997870073808622E+000                  1.5037253604530558E+010                  1.1625552632045239E-006                  6.6047831201273250E-016                 -2.9672931966666067E+000                  1.8258015511264372E+000                  2.0643621784862680E+000                  2.2148771763182586E+000 
                                     627                  2.9730876581557735E+000                  9.1677312680380721E-002                  6.4778788064595725E+000                 -1.2542037605292573E+000                  1.3353261401958555E+001                  6.9999999994066808E-001                  2.8000000005933218E-001                  1.9999999999999796E-002                  0.0000000000000000E+000                  3.6140354493247592E+008                  2.5861131433565766E+007                  1.1716436420951886E-006                  7.7938473274044774E-019                  0.0000000000000000E+000                  4.0676158254593942E+000                  1.5078285634994568E+010                  1.1748286206852198E-006                  7.3759536686991406E-016                 -2.9650127409595974E+000                  1.8297482121562174E+000                  2.0683088395160483E+000                  2.2188238373480389E+000 
                                     628                  2.9722089198449959E+000                  8.9957732033242602E-002                  6.4812175632625317E+000                 -1.2428617335714740E+000                  1.3367930011375313E+001                  6.9999999993520046E-001                  2.8000000006479975E-001                  1.9999999999999796E-002                  0.0000000000000000E+000                  3.6133085857211798E+008                  2.5960663435011636E+007                  1.2705624022319421E-006                  1.0149836089585442E-018                  0.0000000000000000E+000                  4.0434229070152155E+000                  1.5117522168301300E+010                  1.1873672783747538E-006                  7.8500939471983903E-016                 -2.9627074617950480E+000                  1.8337042656635729E+000                  2.0722648930234038E+000                  2.2227798908553944E+000 
                                     629                  2.9717557235368961E+000                  8.9085973454210626E-002                  6.4834489989137642E+000                 -1.2353032422080708E+000                  1.3377712049356809E+001                  6.9999999993212958E-001                  2.8000000006787068E-001                  1.9999999999999796E-002                  0.0000000000000000E+000                  3.6128380905984819E+008                  2.6027397895305928E+007                  1.3411057698500114E-006                  1.2104591516430105E-018                  0.0000000000000000E+000                  4.0266388543588247E+000                  1.5136861006710386E+010                  1.1938458015702534E-006                  7.9583150658273343E-016                 -2.9615258817673826E+000                  1.8357007796009992E+000                  2.0742614069608303E+000                  2.2247764047928209E+000 
                                     630                  2.9713025272287963E+000                  8.8224110555587640E-002                  6.4868053362189420E+000                 -1.2239702134239727E+000                  1.3392389949228994E+001                  6.9999999992775330E-001                  2.8000000007224696E-001                  1.9999999999999796E-002                  0.0000000000000000E+000                  3.6121541260209036E+008                  2.6128097773993999E+007                  1.4543485715403728E-006                  1.5766625649452249E-018                  0.0000000000000000E+000                  4.0004406561780543E+000                  1.5156301259090336E+010                  1.2004906325314171E-006                  8.5564269310999985E-016                 -2.9603206122040544E+000                  1.8376680231704765E+000                  2.0762286505303074E+000                  2.2267436483622980E+000 
                                     631                  2.9703676541481361E+000                  8.6476342091031333E-002                  6.4912510557840486E+000                 -1.2087885711605793E+000                  1.3412000457370070E+001                  6.9999999991873940E-001                  2.8000000008126097E-001                  1.9999999999999574E-002                  0.0000000000000000E+000                  3.6111584170889360E+008                  2.6262071264555860E+007                  1.6194550369591391E-006                  2.2363679815235157E-018                  0.0000000000000000E+000                  3.9653969699678204E+000                  1.5194611127290031E+010                  1.2142403551014156E-006                  9.9401884682201758E-016                 -2.9578476687546686E+000                  1.8416394360580157E+000                  2.0802000634178466E+000                  2.2307150612498372E+000 
                                     632                  2.9694034521929047E+000                  8.4714438767477418E-002                  6.4956845201433842E+000                 -1.1935629796737952E+000                  1.3431641920850740E+001                  6.9999999990975448E-001                  2.8000000009024573E-001                  1.9999999999999796E-002                  0.0000000000000000E+000                  3.6101223741754824E+008                  2.6396356065476753E+007                  1.8026459477864879E-006                  3.1662563742716474E-018                  0.0000000000000000E+000                  3.9293467152639403E+000                  1.5231029867701391E+010                  1.2283121982741741E-006                  1.1407807237413717E-015                 -2.9553456175927715E+000                  1.8456194992284922E+000                  2.0841801265883233E+000                  2.2346951244203139E+000 
                                     633                  2.9684090502770415E+000                  8.2938380017181942E-002                  6.5001051254213600E+000                 -1.1782927923510811E+000                  1.3451314367253987E+001                  6.9999999989978168E-001                  2.8000000010021864E-001                  1.9999999999999685E-002                  0.0000000000000000E+000                  3.6090434243374294E+008                  2.6530933968545843E+007                  2.0058151828277618E-006                  4.4744025021040548E-018                  0.0000000000000000E+000                  3.8922740492250489E+000                  1.5266229941538845E+010                  1.2428904699832505E-006                  1.2724923772917153E-015                 -2.9527835709880264E+000                  1.8496074088916694E+000                  2.0881680362515005E+000                  2.2386830340834911E+000 
                                     634                  2.9673835542153570E+000                  8.1148151079994221E-002                  6.5033980395086166E+000                 -1.1667848700034127E+000                  1.3466100263489986E+001                  6.9999999989053463E-001                  2.8000000010946569E-001                  1.9999999999999685E-002                  0.0000000000000000E+000                  3.6081679297940743E+008                  2.6631623093158487E+007                  2.1721956370865366E-006                  5.7868981714058359E-018                  0.0000000000000000E+000                  3.8643539808750402E+000                  1.5299495845106945E+010                  1.2578365483750245E-006                  1.3649217103798448E-015                 -2.9501878951650844E+000                  1.8536036499180537E+000                  2.0921642772778846E+000                  2.2426792751098756E+000 
                                     635                  2.9668548002610993E+000                  8.0240813941628047E-002                  6.5055980265833204E+000                 -1.1591156826832281E+000                  1.3475959682945389E+001                  6.9999999988535055E-001                  2.8000000011464954E-001                  1.9999999999999907E-002                  0.0000000000000000E+000                  3.6075941701944709E+008                  2.6699109515031129E+007                  2.2906873306680421E-006                  6.8693601255658107E-018                  0.0000000000000000E+000                  3.8450890236896558E+000                  1.5315775904209389E+010                  1.2655590408795642E-006                  1.3913626181229054E-015                 -2.9488587946601776E+000                  1.8556198661696564E+000                  2.0941804935294872E+000                  2.2446954913614778E+000 
                                     636                  2.9663260463068410E+000                  7.9343785808062520E-002                  6.5077949151999759E+000                 -1.1514350010129295E+000                  1.3485827315183348E+001                  6.9999999987968420E-001                  2.8000000012031590E-001                  1.9999999999999907E-002                  0.0000000000000000E+000                  3.6070092285703224E+008                  2.6766672361025359E+007                  2.4154295912797272E-006                  8.1506150209600211E-018                  0.0000000000000000E+000                  3.8256029051592426E+000                  1.5331835981839895E+010                  1.2733647009373356E-006                  1.4399999868333519E-015                 -2.9475235967117497E+000                  1.8576068472697294E+000                  2.0961674746295604E+000                  2.2466824724615511E+000 
                                     637                  2.9657808156178751E+000                  7.8429316221901496E-002                  6.5111138496296128E+000                 -1.1398597377755011E+000                  1.3500706831325829E+001                  6.9999999987075412E-001                  2.8000000012924614E-001                  1.9999999999999796E-002                  0.0000000000000000E+000                  3.6061409142556000E+008                  2.6869073189165279E+007                  2.6163925979901021E-006                  1.0547606339443524E-017                  0.0000000000000000E+000                  3.7953244647477331E+000                  1.5348175021766001E+010                  1.2814822481402002E-006                  1.6106525609421328E-015                 -2.9461437027727020E+000                  1.8596259882811510E+000                  2.0981866156409823E+000                  2.2487016134729729E+000 
                                     638                  2.9646733945332704E+000                  7.6603594303932557E-002                  6.5154850737960714E+000                 -1.1244292148087101E+000                  1.3520487493422975E+001                  6.9999999985542039E-001                  2.8000000014457971E-001                  1.9999999999999907E-002                  0.0000000000000000E+000                  3.6048956203484648E+008                  2.7004537975662261E+007                  2.9073965590078018E-006                  1.4805075607944189E-017                  0.0000000000000000E+000                  3.7553413212357722E+000                  1.5379603681054420E+010                  1.2979111117002473E-006                  1.8840350457421306E-015                 -2.9433775247308285E+000                  1.8636389146400389E+000                  2.1021995419998700E+000                  2.2527145398318607E+000 
                                     639                  2.9635315587050992E+000                  7.4763697914919408E-002                  6.5198415166477188E+000                 -1.1089523756597375E+000                  1.3540298905157659E+001                  6.9999999983751693E-001                  2.8000000016248322E-001                  1.9999999999999796E-002                  0.0000000000000000E+000                  3.6035993440591455E+008                  2.7140232078856114E+007                  3.2295311675937390E-006                  2.0740724333751860E-017                  0.0000000000000000E+000                  3.7148365918256903E+000                  1.5409023777847862E+010                  1.3145695432769690E-006                  2.1202995864283422E-015                 -2.9406082169649834E+000                  1.8676593234428462E+000                  2.1062199508026773E+000                  2.2567349486346679E+000 
                                     640                  2.9623543049172212E+000                  7.2909637642774916E-002                  6.5241830937429199E+000                 -1.0934292827885770E+000                  1.3560140929358324E+001                  6.9999999981994510E-001                  2.8000000018005516E-001                  1.9999999999999796E-002                  0.0000000000000000E+000                  3.6022515182717901E+008                  2.7276151179623377E+007                  3.5859925916946936E-006                  2.8999951115086222E-017                  0.0000000000000000E+000                  3.6739326440308031E+000                  1.5437125384917738E+010                  1.3315761826296213E-006                  2.2736976919117132E-015                 -2.9378169907487615E+000                  1.8716866302757578E+000                  2.1102472576355886E+000                  2.2607622554675793E+000 
                                     641                  2.9611406046420861E+000                  7.1041428609448398E-002                  6.5285098265927690E+000                 -1.0778601410942774E+000                  1.3580013395956479E+001                  6.9999999980213701E-001                  2.8000000019786320E-001                  1.9999999999999796E-002                  0.0000000000000000E+000                  3.6008535568816495E+008                  2.7412291677026127E+007                  3.9802965108664521E-006                  4.0470366172961868E-017                  0.0000000000000000E+000                  3.6327425263662292E+000                  1.5463907051948320E+010                  1.3488938998940641E-006                  2.4895301759389819E-015                 -2.9350111046683836E+000                  1.8757208113047874E+000                  2.1142814386646185E+000                  2.2647964364966091E+000 
                                     642                  2.9598894036476269E+000                  6.9159090079076502E-002                  6.5328218311154913E+000                 -1.0622452873705586E+000                  1.3599916101520522E+001                  6.9999999977904215E-001                  2.8000000022095806E-001                  1.9999999999999796E-002                  0.0000000000000000E+000                  3.5994070993233275E+008                  2.7548652956749815E+007                  4.4163096993594860E-006                  5.6370590561234619E-017                  0.0000000000000000E+000                  3.5913705592330611E+000                  1.5489371865952824E+010                  1.3664885502012855E-006                  2.8316154020154541E-015                 -2.9321970014533631E+000                  1.8797618681801842E+000                  2.1183224955400153E+000                  2.2688374933720059E+000 
                                     643                  2.9585996216154768E+000                  6.7262645091022533E-002                  6.5371193072393643E+000                 -1.0465851802651529E+000                  1.3619848808922365E+001                  6.9999999975406135E-001                  2.8000000024593885E-001                  1.9999999999999796E-002                  0.0000000000000000E+000                  3.5979134220747721E+008                  2.7685237984593958E+007                  4.8982847310185872E-006                  7.8370919820515112E-017                  0.0000000000000000E+000                  3.5499129537960821E+000                  1.5513527076191097E+010                  1.3843292320776405E-006                  3.1312846121728407E-015                 -2.9293803051309291E+000                  1.8838098503725993E+000                  2.1223704777324301E+000                  2.2728854755644208E+000 
                                     644                  2.9572701517618776E+000                  6.5352120103164102E-002                  6.5403033621417270E+000                 -1.0348426174033900E+000                  1.3634755746285883E+001                  6.9999999973443061E-001                  2.8000000026556954E-001                  1.9999999999999796E-002                  0.0000000000000000E+000                  3.5967334546980244E+008                  2.7786873147288173E+007                  5.2898833220943131E-006                  1.0001150965938440E-016                  0.0000000000000000E+000                  3.5195028217814719E+000                  1.5535676239770977E+010                  1.4022581838244611E-006                  3.2837374046884769E-015                 -2.9265860083461783E+000                  1.8878655366756825E+000                  2.1264261640355135E+000                  2.2769411618675042E+000 
                                     645                  2.9565953548657591E+000                  6.4398879005710535E-002                  6.5435230456425613E+000                 -1.0230710505007528E+000                  1.3649728171968308E+001                  6.9999999971664251E-001                  2.8000000028335775E-001                  1.9999999999999796E-002                  0.0000000000000000E+000                  3.5955930812989140E+008                  2.7890040287856940E+007                  5.7155832289125201E-006                  1.2787532485632116E-016                  0.0000000000000000E+000                  3.4879061106362319E+000                  1.5546547750425314E+010                  1.4112901381022932E-006                  3.4297457776809301E-015                 -2.9251918466226101E+000                  1.8898803191478077E+000                  2.1284409465076388E+000                  2.2789559443396294E+000 
                                     646                  2.9552043660196472E+000                  6.2467326510301527E-002                  6.5477856131958054E+000                 -1.0073005482494601E+000                  1.3669734677382614E+001                  6.9999999968670645E-001                  2.8000000031329370E-001                  1.9999999999999796E-002                  0.0000000000000000E+000                  3.5939879752557844E+008                  2.8027213899855845E+007                  6.3337283800311658E-006                  1.7697893451467518E-016                  0.0000000000000000E+000                  3.4466075317023366E+000                  1.5568200712077667E+010                  1.4297665313216712E-006                  3.7864072658367184E-015                 -2.9223674366648975E+000                  1.8939455840472048E+000                  2.1325062114070361E+000                  2.2830212092390267E+000 
                                     647                  2.9537708074795113E+000                  6.0521771961029182E-002                  6.5520348903485806E+000                 -9.9148721834522924E-001                  1.3689770098418629E+001                  6.9999999965634008E-001                  2.8000000034366018E-001                  1.9999999999999796E-002                  0.0000000000000000E+000                  3.5923438449792022E+008                  2.8164637102955520E+007                  7.0163214056233973E-006                  2.4451002488257031E-016                  0.0000000000000000E+000                  3.4055043791158681E+000                  1.5587885473013111E+010                  1.4482608391111772E-006                  4.3790986135337663E-015                 -2.9195766062293815E+000                  1.8980187251009721E+000                  2.1365793524608030E+000                  2.2870943502927936E+000 
                                     648                  2.9522934767554028E+000                  5.8562250852548868E-002                  6.5562713468262706E+000                 -9.7563194915052409E-001                  1.3709834050166926E+001                  6.9999999961473114E-001                  2.8000000038526907E-001                  1.9999999999999796E-002                  0.0000000000000000E+000                  3.5906639342958713E+008                  2.8302320565070182E+007                  7.7698784079890838E-006                  3.3723296819699136E-016                  0.0000000000000000E+000                  3.3646501946988479E+000                  1.5606335497214417E+010                  1.4668933570303702E-006                  5.0540928402386047E-015                 -2.9168007290826976E+000                  1.9020993817968808E+000                  2.1406600091567114E+000                  2.2911750069887025E+000 
                                     649                  2.9507711431102566E+000                  5.6588800510411028E-002                  6.5604954727075508E+000                 -9.5973568082247873E-001                  1.3729926116914529E+001                  6.9999999957339898E-001                  2.8000000042660134E-001                  1.9999999999999685E-002                  0.0000000000000000E+000                  3.5889509820177490E+008                  2.8440276572042596E+007                  8.6015606223532378E-006                  4.6434413000145428E-016                  0.0000000000000000E+000                  3.3240797588957300E+000                  1.5623574385384882E+010                  1.4856539409255322E-006                  5.6237159454492126E-015                 -2.9140411703378857E+000                  1.9061877359126542E+000                  2.1447483632724853E+000                  2.2952633611044759E+000 
                                     650                  2.9492025471273831E+000                  5.4601459813819635E-002                  6.5647077653669328E+000                 -9.4379939091243703E-001                  1.3750045853436458E+001                  6.9999999952775582E-001                  2.8000000047224427E-001                  1.9999999999999907E-002                  0.0000000000000000E+000                  3.5872075108467549E+008                  2.8578518291052472E+007                  9.5192362079323758E-006                  6.3832922232314873E-016                  0.0000000000000000E+000                  3.2838231705182235E+000                  1.5639626956777836E+010                  1.5045376453241521E-006                  6.1558002830276761E-015                 -2.9112984706113321E+000                  1.9102839829371820E+000                  2.1488446102970129E+000                  2.2993596081290035E+000 
                                     651                  2.9475864002895031E+000                  5.2600268984007742E-002                  6.5678468691757619E+000                 -9.3179292868597419E-001                  1.3765168844880309E+001                  6.9999999949059222E-001                  2.8000000050940804E-001                  1.9999999999999796E-002                  0.0000000000000000E+000                  3.5858493898259103E+008                  2.8681972008384224E+007                  1.0267791643063958E-005                  8.0893138286994526E-016                  0.0000000000000000E+000                  3.2543302030648129E+000                  1.5653818433496941E+010                  1.5234235584479136E-006                  6.7694476144513086E-015                 -2.9085896663482034E+000                  1.9143889611949092E+000                  2.1529495885547401E+000                  2.3034645863867307E+000 
                                     652                  2.9467538924275432E+000                  5.1587025565480484E-002                  6.5699444737909998E+000                 -9.2379554596108948E-001                  1.3775249050454583E+001                  6.9999999946184766E-001                  2.8000000053815255E-001                  1.9999999999999796E-002                  0.0000000000000000E+000                  3.5849576114120501E+008                  2.8751313692432098E+007                  1.0799122671755474E-005                  9.4732481604165227E-016                  0.0000000000000000E+000                  3.2344626553023179E+000                  1.5660534313902712E+010                  1.5329763717275705E-006                  7.2942171416180856E-015                 -2.9072322695093469E+000                  1.9164597674314758E+000                  2.1550203947913067E+000                  2.3055353926232973E+000 
                                     653                  2.9459213845655836E+000                  5.0585322857059606E-002                  6.5730990651349597E+000                 -9.1181091976231621E-001                  1.3790366527240998E+001                  6.9999999942172908E-001                  2.8000000057827118E-001                  1.9999999999999796E-002                  0.0000000000000000E+000                  3.5836422135470492E+008                  2.8855917465357304E+007                  1.1648025683649453E-005                  1.2006511286061825E-015                  0.0000000000000000E+000                  3.2043474393765168E+000                  1.5667574841923498E+010                  1.5425376071530070E-006                  7.7379207205666159E-015                 -2.9058821195209630E+000                  1.9185014956222686E+000                  2.1570621229820994E+000                  2.3075771208140901E+000 
                                     654                  2.9442061519849676E+000                  4.8556557076591289E-002                  6.5772788486203186E+000                 -8.9576073270434420E-001                  1.3810566310121974E+001                  6.9999999936035706E-001                  2.8000000063964314E-001                  1.9999999999999796E-002                  0.0000000000000000E+000                  3.5818264806433874E+008                  2.8995093550546471E+007                  1.2879025123940974E-005                  1.6429079839115359E-015                  0.0000000000000000E+000                  3.1651774391366048E+000                  1.5680938846152580E+010                  1.5618974969476643E-006                  8.3870639804768186E-015                 -2.9031737355400900E+000                  1.9226220448426299E+000                  2.1611826722024610E+000                  2.3116976700344516E+000 
                                     655                  2.9424393241967848E+000                  4.6514067909955874E-002                  6.5814488003518452E+000                 -8.7967471675168463E-001                  1.3830791712625288E+001                  6.9999999929265078E-001                  2.8000000070734948E-001                  1.9999999999999796E-002                  0.0000000000000000E+000                  3.5799928699570394E+008                  2.9134607934032287E+007                  1.4236028560699235E-005                  2.2447879503970028E-015                  0.0000000000000000E+000                  3.1264067287982225E+000                  1.5692509394203932E+010                  1.5812427217109419E-006                  9.2837798194159057E-015                 -2.9005007302429942E+000                  1.9267517512256729E+000                  2.1653123785855040E+000                  2.3158273764174946E+000 
                                     656                  2.9406194920359003E+000                  4.4457898947565966E-002                  6.5856094108478409E+000                 -8.6355396969227172E-001                  1.3851042161601651E+001                  6.9999999921955880E-001                  2.8000000078044152E-001                  1.9999999999999685E-002                  0.0000000000000000E+000                  3.5781439599234456E+008                  2.9274474829391439E+007                  1.5731603586431808E-005                  3.0628089550050495E-015                  0.0000000000000000E+000                  3.0880490841780346E+000                  1.5703028246185270E+010                  1.6006998885636869E-006                  1.0347905544018765E-014                 -2.8978450426469231E+000                  1.9308902902218747E+000                  2.1694509175817061E+000                  2.3199659154136962E+000 
                                     657                  2.9387452150925695E+000                  4.2388094141043546E-002                  6.5897611627451980E+000                 -8.4739960307149742E-001                  1.3871317062512055E+001                  6.9999999913564048E-001                  2.8000000086435961E-001                  1.9999999999999907E-002                  0.0000000000000000E+000                  3.5762819844514459E+008                  2.9414709057521284E+007                  1.7379544855066725E-005                  4.1731440972954841E-015                  0.0000000000000000E+000                  3.0501156468271731E+000                  1.5712523532622381E+010                  1.6202693480612415E-006                  1.1549435186898530E-014                 -2.8952063919097668E+000                  1.9350378543674516E+000                  2.1735984817272826E+000                  2.3241134795592733E+000 
                                     658                  2.9368150212869653E+000                  4.0304697629645447E-002                  6.5939045290547975E+000                 -8.3121273786006877E-001                  1.3891615800793089E+001                  6.9999999904485222E-001                  2.8000000095514793E-001                  1.9999999999999796E-002                  0.0000000000000000E+000                  3.5744092562543374E+008                  2.9555325146557588E+007                  1.9194991280602310E-005                  5.6783432385290443E-015                  0.0000000000000000E+000                  3.0126151164696968E+000                  1.5721023551044586E+010                  1.6399521627216990E-006                  1.2836935313785690E-014                 -2.8925844100520659E+000                  1.9391946341921966E+000                  2.1777552615520275E+000                  2.3282702593840181E+000 
                                     659                  2.9348274064353301E+000                  3.8207753569652010E-002                  6.5980399715892331E+000                 -8.1499450126168549E-001                  1.3911937743273839E+001                  6.9999999894478138E-001                  2.8000000105521888E-001                  1.9999999999999796E-002                  0.0000000000000000E+000                  3.5725281895317757E+008                  2.9696337228958882E+007                  2.1194554069266993E-005                  7.7163170577414246E-015                  0.0000000000000000E+000                  2.9755539297591822E+000                  1.5728556653344925E+010                  1.6597499049393919E-006                  1.4222166175901709E-014                 -2.8899786737774233E+000                  1.9433608109673151E+000                  2.1819214383271461E+000                  2.3324364361591368E+000 
                                     660                  2.9327808338120867E+000                  3.6097305967801405E-002                  6.6021679390556933E+000                 -7.9874602339800305E-001                  1.3932282239521845E+001                  6.9999999883450226E-001                  2.8000000116549789E-001                  1.9999999999999796E-002                  0.0000000000000000E+000                  3.5706412691901165E+008                  2.9837759054540928E+007                  2.3396456424256989E-005                  1.0472333536083171E-014                  0.0000000000000000E+000                  2.9389357392743864E+000                  1.5735151152083862E+010                  1.6796648434899762E-006                  1.5774940118947621E-014                 -2.8873886838822860E+000                  1.9475365563980296E+000                  2.1860971837578607E+000                  2.3366121815898513E+000 
                                     661                  2.9306737337259303E+000                  3.3973398538901432E-002                  6.6062888559842650E+000                 -7.8246842520724746E-001                  1.3952648623107766E+001                  6.9999999871299923E-001                  2.8000000128700092E-001                  1.9999999999999796E-002                  0.0000000000000000E+000                  3.5687504143051821E+008                  2.9979604531165507E+007                  2.5820683013540311E-005                  1.4195013576727228E-014                  0.0000000000000000E+000                  2.9027486903820567E+000                  1.5740835063571861E+010                  1.6997042597700689E-006                  1.7513068697641406E-014                 -2.8848133185823657E+000                  1.9517220369274344E+000                  2.1902826642872655E+000                  2.3407976621192561E+000 
                                     662                  2.9285045030952364E+000                  3.1836074615732117E-002                  6.6104031049786425E+000                 -7.6616279881908123E-001                  1.3973036212952039E+001                  6.9999999857915807E-001                  2.8000000142084219E-001                  1.9999999999999796E-002                  0.0000000000000000E+000                  3.5668570104821396E+008                  3.0121887018476918E+007                  2.8489139178246660E-005                  1.9217626904107959E-014                  0.0000000000000000E+000                  2.8669691956948276E+000                  1.5745635559498503E+010                  1.7198838615090474E-006                  1.9441892958495425E-014                 -2.8822504393394492E+000                  1.9559174128592116E+000                  2.1944780402190425E+000                  2.3449930380510331E+000 
                                     663                  2.9262715050018206E+000                  2.9685377131684284E-002                  6.6145110210377220E+000                 -7.4983019977410148E-001                  1.3993444314712223E+001                  6.9999999843175675E-001                  2.8000000156824356E-001                  1.9999999999999685E-002                  0.0000000000000000E+000                  3.5649624763299710E+008                  3.0264618224368673E+007                  3.1425826085664892E-005                  2.5986423636723910E-014                  0.0000000000000000E+000                  2.8315759345167137E+000                  1.5749578506985546E+010                  1.7402225414807770E-006                  2.1581487431883295E-014                 -2.8796976050664371E+000                  1.9601228255295644E+000                  2.1986834528893953E+000                  2.3491984507213859E+000 
                                     664                  2.9239730682449707E+000                  2.7521348645221433E-002                  6.6186128960015740E+000                 -7.3347165033518513E-001                  1.4013872222064009E+001                  6.9999999826945591E-001                  2.8000000173054423E-001                  1.9999999999999796E-002                  0.0000000000000000E+000                  3.5630683179764581E+008                  3.0407808266927671E+007                  3.4657034171599914E-005                  3.5098293080700030E-014                  0.0000000000000000E+000                  2.7965501582143042E+000                  1.5752688427057915E+010                  1.7607377273282847E-006                  2.3953592542071875E-014                 -2.8771526650194779E+000                  1.9643383901338749E+000                  2.2028990174937060E+000                  2.3534140153256966E+000 
                                     665                  2.9216074869018804E+000                  2.5344031357865504E-002                  6.6227089830290620E+000                 -7.1708814282055455E-001                  1.4034319218026454E+001                  6.9999999809078739E-001                  2.8000000190921287E-001                  1.9999999999999796E-002                  0.0000000000000000E+000                  3.5611760541666585E+008                  3.0551465848964993E+007                  3.8211553893857372E-005                  4.7350760956110812E-014                  0.0000000000000000E+000                  2.7618754739981468E+000                  1.5754988653270424E+010                  1.7814453073517196E-006                  2.6583881950039477E-014                 -2.8746137532520382E+000                  1.9685641979708051E+000                  2.2071248253306361E+000                  2.3576398231626268E+000 
                                     666                  2.9191730198545431E+000                  2.3153467087885436E-002                  6.6267995007755225E+000                 -7.0068064276826014E-001                  1.4054784576435656E+001                  6.9999999789414269E-001                  2.8000000210585752E-001                  1.9999999999999796E-002                  0.0000000000000000E+000                  3.5592867709027141E+008                  3.0695599083860908E+007                  4.2120905171348510E-005                  6.3808295891170995E-014                  0.0000000000000000E+000                  2.7275376519150809E+000                  1.5756501490790546E+010                  1.8023598625216848E-006                  2.9501264094705099E-014                 -2.8720792463277105E+000                  1.9728003240466609E+000                  2.2113609514064918E+000                  2.3618759492384824E+000 
                                     667                  2.9166678902938550E+000                  2.0949697212935776E-002                  6.6308846372788208E+000                 -6.8425009154279826E-001                  1.4075267563405673E+001                  6.9999999767775989E-001                  2.8000000232224020E-001                  1.9999999999999907E-002                  0.0000000000000000E+000                  3.5574012800915909E+008                  3.0840215474586379E+007                  4.6419587144662246E-005                  8.5890151953753375E-014                  0.0000000000000000E+000                  2.6935244552833253E+000                  1.5757248364211269E+010                  1.8234948603975360E-006                  3.2735742228190346E-014                 -2.8695477282135244E+000                  1.9770468332761517E+000                  2.2156074606359826E+000                  2.3661224584679736E+000 
                                     668                  2.9140902852212962E+000                  1.8732762603641546E-002                  6.6349645536051725E+000                 -6.6779740845222380E-001                  1.4095767438836392E+001                  6.9999999743970975E-001                  2.8000000256029051E-001                  1.9999999999999796E-002                  0.0000000000000000E+000                  3.5555204045883811E+008                  3.0985321565268476E+007                  5.1145350034617549E-005                  1.1548661890018323E-013                  0.0000000000000000E+000                  2.6598254919691198E+000                  1.5757249946787554E+010                  1.8448625986491984E-006                  3.6320666977016522E-014                 -2.8670179868040995E+000                  1.9813037782083316E+000                  2.2198644055681624E+000                  2.3703794034001531E+000 
                                     669                  2.9114383549092642E+000                  1.6502703516983724E-002                  6.6390393873212448E+000                 -6.5132349260628786E-001                  1.4116283458136332E+001                  6.9999999717787953E-001                  2.8000000282212084E-001                  1.9999999999999574E-002                  0.0000000000000000E+000                  3.5536449736168182E+008                  3.1130923009282801E+007                  5.6339491035409305E-005                  1.5511270532298265E-013                  0.0000000000000000E+000                  2.6264320831598704E+000                  1.5756526279809927E+010                  1.8664741436395124E-006                  4.0294488273033277E-014                 -2.8644890109996877E+000                  1.9855711974155603E+000                  2.2241318247753914E+000                  2.3746468226073820E+000 
                                     670                  2.9087102123088315E+000                  1.4259559444866076E-002                  6.6431092558080067E+000                 -6.3482922447439039E-001                  1.4136814874089829E+001                  6.9999999688995640E-001                  2.8000000311004375E-001                  1.9999999999999796E-002                  0.0000000000000000E+000                  3.5517758338775182E+008                  3.1277024679850619E+007                  6.2047176355842430E-005                  2.0811109651182751E-013                  0.0000000000000000E+000                  2.5933371486015138E+000                  1.5755096886717308E+010                  1.8883393526145112E-006                  4.4699001187317141E-014                 -2.8619599780792488E+000                  1.9898491172154662E+000                  2.2284097445752971E+000                  2.3789247424072877E+000 
                                     671                  2.9059039324207245E+000                  1.2003368936353278E-002                  6.6471742594348751E+000                 -6.1831546725789333E-001                  1.4157360938820085E+001                  6.9999999657341083E-001                  2.8000000342658937E-001                  1.9999999999999796E-002                  0.0000000000000000E+000                  3.5499136786951327E+008                  3.1423631092613909E+007                  6.8317791701205235E-005                  2.7891990892680320E-013                  0.0000000000000000E+000                  2.5605351066856783E+000                  1.5752980881439503E+010                  1.9104669633354135E-006                  4.9579217292617619E-014                 -2.8594302339642796E+000                  1.9941375558017171E+000                  2.2326981831615482E+000                  2.3832131809935388E+000 
                                     672                  2.9030175516145302E+000                  9.7341693850169723E-003                  6.6512344847629912E+000                 -6.0178306808038873E-001                  1.4177920905947586E+001                  6.9999999622547338E-001                  2.8000000377452666E-001                  2.0000000000000018E-002                  0.0000000000000000E+000                  3.5480590583953398E+008                  3.1570746450315345E+007                  7.5205323875023110E-005                  3.7342557057497629E-013                  0.0000000000000000E+000                  2.5280219478409980E+000                  1.5750197073747938E+010                  1.9328645953147466E-006                  5.4985422937949512E-014                 -2.8568992844620187E+000                  1.9984365269136284E+000                  2.2369971542734595E+000                  2.3875121521054501E+000 
                                     673                  2.9000490668712895E+000                  7.4519967665839168E-003                  6.6552900168498059E+000                 -5.8523286825405407E-001                  1.4198494033017564E+001                  6.9999999584311556E-001                  2.8000000415688453E-001                  1.9999999999999907E-002                  0.0000000000000000E+000                  3.5462124948206294E+008                  3.1718374930438742E+007                  8.2768785215674089E-005                  4.9942769815843424E-013                  0.0000000000000000E+000                  2.4958067119577199E+000                  1.5746764242733599E+010                  1.9555341846326486E-006                  6.0835301600793288E-014                 -2.8543672938785378E+000                  2.0027460424770838E+000                  2.2413066698369146E+000                  2.3918216676689052E+000 
                                     674                  2.8969964349351978E+000                  5.1568852731203917E-003                  6.6593409660282337E+000                 -5.6866572820759598E-001                  1.4219079584190402E+001                  6.9999999542302216E-001                  2.8000000457697799E-001                  1.9999999999999796E-002                  0.0000000000000000E+000                  3.5443745785463506E+008                  3.1866521647021994E+007                  9.1072695689754243E-005                  6.6725158696951340E-013                  0.0000000000000000E+000                  2.4639176338542850E+000                  1.5742701844131411E+010                  1.9784644759976225E-006                  6.6919634417346215E-014                 -2.8518358716165184E+000                  2.0070661215095154E+000                  2.2456267488693467E+000                  2.3961417467013373E+000 
                                     675                  2.8938575713704093E+000                  2.8488667659766964E-003                  6.6628714921108809E+000                 -5.5415401184850832E-001                  1.4237093157904491E+001                  6.9999999503171406E-001                  2.8000000496828598E-001                  2.0000000000000018E-002                  0.0000000000000000E+000                  3.5427610582300222E+008                  3.1996194227548111E+007                  9.8987332732506891E-005                  8.5849440231470594E-013                  0.0000000000000000E+000                  2.4365243691922776E+000                  1.5737676006759386E+010                  2.0015789876137454E-006                  7.3602265797273999E-014                 -2.8493136334044893E+000                  2.0113971015999028E+000                  2.2499577289597337E+000                  2.4004727267917243E+000 
                                     676                  2.8914455565096535E+000                  1.1094314684915315E-003                  6.6659040369291196E+000                 -5.4170791540332475E-001                  1.4252547512814894E+001                  6.9999999466121021E-001                  2.8000000533879010E-001                  1.9999999999999685E-002                  0.0000000000000000E+000                  3.5413953111311984E+008                  3.2107997942684311E+007                  1.0631538527296716E-004                  1.0654178724790703E-012                  0.0000000000000000E+000                  2.4130809746838158E+000                  1.5733525572298885E+010                  2.0190573493147596E-006                  8.0890847878361254E-014                 -2.8474256725892957E+000                  2.0146522659134969E+000                  2.2532128932733282E+000                  2.4037278911053188E+000 
                                     677                  2.8889829279229051E+000                 -6.3723608245629820E-004                  6.6689342738100432E+000                 -5.2925364752092630E-001                  1.4268007792005596E+001                  6.9999999424310155E-001                  2.8000000575689865E-001                  1.9999999999999796E-002                  0.0000000000000000E+000                  3.5400354109494758E+008                  3.2220104901274450E+007                  1.1417196925847032E-004                  1.3214707428117850E-012                  0.0000000000000000E+000                  2.3898591588476279E+000                  1.5729319720192167E+010                  2.0366967852926838E-006                  8.7505613364157857E-014                 -2.8455368110463199E+000                  2.0179132716753876E+000                  2.2564738990352189E+000                  2.4069888968672095E+000 
                                     678                  2.8864687585065565E+000                 -2.3911263643396062E-003                  6.6719623087400377E+000                 -5.1679161207697888E-001                  1.4283473704745001E+001                  6.9999999383645084E-001                  2.8000000616354931E-001                  1.9999999999999796E-002                  0.0000000000000000E+000                  3.5386816448130786E+008                  3.2332519642937396E+007                  1.2259427940835646E-004                  1.6381493063218402E-012                  0.0000000000000000E+000                  2.3668681203362194E+000                  1.5724804823841412E+010                  2.0544429434728746E-006                  9.3328340297828592E-014                 -2.8436529577873224E+000                  2.0211803488265017E+000                  2.2597409761863325E+000                  2.4102559740183236E+000 
                                     679                  2.8839021068278683E+000                 -4.1522313745228573E-003                  6.6749882590405951E+000                 -5.0432221790453746E-001                  1.4298944966811064E+001                  6.9999999338795382E-001                  2.8000000661204627E-001                  1.9999999999999907E-002                  0.0000000000000000E+000                  3.5373343184445405E+008                  3.2445247183130115E+007                  1.3162208707062767E-004                  2.0296040593325510E-012                  0.0000000000000000E+000                  2.3441163559065057E+000                  1.5719991917746933E+010                  2.0722875009930415E-006                  1.0140784369966074E-013                 -2.8417749962218188E+000                  2.0244535470732936E+000                  2.2630141744331249E+000                  2.4135291722651155E+000 
                                     680                  2.8812820168110367E+000                 -5.9205447913101041E-003                  6.6790431994643065E+000                 -4.8769219163646410E-001                  1.4319598539078617E+001                  6.9999999271810576E-001                  2.8000000728189423E-001                  2.0000000000000018E-002                  0.0000000000000000E+000                  3.5355768912093908E+008                  3.2596928933953319E+007                  1.4471970580289239E-004                  2.7023024961588888E-012                  0.0000000000000000E+000                  2.3136979956245569E+000                  1.5715426583196756E+010                  2.0903025180544881E-006                  1.1289800239166239E-013                 -2.8398954281372508E+000                  2.0277324848390590E+000                  2.2662931121988903E+000                  2.4168081100308809E+000 
                                     681                  2.8767938039239733E+000                 -8.8838680139675299E-003                  6.6835618329179081E+000                 -4.6895908497314104E-001                  1.4342814169808150E+001                  6.9999999186430006E-001                  2.8000000813569992E-001                  2.0000000000000018E-002                  0.0000000000000000E+000                  3.5335669157387722E+008                  3.2766777817387346E+007                  1.6089461844162462E-004                  3.7160487274465924E-012                  0.0000000000000000E+000                  2.2808164543198859E+000                  1.5706751923296955E+010                  2.1204534436410075E-006                  1.2595770883408582E-013                 -2.8367856292021760E+000                  2.0332119178314301E+000                  2.2717725451912609E+000                  2.4222875430232520E+000 
                                     682                  2.8730913292454168E+000                 -1.1268875426263392E-002                  6.6875870988081623E+000                 -4.5229964727671357E-001                  1.4363467262737561E+001                  6.9999999107392907E-001                  2.8000000892607096E-001                  2.0000000000000018E-002                  0.0000000000000000E+000                  3.5318087304614007E+008                  3.2918828099891879E+007                  1.7677291175850621E-004                  4.9310558982003424E-012                  0.0000000000000000E+000                  2.2518567518482260E+000                  1.5698602918264921E+010                  2.1445895874731350E-006                  1.3881868230834082E-013                 -2.8343279034761362E+000                  2.0376085465788214E+000                  2.2761691739386523E+000                  2.4266841717706429E+000 
                                     683                  2.8692867796077914E+000                 -1.3666690209663318E-002                  6.6916100300536261E+000                 -4.3563093086235877E-001                  1.4384127503205688E+001                  6.9999999018826975E-001                  2.8000000981173040E-001                  1.9999999999999796E-002                  0.0000000000000000E+000                  3.5300648166121745E+008                  3.3071493531156234E+007                  1.9417951571317271E-004                  6.5375420433531308E-012                  0.0000000000000000E+000                  2.2233814487033068E+000                  1.5690382820016468E+010                  2.1688875906578462E-006                  1.5343040671370354E-013                 -2.8318814780321104E+000                  2.0420164496820368E+000                  2.2805770770418676E+000                  2.4310920748738583E+000 
                                     684                  2.8653776956516475E+000                 -1.6077324224430763E-002                  6.6956310481087211E+000                 -4.1895391199183218E-001                  1.4404794354614898E+001                  6.9999998921683060E-001                  2.8000001078316938E-001                  2.0000000000000018E-002                  0.0000000000000000E+000                  3.5283358828252846E+008                  3.3224792574366156E+007                  2.1325859450660757E-004                  8.6599762142865270E-012                  0.0000000000000000E+000                  2.1954008978174029E+000                  1.5681771845017181E+010                  2.1932708529729774E-006                  1.7032330599305704E-013                 -2.8294538664029045E+000                  2.0464360901632017E+000                  2.2849967175230330E+000                  2.4355117153550236E+000 
                                     685                  2.8613615643331585E+000                 -1.8500797728774467E-002                  6.6996505986870813E+000                 -4.0226955564932076E-001                  1.4425467315846857E+001                  6.9999998815146447E-001                  2.8000001184853529E-001                  2.0000000000000240E-002                  0.0000000000000000E+000                  3.5266226098262519E+008                  3.3378744938352026E+007                  2.3416778723917527E-004                  1.1461953032260380E-011                  0.0000000000000000E+000                  2.1679234951550841E+000                  1.5672801666565779E+010                  2.2177215081758005E-006                  1.8888134642863993E-013                 -2.8270464957877968E+000                  2.0508677092458574E+000                  2.2894283366056882E+000                  2.4399433344376789E+000 
                                     686                  2.8572358172019094E+000                 -2.0937139945845288E-002                  6.7036691442587264E+000                 -3.8557880623324636E-001                  1.4446145922831093E+001                  6.9999998698326071E-001                  2.8000001301673916E-001                  2.0000000000000129E-002                  0.0000000000000000E+000                  3.5249256907137555E+008                  3.3533371293111827E+007                  2.5707945680667865E-004                  1.5158375388641897E-011                  0.0000000000000000E+000                  2.1409499015295217E+000                  1.5663504459622139E+010                  2.2422250824924680E-006                  2.0921570799643925E-013                 -2.8246603967675035E+000                  2.0553115673441043E+000                  2.2938721947039356E+000                  2.4443871925359262E+000 
                                     687                  2.8529978287445550E+000                 -2.3386389500232356E-002                  6.7076871297128164E+000                 -3.6888255150494309E-001                  1.4466829749170861E+001                  6.9999998570247646E-001                  2.8000001429752336E-001                  2.0000000000000240E-002                  0.0000000000000000E+000                  3.5232457437140745E+008                  3.3688691940923661E+007                  2.8218196510808476E-004                  2.0031369132412161E-011                  0.0000000000000000E+000                  2.1144500749221797E+000                  1.5653912098369827E+010                  2.2667855616565552E-006                  2.3171835868301395E-013                 -2.8222947811352759E+000                  2.0597679338924713E+000                  2.2983285612523021E+000                  2.4488435590842927E+000 
                                     688                  2.8486449148656039E+000                 -2.5848594536286826E-002                  6.7117049467297392E+000                 -3.5218158622358503E-001                  1.4487518405971040E+001                  6.9999998429846400E-001                  2.8000001570153565E-001                  2.0000000000000351E-002                  0.0000000000000000E+000                  3.5215832426116687E+008                  3.3844725428801291E+007                  3.0968101586494165E-004                  2.6451053007740226E-011                  0.0000000000000000E+000                  2.0883866289514121E+000                  1.5644054862639044E+010                  2.2914271676223847E-006                  2.5661753155207194E-013                 -2.8199469710647973E+000                  2.0642370699473189E+000                  2.3027976973071502E+000                  2.4533126951391409E+000 
                                     689                  2.8441743314167831E+000                 -2.8323812568001577E-002                  6.7157229291544844E+000                 -3.3547660811805069E-001                  1.4508211541247496E+001                  6.9999998275958697E-001                  2.8000001724041246E-001                  2.0000000000000573E-002                  0.0000000000000000E+000                  3.5199385557660013E+008                  3.4001488319267660E+007                  3.3980117787147681E-004                  3.4902662097371465E-011                  0.0000000000000000E+000                  2.0627250450307195E+000                  1.5633960728246815E+010                  2.3161779440030756E-006                  2.8416555664218226E-013                 -2.8176140391540869E+000                  2.0687192179456280E+000                  2.3072798453054593E+000                  2.4577948431374494E+000 
                                     690                  2.8395832727334782E+000                 -3.0812110265304046E-002                  6.7197413579574805E+000                 -3.1876822406318372E-001                  1.4528908838948448E+001                  6.9999998107313433E-001                  2.8000001892686505E-001                  2.0000000000000684E-002                  0.0000000000000000E+000                  3.5183119600111336E+008                  3.4158995337600224E+007                  3.7278756616839300E-004                  4.6021940434737394E-011                  0.0000000000000000E+000                  2.0374335869811206E+000                  1.5623655415499897E+010                  2.3410644285816123E-006                  3.1464022760646039E-013                 -2.8152933169465544E+000                  2.0732146015418040E+000                  2.3117752289016353E+000                  2.4622902267336260E+000 
                                     691                  2.8348688702310390E+000                 -3.3313563208897660E-002                  6.7237604659960768E+000                 -3.0205695640315200E-001                  1.4549610017582213E+001                  6.9999997922522028E-001                  2.8000002077477876E-001                  2.0000000000000906E-002                  0.0000000000000000E+000                  3.5167036144708902E+008                  3.4317259520312563E+007                  4.0890766890224606E-004                  6.0641283572836139E-011                  0.0000000000000000E+000                  2.0124832174379224E+000                  1.5613162611401642E+010                  2.3661116025756140E-006                  3.4834665319274365E-013                 -2.8129823874111697E+000                  2.0777234278385239E+000                  2.3162840551983548E+000                  2.4667990530303454E+000 
                                     692                  2.8300281910388683E+000                 -3.5828255632948551E-002                  6.7277804425741268E+000                 -2.8534324947939460E-001                  1.4570314828392775E+001                  6.9999997720068075E-001                  2.8000002279931802E-001                  2.0000000000001239E-002                  0.0000000000000000E+000                  3.5151135948008049E+008                  3.4476292332492806E+007                  4.4845333209970811E-004                  7.9849854305512898E-011                  0.0000000000000000E+000                  1.9878475167345058E+000                  1.5602504185045841E+010                  2.3913428264035489E-006                  3.8562238145306637E-013                 -2.8106790791645238E+000                  2.0822458893701432E+000                  2.3208065167299745E+000                  2.4713215145619651E+000 
                                     693                  2.8250582367561048E+000                 -3.8356280118949627E-002                  6.7318014377733428E+000                 -2.6862747669823961E-001                  1.4591023052909874E+001                  6.9999997498296007E-001                  2.8000002501703813E-001                  2.0000000000001794E-002                  0.0000000000000000E+000                  3.5135419357583094E+008                  3.4636103815236613E+007                  4.9174291505507521E-004                  1.0507184779628542E-010                  0.0000000000000000E+000                  1.9635026023651185E+000                  1.5591700399974735E+010                  2.4167797738148915E-006                  4.2683958291587409E-013                 -2.8083814611789859E+000                  2.0867821659659791E+000                  2.3253427933258104E+000                  2.4758577911578010E+000 
                                     694                  2.8199559423713079E+000                 -4.0897737232227345E-002                  6.7358235666604696E+000                 -2.5190994750468571E-001                  1.4611734500383022E+001                  6.9999997255398527E-001                  2.8000002744601210E-001                  2.0000000000002682E-002                  0.0000000000000000E+000                  3.5119885931063145E+008                  3.4796702740866616E+007                  5.3912363179597943E-004                  1.3816831437880180E-010                  0.0000000000000000E+000                  1.9394270477077891E+000                  1.5580770122904303E+010                  2.4424423628061999E-006                  4.7240552287321247E-013                 -2.8060878380237484E+000                  2.0913324267144562E+000                  2.3298930540742875E+000                  2.4804080519062781E+000 
                                     695                  2.8147181751041734E+000                 -4.3452735230901658E-002                  6.7398469134347367E+000                 -2.3519091404368356E-001                  1.4632449005443124E+001                  6.9999996989403401E-001                  2.8000003010596269E-001                  2.0000000000003348E-002                  0.0000000000000000E+000                  3.5104534433200222E+008                  3.4958096752196692E+007                  5.9097409535391148E-004                  1.8156953870381792E-010                  0.0000000000000000E+000                  1.9156017986605565E+000                  1.5569731025298080E+010                  2.4683486769586521E-006                  5.2276936565055772E-013                 -2.8037967461072273E+000                  2.0958968319274134E+000                  2.3344574592872442E+000                  2.4849724571192349E+000 
                                     696                  2.8093417332560220E+000                 -4.6021389801538540E-002                  6.7438715354505652E+000                 -2.1847057779060289E-001                  1.4653166425666285E+001                  6.9999996698158429E-001                  2.8000003301841142E-001                  2.0000000000004237E-002                  0.0000000000000000E+000                  3.5089363384580386E+008                  3.5120292480050564E+007                  6.4770708170032529E-004                  2.3844702463567256E-010                  0.0000000000000000E+000                  1.8920100879587698E+000                  1.5558599779277143E+010                  2.4945148837004186E-006                  5.7842832518509210E-013                 -2.8015069502340815E+000                  2.1004755348390907E+000                  2.3390361621989215E+000                  2.4895511600309121E+000 
                                     697                  2.8038233451442665E+000                 -4.8603823788389879E-002                  6.7478974670557328E+000                 -2.0174909629955801E-001                  1.4673886638751364E+001                  6.9999996379315554E-001                  2.8000003620683867E-001                  2.0000000000005791E-002                  0.0000000000000000E+000                  3.5074371176776528E+008                  3.5283295654856481E+007                  7.0977253144795206E-004                  3.1293677896084374E-010                  0.0000000000000000E+000                  1.8686373471756974E+000                  1.5547392246794615E+010                  2.5209551472651905E-006                  6.3992904363976691E-013                 -2.7992174406025767E+000                  2.1050686830790490E+000                  2.3436293104388799E+000                  2.4941443082708705E+000 
                                     698                  2.7981596682227639E+000                 -5.1200166876074100E-002                  6.7519247241418716E+000                 -1.8502659100362603E-001                  1.4694609539486306E+001                  6.9999996030312961E-001                  2.8000003969686277E-001                  2.0000000000007567E-002                  0.0000000000000000E+000                  3.5059555677934492E+008                  3.5447111307836324E+007                  7.7766081677295526E-004                  4.1042901354113325E-010                  0.0000000000000000E+000                  1.8454719402283435E+000                  1.5536123680157309E+010                  2.5476810063837539E-006                  7.0787424865408013E-013                 -2.7969274753426006E+000                  2.1096764205378347E+000                  2.3482370478976655E+000                  2.4987520457296566E+000 
                                     699                  2.7923472882351055E+000                 -5.3810555312181763E-002                  6.7559533306223392E+000                 -1.6830317715644863E-001                  1.4715335037056118E+001                  6.9999995648354418E-001                  2.8000004351644570E-001                  2.0000000000010121E-002                  0.0000000000000000E+000                  3.5044914713924503E+008                  3.5611744851027623E+007                  8.5190649341035753E-004                  5.3794441903059576E-010                  0.0000000000000000E+000                  1.8225248504344758E+000                  1.5524809339507975E+010                  2.5746874424215578E-006                  7.8293102816064396E-013                 -2.7946377425872302E+000                  2.1142988950772930E+000                  2.3528595224371243E+000                  2.5033745202691149E+000 
                                     700                  2.7863827182728378E+000                 -5.6435131864971469E-002                  6.7599833657859740E+000                 -1.5157901484796504E-001                  1.4736063052642869E+001                  6.9999995230386935E-001                  2.8000004769611742E-001                  2.0000000000013229E-002                  0.0000000000000000E+000                  3.5030446989519334E+008                  3.5777204038663715E+007                  9.3309267996317220E-004                  7.0462352927202264E-010                  0.0000000000000000E+000                  1.7998281075434386E+000                  1.5513465877450642E+010                  2.6019386035007777E-006                  8.6583518088613961E-013                 -2.7923514777295311E+000                  2.1189362769924296E+000                  2.3574969043522604E+000                  2.5080119021842511E+000 
                                     701                  2.7802623978967458E+000                 -5.9074046081004410E-002                  6.7640149862185099E+000                 -1.3485433385698214E-001                  1.4756793516976881E+001                  6.9999994773078900E-001                  2.8000005226919383E-001                  2.0000000000017115E-002                  0.0000000000000000E+000                  3.5016151942646194E+008                  3.5943499936237559E+007                  1.0218557585455115E-003                  9.2236229772799078E-010                  0.0000000000000000E+000                  1.7774118792268154E+000                  1.5502112604476376E+010                  2.6293822202822882E-006                  9.5739921124877269E-013                 -2.7900731390324283E+000                  2.1235887767261246E+000                  2.3621494040859554E+000                  2.5126644019179460E+000 
                                     702                  2.7739826923875834E+000                 -6.1727454672078741E-002                  6.7680484212373937E+000                 -1.1812943148773210E-001                  1.4777526367700062E+001                  6.9999994272790289E-001                  2.8000005727207450E-001                  2.0000000000022666E-002                  0.0000000000000000E+000                  3.5002029729408860E+008                  3.6110646780242912E+007                  1.1188903185109309E-003                  1.2066367834892850E-009                  0.0000000000000000E+000                  1.7553034473157909E+000                  1.5490771787194862E+010                  2.6569657982920061E-006                  1.0585208508746418E-012                 -2.7878070179978445E+000                  2.1282566495619952E+000                  2.3668172769218265E+000                  2.5173322747538172E+000 
                                     703                  2.7675398921893271E+000                 -6.4395521851776744E-002                  6.7720839672815236E+000                 -1.0140466930673905E-001                  1.4798261546905598E+001                  6.9999993725546628E-001                  2.8000006274450401E-001                  2.0000000000029772E-002                  0.0000000000000000E+000                  3.4988081376330400E+008                  3.6278661830637358E+007                  1.2249545555723469E-003                  1.5775736740167967E-009                  0.0000000000000000E+000                  1.7335273337615653E+000                  1.5479468449089109E+010                  2.6846374020144000E-006                  1.1701897732840227E-012                 -2.7855571817863791E+000                  2.1329401933254988E+000                  2.3715008206853301E+000                  2.5220158185173207E+000 
                                     704                  2.7609302122901358E+000                 -6.7078419727248872E-002                  6.7761219826074113E+000                 -8.4680469662863994E-002                  1.4818998999140581E+001                  6.9999993127007221E-001                  2.8000006872988875E-001                  2.0000000000039098E-002                  0.0000000000000000E+000                  3.4974308493291885E+008                  3.6447565228026234E+007                  1.3408761827370611E-003                  2.0613399538637174E-009                  0.0000000000000000E+000                  1.7121054381453840E+000                  1.5468230160236860E+010                  2.7123456457990876E-006                  1.2934986824734459E-012                 -2.7833274836380841E+000                  2.1376397462111689E+000                  2.3762003735710002E+000                  2.5267153714029909E+000 
                                     705                  2.7541497916170479E+000                 -6.9776328711078459E-002                  6.7801628822603357E+000                 -6.7957312281258481E-002                  1.4839738669594679E+001                  6.9999992472430528E-001                  2.8000007527564391E-001                  2.0000000000050866E-002                  0.0000000000000000E+000                  3.4960712908258861E+008                  3.6617379851935618E+007                  1.4675589014381571E-003                  2.6919469179377919E-009                  0.0000000000000000E+000                  1.6910571843160649E+000                  1.5457086837194977E+010                  2.7400396611121190E-006                  1.4296546697938154E-012                 -2.7811215754369814E+000                  2.1423556847221992E+000                  2.3809163120820305E+000                  2.5314313099140211E+000 
                                     706                  2.7471946925245345E+000                 -7.2489437922163141E-002                  6.7842071332879570E+000                 -5.1235731205957633E-002                  1.4860480502217602E+001                  6.9999991756636470E-001                  2.8000008243356855E-001                  2.0000000000066742E-002                  0.0000000000000000E+000                  3.4947296845206583E+008                  3.6788131160800360E+007                  1.6059894852815911E-003                  3.5135922317458353E-009                  0.0000000000000000E+000                  1.6703996741178033E+000                  1.5446070555610350E+010                  2.7676690445078455E-006                  1.5799894380500461E-012                 -2.7789429218362054E+000                  2.1470884215550456E+000                  2.3856490489148769E+000                  2.5361640467468676E+000 
                                     707                  2.7400609004744019E+000                 -7.5217945543388773E-002                  6.7882552502010229E+000                 -3.4516312103685651E-002                  1.4881224437713824E+001                  6.9999990973965220E-001                  2.8000009026026085E-001                  2.0000000000086948E-002                  0.0000000000000000E+000                  3.4934063256169099E+008                  3.6959847020662054E+007                  1.7572455348681443E-003                  4.5837008424924712E-009                  0.0000000000000000E+000                  1.6501478464561603E+000                  1.5435215376355736E+010                  2.7951837861317617E-006                  1.7459738114177917E-012                 -2.7767948157709283E+000                  2.1518384033137656E+000                  2.3903990306735969E+000                  2.5409140285055876E+000 
                                     708                  2.7327443238754086E+000                 -7.7962059157078586E-002                  6.7923077907563085E+000                 -1.7799689731043553E-002                  1.4901970411739228E+001                  6.9999990118232036E-001                  2.8000009881756621E-001                  2.0000000000113483E-002                  0.0000000000000000E+000                  3.4921015205553043E+008                  3.7132557615208499E+007                  1.9225039704043139E-003                  5.9768738791652567E-009                  0.0000000000000000E+000                  1.6303146397168646E+000                  1.5424557185738022E+010                  2.8225341919331895E-006                  1.9292331539587435E-012                 -2.7746803941828135E+000                  2.1566061086587780E+000                  2.3951667360186089E+000                  2.5456817338505995E+000 
                                     709                  2.7252407939176875E+000                 -8.0721996125687728E-002                  6.7963653520825522E+000                 -1.0865454918572821E-003                  1.4922718353366031E+001                  6.9999989182678191E-001                  2.8000010817307019E-001                  2.0000000000147899E-002                  0.0000000000000000E+000                  3.4908155747946882E+008                  3.7306295336446144E+007                  2.1030503348694329E-003                  7.7900176508781039E-009                  0.0000000000000000E+000                  1.6109111562757568E+000                  1.5414133550209639E+010                  2.8496708004339959E-006                  2.1315588556640692E-012                 -2.7726026538225348E+000                  2.1613920469394698E+000                  2.3999526742993007E+000                  2.5504676721312913E+000 
                                     710                  2.7175460645215628E+000                 -8.3497983973737103E-002                  6.8004285671311715E+000                  1.5622394822371918E-002                  1.4943468183731145E+001                  6.9999988159917637E-001                  2.8000011840063077E-001                  2.0000000000192864E-002                  0.0000000000000000E+000                  3.4895488257571071E+008                  3.7481094666118540E+007                  2.3002889864971268E-003                  1.0149006945101643E-008                  0.0000000000000000E+000                  1.5919468193256485E+000                  1.5403983585786001E+010                  2.8765442885686675E-006                  2.3549219531767437E-012                 -2.7705644674969894E+000                  2.1661967566852240E+000                  2.4047573840450553E+000                  2.5552723818770460E+000 
                                     711                  2.7096558123348937E+000                 -8.6290260799043117E-002                  6.8044980891238236E+000                  3.2326375573727986E-002                  1.4964219814607276E+001                  6.9999987041881950E-001                  2.8000012958092918E-001                  2.0000000000251372E-002                  0.0000000000000000E+000                  3.4883016142185110E+008                  3.7656991535888337E+007                  2.5157539536410588E-003                  1.3217335375519498E-008                  0.0000000000000000E+000                  1.5734196840523023E+000                  1.5394147616262266E+010                  2.9031141080145996E-006                  2.6014914611462241E-012                 -2.7685679468607476E+000                  2.1710208011597629E+000                  2.4095814285195938E+000                  2.5600964263515844E+000 
                                     712                  2.7015656370528967E+000                 -8.9099075538025915E-002                  6.8085745410675713E+000                  4.9024661320219931E-002                  1.4984973146715193E+001                  6.9999985819761879E-001                  2.8000014180205385E-001                  2.0000000000327312E-002                  0.0000000000000000E+000                  3.4870742203324151E+008                  3.7834021129383482E+007                  2.7511197164687504E-003                  1.7207315430847783E-008                  0.0000000000000000E+000                  1.5552991368016398E+000                  1.5384665987588755E+010                  2.9293742087497367E-006                  2.8736514609327965E-012                 -2.7666125732212676E+000                  2.1758647519794607E+000                  2.4144253793392920E+000                  2.5649403771712826E+000 
                                     713                  2.6932710619511897E+000                 -9.1924687894903725E-002                  6.8126584745956240E+000                  6.5716577286445310E-002                  1.5005728068182330E+001                  6.9999984483940192E-001                  2.8000015516017168E-001                  2.0000000000426343E-002                  0.0000000000000000E+000                  3.4858668283779842E+008                  3.8012216067634337E+007                  3.0082126986716866E-003                  2.2394581926000994E-008                  0.0000000000000000E+000                  1.5375521079785881E+000                  1.5375577456588736E+010                  2.9553484710421874E-006                  3.1740214810498628E-012                 -2.7646956516167385E+000                  2.1807291659814165E+000                  2.4192897933412478E+000                  2.5698047911732385E+000 
                                     714                  2.6847675344210686E+000                 -9.4767368057025805E-002                  6.8167503693631000E+000                  8.2401508490303282E-002                  1.5026484453172667E+001                  6.9999983023920642E-001                  2.8000016976023834E-001                  2.0000000000555240E-002                  0.0000000000000000E+000                  3.4846795504066867E+008                  3.8191606317123182E+007                  3.2890245586842557E-003                  2.9136903923902362E-008                  0.0000000000000000E+000                  1.5201484292344332E+000                  1.5366918515398155E+010                  2.9810627805605687E-006                  3.5054832077639899E-012                 -2.7628144388599134E+000                  2.1856145744558733E+000                  2.4241752018157046E+000                  2.5746901996476952E+000 
                                     715                  2.6760504266603049E+000                 -9.7627396403646274E-002                  6.8208506392493486E+000                  9.9078891906987765E-002                  1.5047242160430159E+001                  6.9999981428249136E-001                  2.8000018571678609E-001                  2.0000000000722551E-002                  0.0000000000000000E+000                  3.4835124023571360E+008                  3.8372219410169989E+007                  3.5957267926179800E-003                  3.7898566463515078E-008                  0.0000000000000000E+000                  1.5030605910717805E+000                  1.5358723571379107E+010                  3.0065400192559322E-006                  3.8712057520726327E-012                 -2.7609665055007344E+000                  2.1905214843136553E+000                  2.4290821116734862E+000                  2.5795971095054773E+000 
                                     716                  2.6671150365764933E+000                 -1.0050506323881245E-001                  6.8249596380293669E+000                  1.1574820893204577E-001                  1.5068001031596964E+001                  6.9999979684428038E-001                  2.8000020315477969E-001                  2.0000000000939933E-002                  0.0000000000000000E+000                  3.4823653193515950E+008                  3.8554080625649296E+007                  3.9306865825272496E-003                  4.9281957318087904E-008                  0.0000000000000000E+000                  1.4862635231734336E+000                  1.5351025237373030E+010                  3.0318001630724406E-006                  4.2700838078379774E-012                 -2.7591497140092920E+000                  2.1954503808168324E+000                  2.4340110081766633E+000                  2.5845260060086543E+000 
                                     717                  2.6579565890026098E+000                 -1.0340066852113125E-001                  6.8290776645802946E+000                  1.3240897815669034E-001                  1.5088760889407411E+001                  6.9999977778824407E-001                  2.8000022221053328E-001                  2.0000000001222595E-002                  0.0000000000000000E+000                  3.4812382064708549E+008                  3.8737213139847897E+007                  4.2964839917178192E-003                  6.4068476022006122E-008                  0.0000000000000000E+000                  1.4697343940164052E+000                  1.5343854603966846E+010                  3.0568603618908838E-006                  4.6981292630299145E-012                 -2.7573621997480688E+000                  2.2004017298304706E+000                  2.4389623571903019E+000                  2.5894773550222925E+000 
                                     718                  2.6485702370882267E+000                 -1.0631452164026149E-001                  6.8326801631540439E+000                  1.4698706901833461E-001                  1.5106925145608018E+001                  6.9999975983267404E-001                  2.8000024016579167E-001                  2.0000000001534346E-002                  0.0000000000000000E+000                  3.4802602973510051E+008                  3.8898136522261165E+007                  4.6436618655562633E-003                  8.0553134552327715E-008                  0.0000000000000000E+000                  1.4555665449597006E+000                  1.5336887933406878E+010                  3.0816778540450050E-006                  5.1616089545606390E-012                 -2.7556063813037666E+000                  2.2053762858826333E+000                  2.4439369132424646E+000                  2.5944519110744553E+000 
                                     719                  2.6413779556420249E+000                 -1.0851202527944512E-001                  6.8363066859660329E+000                  1.6154335085242016E-001                  1.5125092374276864E+001                  6.9999974009550348E-001                  2.8000025990256078E-001                  2.0000000001935803E-002                  0.0000000000000000E+000                  3.4793133834045255E+008                  3.9060818402184620E+007                  5.0194316855385517E-003                  1.0134898594528762E-007                  0.0000000000000000E+000                  1.4413913523019115E+000                  1.5332317708709286E+010                  3.1002144042684816E-006                  5.6561588476597693E-012                 -2.7543041351198281E+000                  2.2091221943679442E+000                  2.4476828217277751E+000                  2.5981978195597657E+000 
                                     720                  2.6315808983853599E+000                 -1.1145858372353543E-001                  6.8404506828693341E+000                  1.7817835412924837E-001                  1.5145853848961400E+001                  6.9999971578312492E-001                  2.8000028421435863E-001                  2.0000000002516449E-002                  0.0000000000000000E+000                  3.4782402684787846E+008                  3.9247551282663107E+007                  5.4852992363552565E-003                  1.3167263804535279E-007                  0.0000000000000000E+000                  1.4254975463755832E+000                  1.5327100996946775E+010                  3.1248532809981816E-006                  6.2151716923994253E-012                 -2.7525851844797509E+000                  2.2141372831406763E+000                  2.4526979105005071E+000                  2.6032129083324977E+000 
                                     721                  2.6215422515688336E+000                 -1.1442428826255176E-001                  6.8446044178840380E+000                  1.9480322662136204E-001                  1.5166615449298535E+001                  6.9999968922259803E-001                  2.8000031077413162E-001                  2.0000000003270291E-002                  0.0000000000000000E+000                  3.4771863340803659E+008                  3.9435626612142771E+007                  5.9939131084842797E-003                  1.7103050842525073E-007                  0.0000000000000000E+000                  1.4098030195782987E+000                  1.5322167144988836E+010                  3.1492702166121613E-006                  6.8401036423200182E-012                 -2.7508950370128176E+000                  2.2191767104556681E+000                  2.4577373378154990E+000                  2.6082523356474896E+000 
                                     722                  2.6112569149412779E+000                 -1.1740948248643371E-001                  6.8487679891035169E+000                  2.1141757927372334E-001                  1.5187376885853272E+001                  6.9999966020844040E-001                  2.8000033978731059E-001                  2.0000000004249063E-002                  0.0000000000000000E+000                  3.4761513076047951E+008                  3.9625059764911503E+007                  6.5491478050099415E-003                  2.2210288868240262E-007                  0.0000000000000000E+000                  1.3942932895594677E+000                  1.5317895273339716E+010                  3.1735321860663814E-006                  7.5425191116745113E-012                 -2.7492285463494821E+000                  2.2242406070356857E+000                  2.4628012343955166E+000                  2.6133162322275076E+000 
                                     723                  2.6007197259100310E+000                 -1.2041451893664409E-001                  6.8529414644176452E+000                  2.2802102547960501E-001                  1.5208137840982893E+001                  6.9999962851675923E-001                  2.8000037147772106E-001                  2.0000000005519714E-002                  0.0000000000000000E+000                  3.4751348806216848E+008                  3.9815864918629602E+007                  7.1552219377551225E-003                  2.8836153725103075E-007                  0.0000000000000000E+000                  1.3789562783395684E+000                  1.5314312228456472E+010                  3.1976400386542824E-006                  8.3218201749496840E-012                 -2.7475852133882124E+000                  2.2293293688842577E+000                  2.4678899962440886E+000                  2.6184049940760792E+000 
                                     724                  2.5899254621341679E+000                 -1.2343975914016882E-001                  6.8571249014817557E+000                  2.4461315939178416E-001                  1.5228897967610161E+001                  6.9999959390354272E-001                  2.8000040608928917E-001                  2.0000000007168062E-002                  0.0000000000000000E+000                  3.4741367433070409E+008                  4.0008055947354287E+007                  7.8167291942884947E-003                  3.7430241126643884E-007                  0.0000000000000000E+000                  1.3637914664699249E+000                  1.5311445138425280E+010                  3.2215784248004710E-006                  9.1803443745202645E-012                 -2.7459656459499828E+000                  2.2344433908510926E+000                  2.4730040182109239E+000                  2.6235190160429145E+000 
                                     725                  2.5788688441880518E+000                 -1.2648557385437595E-001                  6.8613183735623604E+000                  2.6119352844139043E-001                  1.5249656888175998E+001                  6.9999955610285347E-001                  2.8000044388783996E-001                  2.0000000009306573E-002                  0.0000000000000000E+000                  3.4731566244412416E+008                  4.0201647610132352E+007                  8.5386729464168535E-003                  4.8574690911041485E-007                  0.0000000000000000E+000                  1.3488040185345065E+000                  1.5309322291527493E+010                  3.2453100483334613E-006                  1.0125979760400437E-011                 -2.7443719027680187E+000                  2.2395830783592423E+000                  2.4781437057190732E+000                  2.6286587035510642E+000 
                                     726                  2.5675445385228137E+000                 -1.2955234351050565E-001                  6.8655219770251712E+000                  2.7776162473364380E-001                  1.5270414193585051E+001                  6.9999951482487732E-001                  2.8000048516304249E-001                  2.0000000012080132E-002                  0.0000000000000000E+000                  3.4721942758383870E+008                  4.0396655919386268E+007                  9.3265030613172064E-003                  6.3023135693172094E-007                  0.0000000000000000E+000                  1.3339982072698209E+000                  1.5307973771701862E+010                  3.2687895535143655E-006                  1.1167389458298201E-011                 -2.7428065193197018E+000                  2.2447488562378162E+000                  2.4833094835976475E+000                  2.6338244814296381E+000 
                                     727                  2.5559471607402666E+000                 -1.3264045873347569E-001                  6.8697358287477046E+000                  2.9431688685703555E-001                  1.5291169442331588E+001                  6.9999946975377259E-001                  2.8000053023055010E-001                  2.0000000015677255E-002                  0.0000000000000000E+000                  3.4712494717790866E+008                  4.0593098039991170E+007                  1.0186155273867268E-002                  8.1751043744151112E-007                  0.0000000000000000E+000                  1.3193774248251797E+000                  1.5307431579450069E+010                  3.2919715383707581E-006                  1.2299755399836882E-011                 -2.7412719641269008E+000                  2.2499411704394214E+000                  2.4885017977992523E+000                  2.6390167956312429E+000 
                                     728                  2.5440712789962530E+000                 -1.3575032092061798E-001                  6.8739600637443896E+000                  3.1085870192865911E-001                  1.5311922160176723E+001                  6.9999942054522546E-001                  2.8000057943443379E-001                  2.0000000020340747E-002                  0.0000000000000000E+000                  3.4703220215019387E+008                  4.0790992209729597E+007                  1.1124094006003914E-002                  1.0602079778817230E-006                  0.0000000000000000E+000                  1.3049442704946392E+000                  1.5307729580602314E+010                  3.3148105400649218E-006                  1.3490092202117484E-011                 -2.7397706444524879E+000                  2.2551604873521973E+000                  2.4937211147120286E+000                  2.6442361125440192E+000 
                                     729                  2.5319114172808574E+000                 -1.3888234294448490E-001                  6.8771213871554151E+000                  3.2327104007174634E-001                  1.5327485883782135E+001                  6.9999938088209368E-001                  2.8000061909322838E-001                  2.0000000024677944E-002                  0.0000000000000000E+000                  3.4696252095722723E+008                  4.0939725472739026E+007                  1.1881636064958200E-002                  1.2873843558899833E-006                  0.0000000000000000E+000                  1.2943731688668560E+000                  1.5308186083770033E+010                  3.3371381570908553E-006                  1.4698477937700128E-011                 -2.7383129066186385E+000                  2.2604079372152333E+000                  2.4989685645750646E+000                  2.6494835624070552E+000 
                                     730                  2.5257232714709899E+000                 -1.4045672564283659E-001                  6.8803163016052968E+000                  3.3564460271116175E-001                  1.5343045310818031E+001                  6.9999933814285709E-001                  2.8000066182709304E-001                  2.0000000030049869E-002                  0.0000000000000000E+000                  3.4689631124499547E+008                  4.1090602319224454E+007                  1.2693366248604555E-002                  1.5651767943237387E-006                  0.0000000000000000E+000                  1.2836494671054477E+000                  1.5309121663038004E+010                  3.3481986561371166E-006                  1.5823839121687415E-011                 -2.7375943911242389E+000                  2.2630417203983817E+000                  2.5016023477582126E+000                  2.6521173455902032E+000 
                                     731                  2.5131270845031932E+000                 -1.4362278795620717E-001                  6.8834897894870268E+000                  3.4804056347485907E-001                  1.5358605434410837E+001                  6.9999929291023066E-001                  2.8000070705332164E-001                  2.0000000036447751E-002                  0.0000000000000000E+000                  3.4682855821307266E+008                  4.1241016569724493E+007                  1.3556510529338130E-002                  1.9001199583560245E-006                  0.0000000000000000E+000                  1.2732894718572985E+000                  1.5311677569695879E+010                  3.3699881025095053E-006                  1.6987267062028840E-011                 -2.7361858161850412E+000                  2.2683307746544825E+000                  2.5068914020143134E+000                  2.6574063998463040E+000 
                                     732                  2.5067176507337350E+000                 -1.4521443620985119E-001                  6.8856179972507574E+000                  3.5628929777564711E-001                  1.5368976524167518E+001                  6.9999926092363063E-001                  2.8000073903486661E-001                  2.0000000041502819E-002                  0.0000000000000000E+000                  3.4678474739840406E+008                  4.1342201168459862E+007                  1.4165104109198101E-002                  2.1631798252496641E-006                  0.0000000000000000E+000                  1.2663574809739175E+000                  1.5312965851894300E+010                  3.3806265452503545E-006                  1.8020498835213599E-011                 -2.7355014013510899E+000                  2.2709862655101576E+000                  2.5095468928699889E+000                  2.6600618907019795E+000 
                                     733                  2.5002330584016015E+000                 -1.4681195180545925E-001                  6.8877489582525033E+000                  3.6453398646562174E-001                  1.5379346459143147E+001                  6.9999922750695198E-001                  2.8000077244579180E-001                  2.0000000047256217E-002                  0.0000000000000000E+000                  3.4674135653239971E+008                  4.1443767912456438E+007                  1.4800703198677705E-002                  2.4625320263824109E-006                  0.0000000000000000E+000                  1.2594734289361589E+000                  1.5314859894642067E+010                  3.3911984249942600E-006                  1.8998762089198836E-011                 -2.7348233990716015E+000                  2.2736487207381324E+000                  2.5122093480979633E+000                  2.6627243459299539E+000 
                                     734                  2.4936726064152719E+000                 -1.4841539256447825E-001                  6.8898826968415143E+000                  3.7277452715411524E-001                  1.5389715161976047E+001                  6.9999919259706944E-001                  2.8000080734912602E-001                  2.0000000053804534E-002                  0.0000000000000000E+000                  3.4669838439928126E+008                  4.1545719587604657E+007                  1.5464492237784450E-002                  2.8031676225262084E-006                  0.0000000000000000E+000                  1.2526373126554251E+000                  1.5317007610107351E+010                  3.4016325527754749E-006                  1.9959359763865659E-011                 -2.7341563005234959E+000                  2.2763185104805648E+000                  2.5148791378403961E+000                  2.6653941356723867E+000 
                                     735                  2.4870355919829006E+000                 -1.5002481725845815E-001                  6.8920192379885350E+000                  3.8101081491875849E-001                  1.5400082553409133E+001                  6.9999915612810859E-001                  2.8000084381063450E-001                  2.0000000061256906E-002                  0.0000000000000000E+000                  3.4665582978411573E+008                  4.1648059029520258E+007                  1.6157707115379231E-002                  3.1907621487335440E-006                  0.0000000000000000E+000                  1.2458491033778070E+000                  1.5319414406176888E+010                  3.4119230625474839E-006                  2.0949408914047738E-011                 -2.7335003852774338E+000                  2.2789957061072887E+000                  2.5175563334671196E+000                  2.6680713312991102E+000 
                                     736                  2.4803213107435478E+000                 -1.5164028563907736E-001                  6.8941586072581833E+000                  3.8924274236135192E-001                  1.5410448552316913E+001                  6.9999911803131565E-001                  2.8000088189894634E-001                  2.0000000069738011E-002                  0.0000000000000000E+000                  3.4661369146977299E+008                  4.1750789122724675E+007                  1.6881637398254244E-002                  3.6317692636461190E-006                  0.0000000000000000E+000                  1.2391087485466405E+000                  1.5322085802598679E+010                  3.4220640172376559E-006                  2.1987636023768743E-011                 -2.7328559351424899E+000                  2.2816803802777836E+000                  2.5202410076376145E+000                  2.6707560054696056E+000 
                                     737                  2.4735290569008326E+000                 -1.5326185846923449E-001                  6.8963008307847691E+000                  3.9747019966265618E-001                  1.5420813075734923E+001                  6.9999907823486585E-001                  2.8000092168574481E-001                  2.0000000079389402E-002                  0.0000000000000000E+000                  3.4657196823430306E+008                  4.1853912799977705E+007                  1.7637628659908165E-002                  4.1335272032630266E-006                  0.0000000000000000E+000                  1.2324161735988139E+000                  1.5325027431851334E+010                  3.4320494171434615E-006                  2.3076308114468585E-011                 -2.7322232337452603E+000                  2.2843726069591361E+000                  2.5229332343189674E+000                  2.6734482321509581E+000 
                                     738                  2.4666581233588967E+000                 -1.5488959755516879E-001                  6.8984459352513028E+000                  4.0569307463531751E-001                  1.5431176038890635E+001                  6.9999903666406404E-001                  2.8000096324556389E-001                  2.0000000090372061E-002                  0.0000000000000000E+000                  3.4653065884884346E+008                  4.1957433041755445E+007                  1.8427084913556997E-002                  4.7043797418829288E-006                  0.0000000000000000E+000                  1.2257712836964998E+000                  1.5328245040207861E+010                  3.4418732129529547E-006                  2.4217795506055294E-011                 -2.7316025658318095E+000                  2.2870724614467584E+000                  2.5256330888065892E+000                  2.6761480866385798E+000 
                                     739                  2.4597078018620060E+000                 -1.5652356577939666E-001                  6.9005939478736771E+000                  4.1391125278530433E-001                  1.5441537355248922E+001                  6.9999899324084569E-001                  2.8000100665628586E-001                  2.0000000102868398E-002                  0.0000000000000000E+000                  3.4648976210429651E+008                  4.2061352875865504E+007                  1.9251471156209111E-002                  5.3538136686678579E-006                  0.0000000000000000E+000                  1.2191739645755932E+000                  1.5331744488992022E+010                  3.4515293034611472E-006                  2.5414604896257704E-011                 -2.7309942175513600E+000                  2.2897800203867074E+000                  2.5283406477465387E+000                  2.6788556455785288E+000 
                                     740                  2.4526773831185609E+000                 -1.5816382713894889E-001                  6.9027448963282012E+000                  4.2212461744537921E-001                  1.5451896936579068E+001                  6.9999894788366168E-001                  2.8000105199925091E-001                  2.0000000117087469E-002                  0.0000000000000000E+000                  3.4644927712339151E+008                  4.2165675372743994E+007                  2.0112316018561255E-002                  6.0926150422526903E-006                  0.0000000000000000E+000                  1.2126240115083247E+000                  1.5335531755014349E+010                  3.4610116463224804E-006                  2.6669363654395188E-011                 -2.7303984696500931E+000                  2.2924953617830535E+000                  2.5310559891428843E+000                  2.6815709869748749E+000 
                                     741                  2.4455661569176073E+000                 -1.5981044678664666E-001                  6.9048988085790981E+000                  4.3033305001818350E-001                  1.5462254693016337E+001                  6.9999890050749936E-001                  2.8000109935923512E-001                  2.0000000133265528E-002                  0.0000000000000000E+000                  3.4640920327139854E+008                  4.2270403637118220E+007                  2.1011214515036309E-002                  6.9330467155990154E-006                  0.0000000000000000E+000                  1.2061210893973036E+000                  1.5339612928135149E+010                  3.4703144402319061E-006                  2.7984798847707265E-011                 -2.7298155863119575E+000                  2.2952185649684713E+000                  2.5337791923283026E+000                  2.6842941901602932E+000 
                                     742                  2.4383734122653999E+000                 -1.6146349106856517E-001                  6.9070557127869439E+000                  4.3853643012228305E-001                  1.5472610533109465E+001                  6.9999885102366344E-001                  2.8000114882466509E-001                  2.0000000151671471E-002                  0.0000000000000000E+000                  3.4636953989240903E+008                  4.2375540805651642E+007                  2.1949830929481284E-002                  7.8890500365046148E-006                  0.0000000000000000E+000                  1.1996648706794286E+000                  1.5343994208474211E+010                  3.4794319831977214E-006                  2.9363757106133800E-011                 -2.7292458243912980E+000                  2.2979497105821265E+000                  2.5365103379419578E+000                  2.6870253357739480E+000 
                                     743                  2.4310984375264071E+000                 -1.6312302756182012E-001                  6.9092156373526095E+000                  4.4673463559470400E-001                  1.5482964363867582E+001                  6.9999879933961806E-001                  2.8000120048777016E-001                  2.0000000172611720E-002                  0.0000000000000000E+000                  3.4633028630138069E+008                  4.2481090049549051E+007                  2.2929901859285954E-002                  8.9764741381998425E-006                  0.0000000000000000E+000                  1.1932550497368952E+000                  1.5348681907783314E+010                  3.4883584320565288E-006                  3.0809221132845863E-011                 -2.7286894486434377E+000                  2.3006888806053096E+000                  2.5392495079651405E+000                  2.6897645057971311E+000 
                                     744                  2.4237405205672071E+000                 -1.6478912511357893E-001                  6.9113786109743289E+000                  4.5492754248065959E-001                  1.5493316090807513E+001                  6.9999874535882178E-001                  2.8000125444474439E-001                  2.0000000196433776E-002                  0.0000000000000000E+000                  3.4629144178938299E+008                  4.2587054577682503E+007                  2.3953239406820582E-002                  1.0213336540060724E-005                  0.0000000000000000E+000                  1.1868913419953222E+000                  1.5353682453660040E+010                  3.4970877776856668E-006                  3.2324306143254624E-011                 -2.7281467333326397E+000                  2.3034361584264715E+000                  2.5419967857863028E+000                  2.6925117836182935E+000 
                                     745                  2.4162989489033526E+000                 -1.6646185388141896E-001                  6.9135446627041075E+000                  4.6311502502388335E-001                  1.5503665618000994E+001                  6.9999868898055539E-001                  2.8000131079591134E-001                  2.0000000223533210E-002                  0.0000000000000000E+000                  3.4625300562879151E+008                  4.2693437639728792E+007                  2.5021734523824456E-002                  1.1620119195072331E-005                  0.0000000000000000E+000                  1.1805734830444741E+000                  1.5359002394072083E+010                  3.5056138445614052E-006                  3.3912266866064097E-011                 -2.7276179623202634E+000                  2.3061916289099313E+000                  2.5447522562697626E+000                  2.6952672541017533E+000 
                                     746                  2.4087730098499973E+000                 -1.6814128537487524E-001                  6.9157138220052747E+000                  4.7129695566401103E-001                  1.5514012848130131E+001                  6.9999863009973817E-001                  2.8000136964590189E-001                  2.0000000254359884E-002                  0.0000000000000000E+000                  3.4621497707841212E+008                  4.2800242529409967E+007                  2.6137360519808112E-002                  1.3220104984162968E-005                  0.0000000000000000E+000                  1.1743012277746927E+000                  1.5364648401958300E+010                  3.5139302903904080E-006                  3.5576509834804370E-011                 -2.7271034291606964E+000                  2.3089553784653924E+000                  2.5475160058252238E+000                  2.6980310036572144E+000 
                                     747                  2.4011619906632475E+000                 -1.6982749250112361E-001                  6.9178861188119427E+000                  4.7947320504118313E-001                  1.5524357682554571E+001                  6.9999856860672716E-001                  2.8000143110384756E-001                  2.0000000289425279E-002                  0.0000000000000000E+000                  3.4617735545636404E+008                  4.2907472587667093E+007                  2.7302176745125837E-002                  1.5039760182573967E-005                  0.0000000000000000E+000                  1.1680743495233215E+000                  1.5370627279969677E+010                  3.5220306057549171E-006                  3.7320592556294187E-011                 -2.7266034372092540E+000                  2.3117274951220566E+000                  2.5502881224818879E+000                  2.7008031203138785E+000 
                                     748                  2.3934651786792513E+000                 -1.7152054961318616E-001                  6.9200615835871080E+000                  4.8764364199121352E-001                  1.5534700021374725E+001                  6.9999850438720423E-001                  2.8000149528348600E-001                  2.0000000329309708E-002                  0.0000000000000000E+000                  3.4614014037807846E+008                  4.3015131205329828E+007                  2.8518332456994387E-002                  1.7109168917386580E-005                  0.0000000000000000E+000                  1.1618926392353686E+000                  1.5376945965471670E+010                  3.5299081136382829E-006                  3.9148226781358030E-011                 -2.7261182997507403E+000                  2.3145080686021839E+000                  2.5530686959620148E+000                  2.7035836937940054E+000 
                                     749                  2.3856818614663844E+000                 -1.7322053255735587E-001                  6.9222402473785785E+000                  4.9580813355372605E-001                  1.5545039763486978E+001                  6.9999843732186451E-001                  2.8000156230346085E-001                  2.0000000374674642E-002                  0.0000000000000000E+000                  3.4610333156788403E+008                  4.3123221826707028E+007                  2.9788070883042465E-002                  1.9462527006564569E-005                  0.0000000000000000E+000                  1.1557559046660284E+000                  1.5383611535419653E+010                  3.5375559691858793E-006                  4.1063296591361509E-011                 -2.7256483401272829E+000                  2.3172971903946418E+000                  2.5558578177544726E+000                  2.7063728155864633E+000 
                                     750                  2.3778113269818464E+000                 -1.7492751872180387E-001                  6.9244221418741354E+000                  5.0396654497444571E-001                  1.5555376806637371E+001                  6.9999836728623155E-001                  2.8000163228749747E-001                  2.0000000426271036E-002                  0.0000000000000000E+000                  3.4606692884423923E+008                  4.3231747952139355E+007                  3.1113733494591768E-002                  2.2138703252510646E-005                  0.0000000000000000E+000                  1.1496639695942112E+000                  1.5390631211098852E+010                  3.5449671595344955E-006                  4.3069867208982613E-011                 -2.7251938918764256E+000                  2.3200949538289439E+000                  2.5586555811887752E+000                  2.7091705790207659E+000 
                                     751                  2.3698528637321683E+000                 -1.7664158708658209E-001                  6.9266072994560366E+000                  5.1211873970211375E-001                  1.5565711047474252E+001                  6.9999829415046222E-001                  2.8000170536458541E-001                  2.0000000484952318E-002                  0.0000000000000000E+000                  3.4603093205860460E+008                  4.3340713142275199E+007                  3.2497764503227562E-002                  2.5181877023451680E-005                  0.0000000000000000E+000                  1.1436166730510298E+000                  1.5398012363153412E+010                  3.5521345039046716E-006                  4.5172183894344703E-011                 -2.7247552988682227E+000                  2.3229014541536306E+000                  2.5614620815134619E+000                  2.7119770793454525E+000 
                                     752                  2.3618057609378518E+000                 -1.7836281827504896E-001                  6.9287957532548603E+000                  5.2026457938565207E-001                  1.5576042381599827E+001                  6.9999821777909832E-001                  2.8000178166921230E-001                  2.0000000551689379E-002                  0.0000000000000000E+000                  3.4599534108057112E+008                  4.3450121021694966E+007                  3.3942715598951755E-002                  2.8642263111964129E-005                  0.0000000000000000E+000                  1.1376138685587147E+000                  1.5405762516808342E+010                  3.5590506541226769E-006                  4.7374677808229031E-011                 -2.7243329154319889E+000                  2.3257167886209915E+000                  2.5642774159808224E+000                  2.7147924138128130E+000 
                                     753                  2.3536693087021727E+000                 -1.8009129460682277E-001                  6.9309875372033432E+000                  5.2840392387351465E-001                  1.5586370703623652E+001                  6.9999813803082467E-001                  2.8000186134159005E-001                  2.0000000627585335E-002                  0.0000000000000000E+000                  3.4596015580280703E+008                  4.3559975282288939E+007                  3.5451250947156503E-002                  3.2576935444495622E-005                  0.0000000000000000E+000                  1.1316554233750320E+000                  1.5413889357197054E+010                  3.5657080950098534E-006                  4.9681976525734122E-011                 -2.7239271065078996E+000                  2.3285410565680928E+000                  2.5671016839279241E+000                  2.7176166817599148E+000 
                                     754                  2.3454427981794934E+000                 -1.8182710015326350E-001                  6.9331826860903814E+000                  5.3653663121543071E-001                  1.5596695907218621E+001                  6.9999805475821297E-001                  2.8000194452789312E-001                  2.0000000713893851E-002                  0.0000000000000000E+000                  3.4592537614602935E+008                  4.3670279686688378E+007                  3.7026152463918570E-002                  3.7050762903321448E-005                  0.0000000000000000E+000                  1.1257412177519848E+000                  1.5422400734821991E+010                  3.5720991448163034E-006                  5.2098915718851140E-011                 -2.7235382478132069E+000                  2.3313743594991423E+000                  2.5699349868589736E+000                  2.7204499846909642E+000 
                                     755                  2.3371255217466973E+000                 -1.8357032079483712E-001                  6.9353812356143223E+000                  5.4466255765966687E-001                  1.5607017885175441E+001                  6.9999796780745549E-001                  2.8000203138050345E-001                  2.0000000812041119E-002                  0.0000000000000000E+000                  3.4589100214015013E+008                  4.3781038071497984E+007                  3.8670325392943364E-002                  4.2137473461591987E-005                  0.0000000000000000E+000                  1.1198711442023603E+000                  1.5431304671216896E+010                  3.5782159556938943E-006                  5.4630550581364090E-011                 -2.7231667260240742E+000                  2.3342168011684885E+000                  2.5727774285283198E+000                  2.7232924263603104E+000 
                                     756                  2.3287167731805281E+000                 -1.8532104427979179E-001                  6.9375832224353848E+000                  5.5278155764337233E-001                  1.5617336529454636E+001                  6.9999787701808736E-001                  2.8000212205826602E-001                  2.0000000923646621E-002                  0.0000000000000000E+000                  3.4585703411851859E+008                  4.3892254350217335E+007                  4.0386804205679534E-002                  4.7920862997959568E-005                  0.0000000000000000E+000                  1.1140451067717170E+000                  1.5440609364917116E+010                  3.5840505140978327E-006                  5.7282172085690181E-011                 -2.7228129389804936E+000                  2.3370684876618104E+000                  2.5756291150216417E+000                  2.7261441128536323E+000 
                                     757                  2.3202158478398847E+000                 -1.8707936028455815E-001                  6.9397886842273682E+000                  5.6089348380080850E-001                  1.5627651731236721E+001                  6.9999778222268139E-001                  2.8000221672676601E-001                  2.0000001050552552E-002                  0.0000000000000000E+000                  3.4582347251488429E+008                  4.4003932517289639E+007                  4.2178758856244926E-002                  5.4496169439533111E-005                  0.0000000000000000E+000                  1.1082630203382813E+000                  1.5450323197335417E+010                  3.5895946416477475E-006                  6.0059314985705953E-011                 -2.7224772958828765E+000                  2.3399295274826271E+000                  2.5784901548424579E+000                  2.7290051526744485E+000 
                                     758                  2.3116220428533407E+000                 -1.8884536047576941E-001                  6.9419976597286386E+000                  5.6899818696338134E-001                  1.5637963380970483E+001                  6.9999768324640887E-001                  2.8000231555873933E-001                  2.0000001194851791E-002                  0.0000000000000000E+000                  3.4579031782398796E+008                  4.4116076651526734E+007                  4.4049501420203516E-002                  6.1971634888675941E-005                  0.0000000000000000E+000                  1.1025248099136431E+000                  1.5460454738594603E+010                  3.5948399963320616E-006                  6.2967730853900470E-011                 -2.7221602174884620E+000                  2.3428000316424540E+000                  2.5813606590022848E+000                  2.7318756568342755E+000 
                                     759                  2.3029346573121270E+000                 -1.9061913857402643E-001                  6.9442101887924013E+000                  5.7709551615555321E-001                  1.5648271368419298E+001                  6.9999757990714084E-001                  2.8000241873393533E-001                  2.0000001358923880E-002                  0.0000000000000000E+000                  3.4575757066558862E+008                  4.4228690918684818E+007                  4.6002493147704715E-002                  7.0470280256749280E-005                  0.0000000000000000E+000                  1.0968304099478197E+000                  1.5471012753707682E+010                  3.5997780734051903E-006                  6.6013397172959139E-011                 -2.7218621363478026E+000                  2.3456801137449412E+000                  2.5842407411047725E+000                  2.7347557389367632E+000 
                                     760                  2.2941529924689434E+000                 -1.9240079041942970E-001                  6.9464263124362784E+000                  5.8518531858940082E-001                  1.5658575582705572E+001                  6.9999747201499518E-001                  2.8000252643953166E-001                  2.0000001545473101E-002                  0.0000000000000000E+000                  3.4572523174133575E+008                  4.4341779575627565E+007                  4.8041351976782609E-002                  8.0131923751281979E-005                  0.0000000000000000E+000                  1.0911797636399891E+000                  1.5482006208993605E+010                  3.6044002067329997E-006                  6.9202608622813516E-011                 -2.7215834970365216E+000                  2.3485698900748835E+000                  2.5871305174347148E+000                  2.7376455152667054E+000 
                                     761                  2.2852763519422670E+000                 -1.9419041403909534E-001                  6.9486460728916448E+000                  5.9326743965992379E-001                  1.5668875912355391E+001                  6.9999735937133400E-001                  2.8000263887109295E-001                  2.0000001757572994E-002                  0.0000000000000000E+000                  3.4569330181577492E+008                  4.4455346974201560E+007                  5.0169860548047403E-002                  9.1115473838637649E-005                  0.0000000000000000E+000                  1.0855728222532195E+000                  1.5493444278680050E+010                  3.6086975706508853E-006                  7.2542003991132051E-011                 -2.7213247563796386E+000                  2.3514694796950737E+000                  2.5900301070549050E+000                  2.7405451048868956E+000 
                                     762                  2.2763040419235052E+000                 -1.9598810971726022E-001                  6.9508695136789660E+000                  6.0134172291392196E-001                  1.5679172245343473E+001                  6.9999724176903944E-001                  2.8000275623224230E-001                  2.0000001998718320E-002                  0.0000000000000000E+000                  3.4566178172382593E+008                  4.4569397566164911E+007                  5.2391974779490549E-002                  1.0360153709436949E-004                  0.0000000000000000E+000                  1.0800095703567942E+000                  1.5505336352189871E+010                  3.6126611301601985E-006                  7.6038507571533517E-011                 -2.7210863868057449E+000                  2.3543790045490343E+000                  2.5929396319088651E+000                  2.7434546297408557E+000 
                                     763                  2.2672353713894862E+000                 -1.9779398006770596E-001                  6.9530966807597476E+000                  6.0940800891893543E-001                  1.5689464469136510E+001                  6.9999711899191419E-001                  2.8000287873520546E-001                  2.0000002272880346E-002                  0.0000000000000000E+000                  3.4563067250285083E+008                  4.4683935963681869E+007                  5.4711833565156000E-002                  1.1779538816586927E-004                  0.0000000000000000E+000                  1.0744910569716997E+000                  1.5517692061823647E+010                  3.6162795994174566E-006                  7.9785241201417228E-011                 -2.7208689993043951E+000                  2.3572985898394836E+000                  2.5958592171993149E+000                  2.7463742150313051E+000 
                                     764                  2.2580696523214714E+000                 -1.9960813011303327E-001                  6.9553276250844744E+000                  6.1746613270109707E-001                  1.5699752470734673E+001                  6.9999699081423827E-001                  2.8000300660118654E-001                  2.0000002584575238E-002                  0.0000000000000000E+000                  3.4559997577734792E+008                  4.4798967072661847E+007                  5.7133769968617937E-002                  1.3393035876356043E-004                  0.0000000000000000E+000                  1.0690197001041726E+000                  1.5530521355670084E+010                  3.6195367372409444E-006                  8.4076039794311521E-011                 -2.7206735055254945E+000                  2.3602283650315963E+000                  2.5987889923914271E+000                  2.7493039902234178E+000 
                                     765                  2.2488061999310820E+000                 -2.0143066737703549E-001                  6.9586931732121968E+000                  6.2951720660791166E-001                  1.5715168049140090E+001                  6.9999678705123414E-001                  2.8000320980930832E-001                  2.0000003139457601E-002                  0.0000000000000000E+000                  3.4555579333067304E+008                  4.4973069228781760E+007                  6.0973180680982460E-002                  1.6244866387595813E-004                  0.0000000000000000E+000                  1.0608194371540560E+000                  1.5544210531697510E+010                  3.6224685210331424E-006                  8.9231998131683976E-011                 -2.7204976899126589E+000                  2.3631681093269949E+000                  2.6017287366868258E+000                  2.7522437345188164E+000 
                                     766                  2.2299833735863404E+000                 -2.0510153432528269E-001                  6.9626099945238034E+000                  6.4358810389338061E-001                  1.5733154586449881E+001                  6.9999653408007911E-001                  2.8000346199514570E-001                  2.0000003924775189E-002                  0.0000000000000000E+000                  3.4550353838941300E+008                  4.5176547296867989E+007                  6.5768705796155291E-002                  2.0328087090695199E-004                  0.0000000000000000E+000                  1.0515567523560581E+000                  1.5572695319484100E+010                  3.6270561746142874E-006                  9.5507947372522404E-011                 -2.7202228590810140E+000                  2.3690797381557616E+000                  2.6076403655155924E+000                  2.7581553633475830E+000 
                                     767                  2.2156046640932536E+000                 -2.0787746101382498E-001                  6.9654154101307189E+000                  6.5362215370090782E-001                  1.5745993524771087E+001                  6.9999634062246552E-001                  2.8000365477072819E-001                  2.0000004606806288E-002                  0.0000000000000000E+000                  3.4546701553040349E+008                  4.5322860172784545E+007                  6.9422778278153144E-002                  2.3858455610428078E-004                  0.0000000000000000E+000                  1.0450452822043539E+000                  1.5594574431493294E+010                  3.6292175879113772E-006                  1.0188246338180278E-010                 -2.7200934965560433E+000                  2.3735423324377121E+000                  2.6121029597975434E+000                  2.7626179576295340E+000 
                                     768                  2.2058930360300675E+000                 -2.0973914581354408E-001                  6.9676683308907981E+000                  6.6163213969944434E-001                  1.5756256282919736E+001                  6.9999617823736759E-001                  2.8000381652468287E-001                  2.0000005237949536E-002                  0.0000000000000000E+000                  3.4543863908207053E+008                  4.5440705963079922E+007                  7.2493443982526148E-002                  2.7123601548932787E-004                  0.0000000000000000E+000                  1.0398747765703289E+000                  1.5610017163532263E+010                  3.6301018569419893E-006                  1.0773011485662116E-010                 -2.7200405944671728E+000                  2.3765308980327866E+000                  2.6150915253926179E+000                  2.7656065232246085E+000 
                                     769                  2.1960799767649646E+000                 -2.1160985859900774E-001                  6.9699255163612053E+000                  6.6963272394591733E-001                  1.5766514075738812E+001                  6.9999600871912981E-001                  2.8000398532538068E-001                  2.0000005955489453E-002                  0.0000000000000000E+000                  3.4541069775974888E+008                  4.5559085616106190E+007                  7.5699960508623015E-002                  3.0835288518155058E-004                  0.0000000000000000E+000                  1.0347659462527161E+000                  1.5626196027363449E+010                  3.6305205897270213E-006                  1.1318400769112552E-010                 -2.7200155479454082E+000                  2.3795304631171788E+000                  2.6180910904770101E+000                  2.7686060883090007E+000 
                                     770                  2.1861648284706123E+000                 -2.1348972576631270E-001                  6.9721870649156825E+000                  6.7762369123824573E-001                  1.5776766788083863E+001                  6.9999583175455404E-001                  2.8000416147417956E-001                  2.0000006771266454E-002                  0.0000000000000000E+000                  3.4538319678702039E+008                  4.5678006902458549E+007                  7.9048547464185687E-002                  3.5054663320254983E-004                  0.0000000000000000E+000                  1.0297207853205335E+000                  1.5642936611579180E+010                  3.6304265095805182E-006                  1.1862133482004771E-010                 -2.7200211751022967E+000                  2.3825413754991622E+000                  2.6211020028589935E+000                  2.7716170006909842E+000 
                                     771                  2.1761469384680927E+000                 -2.1537887704994635E-001                  6.9744530810175753E+000                  6.8560482009165524E-001                  1.5787014304703288E+001                  6.9999564701623940E-001                  2.8000434528501089E-001                  2.0000007698749656E-002                  0.0000000000000000E+000                  3.4535614201299125E+008                  4.5797477982141264E+007                  8.2545750302490839E-002                  3.9851282716968437E-004                  0.0000000000000000E+000                  1.0247412362357355E+000                  1.5660252554053028E+010                  3.6297993650494854E-006                  1.2427629800633693E-010                 -2.7200586898318058E+000                  2.3855638158345016E+000                  2.6241244431943329E+000                  2.7746394410263235E+000 
                                     772                  2.1660256595214933E+000                 -2.1727744564800411E-001                  6.9767236751913506E+000                  6.9357588281842109E-001                  1.5797256510277501E+001                  6.9999545416185627E-001                  2.8000453708487927E-001                  2.0000008753264464E-002                  0.0000000000000000E+000                  3.4532953977287227E+008                  4.5917507408167213E+007                  8.6198463460729388E-002                  4.5304279618945119E-004                  0.0000000000000000E+000                  1.0198291944399978E+000                  1.5678157954205643E+010                  3.6286186195984789E-006                  1.3019573562734303E-010                 -2.7201293376285447E+000                  2.3885979712739682E+000                  2.6271585986337995E+000                  2.7776735964657902E+000 
                                     773                  2.1558003501414973E+000                 -2.1918556835144168E-001                  6.9789989640049370E+000                  7.0153664559237550E-001                  1.5807493289459202E+001                  6.9999525283329178E-001                  2.8000473721445879E-001                  2.0000009952249487E-002                  0.0000000000000000E+000                  3.4530339682907492E+008                  4.6038104130592965E+007                  9.0013955943978319E-002                  5.1503693585038793E-004                  0.0000000000000000E+000                  1.0149865130373250E+000                  1.5696667380263504E+010                  3.6268635975001204E-006                  1.3639206797185201E-010                 -2.7202343887340392E+000                  2.3916440355819506E+000                  2.6302046629417815E+000                  2.7807196607737721E+000 
                                     774                  2.1454703748970032E+000                 -2.2110338567780535E-001                  6.9812790700631231E+000                  7.0948686849835818E-001                  1.5817724526914066E+001                  6.9999504265579371E-001                  2.8000494602865594E-001                  2.0000011315550292E-002                  0.0000000000000000E+000                  3.4527772037559950E+008                  4.6159277501035102E+007                  9.3999899686298155E-002                  5.8551987959037791E-004                  0.0000000000000000E+000                  1.0102150075768583E+000                  1.5715795877531250E+010                  3.6245135108979552E-006                  1.4287825541712150E-010                 -2.7203751385066397E+000                  2.3947022092634556E+000                  2.6332628366232864E+000                  2.7837778344552770E+000 
                                     775                  2.1350351047380385E+000                 -2.2303104200916579E-001                  6.9835641220120230E+000                  7.1742630556839049E-001                  1.5827950107359992E+001                  6.9999482323820328E-001                  2.8000516389603985E-001                  2.0000012865756922E-002                  0.0000000000000000E+000                  3.4525251808199620E+008                  4.6281037277305737E+007                  9.8164401065866075E-002                  6.6565782086701623E-004                  0.0000000000000000E+000                  1.0055164609442371E+000                  1.5735558977618933E+010                  3.6215474511826587E-006                  1.4966792658203552E-010                 -2.7205529100498320E+000                  2.3977726996974766E+000                  2.6363333270573079E+000                  2.7868483248892986E+000 
                                     776                  2.1244939173308555E+000                 -2.2496868573442527E-001                  6.9858542545550932E+000                  7.2535470480630826E-001                  1.5838169915605302E+001                  6.9999459417021859E-001                  2.8000539120119650E-001                  2.0000014628584917E-002                  0.0000000000000000E+000                  3.4522779809137642E+008                  4.6403393629333928E+007                  1.0251603612798189E-001                  7.5677827341631427E-004                  0.0000000000000000E+000                  1.0008926283664397E+000                  1.5755972708560038E+010                  3.6179443797817706E-006                  1.5677553229381089E-010                 -2.7207690570105645E+000                  2.4008557212806036E+000                  2.6394163486404345E+000                  2.7899313464724251E+000 
                                     777                  2.1138461974049436E+000                 -2.2691646939644616E-001                  6.9881496084805805E+000                  7.3327180819641591E-001                  1.5848383836583267E+001                  6.9999435502244822E-001                  2.8000562834423665E-001                  2.0000016633315187E-002                  0.0000000000000000E+000                  3.4520356899201286E+008                  4.6526357146276295E+007                  1.0706388992803691E-001                  8.6039264738563769E-004                  0.0000000000000000E+000                  9.9634524253839751E-001                  1.5777053605856899E+010                  3.6136831183379596E-006                  1.6421628330580532E-010                 -2.7210249665614459E+000                  2.4039514955864405E+000                  2.6425121229462718E+000                  2.7930271207782624E+000 
                                     778                  2.1030913371186335E+000                 -2.2887454984305997E-001                  6.9904503306978496E+000                  7.4117735168625321E-001                  1.5858591755369822E+001                  6.9999410534536466E-001                  2.8000587574134422E-001                  2.0000018913291173E-002                  0.0000000000000000E+000                  3.4517983982458580E+008                  4.6649938843719065E+007                  1.1181760068460150E-001                  9.7822202265105676E-004                  0.0000000000000000E+000                  9.9187601888385624E-001                  1.5798818724509241E+010                  3.6087423381786061E-006                  1.7200606838761863E-010                 -2.7213220625864785E+000                  2.4070602515343622E+000                  2.6456208788941935E+000                  2.7961358767261841E+000 
                                     779                  2.0922287364663457E+000                 -2.3084308837833431E-001                  6.9927565742861333E+000                  7.4907106514928390E-001                  1.5868793557197852E+001                  6.9999384466807280E-001                  2.8000613382566392E-001                  2.0000021506263232E-002                  0.0000000000000000E+000                  3.4515662014347488E+008                  4.6774150171543673E+007                  1.1678740947356765E-001                  1.1122266033156097E-003                  0.0000000000000000E+000                  9.8748666094965831E-001                  1.5821285652073050E+010                  3.6031005491062472E-006                  1.8016159159874026E-010                 -2.7216618090840536E+000                  2.4101822255590308E+000                  2.6487428529188617E+000                  2.7992578507508523E+000 
                                     780                  2.0812578036787475E+000                 -2.3282225092338218E-001                  6.9950684985602960E+000                  7.5695267234071395E-001                  1.5878989127486557E+001                  6.9999357249735761E-001                  2.8000640305190794E-001                  2.0000024450734455E-002                  0.0000000000000000E+000                  3.4513392013534778E+008                  4.6899003022756204E+007                  1.2198421629799150E-001                  1.2646393890603130E-003                  0.0000000000000000E+000                  9.8317886593478121E-001                  1.5844472522980848E+010                  3.5967360873545561E-006                  1.8870061321487530E-010                 -2.7220457138139191E+000                  2.4133176617974774E+000                  2.6518782891573083E+000                  2.8023932869892989E+000 
                                     781                  2.0701779556265372E+000                 -2.3481220818514129E-001                  6.9973862691519981E+000                  7.6482189086277041E-001                  1.5889178351875707E+001                  6.9999328831622443E-001                  2.8000668387855177E-001                  2.0000027805223808E-002                  0.0000000000000000E+000                  3.4511175050058830E+008                  4.7024509743680976E+007                  1.2741964355463894E-001                  1.4380046359215536E-003                  0.0000000000000000E+000                  9.7895433038636814E-001                  1.5868398033707188E+010                  3.5896271028210068E-006                  1.9764188771762081E-010                 -2.7224753322008892E+000                  2.4164668122936162E+000                  2.6550274396534470E+000                  2.8055424374854376E+000 
                                     782                  2.0589886182383115E+000                 -2.3681313583158659E-001                  6.9997100581057810E+000                  7.7267843210399190E-001                  1.5899361116260012E+001                  6.9999299158216244E-001                  2.8000697679990877E-001                  2.0000031617928737E-002                  0.0000000000000000E+000                  3.4509012243796694E+008                  4.7150683145097636E+007                  1.3310610806590856E-001                  1.6349895600370420E-003                  2.9644090630127449E-055                  9.7481475607510237E-001                  1.5893081458931929E+010                  3.5817515455425496E-006                  2.0700493232410062E-010                 -2.7229522715190666E+000                  2.4196299372181072E+000                  2.6581905645779385E+000                  2.8087055624099291E+000 
                                     783                  2.0476892269329312E+000                 -2.3882521467380494E-001                  7.0020400431347491E+000                  7.8052200203493882E-001                  1.5909537306824813E+001                  6.9999268172759022E-001                  2.8000728231294436E-001                  2.0000035959465423E-002                  0.0000000000000000E+000                  3.4506904760563534E+008                  4.7277536467338480E+007                  1.3905690183291938E-001                  1.8593288910970891E-003                  1.4348507469600945E-054                  9.7076112982081630E-001                  1.5918542653086643E+010                  3.5730889681586357E-006                  2.1681009588573363E-010                 -2.7234780849719229E+000                  2.4228073048870278E+000                  2.6613679322468586E+000                  2.8118829300788493E+000 
                                     784                  2.0362792270647074E+000                 -2.4084863085168567E-001                  7.0043764018576011E+000                  7.8835230708793858E-001                  1.5919706810065703E+001                  6.9999235815756655E-001                  2.8000760094302501E-001                  2.0000040899408433E-002                  0.0000000000000000E+000                  3.4504853774459994E+008                  4.7405083069797963E+007                  1.4528627783316805E-001                  2.1145878903719158E-003                  2.0196179584734764E-054                  9.6679023482446835E-001                  1.5944801943142855E+010                  3.5636312460482577E-006                  2.2707880137463463E-010                 -2.7240536209051154E+000                  2.4259991903167353E+000                  2.6645598176765661E+000                  2.8150748155085568E+000 
                                     785                  2.0247580744231657E+000                 -2.4288357599204280E-001                  7.0067193050559222E+000                  7.9616906101278340E-001                  1.5929869512787430E+001                  6.9999202024807605E-001                  2.8000793323056294E-001                  2.0000046521361003E-002                  0.0000000000000000E+000                  3.4502860416277474E+008                  4.7533336062460676E+007                  1.5180954570217794E-001                  2.4050610533354658E-003                  2.8433263640677908E-054                  9.6289742017250324E-001                  1.5971879911162289E+010                  3.5533848884031618E-006                  2.3783373743816675E-010                 -2.7246788744629717E+000                  2.4292058722437209E+000                  2.6677664996035522E+000                  2.8182814974355428E+000 
                                     786                  2.0131252357535554E+000                 -2.4493024733971058E-001                  7.0090689150692640E+000                  8.0397198651551094E-001                  1.5940025302113090E+001                  6.9999166734478846E-001                  2.8000827973493914E-001                  2.0000052920272404E-002                  0.0000000000000000E+000                  3.4500925761646760E+008                  4.7662308214252509E+007                  1.5864318687626419E-001                  2.7356445495427973E-003                  4.0039260593964942E-054                  9.5907814278051995E-001                  1.5999797255951065E+010                  3.5423603093590319E-006                  2.4909891460754336E-010                 -2.7253536334295534E+000                  2.4324276311585695E+000                  2.6709882585184008E+000                  2.8215032563503915E+000 
                                     787                  2.0013801892578305E+000                 -2.4698884789242687E-001                  7.0114253860510516E+000                  8.1176081501760100E-001                  1.5950174065506044E+001                  6.9999129876129484E-001                  2.8000864103502071E-001                  2.0000060203684500E-002                  0.0000000000000000E+000                  3.4499050834623057E+008                  4.7792011962405823E+007                  1.6580498882770833E-001                  3.1119211971768340E-003                  5.6396678156577415E-054                  9.5532795970855799E-001                  1.6028574785402555E+010                  3.5305679034019589E-006                  2.6089961850698212E-010                 -2.7260777156522003E+000                  2.4356647491027781E+000                  2.6742253764626094E+000                  2.8247403742946000E+000 
                                     788                  1.9895224251080019E+000                 -2.4905958654281657E-001                  7.0137888642077080E+000                  8.1953528642927098E-001                  1.5960315690789194E+001                  6.9999091377717781E-001                  2.8000901772777415E-001                  2.0000068495048096E-002                  0.0000000000000000E+000                  3.4497236611884469E+008                  4.7922459421024121E+007                  1.7331419903876125E-001                  3.5402575220068459E-003                  7.9457516776049979E-054                  9.5164251891235796E-001                  1.6058233443587004E+010                  3.5180180706774380E-006                  2.7326244671249825E-010                 -2.7268509670363024E+000                  2.4389175099349729E+000                  2.6774781372948038E+000                  2.8279931351267944E+000 
                                     789                  1.9775514459743697E+000                 -2.5114267822733377E-001                  7.0161594880194604E+000                  8.2729514892986478E-001                  1.5970450066161201E+001                  6.9999051163758608E-001                  2.8000941042752459E-001                  2.0000077934889338E-002                  0.0000000000000000E+000                  3.4495484035454768E+008                  4.8053662388683110E+007                  1.8119170152579214E-001                  4.0279146022877618E-003                  1.1197880481623672E-053                  9.4801755050628467E-001                  1.6088794338025900E+010                  3.5047212457895846E-006                  2.8621553011798363E-010                 -2.7276732593521817E+000                  2.4421861995946728E+000                  2.6807468269545036E+000                  2.8312618247864942E+000 
                                     790                  1.9654667675682336E+000                 -2.5323834408265705E-001                  7.0185373884433417E+000                  8.3504015877452620E-001                  1.5980577080207349E+001                  6.9999009154894998E-001                  2.8000981976733008E-001                  2.0000088683719941E-002                  0.0000000000000000E+000                  3.4493794011942732E+008                  4.8185632355288260E+007                  1.8946022030458984E-001                  4.5831746651678832E-003                  1.5785594006688343E-053                  9.4444885851804616E-001                  1.6120278766921663E+010                  3.4906879249409635E-006                  2.9978878950853947E-010                 -2.7285444881587004E+000                  2.4454711063647574E+000                  2.6840317337245887E+000                  2.8345467315565793E+000 
                                     791                  1.9532679192054785E+000                 -2.5534681160866551E-001                  7.0209226890979526E+000                  8.4277008011012799E-001                  1.5990696621899353E+001                  6.9998965267787050E-001                  2.8001024640010203E-001                  2.0000100922027420E-002                  0.0000000000000000E+000                  3.4492167408226228E+008                  4.8318380508146264E+007                  1.9814455292609304E-001                  5.2154857051328659E-003                  2.2259464655987322E-053                  9.4093231309929359E-001                  1.6152708246226814E+010                  3.4759286915881162E-006                  3.1401401540360947E-010                 -2.7294645708250704E+000                  2.4487725211326410E+000                  2.6873331484924723E+000                  2.8378481463244629E+000 
                                     792                  1.9409544444007329E+000                 -2.5746831483680688E-001                  7.0233155064327502E+000                  8.5048468479848749E-001                  1.6000808580592221E+001                  6.9998919414895844E-001                  2.8001069099089443E-001                  2.0000114860147189E-002                  0.0000000000000000E+000                  3.4490605056412470E+008                  4.8451917736887336E+007                  2.0727183928637100E-001                  5.9356266312839915E-003                  3.1397944368460904E-053                  9.3746384315458153E-001                  1.6186104536949919E+010                  3.4604542403821903E-006                  3.2892486659836290E-010                 -2.7304334446580660E+000                  2.4520907376462917E+000                  2.6906513650061230E+000                  2.8411663628381136E+000 
                                     793                  1.9285259014637657E+000                 -2.5960309450910657E-001                  7.0257159498846100E+000                  8.5818375225749011E-001                  1.6010912846026624E+001                  6.9998871504252080E-001                  2.8001115421942557E-001                  2.0000130738053623E-002                  0.0000000000000000E+000                  3.4489107757086015E+008                  4.8586254637922414E+007                  2.1687187089550719E-001                  6.7558959162096017E-003                  4.4302071472040575E-053                  9.3403942936780060E-001                  1.6220489672901644E+010                  3.4442753995513092E-006                  3.4455693354673361E-010                 -2.7314510651185380E+000                  2.4554260527738152E+000                  2.6939866801336465E+000                  2.8445016779656371E+000 
                                     794                  1.9159818641075410E+000                 -2.6175139826666011E-001                  7.0281241220210271E+000                  8.6586706931619883E-001                  1.6021009308330836E+001                  6.9998821439162762E-001                  2.8001163678269864E-001                  2.0000148825673802E-002                  0.0000000000000000E+000                  3.4487676278159803E+008                  4.8721401518563725E+007                  2.2697744672209549E-001                  7.6903270726712538E-003                  6.2529699731686872E-053                  9.3065509761029974E-001                  1.6255885988816618E+010                  3.4274031521476040E-006                  3.6094794688671137E-010                 -2.7325174040944797E+000                  2.4587787667681527E+000                  2.6973393941279840E+000                  2.8478543919599746E+000 
                                     795                  1.9033219220722117E+000                 -2.6391348084726168E-001                  7.0305401186702321E+000                  8.7353443008155107E-001                  1.6031097858020836E+001                  6.9998769117961157E-001                  2.8001213938718006E-001                  2.0000169433208370E-002                  0.0000000000000000E+000                  3.4486311356624991E+008                  4.8857368400192276E+007                  2.3762478200276166E-001                  8.7549346925937226E-003                  8.8285810814286844E-053                  9.2730691271580323E-001                  1.6292316148913984E+010                  3.4098486561215690E-006                  3.7813806322811054E-010                 -2.7336324482266092E+000                  2.4621491835345171E+000                  2.7007098108943484E+000                  2.8512248087263390E+000 
                                     796                  1.8905456817656070E+000                 -2.6608960429260525E-001                  7.0329640290388351E+000                  8.8118563581549381E-001                  1.6041178385998379E+001                  6.9998714433711040E-001                  2.8001266274890835E-001                  2.0000192913981252E-002                  0.0000000000000000E+000                  3.4485013700405973E+008                  4.8994165020757802E+007                  2.4885397755100958E-001                  9.9679954673364442E-003                  1.2469243502215751E-052                  9.2399097260922058E-001                  1.6329803175995865E+010                  3.3916232630605100E-006                  3.9617006056936728E-010                 -2.7347961972908967E+000                  2.4655376108997218E+000                  2.7040982382595531E+000                  2.8546132360915437E+000 
                                     797                  1.8776527669205350E+000                 -2.6828003816546925E-001                  7.0353959358196398E+000                  8.8882049482919734E-001                  1.6051250783555815E+001                  6.9998657273885534E-001                  2.8001320758954612E-001                  2.0000219671598485E-002                  0.0000000000000000E+000                  3.4483783990036851E+008                  4.9131800836742140E+007                  2.6070955751520197E-001                  1.1350369061940939E-002                  1.7617161472905779E-052                  9.2070340277795060E-001                  1.6368370481169716E+010                  3.3727385357788341E-006                  4.1508953612485206E-010                 -2.7360086626206090E+000                  2.4689443608852892E+000                  2.7075049882451205E+000                  2.8580199860771112E+000 
                                     798                  1.8646428192468731E+000                 -2.7048505978120169E-001                  7.0378359152895529E+000                  8.9643882239186001E-001                  1.6061314942385227E+001                  6.9998597520023842E-001                  2.8001377463303517E-001                  2.0000250166726463E-002                  0.0000000000000000E+000                  3.4482622880228853E+008                  4.9270285024571873E+007                  2.7324108406509084E-001                  1.2925864471836529E-002                  2.4898892310607965E-052                  9.1744035108053157E-001                  1.6408041894339771E+010                  3.3532062648762168E-006                  4.3494519873778531E-010                 -2.7372698655548486E+000                  2.4723697499909987E+000                  2.7109303773508300E+000                  2.8614453751828206E+000 
                                     799                  1.8515154991065708E+000                 -2.7270495444923837E-001                  7.0402840373945699E+000                  9.0404044063812150E-001                  1.6071370754577320E+001                  6.9998535047351529E-001                  2.8001436460129264E-001                  2.0000284925192124E-002                  0.0000000000000000E+000                  3.4481531005489838E+008                  4.9409626481274597E+007                  2.8650385786686033E-001                  1.4721658245147495E-002                  3.5202510783421458E-052                  9.1419798289018050E-001                  1.6448841695569921E+010                  3.3330384841223856E-006                  4.5578913362704066E-010                 -2.7385798359171840E+000                  2.4758140994821005E+000                  2.7143747268419318E+000                  2.8648897246739224E+000 
                                     800                  1.8382704862212118E+000                 -2.7494001572373133E-001                  7.0427403658226675E+000                  9.1162517848099778E-001                  1.6081418112612099E+001                  6.9998469724351020E-001                  2.8001497820955262E-001                  2.0000324546937120E-002                  0.0000000000000000E+000                  3.4480508985723150E+008                  4.9549833824397869E+007                  3.0055971327327308E-001                  1.6768771833980130E-002                  4.9787196448657829E-052                  9.1097247657603353E-001                  1.6490794647354229E+010                  3.3122474847751013E-006                  4.7767704984387456E-010                 -2.7399386105123158E+000                  2.4792777356785032E+000                  2.7178383630383340E+000                  2.8683533608703247E+000 
                                     801                  1.8249074803997816E+000                 -2.7719054566603657E-001                  7.0452049580661917E+000                  9.1919287154254348E-001                  1.6091456909346423E+001                  6.9998401412487687E-001                  2.8001561615774379E-001                  2.0000369717379396E-002                  0.0000000000000000E+000                  3.4479557422530335E+008                  4.9690915391383380E+007                  3.1547791496896138E-001                  1.9102616293521162E-002                  7.0438915967794006E-052                  9.0776001932921246E-001                  1.6533926027657055E+010                  3.2908458294874226E-006                  5.0066881512792936E-010                 -2.7413462315922894E+000                  2.4827609902505587E+000                  2.7213216176103900E+000                  2.8718366154423807E+000 
                                     802                  1.8114262022868786E+000                 -2.7945685511964236E-001                  7.0476778654739682E+000                  9.2674336208688957E-001                  1.6101487037998133E+001                  6.9998329965489259E-001                  2.8001627912598065E-001                  2.0000421219126707E-002                  0.0000000000000000E+000                  3.4478676896078718E+008                  4.9832879238368668E+007                  3.3133616703197083E-001                  2.1763613699443872E-002                  9.9691656537790764E-052                  9.0455680332393162E-001                  1.6578261663948147E+010                  3.2688463655977532E-006                  5.2482919875893852E-010                 -2.7428027452988437E+000                  2.4862642005226188E+000                  2.7248248278824501E+000                  2.8753398257144407E+000 
                                     803                  1.7978263941338426E+000                 -2.8173926399798066E-001                  7.0501591332952165E+000                  9.3427649896252618E-001                  1.6111508392132620E+001                  6.9998255228817718E-001                  2.8001696776673829E-001                  2.0000479945084582E-002                  0.0000000000000000E+000                  3.4477867965179050E+008                  4.9975733138433143E+007                  3.4822173527016587E-001                  2.4797905868654123E-002                  1.4114190442325628E-051                  9.0135902245598409E-001                  1.6623827968552393E+010                  3.2462622365147715E-006                  5.5022844130634582E-010                 -2.7443082001613623E+000                  2.4897877097843271E+000                  2.7283483371441584E+000                  2.8788633349761490E+000 
                                     804                  1.7841078205746743E+000                 -2.8403810158884851E-001                  7.0526488021733629E+000                  9.4179213608129153E-001                  1.6121520865658599E+001                  6.9998177039092624E-001                  2.8001768269391075E-001                  2.0000546915162953E-002                  0.0000000000000000E+000                  3.4477131178590548E+008                  5.0119484663613603E+007                  3.6623269011515408E-001                  2.8258164079702341E-002                  1.9989583273095254E-051                  8.9816393839853181E-001                  1.6670652003925770E+010                  3.2231036792299479E-006                  5.7694292573252155E-010                 -2.7458628620447576E+000                  2.4933318679787515E+000                  2.7318924953385828E+000                  2.8824074931705734E+000 
                                     805                  1.7702702694070176E+000                 -2.8635370688425044E-001                  7.0551469145039487E+000                  9.4929012595153128E-001                  1.6131524352817333E+001                  6.9998095223262191E-001                  2.8001842447336595E-001                  2.0000623294012199E-002                  0.0000000000000000E+000                  3.4476467122079670E+008                  5.0264141550334886E+007                  3.8547928383839403E-001                  3.2204519739904125E-002                  2.8320556534013599E-051                  8.9497234094292522E-001                  1.6718761673350609E+010                  3.1993672463067947E-006                  6.0505622494723664E-010                 -2.7474679528103514E+000                  2.4968970339959955E+000                  2.7354576613558268E+000                  2.8859726591878174E+000 
                                     806                  1.7563135524228584E+000                 -2.8868642895633995E-001                  7.0576535203875874E+000                  9.5677031361294695E-001                  1.6141518748160365E+001                  6.9998009597747402E-001                  2.8001919361040734E-001                  2.0000710412118705E-002                  0.0000000000000000E+000                  3.4475876462713969E+008                  5.0409712047503181E+007                  4.0608543570231576E-001                  3.6705630100350675E-002                  4.0137484748181042E-051                  8.9178572143216894E-001                  1.6768186000496069E+010                  3.1750365913204719E-006                  6.3466028469097792E-010                 -2.7491256326163973E+000                  2.5004835791317110E+000                  2.7390442064915419E+000                  2.8895592043235325E+000 
                                     807                  1.7422375062688544E+000                 -2.9103662738376040E-001                  7.0601686786710287E+000                  9.6423253556326449E-001                  1.6151503946528003E+001                  6.9997919967415900E-001                  2.8001999053606430E-001                  2.0000809789776697E-002                  0.0000000000000000E+000                  3.4475359957161152E+008                  5.0556204984026395E+007                  4.2819028441487850E-001                  4.1839891182263104E-002                  5.6904856623000435E-051                  8.8860554163807193E-001                  1.6818955307862343E+010                  3.1500932594448205E-006                  6.6585679351764830E-010                 -2.7508382943015919E+000                  2.5040918892663782E+000                  2.7426525166262095E+000                  2.8931675144582001E+000 
                                     808                  1.7280419933338520E+000                 -2.9340467270468273E-001                  7.0626924569731271E+000                  9.7167661971921715E-001                  1.6161479843030303E+001                  6.9997826124347984E-001                  2.8002081559340486E-001                  2.0000923163115303E-002                  0.0000000000000000E+000                  3.4474918453610075E+008                  5.0703629778111756E+007                  4.5194978063797864E-001                  4.7696821359314724E-002                  8.0704961524789167E-051                  8.8543323789438033E-001                  1.6871101282954744E+010                  3.1245189533049085E-006                  6.9875905605919651E-010                 -2.7526084182810084E+000                  2.5077223655828398E+000                  2.7462829929426711E+000                  2.8967979907746617E+000 
                                     809                  1.7137269026651207E+000                 -2.9579094689227459E-001                  7.0652249317221933E+000                  9.7910238537008476E-001                  1.6171446333031177E+001                  6.9997727846332269E-001                  2.8002166902107339E-001                  2.0001052515603912E-002                  0.0000000000000000E+000                  3.4474552895085144E+008                  5.0851996447367802E+007                  4.7753826557147355E-001                  5.4378640235818801E-002                  1.1449965951705604E-050                  8.8227022534344091E-001                  1.6924657027595755E+010                  3.0982955462580365E-006                  7.3349446844206464E-010                 -2.7544385786358929E+000                  2.5113754250537226E+000                  2.7499360524135539E+000                  2.9004510502455445E+000 
                                     810                  1.6992921509119288E+000                 -2.9819584385453024E-001                  7.0677661882062122E+000                  9.8650964312826517E-001                  1.6181403312140901E+001                  6.9997624894983934E-001                  2.8002255093550449E-001                  2.0001200114656115E-002                  0.0000000000000000E+000                  3.4474264317917138E+008                  5.1001315619594105E+007                  5.0514995372097604E-001                  6.2002069659137758E-002                  1.6250359614191937E-050                  8.7911790229236675E-001                  1.6979657110391100E+010                  3.0714050971783543E-006                  7.7020753959072962E-010                 -2.7563314496640712E+000                  2.5150515009578496E+000                  2.7536121283176809E+000                  2.9041271261496715E+000 
                                     811                  1.6847376832850542E+000                 -3.0061976996197742E-001                  7.0703163206350395E+000                  9.9389819486988018E-001                  1.6191350676213133E+001                  6.9997517013430310E-001                  2.8002346131532352E-001                  2.0001368550373377E-002                  0.0000000000000000E+000                  3.4474053855431253E+008                  5.1151598544447854E+007                  5.3500020524542458E-001                  7.0700387268666065E-002                  2.3071655659404568E-050                  8.7597765467505373E-001                  1.7036137622654852E+010                  3.0438298671527959E-006                  8.0906376253303744E-010                 -2.7582898129122380E+000                  2.5187510434303335E+000                  2.7573116707901648E+000                  2.9078266686221554E+000 
                                     812                  1.6700634745567213E+000                 -3.0306314460111394E-001                  7.0728754322127729E+000                  1.0012678336676806E+000                  1.6201288321339337E+001                  6.9997403923504342E-001                  2.8002439998191980E-001                  2.0001560783036831E-002                  0.0000000000000000E+000                  3.4473922739641982E+008                  5.1302857105821684E+007                  5.6732643410488137E-001                  8.0625766234610777E-002                  3.2768318388085392E-050                  8.7285086062624895E-001                  1.7094136237823065E+010                  3.0155523390339427E-006                  8.5025491375192953E-010                 -2.7603165646765393E+000                  2.5224745200428003E+000                  2.7610351474026316E+000                  2.9115501452346222E+000 
                                     813                  1.6552695300997828E+000                 -3.0552640075566379E-001                  7.0754436352211307E+000                  1.0086183437225458E+000                  1.6211216143843533E+001                  6.9997285321722469E-001                  2.8002536658687160E-001                  2.0001780195903707E-002                  0.0000000000000000E+000                  3.4473872298381597E+008                  5.1455103834845155E+007                  6.0238847557777597E-001                  9.1951939272623393E-002                  4.6557770925898342E-050                  8.6973889516645986E-001                  1.7153692274345129E+010                  2.9865552400536237E-006                  8.9400574724666273E-010                 -2.7624147240130164E+000                  2.5262224164151439E+000                  2.7647830437749752E+000                  2.9152980416069658E+000 
                                     814                  1.6403558869626778E+000                 -3.0800998561836085E-001                  7.0780210511143862E+000                  1.0159495002829286E+000                  1.6221134040279207E+001                  6.9997160874718689E-001                  2.8002636059718800E-001                  2.0002030655625114E-002                  0.0000000000000000E+000                  3.4473903956241822E+008                  5.1608351923684709E+007                  6.4046815199936469E-001                  1.0487722903030550E-001                  6.6175354046245271E-050                  8.6664313498830836E-001                  1.7214846762442638E+010                  2.9568215673002564E-006                  9.4058207859687073E-010                 -2.7645874413343408E+000                  2.5299952368619176E+000                  2.7685558642217485E+000                  2.9190708620537391E+000 
                                     815                  1.6253226149817341E+000                 -3.1051436123519910E-001                  7.0806078106260539E+000                  1.0232610695601085E+000                  1.6231041907428477E+001                  6.9997030213109734E-001                  2.8002738128676263E-001                  2.0002316582140023E-002                  0.0000000000000000E+000                  3.4474019235574424E+008                  5.1762615239949480E+007                  6.8186777727126835E-001                  1.1962799135758279E-001                  9.4095812064688428E-050                  8.6356496333610300E-001                  1.7277642515058430E+010                  2.9263346165548663E-006                  9.9030098496389969E-010                 -2.7668380076264634E+000                  2.5337935050749740E+000                  2.7723541324348049E+000                  2.9228691302667960E+000 
                                     816                  1.6101698179320951E+000                 -3.1304000518442054E-001                  7.0832040538871714E+000                  1.0305528086370208E+000                  1.6240939642301434E+001                  6.9996892923826781E-001                  2.8002842773452757E-001                  2.0002643027204670E-002                  0.0000000000000000E+000                  3.4474219758692509E+008                  5.1917908341872387E+007                  7.2690727648998887E-001                  1.3646252277486220E-001                  1.3385004908979087E-049                  8.6050577498414571E-001                  1.7342124203107094E+010                  2.8950780148783258E-006                  1.0435436019903140E-009                 -2.7691698643318903E+000                  2.5376177648445668E+000                  2.7761783922043981E+000                  2.9266933900363887E+000 
                                     817                  1.5948976347265125E+000                 -3.1558741129120677E-001                  7.0858099305568185E+000                  1.0378244653724662E+000                  1.6250827142135996E+001                  6.9996748540402332E-001                  2.8002949883166339E-001                  2.0003015764313292E-002                  0.0000000000000000E+000                  3.4474507249779493E+008                  5.2074246494066268E+007                  7.7591959531052079E-001                  1.5567548735651091E-001                  1.9047838991383651E-049                  8.5746698130461818E-001                  1.7408338435257122E+010                  2.8630357567224069E-006                  1.1007707160512096E-009                 -2.7715866139999825E+000                  2.5414685808191200E+000                  2.7800292081789513E+000                  2.9305442060109419E+000 
                                     818                  1.5795062406559290E+000                 -3.1815709038191475E-001                  7.0884255999670955E+000                  1.0450757783050031E+000                  1.6260704304402882E+001                  6.9996596530797794E-001                  2.8003059329914309E-001                  2.0003441392878907E-002                  0.0000000000000000E+000                  3.4474883532446879E+008                  5.2231645683505923E+007                  8.2924408661278037E-001                  1.7760292232314090E-001                  2.7117956438025029E-049                  8.5445001541380616E-001                  1.7476333842516853E+010                  2.8301922431013919E-006                  1.1625414901983021E-009                 -2.7740920318345883E+000                  2.5453465393054584E+000                  2.7839071666652897E+000                  2.9344221644972803E+000 
                                     819                  1.5639958486675427E+000                 -3.2074957108147328E-001                  7.0910512312838785E+000                  1.0523064765562464E+000                  1.6270571026815972E+001                  6.9996436282278574E-001                  2.8003170972264169E-001                  2.0003927454572579E-002                  0.0000000000000000E+000                  3.4475350528959304E+008                  5.2390122636363283E+007                  8.8721762935507131E-001                  2.0262788548009464E-001                  3.8624050911971014E-049                  8.5145633738402826E-001                  1.7546161167967049E+010                  2.7965323233037086E-006                  1.2295354838528812E-009                 -2.7766900782892128E+000                  2.5492522491143892E+000                  2.7878128764742205E+000                  2.9383278743062111E+000 
                                     820                  1.5483667106885159E+000                 -3.2336540065584574E-001                  7.0936870036846553E+000                  1.0595162797325712E+000                  1.6280427207345827E+001                  6.9996267082808117E-001                  2.8003284660518346E-001                  2.0004482566735371E-002                  0.0000000000000000E+000                  3.4475910259157485E+008                  5.2549694835460104E+007                  9.5016336887495201E-001                  2.3118680899731861E-001                  5.5036939312904621E-049                  8.4848743950630268E-001                  1.7617873361948551E+010                  2.7620413383876423E-006                  1.3025778983865760E-009                 -2.7793849128969241E+000                  2.5531863424546741E+000                  2.7917469698145050E+000                  2.9422619676464956E+000 
                                     821                  1.5326191189978589E+000                 -3.2600514590253044E-001                  7.0963331065558801E+000                  1.0667048978239619E+000                  1.6290272744236933E+001                  6.9996088098659659E-001                  2.8003400243893767E-001                  2.0005116574465687E-002                  0.0000000000000000E+000                  3.4476564838679922E+008                  5.2710380538431115E+007                  1.0183771673921218E+000                  2.6377662414554798E-001                  7.8460805996693095E-049                  8.4554485158401271E-001                  1.7691525683098587E+010                  2.7267051652499942E-006                  1.3826678509429595E-009                 -2.7821809095820669E+000                  2.5571494758776994E+000                  2.7957101032375307E+000                  2.9462251010695213E+000 
                                     822                  1.5167534076473219E+000                 -3.2866939409271922E-001                  7.0989897397117376E+000                  1.0738720310975653E+000                  1.6300107536025465E+001                  6.9995898347566576E-001                  2.8003517580235399E-001                  2.0005840721980306E-002                  0.0000000000000000E+000                  3.4477316476336491E+008                  5.2872198796563253E+007                  1.0921121944834700E+000                  3.0096271755407128E-001                  1.1190774747015124E-048                  8.4263014623455812E-001                  1.7767175805676228E+010                  2.6905102597873840E-006                  1.4710090667547794E-009                 -2.7850826737543759E+000                  2.5611423312769026E+000                  2.7997029586367339E+000                  2.9502179564687245E+000 
                                     823                  1.5007699539461306E+000                 -3.3135875396659276E-001                  7.1016571133493427E+000                  1.0810173702695569E+000                  1.6309931481551644E+001                  6.9995696667294349E-001                  2.8003636548069832E-001                  2.0006667846358184E-002                  0.0000000000000000E+000                  3.4478167468623459E+008                  5.3035169456921808E+007                  1.1715624400552920E+000                  3.4338776939392973E-001                  1.5969219581723401E-048                  8.3974476056654002E-001                  1.7844883927615742E+010                  2.6534443263697298E-006                  1.5690417037682038E-009                 -2.7880950100761006E+000                  2.5651656168717003E+000                  2.8037262442315312E+000                  2.9542412420635218E+000 
                                     824                  1.4846691800200613E+000                 -3.3407385678254642E-001                  7.1043354440219479E+000                  1.0881406007413255E+000                  1.6319744479978048E+001                  6.9995481679671734E-001                  2.8003757060778356E-001                  2.0007612595499102E-002                  0.0000000000000000E+000                  3.4479120164771837E+008                  5.3199312919680379E+007                  1.2568462757174599E+000                  3.9178145092299715E-001                  2.2799793433101248E-048                  8.3688763756796569E-001                  1.7924712795457794E+010                  2.6155051420689824E-006                  1.6784738337951032E-009                 -2.7912222109075500E+000                  2.5692200671767105E+000                  2.8077806945365418E+000                  2.9582956923685324E+000 
                                     825                  1.4684515544042509E+000                 -3.3681535740574248E-001                  7.1070249478557495E+000                  1.0952414096603489E+000                  1.6329546430819089E+001                  6.9995251749994003E-001                  2.8003879082673289E-001                  2.0008691673327084E-002                  0.0000000000000000E+000                  3.4480176906184280E+008                  5.3364649720056355E+007                  1.3479917225907132E+000                  4.4697095344516835E-001                  3.2569358391614558E-048                  8.3405588712757706E-001                  1.8006727594057274E+010                  2.5767066308520626E-006                  1.8013109409253464E-009                 -2.7944675124658831E+000                  2.5733064413157511E+000                  2.8118670686755820E+000                  2.9623820665075731E+000 
                                     826                  1.4521175936900601E+000                 -3.3958393541734339E-001                  7.1097258376254713E+000                  1.1023194890768555E+000                  1.6339337233970980E+001                  6.9995004942393668E-001                  2.8004002646165360E-001                  2.0009924114409716E-002                  0.0000000000000000E+000                  3.4481339993922609E+008                  5.3531200339548528E+007                  1.4449255299347079E+000                  5.0989239197249892E-001                  4.6550637595404954E-048                  8.3124658689718822E-001                  1.8090995864759666E+010                  2.5370704050119782E-006                  1.9398810340840946E-009                 -2.7978337403576132E+000                  2.5774255216191162E+000                  2.8159861489789471E+000                  2.9665011468109377E+000 
                                     827                  1.4356678642333813E+000                 -3.4238029627019384E-001                  7.1124383227751018E+000                  1.1093745361236886E+000                  1.6349116789738762E+001                  6.9994738972009485E-001                  2.8004127869000617E-001                  2.0011331589898984E-002                  0.0000000000000000E+000                  3.4482611676690114E+008                  5.3698985195414677E+007                  1.5474682085965763E+000                  5.8160301455057173E-001                  6.6571308435358136E-048                  8.2845681780774927E-001                  1.8177587571508999E+010                  2.4966193334570286E-006                  2.0968527287971568E-009                 -2.8013238353485397E+000                  2.5815781139648051E+000                  2.8201387413246359E+000                  2.9706537391566270E+000 
                                     828                  1.4191029839267606E+000                 -3.4520517251380689E-001                  7.1151626094944138E+000                  1.1164062531450545E+000                  1.6358884998859992E+001                  6.9994451155088588E-001                  2.8004254970248244E-001                  2.0012938746631681E-002                  0.0000000000000000E+000                  3.4483994138489974E+008                  5.3868024632865101E+007                  1.6553369145068972E+000                  6.6329400720397635E-001                  9.5257705654335523E-048                  8.2568365773472396E-001                  1.8266575237147892E+010                  2.4553774346599182E-006                  2.2752441136326174E-009                 -2.8049408698578966E+000                  2.5857650489375614E+000                  2.8243256762973923E+000                  2.9748406741293829E+000 
                                     829                  1.4024236240409169E+000                 -3.4805932509366333E-001                  7.1178989007783438E+000                  1.1234143478339054E+000                  1.6368641762517115E+001                  6.9994138358387359E-001                  2.8004384283572015E-001                  2.0014773580406264E-002                  0.0000000000000000E+000                  3.4485489487071091E+008                  5.4038338915783018E+007                  1.7681575715326889E+000                  7.5630362411833363E-001                  1.3638639210220766E-047                  8.2292417551358454E-001                  1.8358034089655136E+010                  2.4133699127737720E-006                  2.4784209331571557E-009                 -2.8086880529362426E+000                  2.5899871830691872E+000                  2.8285478104290185E+000                  2.9790628082610091E+000 
                                     830                  1.3856305111630411E+000                 -3.5094354472612665E-001                  7.1206473964650874E+000                  1.1303985333829949E+000                  1.6378386982343400E+001                  6.9993796949514431E-001                  2.8004516266216001E-001                  2.0016867842695740E-002                  0.0000000000000000E+000                  3.4487099742413431E+008                  5.4209948216011859E+007                  1.8854866378220325E+000                  8.6213020441709209E-001                  1.9539160775842161E-047                  8.2017542538903865E-001                  1.8452042217554710E+010                  2.3706231936402307E-006                  2.7100837030168453E-009                 -2.8125687354376541E+000                  2.5942454001428836E+000                  2.8328060275027149E+000                  2.9833210253347056E+000 
                                     831                  1.3687244291951743E+000                 -3.5385865336172717E-001                  7.1234082932478211E+000                  1.1373585286638701E+000                  1.6388120560433993E+001                  6.9993422749060119E-001                  2.8004651502925343E-001                  2.0019257480145436E-002                  0.0000000000000000E+000                  3.4488826826790982E+008                  5.4382872601255663E+007                  2.0068417690960318E+000                  9.8244445190974816E-001                  2.8009832696022158E-047                  8.1743444199576598E-001                  1.8548680735356949E+010                  2.3271649666302650E-006                  2.9742439865394780E-009                 -2.8165864148117636E+000                  2.5985406125771453E+000                  2.8371012399369766E+000                  2.9876162377689672E+000 
                                     832                  1.3517062214166264E+000                 -3.5680550574319164E-001                  7.1261817846481987E+000                  1.1442940584349568E+000                  1.6397842399357963E+001                  6.9993010986348048E-001                  2.8004790703453841E-001                  2.0021983101981111E-002                  0.0000000000000000E+000                  3.4490672555476093E+008                  5.4557132021009028E+007                  2.1317391431788622E+000                  1.1191000824782309E+000                  4.0178192555199844E-047                  8.1469823599071167E-001                  1.8648033959712513E+010                  2.2830242378885856E-006                  3.2751906120335815E-009                 -2.8207447388835751E+000                  2.6028737628931222E+000                  2.8414343902529535E+000                  2.9919493880849442E+000 
                                     833                  1.3345767926258922E+000                 -3.5978499106327749E-001                  7.1289680609382557E+000                  1.1512048535855479E+000                  1.6407552402167831E+001                  6.9992556259394778E-001                  2.8004934693745021E-001                  2.0025090468602014E-002                  0.0000000000000000E+000                  3.4492638624108714E+008                  5.4732746289132237E+007                  2.2597341406744942E+000                  1.2741416053771530E+000                  5.7670119198622477E-047                  8.1196379046873657E-001                  1.8750189596893188E+010                  2.2382313991721231E-006                  3.6174476768804142E-009                 -2.8250475080127391E+000                  2.6072458252625452E+000                  2.8458064526223765E+000                  2.9963214504543672E+000 
                                     834                  1.3173371113661079E+000                 -3.6279803472993699E-001                  7.1317673089980795E+000                  1.1580906514270692E+000                  1.6417250472406316E+001                  6.9992052499583357E-001                  2.8005084401503805E-001                  2.0028630989128438E-002                  0.0000000000000000E+000                  3.4494726598960525E+008                  5.4909735063324161E+007                  2.3904612765849542E+000                  1.4498075592070649E+000                  8.2831754448286303E-047                  8.0922805830440481E-001                  1.8855238942210781E+010                  2.1928183134849236E-006                  4.0057258718243348E-009                 -2.8294986752054037E+000                  2.6116578071399683E+000                  2.8502184344997996E+000                  3.0007334323317902E+000 
                                     835                  1.2999882122378073E+000                 -3.6584560024710711E-001                  7.1345797120976471E+000                  1.1649511960384342E+000                  1.6426936514108338E+001                  6.9991492941605360E-001                  2.8005240837183565E-001                  2.0032662212110752E-002                  0.0000000000000000E+000                  3.4496937908360171E+008                  5.5088117820567779E+007                  2.5236691403693148E+000                  1.6485269832922043E+000                  1.1905104777684711E-046                  8.0648796056886962E-001                  1.8963277092103676E+010                  2.1468184128260932E-006                  4.4448667653447165E-009                 -2.8341023442566717E+000                  2.6161107509857464E+000                  2.8546713783455773E+000                  3.0051863761775679E+000 
                                     836                  1.2825311983105381E+000                 -3.6892869121876753E-001                  7.1374054495954535E+000                  1.1717862386681406E+000                  1.6436610431797284E+001                  6.9990870099293301E-001                  2.8005405072342260E-001                  2.0037248283644393E-002                  0.0000000000000000E+000                  3.4499273835108209E+008                  5.5267913828164607E+007                  2.6592466643385562E+000                  1.8729061884186171E+000                  1.7122389368317721E-046                  8.0374038617164101E-001                  1.9074403169862309E+010                  2.1002667959072633E-006                  4.9397773844774662E-009                 -2.8388627667685928E+000                  2.6206057360825072E+000                  2.8591663634423381E+000                  3.0096813612743287E+000 
                                     837                  1.2649672436332111E+000                 -3.7204835348681586E-001                  7.1402446965539390E+000                  1.1785955381903515E+000                  1.6446272130479169E+001                  6.9990175748660888E-001                  2.8005578217464000E-001                  2.0042460338751122E-002                  0.0000000000000000E+000                  3.4501735510315365E+008                  5.5449142110665329E+007                  2.7972382128314459E+000                  2.1257021092055610E+000                  2.4643051828967816E-046                  8.0098219287379124E-001                  1.9188720566456322E+010                  2.0532003060464519E-006                  5.4953496167066606E-009                 -2.8437843398380465E+000                  2.6251438804563199E+000                  2.8637045078161512E+000                  3.0142195056481418E+000 
                                     838                  1.2472975958399384E+000                 -3.7520567741492517E-001                  7.1430976232794547E+000                  1.1853788615962935E+000                  1.6455921515634653E+001                  6.9989400920752964E-001                  2.8005761401352114E-001                  2.0048376778949217E-002                  0.0000000000000000E+000                  3.4504323910715467E+008                  5.5631821413944311E+007                  2.9378464686712156E+000                  2.4097774937037388E+000                  3.5491754708100755E-046                  7.9821020981386481E-001                  1.9306337198592083E+010                  2.0056575617118671E-006                  6.1163558951119682E-009                 -2.8488716073811471E+000                  2.6297263429219448E+000                  2.8682869702817761E+000                  3.0188019681137668E+000 
                                     839                  1.2295235788624497E+000                 -3.7840180032930038E-001                  7.1459643948047908E+000                  1.1921359844841541E+000                  1.6465558493206853E+001                  6.9988535908056171E-001                  2.8005955754468342E-001                  2.0055083374754812E-002                  0.0000000000000000E+000                  3.4507039860927099E+008                  5.5815970168584272E+007                  3.0814237305790084E+000                  2.7280321139389692E+000                  5.1152495268658784E-046                  7.9542124167681105E-001                  1.9427365786891392E+010                  1.9576686159116159E-006                  6.7970207111151919E-009                 -2.8541304107253684E+000                  2.6343543252766470E+000                  2.8729149526364779E+000                  3.0234299504684690E+000 
                                     840                  1.2116465957552818E+000                 -3.8163790912953804E-001                  7.1488451703460116E+000                  1.1988666914863253E+000                  1.6475182969584178E+001                  6.9987570290965229E-001                  2.8006162397298262E-001                  2.0062673117365093E-002                  0.0000000000000000E+000                  3.4509884036208844E+008                  5.6001606455528237E+007                  3.2284534868276111E+000                  3.0833029753861076E+000                  7.3776105553417516E-046                  7.9261207462219785E-001                  1.9551924158296650E+010                  1.9092341925290562E-006                  7.5002437863542737E-009                 -2.8595703982220044E+000                  2.6390290746761380E+000                  2.8775897020359693E+000                  3.0281046998679599E+000 
                                     841                  1.1936681316403079E+000                 -3.8491524308467967E-001                  7.1510161821587381E+000                  1.2039081810148480E+000                  1.6482405129435858E+001                  6.9986776364235459E-001                  2.8006325823610589E-001                  2.0068978121539516E-002                  0.0000000000000000E+000                  3.4512086170226461E+008                  5.6141895996976167E+007                  3.3414777249082097E+000                  3.3760735234013541E+000                  9.7160050924712062E-046                  7.9049373161498515E-001                  1.9679882065264812E+010                  1.8603007581206141E-006                  8.1629497932128976E-009                 -2.8652084184735651E+000                  2.6437522110002512E+000                  2.8823128383600820E+000                  3.0328278361920731E+000 
                                     842                  1.1846289442073377E+000                 -3.8657202018488201E-001                  7.1524672480937408E+000                  1.2072535306896988E+000                  1.6487207935440363E+001                  6.9986207092021946E-001                  2.8006439432947716E-001                  2.0073534750303379E-002                  0.0000000000000000E+000                  3.4513604876137710E+008                  5.6235848284554578E+007                  3.4181695194286319E+000                  3.5838396709691080E+000                  1.1674776527171272E-045                  7.8907118911324436E-001                  1.9745361216009815E+010                  1.8359213909929206E-006                  8.7647046019545711E-009                 -2.8680729590044440E+000                  2.6461354610449139E+000                  2.8846960884047448E+000                  3.0352110862367354E+000 
                                     843                  1.1755897567743676E+000                 -3.8823504380136592E-001                  7.1539218766515242E+000                  1.2105920795478748E+000                  1.6492007457378506E+001                  6.9985606175939652E-001                  2.8006556784284609E-001                  2.0078370397757395E-002                  0.0000000000000000E+000                  3.4515155931942075E+008                  5.6330180837391593E+007                  3.4960220759655103E+000                  3.8021990061049400E+000                  1.4030946642722911E-045                  7.8764237725022068E-001                  1.9811749183422031E+010                  1.8114517916704112E-006                  9.2868398315874113E-009                 -2.8709866096968950E+000                  2.6485245341357442E+000                  2.8870851614955750E+000                  3.0376001593275657E+000 
                                     844                  1.1665014432590237E+000                 -3.8991356196104299E-001                  7.1553801330690190E+000                  1.2139239547321570E+000                  1.6496803896347220E+001                  6.9984975750944900E-001                  2.8006677561410631E-001                  2.0083466876444689E-002                  0.0000000000000000E+000                  3.4516740395070714E+008                  5.6424899798527956E+007                  3.5752235470488731E+000                  4.0316248658304108E+000                  1.6865757960264190E-045                  7.8620723568220607E-001                  1.9879298274868111E+010                  1.7867971197666347E-006                  9.7836755067920173E-009                 -2.8739623781310106E+000                  2.6509328122974982E+000                  2.8894934396573291E+000                  3.0400084374893197E+000 
                                     845                  1.1574131297436798E+000                 -3.9159871620450259E-001                  7.1568419888669288E+000                  1.2172490005340046E+000                  1.6501597026433092E+001                  6.9984304964047339E-001                  2.8006802913248868E-001                  2.0088921227037870E-002                  0.0000000000000000E+000                  3.4518355643434823E+008                  5.6520001963421926E+007                  3.6558074535480958E+000                  4.2715880519248808E+000                  2.0276965936752066E-045                  7.8476571013845153E-001                  1.9947662052390984E+010                  1.7621345953692217E-006                  1.0294076475278381E-008                 -2.8769804611873915E+000                  2.6533475105012130E+000                  2.8919081378610438E+000                  3.0424231356930345E+000 
                                     846                  1.1482765652749825E+000                 -3.9329967328754134E-001                  7.1583075116946535E+000                  1.2205673112980950E+000                  1.6506387052262703E+001                  6.9983604690193080E-001                  2.8006931670145307E-001                  2.0094636396616128E-002                  0.0000000000000000E+000                  3.4520005343793994E+008                  5.6615495871227562E+007                  3.7378921797803923E+000                  4.5231330365525073E+000                  2.4382668758675929E-045                  7.8331775199963483E-001                  2.0017223499824913E+010                  1.7373392442171942E-006                  1.0824656807105178E-008                 -2.8800576850464235E+000                  2.6557816959763119E+000                  2.8943423233361427E+000                  3.0448573211681333E+000 
                                     847                  1.1391400008062855E+000                 -3.9500767563673783E-001                  7.1597757337791919E+000                  1.2238766380961188E+000                  1.6511170700913983E+001                  6.9982861826271181E-001                  2.8007065142070636E-001                  2.0100730316581883E-002                  0.0000000000000000E+000                  3.4521684978735942E+008                  5.6711316285747051E+007                  3.8215119214369353E+000                  4.7851232461392721E+000                  2.9321570193349650E-045                  7.8186424170142699E-001                  2.0087635387712242E+010                  1.7125516970147275E-006                  1.1379891374926015E-008                 -2.8831781547675939E+000                  2.6582227641657519E+000                  2.8967833915255832E+000                  3.0472983893575738E+000 
                                     848                  1.1299678210013231E+000                 -3.9672959821161152E-001                  7.1612485975693456E+000                  1.2271812892721443E+000                  1.6515954253755680E+001                  6.9982081142362618E-001                  2.8007202882797655E-001                  2.0107159748397274E-002                  0.0000000000000000E+000                  3.4523398923204273E+008                  5.6807592840618379E+007                  3.9068632722350003E+000                  5.0584237858034928E+000                  3.5271679658585654E-045                  7.8040325206400196E-001                  2.0159191454933170E+010                  1.6876699913830889E-006                  1.1954401888803832E-008                 -2.8863562358850832E+000                  2.6606804679696117E+000                  2.8992410953294430E+000                  3.0497560931614336E+000 
                                     849                  1.1207722153858848E+000                 -3.9846340341458319E-001                  7.1627251631094451E+000                  1.2304790706698434E+000                  1.6520734559900315E+001                  6.9981259692781772E-001                  2.8007345159732316E-001                  2.0113951474859171E-002                  0.0000000000000000E+000                  3.4525145647543699E+008                  5.6904264806477845E+007                  3.9939853383464587E+000                  5.3425235068785710E+000                  4.2437123844655169E-045                  7.7893567544485554E-001                  2.0231819709833237E+010                  1.6627247266011161E-006                  1.2542909276127722E-008                 -2.8895898223576686E+000                  2.6631518235232101E+000                  2.9017124508830414E+000                  3.0522274487150320E+000 
                                     850                  1.1115534301067802E+000                 -4.0020928739801409E-001                  7.1642054506508401E+000                  1.2337699562121733E+000                  1.6525511607917537E+001                  6.9980395906057469E-001                  2.8007492141741769E-001                  2.0121119522007680E-002                  0.0000000000000000E+000                  3.4526925252822822E+008                  5.7001334550501235E+007                  4.0829670126794824E+000                  5.6371079167435747E+000                  5.1067780939563157E-045                  7.7746146181819176E-001                  2.0305540259359116E+010                  1.6377249142497104E-006                  1.3151655600580918E-008                 -2.8928795220619978E+000                  2.6656370317950868E+000                  2.9041976591549181E+000                  3.0547126569869087E+000 
                                     851                  1.1023117177243735E+000                 -4.0196745097291103E-001                  7.1656894808159759E+000                  1.2370539198004222E+000                  1.6530285386392510E+001                  6.9979488116837218E-001                  2.8007644028804474E-001                  2.0128678543583023E-002                  0.0000000000000000E+000                  3.4528737824976045E+008                  5.7098804454658605E+007                  4.1738936988710771E+000                  5.9417055519532651E+000                  6.1465249897144994E-045                  7.7598056082004985E-001                  2.0380373755094547E+010                  1.6126766109291720E-006                  1.3784104621179083E-008                 -2.8962263563457582E+000                  2.6681363005025767E+000                  2.9066969278624075E+000                  3.0572119256943981E+000 
                                     852                  1.0930473373360980E+000                 -4.0373809975591057E-001                  7.1671772746672433E+000                  1.2403309359054264E+000                  1.6535055883924972E+001                  6.9978534392404068E-001                  2.8007801085518452E-001                  2.0136645220774740E-002                  0.0000000000000000E+000                  3.4530583384895962E+008                  5.7196676876730822E+007                  4.2668448169356576E+000                  6.2556406420624260E+000                  7.3993630035544052E-045                  7.7449292105719192E-001                  2.0456341396728924E+010                  1.5875866682688355E-006                  1.4444702576906906E-008                 -2.8996312783649230E+000                  2.6706498420298992E+000                  2.9092104693897305E+000                  3.0597254672217211E+000 
                                     853                  1.0837605547031579E+000                 -4.0552144431957493E-001                  7.1686688537950092E+000                  1.2436009811214834E+000                  1.6539823089128166E+001                  6.9977532102264373E-001                  2.8007963722366136E-001                  2.0145041753694914E-002                  0.0000000000000000E+000                  3.4532461763534641E+008                  5.7294954047377504E+007                  4.3618889130836394E+000                  6.5779415514582942E+000                  8.9092564904665654E-045                  7.7299848894375078E-001                  2.0533464901168678E+010                  1.5624910859757138E-006                  1.5167298468710120E-008                 -2.9030912258151762E+000                  2.6731778730408204E+000                  2.9117385004006517E+000                  3.0622534982326419E+000 
                                     854                  1.0744516423795367E+000                 -4.0731770034240122E-001                  7.1701642404316486E+000                  1.2468640401676248E+000                  1.6544586990627966E+001                  6.9976476265636312E-001                  2.8008133142337333E-001                  2.0153905920263560E-002                  0.0000000000000000E+000                  3.4534372131659389E+008                  5.7393637672208950E+007                  4.4590713829127546E+000                  6.9071126637820566E+000                  1.0729303873909093E-044                  7.7149720544228073E-001                  2.0611766343384075E+010                  1.5377466340890563E-006                  1.6306849756244154E-008                 -2.9065576074563340E+000                  2.6757206127383535E+000                  2.9142812400981843E+000                  3.0647962379301754E+000 
                                     855                  1.0651208798427765E+000                 -4.0912708873986370E-001                  7.1716634575783491E+000                  1.2501201811248899E+000                  1.6549347577060360E+001                  6.9975338038219248E-001                  2.8008327091643337E-001                  2.0163348701374151E-002                  0.0000000000000000E+000                  3.4536307122750604E+008                  5.7492723946664117E+007                  4.5583492992235684E+000                  7.2399670635725482E+000                  1.2923676123511600E-044                  7.6998896833099362E-001                  2.0691266237127872E+010                  1.5161540910422367E-006                  2.0662568599417085E-008                 -2.9096283289401885E+000                  2.6782782626880386E+000                  2.9168388900478699E+000                  3.0673538878798605E+000 
                                     856                  1.0557685536293691E+000                 -4.1094983548247654E-001                  7.1731665287831179E+000                  1.2533705226457346E+000                  1.6554104837053181E+001                  6.9973784969299380E-001                  2.8008806986882562E-001                  2.0174080438180586E-002                  0.0000000000000000E+000                  3.4538177175035167E+008                  5.7592139375342518E+007                  4.6590007698326259E+000                  7.5608093700781920E+000                  1.5570408535466710E-044                  7.6847314253392274E-001                  2.0771958562921513E+010                  1.5097821051032081E-006                  4.0298703115910057E-008                 -2.9105428632340846E+000                  2.6808507460744506E+000                  2.9194113734342815E+000                  3.0699263712662721E+000 
                                     857                  1.0463949574736138E+000                 -4.1278616728732243E-001                  7.1746734757799979E+000                  1.2566229220676706E+000                  1.6558858759012558E+001                  6.9969530207048358E-001                  2.8011453384418156E-001                  2.0190164085334805E-002                  0.0000000000000000E+000                  3.4539365241825300E+008                  5.7691362351265132E+007                  4.7565273821725427E+000                  7.7789823461426613E+000                  1.8767970985199824E-044                  7.6694565803474501E-001                  2.0853650595613533E+010                  1.5449115039981575E-006                  1.0147005942571007E-007                 -2.9055481964451468E+000                  2.6834360397824626E+000                  2.9219966671422934E+000                  3.0725116649742841E+000 
                                     858                  1.0370003924499069E+000                 -4.1463628270202529E-001                  7.1761843154680092E+000                  1.2599013887891746E+000                  1.6563609329645949E+001                  6.9955589713582089E-001                  2.8022115226026473E-001                  2.0222950603914436E-002                  0.0000000000000000E+000                  3.4537988985286999E+008                  5.7788792925010622E+007                  4.8379484319953807E+000                  7.6127288752528868E+000                  2.2649525863838953E-044                  7.6539414349318913E-001                  2.0935597714703613E+010                  1.6412759218862477E-006                  2.2383908105170207E-007                 -2.8924092008569420E+000                  2.6860263698596092E+000                  2.9245869972194405E+000                  3.0751019950514311E+000 
                                     859                  1.0275851671185241E+000                 -4.1650028104775805E-001                  7.1776990779585601E+000                  1.2632297033013735E+000                  1.6568356529408046E+001                  6.9925018168714348E-001                  2.8046759894585876E-001                  2.0282219366997811E-002                  0.0000000000000000E+000                  3.4532181332479215E+008                  5.7882835305298649E+007                  4.8900182351552832E+000                  6.7385074583477786E+000                  2.7387442440168083E-044                  7.6380615353721182E-001                  2.1016669527456696E+010                  1.7658641182955581E-006                  3.7437957579094993E-007                 -2.8765213590272598E+000                  2.6886098793337325E+000                  2.9271705066935634E+000                  3.0776855045255540E+000 
                                     860                  1.0181495976750585E+000                 -4.1837815905067677E-001                  7.1792178572899887E+000                  1.2665910249984305E+000                  1.6573100327857169E+001                  6.9882640969765253E-001                  2.8081567813453101E-001                  2.0357912167816461E-002                  0.0000000000000000E+000                  3.4523251363848853E+008                  5.7974594283878267E+007                  4.9196478739530187E+000                  5.2671424711778112E+000                  3.3165387542408349E-044                  7.6218979323559199E-001                  2.1096723615435764E+010                  1.8266683708611200E-006                  4.6134093341194650E-007                 -2.8691701455295346E+000                  2.6911848140066823E+000                  2.9297454413665136E+000                  3.0802604391985042E+000 
                                     861                  1.0086940081036087E+000                 -4.2026998448737701E-001                  7.1815026759018430E+000                  1.2715809111782370E+000                  1.6580198833895945E+001                  6.9827142713566037E-001                  2.8127629212648964E-001                  2.0452280737849993E-002                  0.0000000000000000E+000                  3.4512165904420084E+008                  5.8114827368818022E+007                  4.9835854630333385E+000                  3.1313203494229933E+000                  4.4171183499757105E-044                  7.5976194463542035E-001                  2.1177769267016693E+010                  1.7540839483860398E-006                  4.1560783854873748E-007                 -2.8779748128258151E+000                  2.6937701322245595E+000                  2.9323307595843904E+000                  3.0828457574163814E+000 
                                     862                  9.8972410440220082E-001                 -4.2409678721868160E-001                  7.1845667505293997E+000                  1.2780941777616335E+000                  1.6589665533853985E+001                  6.9789067800899551E-001                  2.8159426363854884E-001                  2.0515058352455595E-002                  0.0000000000000000E+000                  3.4507272462195462E+008                  5.8311837977523178E+007                  5.1710629599154627E+000                  1.5207457105889695E+000                  6.4557713449297954E-044                  7.5656019417601195E-001                  2.1348133884776367E+010                  1.5525074175202962E-006                  2.7052385117192170E-007                 -2.9044831580940680E+000                  2.6990309073970322E+000                  2.9375915347568635E+000                  3.0881065325888541E+000 
                                     863                  9.7067820972824670E-001                 -4.2798392168848859E-001                  7.1876503358655137E+000                  1.2844858531846826E+000                  1.6599118075616168E+001                  6.9776384365117916E-001                  2.8170026674310727E-001                  2.0535889605713509E-002                  0.0000000000000000E+000                  3.4509478256435096E+008                  5.8516723864410840E+007                  5.4429235894100785E+000                  9.5697329299910683E-001                  9.4209693969029809E-044                  7.5336477269157620E-001                  2.1529406642879620E+010                  1.3504791929784979E-006                  1.2763813701179212E-007                 -2.9347560513303552E+000                  2.7044146238457896E+000                  2.9429752512056204E+000                  3.0934902490376111E+000 
                                     864                  9.5155921289914358E-001                 -4.3193447304286881E-001                  7.1903664512353149E+000                  1.2900264967044146E+000                  1.6607384527066539E+001                  6.9773780378893291E-001                  2.8172116238867362E-001                  2.0541033822393473E-002                  0.0000000000000000E+000                  3.4513907445881140E+008                  5.8699777491388746E+007                  5.7117450895482191E+000                  8.6519273767307525E-001                  1.3117265049669640E-043                  7.5055090528247426E-001                  2.1719798450259750E+010                  1.2076228526240128E-006                  4.5333300036491241E-008                 -2.9590343385686735E+000                  2.7099021200900424E+000                  2.9484627474498732E+000                  3.0989777452818639E+000 
                                     865                  9.3717169285397672E-001                 -4.3494109859800617E-001                  7.1930962859757894E+000                  1.2955240505148669E+000                  1.6615626537535913E+001                  6.9772509695766305E-001                  2.8173092638354369E-001                  2.0543976658793262E-002                  0.0000000000000000E+000                  3.4518916589986819E+008                  5.8884642229322158E+007                  5.9918732794325500E+000                  8.4063746682252505E-001                  1.8273314826931726E-043                  7.4770623089286725E-001                  2.1867740544627449E+010                  1.1308621121027928E-006                  1.4472755742053970E-008                 -2.9732951730472656E+000                  2.7140754802688645E+000                  2.9526361076286958E+000                  3.1031511054606864E+000 
                                     866                  9.1793224787217298E-001                 -4.3900922113587176E-001                  7.1962373121970549E+000                  1.3017760816488668E+000                  1.6625039554371661E+001                  6.9771871843481270E-001                  2.8173575487856023E-001                  2.0545526686627014E-002                  0.0000000000000000E+000                  3.4525122308898062E+008                  5.9098262631745435E+007                  6.3262796244053945E+000                  8.8706654486359338E-001                  2.6725376471655869E-043                  7.4441658159474955E-001                  2.2071298756658394E+010                  1.0604281879480547E-006                  5.6987061137991255E-009                 -2.9872593682572925E+000                  2.7197101222914131E+000                  2.9582707496512439E+000                  3.1087857474832350E+000 
                                     867                  8.9862839352363810E-001                 -4.4314830082692580E-001                  7.1994003335412939E+000                  1.3079901483583776E+000                  1.6634438069988473E+001                  6.9771521920710267E-001                  2.8173849492960645E-001                  2.0546285863290881E-002                  0.0000000000000000E+000                  3.4531701703294086E+008                  5.9314225219598301E+007                  6.6728613596987962E+000                  9.7883796453511573E-001                  3.9138627927211984E-043                  7.4108228080400507E-001                  2.2281946477197552E+010                  9.9659133822467447E-007                  3.9941700695646178E-009                 -3.0007414458881074E+000                  2.7254276883331383E+000                  2.9639883156929696E+000                  3.1145033135249602E+000 
                                     868                  8.7926357815642453E-001                 -4.4736125335496280E-001                  7.2025859502847958E+000                  1.3141664320410993E+000                  1.6643822016818156E+001                  6.9771211975576231E-001                  2.8174106482868649E-001                  2.0546815415551256E-002                  0.0000000000000000E+000                  3.4538599390828413E+008                  5.9532531643292904E+007                  7.0296814042636679E+000                  1.0951054966746516E+000                  5.7397507726854747E-043                  7.3770112043932290E-001                  2.2500103995299721E+010                  9.4695425645742953E-007                  1.6899428225226959E-008                 -3.0118354997528196E+000                  2.7312305393413379E+000                  2.9697911667011687E+000                  3.1203061645331593E+000 
                                     869                  8.5984141493143940E-001                 -4.5165116404289601E-001                  7.2057947880067514E+000                  1.3203130268617089E+000                  1.6653191333823660E+001                  6.9768320563454844E-001                  2.8176946787075735E-001                  2.0547326494694262E-002                  0.0000000000000000E+000                  3.4545134440275830E+008                  5.9752639603280805E+007                  7.3746435630179565E+000                  1.2043520310435663E+000                  8.4322801717386072E-043                  7.3426743654402538E-001                  2.2725884743802704E+010                  9.3431109682662719E-007                  6.7156986338989546E-008                 -3.0147542464998871E+000                  2.7371196493751921E+000                  2.9756802767350230E+000                  3.1261952745670136E+000 
                                     870                  8.4036568916851118E-001                 -4.5602122060795919E-001                  7.2090274259500804E+000                  1.3265090550785241E+000                  1.6662545959653979E+001                  6.9739020623603287E-001                  2.8206315363163909E-001                  2.0546640132327987E-002                  0.0000000000000000E+000                  3.4545023300064588E+008                  5.9969094754819833E+007                  7.2443531993396109E+000                  1.1733648552036668E+000                  1.2446650765447846E-042                  7.3073685924849108E-001                  2.2957328524998016E+010                  9.4880016425998690E-007                  1.4465724498971865E-007                 -3.0114126243965251E+000                  2.7430763521840418E+000                  2.9816369795438731E+000                  3.1321519773758637E+000 
                                     871                  8.2084036613491151E-001                 -4.6047397971714560E-001                  7.2114716969413637E+000                  1.3311790904066751E+000                  1.6669566875156232E+001                  6.9705616009555338E-001                  2.8239947199451965E-001                  2.0544367909926975E-002                  0.0000000000000000E+000                  3.4542147545120811E+008                  6.0130672490363196E+007                  6.0309970601974223E+000                  1.1825386345590037E+000                  1.6716572817351950E-042                  7.2803365339785808E-001                  2.3193466733321796E+010                  9.2803181434011480E-007                  1.8734904280446275E-007                 -3.0162185676257387E+000                  2.7490933897806542E+000                  2.9876540171404855E+000                  3.1381690149724761E+000 
                                     872                  8.1105498271304211E-001                 -4.6273351925188810E-001                  7.2131068213971661E+000                  1.3342455704839891E+000                  1.6674233083554398E+001                  6.9691321437145470E-001                  2.8254359682682567E-001                  2.0543188801719570E-002                  0.0000000000000000E+000                  3.4542451386488920E+008                  6.0240871683464468E+007                  5.2666032012386736E+000                  1.2378819464725566E+000                  2.0333551642743402E-042                  7.2623174441119565E-001                  2.3315044164145958E+010                  8.7025372234382846E-007                  1.6206402975877803E-007                 -3.0301770552140650E+000                  2.7521404815685511E+000                  2.9907011089283824E+000                  3.1412161067603730E+000 
                                     873                  8.0126959929117281E-001                 -4.6501260849310311E-001                  7.2147485811995224E+000                  1.3372800320133087E+000                  1.6678895384653082E+001                  6.9683399475989460E-001                  2.8262355052449367E-001                  2.0542454715611669E-002                  0.0000000000000000E+000                  3.4544533120764738E+008                  6.0353214831303209E+007                  4.8139158456865685E+000                  1.3224540906413729E+000                  2.4724278274418087E-042                  7.2442863317451178E-001                  2.3440273307833221E+010                  7.7888653788750031E-007                  1.0373972971550421E-007                 -3.0542629011754370E+000                  2.7552213267762991E+000                  2.9937819541361299E+000                  3.1442969519681205E+000 
                                     874                  7.9146366918296684E-001                 -4.6731676826417412E-001                  7.2163972744603271E+000                  1.3402907514882068E+000                  1.6683554076835200E+001                  6.9679377209429150E-001                  2.8266417523458442E-001                  2.0542052671124078E-002                  0.0000000000000000E+000                  3.4547742836235929E+008                  6.0467157418778300E+007                  4.6201552792710538E+000                  1.4234166567241047E+000                  3.0062313404629451E-042                  7.2261936364731905E-001                  2.3568981987725929E+010                  6.9730524239121798E-007                  5.5649619618268016E-008                 -3.0782885348627498E+000                  2.7583400681822652E+000                  2.9969006955420960E+000                  3.1474156933740867E+000 
                                     875                  7.8165773907476099E-001                 -4.6964189006918394E-001                  7.2188791991750421E+000                  1.3447648804365109E+000                  1.6690519791623899E+001                  6.9676476936464704E-001                  2.8269348345335604E-001                  2.0541747181996861E-002                  0.0000000000000000E+000                  3.4553570360574579E+008                  6.0639823549076028E+007                  4.5568063447054268E+000                  1.5947164704396031E+000                  4.0304414362457055E-042                  7.1988926340761628E-001                  2.3700749705519527E+010                  6.3429745012054726E-007                  2.6356873403683990E-008                 -3.0988535172326896E+000                  2.7614872411804616E+000                  3.0000478685402929E+000                  3.1505628663722836E+000 
                                     876                  7.6200934227127926E-001                 -4.7436654356800584E-001                  7.2222195700576028E+000                  1.3506954454855424E+000                  1.6699814442043817E+001                  6.9675675229893219E-001                  2.8270159101224124E-001                  2.0541656688826571E-002                  0.0000000000000000E+000                  3.4562522058367503E+008                  6.0873708922846749E+007                  4.7198562947583271E+000                  1.8588126409784063E+000                  5.9703387051666348E-042                  7.1620260403422531E-001                  2.3972830927202698E+010                  5.5009355990152942E-007                  1.0096442299291475E-008                 -3.1297817197134470E+000                  2.7678736451495936E+000                  3.0064342725094244E+000                  3.1569492703414150E+000 
                                     877                  7.4232918201267017E-001                 -4.7919117352950358E-001                  7.2251696014693421E+000                  1.3558511294936930E+000                  1.6707943357639191E+001                  6.9675542913392985E-001                  2.8270292980355000E-001                  2.0541641062520100E-002                  0.0000000000000000E+000                  3.4570868878353512E+008                  6.1081140662453741E+007                  4.9271195881594565E+000                  2.1266322713965602E+000                  8.4360339391496455E-042                  7.1293015910081348E-001                  2.4255585077113422E+010                  4.7446909337851550E-007                  2.8018221954972105E-009                 -3.1618960359938177E+000                  2.7743784731679231E+000                  3.0129391005277539E+000                  3.1634540983597446E+000 
                                     878                  7.2755193124484141E-001                 -4.8287796722276149E-001                  7.2275035295595575E+000                  1.3598748977936645E+000                  1.6714319892589629E+001                  6.9675514429580421E-001                  2.8270321809612831E-001                  2.0541637608067487E-002                  0.0000000000000000E+000                  3.4577693256114638E+008                  6.1245763910149477E+007                  5.1078595051075837E+000                  2.3647032782770259E+000                  1.1080490898301212E-041                  7.1032939493909908E-001                  2.4475088887318810E+010                  4.2082520086298114E-007                  5.8159354624139692E-010                 -3.1879491303064120E+000                  2.7793358678659397E+000                  3.0178964952257710E+000                  3.1684114930577616E+000 
                                     879                  7.1522287073899948E-001                 -4.8599811490729994E-001                  7.2296371531625754E+000                  1.3635107842308418E+000                  1.6720106862506750E+001                  6.9675505835795815E-001                  2.8270330509669933E-001                  2.0541636545342579E-002                  0.0000000000000000E+000                  3.4584094499155265E+008                  6.1396646455483966E+007                  5.2824398932256873E+000                  2.6049168838479559E+000                  1.4208186837852465E-041                  7.0794312334331200E-001                  2.4663296018662258E+010                  3.7741969050531269E-007                  1.4076584017815320E-010                 -3.2115877229192371E+000                  2.7835219227424508E+000                  3.0220825501022821E+000                  3.1725975479342727E+000 
                                     880                  7.0289381023315756E-001                 -4.8916011780188351E-001                  7.2317833276178387E+000                  1.3671274868924230E+000                  1.6725887496342324E+001                  6.9675503034657493E-001                  2.8270333346073873E-001                  2.0541636192686341E-002                  0.0000000000000000E+000                  3.4590688536094958E+008                  6.1548788524765208E+007                  5.4662302628871950E+000                  2.8704902836111827E+000                  1.8234231331062011E-041                  7.0553500492512988E-001                  2.4856260017599369E+010                  3.3430933160412983E-007                  4.3051996270296883E-011                 -3.2379257503701542E+000                  2.7877553941749706E+000                  3.0263160215348015E+000                  3.1768310193667921E+000 
                                     881                  6.9055272737386386E-001                 -4.9236878439257087E-001                  7.2348037916822596E+000                  1.3721466224339072E+000                  1.6733952402767802E+001                  6.9675501778222537E-001                  2.8270334618596965E-001                  2.0541636031804922E-002                  0.0000000000000000E+000                  3.4600240344230127E+008                  6.1763540673476368E+007                  5.7386102088667172E+000                  3.2894451291547968E+000                  2.5877307646774835E-041                  7.0213258327907235E-001                  2.5054522167057339E+010                  2.9118293876504927E-007                  1.3554888285934646E-011                 -3.2679170375800219E+000                  2.7920421808915656E+000                  3.0306028082513965E+000                  3.1811178060833876E+000 
                                     882                  6.6833334679044831E-001                 -4.9826149494459271E-001                  7.2376454125562812E+000                  1.3767983146990066E+000                  1.6741469846172041E+001                  6.9675501633643955E-001                  2.8270334765081295E-001                  2.0541636012747500E-002                  0.0000000000000000E+000                  3.4609507262156224E+008                  6.1966253554647267E+007                  6.0103746736217740E+000                  3.7377485947478046E+000                  3.5931448302701377E-041                  6.9892086759085992E-001                  2.5424027695537460E+010                  2.1350715669529786E-007                  3.7513076490774096E-012                 -3.3352937814876649E+000                  2.7998924015340334E+000                  3.0384530288938647E+000                  3.1889680267258553E+000 
                                     883                  6.5845504906632668E-001                 -5.0093131011859215E-001                  7.2401670391807489E+000                  1.3808635401175609E+000                  1.6748078392114159E+001                  6.9675501583826005E-001                  2.8270334815564252E-001                  2.0541636006097486E-002                  0.0000000000000000E+000                  3.4617977958023542E+008                  6.2146689145557508E+007                  6.2648787017383158E+000                  4.1850554094757104E+000                  4.8037567883150970E-041                  6.9606062693704684E-001                  2.5593919771925850E+010                  1.7894964087814700E-007                  8.3880762066204008E-013                 -3.3736345844145674E+000                  2.8034392729589799E+000                  3.0419999003188107E+000                  3.1925148981508014E+000 
                                     884                  6.3993069644213618E-001                 -5.0602587638895979E-001                  7.2436015096514241E+000                  1.3863104631582597E+000                  1.6756989752600809E+001                  6.9675501572640564E-001                  2.8270334826902571E-001                  2.0541636004568709E-002                  0.0000000000000000E+000                  3.4629884434701204E+008                  6.2393278670546360E+007                  6.6334453904061830E+000                  4.8791620072261841E+000                  7.1244277930178745E-041                  6.9215333379751209E-001                  2.5922884131456039E+010                  1.1413171306463437E-007                  1.6778085580218268E-013                 -3.4712968320620776E+000                  2.8101900894646166E+000                  3.0487507168244474E+000                  3.1992657146564385E+000 
                                     885                  6.2017475438126990E-001                 -5.1159263824291812E-001                  7.2471853379258375E+000                  1.3918820725591654E+000                  1.6766176994384516E+001                  6.9675501570989840E-001                  2.8270334828576438E-001                  2.0541636004337227E-002                  0.0000000000000000E+000                  3.4642778111327958E+008                  6.2651622232512951E+007                  7.0474625289612289E+000                  5.7229195307642176E+000                  1.0730911207457096E-040                  6.8806360057679905E-001                  2.6288507462819736E+010                  4.5023952669698677E-008                  3.9244751819527957E-014                 -3.6732781903931464E+000                  2.8175419821609569E+000                  3.0561026095207877E+000                  3.2066176073527783E+000 
                                     886                  6.0042879523145865E-001                 -5.1730383409670322E-001                  7.2498940789191080E+000                  1.3960476761956626E+000                  1.6773075654076106E+001                  6.9675501570819232E-001                  2.8270334828749505E-001                  2.0541636004312691E-002                  0.0000000000000000E+000                  3.4652765174209219E+008                  6.2847587465053886E+007                  7.3827498203190380E+000                  6.4539343676626366E+000                  1.4610316408207705E-040                  6.8497848829307073E-001                  2.6669715828188545E+010                 -1.0965746427278097E-014                  6.2009065128613830E-015                 -9.8999999999999986E+001                  2.8250542044676132E+000                  3.0636148318274445E+000                  3.2141298296594352E+000 
                                     887                  5.9056431981021584E-001                 -5.2021530230168289E-001                  7.2516963029330315E+000                  1.3988120526506702E+000                  1.6777658521399150E+001                  6.9675501570729792E-001                  2.8270334828840238E-001                  2.0541636004299701E-002                  0.0000000000000000E+000                  3.4659486784880805E+008                  6.2978307808976576E+007                  7.6176181199655737E+000                  6.9904169861706107E+000                  1.7933150834205739E-040                  6.8293520923504714E-001                  2.6866161928799770E+010                 -2.9551011262597115E-014                  1.3308827388264786E-015                 -9.8999999999999986E+001                  2.8288684619179820E+000                  3.0674290892778129E+000                  3.2179440871098040E+000 
                                     888                  5.8069984438897304E-001                 -5.2316748304143879E-001                  7.2534969062519954E+000                  1.4015742537614024E+000                  1.6782237631187272E+001                  6.9675501570649889E-001                  2.8270334828921334E-001                  2.0541636004287822E-002                  0.0000000000000000E+000                  3.4666247470763946E+008                  6.3109181071605466E+007                  7.8623996099943296E+000                  7.5702737812966605E+000                  2.2001276137625164E-040                  6.8090331937032123E-001                  2.7066681751309891E+010                 -4.1172488925207337E-014                  7.7846522110391773E-016                 -9.8999999999999986E+001                  2.8327228877773507E+000                  3.0712835151371820E+000                  3.2217985129691726E+000 
                                     889                  5.7084756118174418E-001                 -5.2615807802261194E-001                  7.2552960664965154E+000                  1.4043345346302956E+000                  1.6786813418124090E+001                  6.9675501570575138E-001                  2.8270334828997212E-001                  2.0541636004276498E-002                  0.0000000000000000E+000                  3.4673048066465127E+008                  6.3240220038731270E+007                  8.1176577502700535E+000                  8.1969745018675155E+000                  2.6980038109441874E-040                  6.7888198899191898E-001                  2.7270997666103321E+010                 -5.0943127706553178E-014                  7.0464481376217288E-016                 -9.8999999999999986E+001                  2.8366143962021595E+000                  3.0751750235619908E+000                  3.2256900213939814E+000 
                                     890                  5.6099527797451543E-001                 -5.2919220799216238E-001                  7.2570936211828068E+000                  1.4070926682811153E+000                  1.6791385491501064E+001                  6.9675501570503584E-001                  2.8270334829069843E-001                  2.0541636004265729E-002                  0.0000000000000000E+000                  3.4679888014733016E+008                  6.3371412757442273E+007                  8.3839420199688650E+000                  8.8741366844121909E+000                  3.3069921429229554E-040                  6.7687079116083848E-001                  2.7479521566225113E+010                 -5.9780091090877295E-014                  6.7089676172521218E-016                 -9.8999999999999986E+001                  2.8405493151915246E+000                  3.0791099425513555E+000                  3.2296249403833461E+000 
                                     891                  5.5115906109677060E-001                 -5.3226638953808858E-001                  7.2588897545721123E+000                  1.4098489142614439E+000                  1.6795954297179179E+001                  6.9675501570434129E-001                  2.8270334829140364E-001                  2.0541636004255071E-002                  0.0000000000000000E+000                  3.4686768202462792E+008                  6.3502772557575636E+007                  8.6618859507935664E+000                  9.6057839702112560E+000                  4.0516236348789565E-040                  6.7486889490090229E-001                  2.7692079015593109E+010                 -6.7932327593253047E-014                  6.4886904189510472E-016                 -9.8999999999999986E+001                  2.8445227865632612E+000                  3.0830834139230925E+000                  3.2335984117550831E+000 
                                     892                  5.4132284421902566E-001                 -5.3538718627562576E-001                  7.2606848031876066E+000                  1.4126038132238330E+000                  1.6800520715657253E+001                  6.9675501570366105E-001                  2.8270334829209465E-001                  2.0541636004244301E-002                  0.0000000000000000E+000                  3.4693689990326095E+008                  6.3634324053125724E+007                  8.9521906181313256E+000                  1.0396335241397320E+001                  4.9618920278757323E-040                  6.7287532507737580E-001                  2.7909192582597946E+010                 -7.5562570977706254E-014                  6.2763375166737725E-016                 -9.8999999999999986E+001                  2.8485429393517898E+000                  3.0871035667116207E+000                  3.2376185645436113E+000 
                                     893                  5.3150120583342075E-001                 -5.3855160551152192E-001                  7.2624779474551380E+000                  1.4153560947677843E+000                  1.6805082649780307E+001                  6.9675501570299048E-001                  2.8270334829277582E-001                  2.0541636004233643E-002                  0.0000000000000000E+000                  3.4700650377086687E+008                  6.3766007069834642E+007                  9.2554053789011093E+000                  1.1250010507129261E+001                  6.0736255702969217E-040                  6.7089037634282822E-001                  2.8130726868519772E+010                 -8.2747370348074898E-014                  6.0879314509090617E-016                 -9.8999999999999986E+001                  2.8526055469722773E+000                  3.0911661743321086E+000                  3.2416811721640992E+000 
                                     894                  5.2169068669275775E-001                 -5.4176239880421717E-001                  7.2642696090556571E+000                  1.4181064104916297E+000                  1.6809641176975575E+001                  6.9675501570232645E-001                  2.8270334829345062E-001                  2.0541636004222985E-002                  0.0000000000000000E+000                  3.4707651097116858E+008                  6.3897852373144947E+007                  9.5723201313977864E+000                  1.2171916914682802E+001                  7.4310862927890104E-040                  6.6891297299977015E-001                  2.8356949793433838E+010                 -8.9551075289441040E-014                  5.9276559301945364E-016                 -9.8999999999999986E+001                  2.8567137779563949E+000                  3.0952744053162258E+000                  3.2457894031482164E+000 
                                     895                  5.1189237067560900E-001                 -5.4502095520157490E-001                  7.2660597962278022E+000                  1.4208547741010520E+000                  1.6814196319559599E+001                  6.9675501570166665E-001                  2.8270334829412130E-001                  2.0541636004212105E-002                  0.0000000000000000E+000                  3.4714692306409532E+008                  6.4029860464017987E+007                  9.9037027994217901E+000                  1.3167360179329721E+001                  9.0878473886798974E-040                  6.6694249968680352E-001                  2.8588039229194004E+010                 -9.6016169872247850E-014                  5.8098156389514039E-016                 -9.8999999999999986E+001                  2.8608690257535252E+000                  3.0994296531133565E+000                  3.2499446509453471E+000 
                                     896                  5.0210736966985203E-001                 -5.4832872687495515E-001                  7.2678485169922897E+000                  1.4236011989734398E+000                  1.6818748099301597E+001                  6.9675501570100906E-001                  2.8270334829478982E-001                  2.0541636004201114E-002                  0.0000000000000000E+000                  3.4721774160776711E+008                  6.4162031831368573E+007                  1.0250367298862573E+001                  1.4242047070264469E+001                  1.1108999632187147E-039                  6.6497834276805434E-001                  2.8824182661583054E+010                 -1.0217380109164662E-013                  5.7482971709373778E-016                 -9.8999999999999986E+001                  2.8650727467229076E+000                  3.1036333740827384E+000                  3.2541483719147291E+000 
                                     897                  4.9233682450259653E-001                 -5.5168723300739708E-001                  7.2696357791456769E+000                  1.4263456981482010E+000                  1.6823296537407273E+001                  6.9675501570035248E-001                  2.8270334829545757E-001                  2.0541636004189900E-002                  0.0000000000000000E+000                  3.4728896815800881E+008                  6.4294366951439865E+007                  1.0613176224899059E+001                  1.5402114913320402E+001                  1.3573595365863985E-039                  6.6301989012078810E-001                  2.9065577771647171E+010                 -1.0805234068048288E-013                  5.7061086212717907E-016                 -9.8999999999999986E+001                  2.8693264641269827E+000                  3.1078870914868140E+000                  3.2584020893188046E+000 
                                     898                  4.8258190591566663E-001                 -5.5509806398573824E-001                  7.2714215902534640E+000                  1.4290882843161359E+000                  1.6827841654501306E+001                  6.9675501569969556E-001                  2.8270334829612570E-001                  2.0541636004178798E-002                  0.0000000000000000E+000                  3.4736060426782149E+008                  6.4426866287141003E+007                  1.0993043668713677E+001                  1.6654163064068971E+001                  1.6577599038063303E-039                  6.6106653096109080E-001                  2.9312433160779415E+010                 -1.1367432370498347E-013                  5.6478819682096518E-016                 -9.8999999999999986E+001                  2.8736317723203721E+000                  3.1121923996802030E+000                  3.2627073975121936E+000 
                                     899                  4.7284381558974115E-001                 -5.5856288592562942E-001                  7.2732059576424790E+000                  1.4318289698075908E+000                  1.6832383470607788E+001                  6.9675501569903764E-001                  2.8270334829679522E-001                  2.0541636004167141E-002                  0.0000000000000000E+000                  3.4743265148681480E+008                  6.4559530287318200E+007                  1.1390938193980920E+001                  1.8005286701916230E+001                  2.0237455659869876E-039                  6.5911765570661751E-001                  2.9564969139875130E+010                 -1.1905305699485002E-013                  5.5888642327549193E-016                 -9.8999999999999986E+001                  2.8779903412714543E+000                  3.1165509686312856E+000                  3.2670659664632762E+000 
                                     900                  4.6312378722058928E-001                 -5.6208344556160561E-001                  7.2749888883924907E+000                  1.4345677665795400E+000                  1.6836922005128812E+001                  6.9675501569837761E-001                  2.8270334829746685E-001                  2.0541636004155484E-002                  0.0000000000000000E+000                  3.4750511136058718E+008                  6.4692359385962114E+007                  1.1807885967208421E+001                  1.9463112988016661E+001                  2.4694401283435809E-039                  6.5717265587562523E-001                  2.9823418589355400E+010                 -1.2420017388939996E-013                  5.5289971372151919E-016                 -9.8999999999999986E+001                  2.8824039214486161E+000                  3.1209645488084474E+000                  3.2714795466404381E+000 
                                     901                  4.5342308765030959E-001                 -5.6566157553843699E-001                  7.2767703893270115E+000                  1.4373046862013001E+000                  1.6841457276820844E+001                  6.9675501569771536E-001                  2.8270334829814125E-001                  2.0541636004143382E-002                  0.0000000000000000E+000                  3.4757798543005985E+008                  6.4825354001341805E+007                  1.2244974046522344E+001                  2.1035839721826981E+001                  3.0119663424691049E-039                  6.5523092402130001E-001                  3.0088027897723324E+010                 -1.2912813884622775E-013                  5.4348799323899222E-016                 -9.8999999999999986E+001                  2.8868743491074209E+000                  3.1254349764672522E+000                  3.2759499742992428E+000 
                                     902                  4.4374301805821520E-001                 -5.6929920014359292E-001                  7.2785504670030674E+000                  1.4400397398388176E+000                  1.6845989303768672E+001                  6.9675501569704990E-001                  2.8270334829881905E-001                  2.0541636004131059E-002                  0.0000000000000000E+000                  3.4765127523074150E+008                  6.4958514535057887E+007                  1.2703353855102076E+001                  2.2732276848150832E+001                  3.6720746512400398E-039                  6.5329185370091281E-001                  3.0359057987264988E+010                 -1.3383997260669530E-013                  5.3480694823996629E-016                 -9.8999999999999986E+001                  2.8914035520184473E+000                  3.1299641793782786E+000                  3.2804791772102693E+000 
                                     903                  4.3408491521592335E-001                 -5.7299834152563256E-001                  7.2803291276998596E+000                  1.4427729382370140E+000                  1.6850518103356276E+001                  6.9675501569638099E-001                  2.8270334829950056E-001                  2.0541636004118402E-002                  0.0000000000000000E+000                  3.4772498229198998E+008                  6.5091841370999664E+007                  1.3184244812872494E+001                  2.4561890680305826E+001                  4.4749000547875225E-039                  6.5135483947886141E-001                  3.0636785436613091E+010                 -1.3833591840366301E-013                  5.3216885677542587E-016                 -9.8999999999999986E+001                  2.8959935556805378E+000                  3.1345541830403691E+000                  3.2850691808723598E+000 
                                     904                  4.2445015281100562E-001                 -5.7676112644888888E-001                  7.2816634610648459E+000                  1.4448262892115837E+000                  1.6853918525340827E+001                  6.9675501569587606E-001                  2.8270334830001514E-001                  2.0541636004108854E-002                  0.0000000000000000E+000                  3.4778050639395225E+008                  6.5192041080655105E+007                  1.3560909406981521E+001                  2.6029188536702627E+001                  5.1895518263552558E-039                  6.4990268082119462E-001                  3.0921402398824265E+010                 -1.4262634995987950E-013                  5.2897995332201306E-016                 -9.8999999999999986E+001                  2.9006466050184105E+000                  3.1392072323782418E+000                  3.2897222302102325E+000 
                                     905                  4.1964358973142873E-001                 -5.7866641554957865E-001                  7.2825517477364023E+000                  1.4461915057065153E+000                  1.6856180532922554E+001                  6.9675501569553855E-001                  2.8270334830035915E-001                  2.0541636004102304E-002                  0.0000000000000000E+000                  3.4781767544838572E+008                  6.5258830675737947E+007                  1.3819452651111611E+001                  2.7053429299787634E+001                  5.7269689977741464E-039                  6.4893513219393861E-001                  3.1066380498681911E+010                 -1.4469659600101889E-013                  5.2542145525148176E-016                 -9.8999999999999986E+001                  2.9029966037839050E+000                  3.1415572311437359E+000                  3.2920722289757269E+000 
                                     906                  4.1484014284431808E-001                 -5.8058975926554901E-001                  7.2837716102827494E+000                  1.4480645973493587E+000                  1.6859285196644951E+001                  6.9675501569507337E-001                  2.8270334830083360E-001                  2.0541636004093089E-002                  0.0000000000000000E+000                  3.4786897199795461E+008                  6.5350662213155806E+007                  1.4185050032522430E+001                  2.8524868003760666E+001                  6.5560338625306611E-039                  6.4760539400272588E-001                  3.1213412645826569E+010                 -1.4671568382868809E-013                  5.2451879340910422E-016                 -9.8999999999999986E+001                  2.9053646802960427E+000                  3.1439253076558740E+000                  3.2944403054878646E+000 
                                     907                  4.0645390053739811E-001                 -5.8399528930458855E-001                  7.2854347029295523E+000                  1.4506202326178679E+000                  1.6863519927891353E+001                  6.9675501569443499E-001                  2.8270334830148469E-001                  2.0541636004080321E-002                  0.0000000000000000E+000                  3.4793921993210971E+008                  6.5476067914799444E+007                  1.4704137125564719E+001                  3.0658851891846908E+001                  7.8814112129002841E-039                  6.4579214877037883E-001                  3.1475237641905621E+010                 -1.5012699656329742E-013                  5.2340058534128043E-016                 -9.8999999999999986E+001                  2.9095476868749586E+000                  3.1481083142347899E+000                  3.2986233120667805E+000 
                                     908                  3.9689430658808972E-001                 -5.8795390942465209E-001                  7.2872079146293531E+000                  1.4533463166168006E+000                  1.6868036341133063E+001                  6.9675501569374909E-001                  2.8270334830218447E-001                  2.0541636004066444E-002                  0.0000000000000000E+000                  3.4801455793973398E+008                  6.5610041485681452E+007                  1.5285151893890294E+001                  3.3107607970348703E+001                  9.5884240139268063E-039                  6.4385741723656753E-001                  3.1781883701754974E+010                 -1.5384342974101518E-013                  5.1812062158618886E-016                 -9.8999999999999986E+001                  2.9143943890130219E+000                  3.1529550163728532E+000                  3.3034700142048434E+000 
                                     909                  3.8736375346479557E-001                 -5.9198554514537416E-001                  7.2889797350982857E+000                  1.4560705903704683E+000                  1.6872549599466300E+001                  6.9675501569305809E-001                  2.8270334830288979E-001                  2.0541636004052122E-002                  0.0000000000000000E+000                  3.4809032073214668E+008                  6.5744182895101912E+007                  1.5895727534859690E+001                  3.5746750207841885E+001                  1.1660150748921314E-038                  6.4192180753320283E-001                  3.2096818042817993E+010                 -1.5736344259384446E-013                  5.1100681331875082E-016                 -9.8999999999999986E+001                  2.9193134334650304E+000                  3.1578740608248612E+000                  3.3083890586568523E+000 
                                     910                  3.7786381645296224E-001                 -5.9609295140349550E-001                  7.2907501686556158E+000                  1.4587930616464913E+000                  1.6877059715321153E+001                  6.9675501569236187E-001                  2.8270334830360072E-001                  2.0541636004037356E-002                  0.0000000000000000E+000                  3.4816650983751822E+008                  6.5878492392500885E+007                  1.6537566883076074E+001                  3.8590674606398387E+001                  1.4173443694010602E-038                  6.3998472197548162E-001                  3.2420464340911037E+010                 -1.6068255549209722E-013                  5.0685627150955289E-016                 -9.8999999999999986E+001                  2.9243075488347166E+000                  3.1628681761945479E+000                  3.3133831740265380E+000 
                                     911                  3.6839611722473919E-001                 -6.0027904175304969E-001                  7.2925192192216706E+000                  1.4615137376046539E+000                  1.6881566700117453E+001                  6.9675501569166010E-001                  2.8270334830431770E-001                  2.0541636004022257E-002                  0.0000000000000000E+000                  3.4824312677006066E+008                  6.6012970198779613E+007                  1.7212471304899779E+001                  4.1654834237432112E+001                  1.7221124667498339E-038                  6.3804556478293173E-001                  3.2753247498444729E+010                 -1.6379949918879157E-013                  5.0658399614096760E-016                 -9.8999999999999986E+001                  2.9293796509023782E+000                  3.1679402782622095E+000                  3.3184552760942001E+000 
                                     912                  3.5896232580252924E-001                 -6.0454690078358875E-001                  7.2942868902919171E+000                  1.4642326247569353E+000                  1.6886070564198647E+001                  6.9675501569095277E-001                  2.8270334830504068E-001                  2.0541636004006492E-002                  0.0000000000000000E+000                  3.4832017302833784E+008                  6.6147616504027918E+007                  1.7922346018881072E+001                  4.4955814157198049E+001                  2.0915252007268837E-038                  6.3610374233151779E-001                  3.3095621914470417E+010                 -1.6671637686472503E-013                  5.0724618775926042E-016                 -9.8999999999999986E+001                  2.9345328262843360E+000                  3.1730934536441668E+000                  3.3236084514761579E+000 
                                     913                  3.4956416264846113E-001                 -6.0889979777728076E-001                  7.2960531849080414E+000                  1.4669497289227995E+000                  1.6890571316757740E+001                  6.9675501569023957E-001                  2.8270334830577004E-001                  2.0541636003990393E-002                  0.0000000000000000E+000                  3.4839765009339619E+008                  6.6282431464987546E+007                  1.8669205712002132E+001                  4.8511411856366003E+001                  2.5391055248367180E-038                  6.3415866343582949E-001                  3.3448074173661343E+010                 -1.6943481734021804E-013                  5.0593160010747365E-016                 -9.8999999999999986E+001                  2.9397703460769451E+000                  3.1783309734367764E+000                  3.3288459712687670E+000 
                                     914                  3.4020340089025664E-001                 -6.1334120175644191E-001                  7.2978181056259643E+000                  1.4696650551798123E+000                  1.6895068965755563E+001                  6.9675501568952025E-001                  2.8270334830650590E-001                  2.0541636003973851E-002                  0.0000000000000000E+000                  3.4847555942670083E+008                  6.6417415202260904E+007                  1.9455180377235276E+001                  5.2340722694966580E+001                  3.0811651367301873E-038                  6.3220973966096894E-001                  3.3811126041305019E+010                 -1.7195265426780127E-013                  5.0312041571292121E-016                 -9.8999999999999986E+001                  2.9450956808895334E+000                  3.1836563082493647E+000                  3.3341713060813554E+000 
                                     915                  3.3088186869228309E-001                 -6.1787479809646451E-001                  7.2995816544801935E+000                  1.4723786078086489E+000                  1.6899563517829701E+001                  6.9675501568879483E-001                  2.8270334830724836E-001                  2.0541636003956754E-002                  0.0000000000000000E+000                  3.4855390246784365E+008                  6.6552567797203258E+007                  2.0282521475224691E+001                  5.6464231635179985E+001                  3.7373720134890494E-038                  6.3025638566427800E-001                  3.4185337806505756E+010                 -1.7426738338266072E-013                  4.9926177015263751E-016                 -9.8999999999999986E+001                  2.9505125174413491E+000                  3.1890731448011804E+000                  3.3395881426331711E+000 
                                     916                  3.2160145179038674E-001                 -6.2250450690100079E-001                  7.3013438329495557E+000                  1.4750903165410341E+000                  1.6904054978191351E+001                  6.9675501568806308E-001                  2.8270334830799776E-001                  2.0541636003939212E-002                  0.0000000000000000E+000                  3.4863273214787912E+008                  6.6687894964762352E+007                  2.1153604693226683E+001                  6.0903899871443549E+001                  4.5314286365359999E-038                  6.2829807400375548E-001                  3.4571314971233101E+010                 -1.7637810922516479E-013                  4.9284803468727776E-016                 -9.8999999999999986E+001                  2.9560247954635579E+000                  3.1945854228233892E+000                  3.3451004206553798E+000 
                                     917                  3.1236409620588751E-001                 -6.2723450418420890E-001                  7.3031046419791821E+000                  1.4777995204618015E+000                  1.6908543350542352E+001                  6.9675501568732512E-001                  2.8270334830875404E-001                  2.0541636003920782E-002                  0.0000000000000000E+000                  3.4871251405403584E+008                  6.6823447940951444E+007                  2.2070909299438853E+001                  6.5683183896683147E+001                  5.4918738320018286E-038                  6.2633474131111366E-001                  3.4969736327249222E+010                 -1.7828154718276191E-013                  4.8438320899116060E-016                 -9.8999999999999986E+001                  2.9616368771816410E+000                  3.2001975045414719E+000                  3.3507125023734625E+000 
                                     918                  3.0317181115421565E-001                 -6.3206925127088998E-001                  7.3048640821164144E+000                  1.4805053437208955E+000                  1.6913028637255554E+001                  6.9675501568658049E-001                  2.8270334830951743E-001                  2.0541636003902131E-002                  0.0000000000000000E+000                  3.4879386481582439E+008                  6.6959294901055761E+007                  2.3037038724017584E+001                  7.0827173865574309E+001                  6.6530561500318264E-038                  6.2436657511519211E-001                  3.5381364681451080E+010                 -1.7997296068725755E-013                  4.7545937179518577E-016                 -9.8999999999999986E+001                  2.9673536112391448E+000                  3.2059142385989761E+000                  3.3564292364309667E+000 
                                     919                  2.9402667216689254E-001                 -6.3701352342421891E-001                  7.3066221536363845E+000                  1.4832070121844769E+000                  1.6917510839675106E+001                  6.9675501568582932E-001                  2.8270334831028809E-001                  2.0541636003882591E-002                  0.0000000000000000E+000                  3.4887733090710241E+008                  6.7095496612496719E+007                  2.4054742512016222E+001                  7.6362750711947811E+001                  8.0563056763881439E-038                  6.2239379140087026E-001                  3.5807025099067589E+010                 -1.8144634491068186E-013                  4.6865742290166448E-016                 -9.8999999999999986E+001                  2.9731801877933086E+000                  3.2117408151531399E+000                  3.3622558129851305E+000 
                                     920                  2.8493082444815032E-001                 -6.4207243816744730E-001                  7.3083788566351799E+000                  1.4859038512977256E+000                  1.6921989958399966E+001                  6.9675501568507148E-001                  2.8270334831106608E-001                  2.0541636003862385E-002                  0.0000000000000000E+000                  3.4896339004696006E+008                  6.7232106545069113E+007                  2.5126924139921499E+001                  8.2318710944971770E+001                  9.7513302168821888E-038                  6.2041663072429254E-001                  3.6247598280548698E+010                 -1.8269603946191119E-013                  4.6599621297117811E-016                 -9.8999999999999986E+001                  2.9791220883560836E+000                  3.2176827157159149E+000                  3.3681977135479055E+000 
                                     921                  2.7588648649015152E-001                 -6.4725148700060287E-001                  7.3101341911169389E+000                  1.4885952817050074E+000                  1.6926465993549712E+001                  6.9675501568430676E-001                  2.8270334831185151E-001                  2.0541636003841734E-002                  0.0000000000000000E+000                  3.4905245420993155E+008                  6.7369171150614023E+007                  2.6256649155312449E+001                  8.8725900075944537E+001                  1.1797887922022518E-037                  6.1843535608756850E-001                  3.6704027286262207E+010                 -1.8372162319231095E-013                  4.6405017447528797E-016                 -9.8999999999999986E+001                  2.9851851192676504E+000                  3.2237457466274813E+000                  3.3742607444594723E+000 
                                     922                  2.6689595397393728E-001                 -6.5255657103749298E-001                  7.3118881570748897E+000                  1.4912808149098684E+000                  1.6930938945013089E+001                  6.9675501568353515E-001                  2.8270334831264449E-001                  2.0541636003820418E-002                  0.0000000000000000E+000                  3.4914487252390790E+008                  6.7506730157011271E+007                  2.7447153713653194E+001                  9.5617354940456522E+001                  1.4267787513023263E-037                  6.1645025094924355E-001                  3.7177325253720879E+010                 -1.8452188247629357E-013                  4.6000225804278124E-016                 -9.8999999999999986E+001                  2.9913754496611724E+000                  3.2299360770210037E+000                  3.3804510748529943E+000 
                                     923                  2.5796160398676687E-001                 -6.5799404115222659E-001                  7.3136407545664772E+000                  1.4939600489717908E+000                  1.6935408812679494E+001                  6.9675501568275677E-001                  2.8270334831344518E-001                  2.0541636003797992E-002                  0.0000000000000000E+000                  3.4924093422569215E+008                  6.7644816846825823E+007                  2.8701853585877966E+001                  1.0302845608858243E+002                  1.7247281897330475E-037                  6.1446161737057647E-001                  3.7668584164521790E+010                 -1.8509150573546615E-013                  4.5496804377333335E-016                 -9.8999999999999986E+001                  2.9976996539079783E+000                  3.2362602812678096E+000                  3.3867752790998003E+000 
                                     924                  2.4908589959074035E-001                 -6.6357074333058907E-001                  7.3153919837827264E+000                  1.4966326642413965E+000                  1.6939875596653639E+001                  6.9675501568197129E-001                  2.8270334831425353E-001                  2.0541636003775121E-002                  0.0000000000000000E+000                  3.4934087156019288E+008                  6.7783458345969945E+007                  3.0024353623653756E+001                  1.1099709046856070E+002                  2.0839929424918276E-037                  6.1246977429847449E-001                  3.8178984837183319E+010                 -1.8542709636721679E-013                  4.4799707237292074E-016                 -9.8999999999999986E+001                  3.0041647592263603E+000                  3.2427253865861911E+000                  3.3932403844181818E+000 
                                     925                  2.4027139478246598E-001                 -6.6929407004996200E-001                  7.3171418451124177E+000                  1.4992984191343361E+000                  1.6944339297453627E+001                  6.9675501568117892E-001                  2.8270334831506971E-001                  2.0541636003751362E-002                  0.0000000000000000E+000                  3.4944486285954499E+008                  6.7922675876778349E+007                  3.1418457745513614E+001                  1.1956382550424588E+002                  2.5170014611693228E-037                  6.1047505598389062E-001                  3.8709808357155457E+010                 -1.8552502984212416E-013                  4.3823451261136655E-016                 -9.8999999999999986E+001                  3.0107782992133063E+000                  3.2493389265731372E+000                  3.3998539244051278E+000 
                                     926                  2.3152073988947358E-001                 -6.7517201866759058E-001                  7.3188903391998448E+000                  1.5019571459406382E+000                  1.6948799916192684E+001                  6.9675501568037934E-001                  2.8270334831589383E-001                  2.0541636003726826E-002                  0.0000000000000000E+000                  3.4955303492138028E+008                  6.8062485109479755E+007                  3.2888179445373304E+001                  1.2877209500647035E+002                  3.0386635068238735E-037                  6.0847781053562489E-001                  3.9262449198830963E+010                 -1.8537706768882973E-013                  4.2932019744593789E-016                 -9.8999999999999986E+001                  3.0175483745650764E+000                  3.2561090019249077E+000                  3.4066239997568983E+000 
                                     927                  2.2283668745476590E-001                 -6.8121325798889110E-001                  7.3206374669968666E+000                  1.5046087466699936E+000                  1.6953257454744971E+001                  6.9675501567957265E-001                  2.8270334831672589E-001                  2.0541636003701402E-002                  0.0000000000000000E+000                  3.4966546623843300E+008                  6.8202896388235271E+007                  3.4437752883776440E+001                  1.3866839803792692E+002                  3.6668583874314267E-037                  6.0647839860711650E-001                  3.9838430348106850E+010                 -1.8497674089127044E-013                  4.2302296845497177E-016                 -9.8999999999999986E+001                  3.0244837218656193E+000                  3.2630443492254506E+000                  3.4135593470574412E+000 
                                     928                  2.1422209866930256E-001                 -6.8742720442219951E-001                  7.3223832298107290E+000                  1.5072531889362082E+000                  1.6957711915895423E+001                  6.9675501567875886E-001                  2.8270334831756594E-001                  2.0541636003675201E-002                  0.0000000000000000E+000                  3.4978218988696897E+008                  6.8343915007744551E+007                  3.6071644572416950E+001                  1.4930251130654196E+002                  4.4230179190087609E-037                  6.0447719221086260E-001                  4.0439420800570274E+010                 -1.8432006529782008E-013                  4.1853957004977749E-016                 -9.8999999999999986E+001                  3.0315937917032514E+000                  3.2701544190630827E+000                  3.4206694168950733E+000 
                                     929                  2.0567995042364276E-001                 -6.9382410941532680E-001                  7.3241276293463571E+000                  1.5098905018846986E+000                  1.6962163303472927E+001                  6.9675501567793807E-001                  2.8270334831841393E-001                  2.0541636003648001E-002                  0.0000000000000000E+000                  3.4990319631310469E+008                  6.8485541490343899E+007                  3.7794565721362275E+001                  1.6072771637747962E+002                  5.3328224741109999E-037                  6.0247457366135870E-001                  4.1067255893695274E+010                 -1.8340000814669161E-013                  4.1804252094019586E-016                 -9.8999999999999986E+001                  3.0388888382118626E+000                  3.2774494655716939E+000                  3.4279644634036845E+000 
                                     930                  1.9721334305911745E-001                 -7.0041516023155648E-001                  7.3258706677400269E+000                  1.5125207721449083E+000                  1.6966611622467489E+001                  6.9675501567711018E-001                  2.8270334831926996E-001                  2.0541636003619912E-002                  0.0000000000000000E+000                  3.5002843538967288E+008                  6.8627771975365385E+007                  3.9611485246713116E+001                  1.7300104219978184E+002                  6.4270314582869512E-037                  6.0047093464228884E-001                  4.1723961038020699E+010                 -1.8221515208300934E-013                  4.1804759209064262E-016                 -9.8999999999999986E+001                  3.0463800222898332E+000                  3.2849406496496640E+000                  3.4354556474816547E+000 
                                     931                  1.8882550891225011E-001                 -7.0721259657474500E-001                  7.3276123475878734E+000                  1.5151441398279268E+000                  1.6971056879130629E+001                  6.9675501567627529E-001                  2.8270334832013400E-001                  2.0541636003590713E-002                  0.0000000000000000E+000                  3.5015781995935190E+008                  6.8770598371736348E+007                  4.1527643539343678E+001                  1.8618352466105983E+002                  7.7424745703862863E-037                  5.9846667539379450E-001                  4.2411779545227821E+010                 -1.8076894126510208E-013                  4.1017117504021519E-016                 -9.8999999999999986E+001                  3.0540795302448842E+000                  3.2926401576047151E+000                  3.4431551554367057E+000 
                                     932                  1.8051982176267872E-001                 -7.1422984614134355E-001                  7.3293526719732851E+000                  1.5177607945599518E+000                  1.6975499081059557E+001                  6.9675501567543341E-001                  2.8270334832100602E-001                  2.0541636003560626E-002                  0.0000000000000000E+000                  3.5029122874795717E+008                  6.8914008601189703E+007                  4.3548566974699462E+001                  2.0034048344007908E+002                  9.3232335141146236E-037                  5.9646220400525751E-001                  4.3133205421446625E+010                 -1.7905366936283143E-013                  3.9717608941798823E-016                 -9.8999999999999986E+001                  3.0620007108895657E+000                  3.3005613382493970E+000                  3.4510763360813876E+000 
                                     933                  1.7229980731435565E-001                 -7.2148168289815751E-001                  7.3310916444855003E+000                  1.5203709715650136E+000                  1.6979938237263930E+001                  6.9675501567458453E-001                  2.8270334832188598E-001                  2.0541636003529540E-002                  0.0000000000000000E+000                  3.5042850833465904E+008                  6.9057986995376393E+007                  4.5680083303880942E+001                  2.1554181851009776E+002                  1.1222052352956538E-036                  5.9445793582440443E-001                  4.3891022214113487E+010                 -1.7705513294839430E-013                  3.8834003428308070E-016                 -9.8999999999999986E+001                  3.0701582361200357E+000                  3.3087188634798670E+000                  3.4592338613118576E+000 
                                     934                  1.6416915486360123E-001                 -7.2898441280502790E-001                  7.3328292692268313E+000                  1.5229749477596231E+000                  1.6984374358214861E+001                  6.9675501567372899E-001                  2.8270334832277394E-001                  2.0541636003497121E-002                  0.0000000000000000E+000                  3.5056947529581988E+008                  6.9202514641626298E+007                  4.7928337845891690E+001                  2.3186232589025636E+002                  1.3502017262560536E-036                  5.9245429296948204E-001                  4.4688349287079269E+010                 -1.7477036174031531E-013                  3.8175560685796166E-016                 -9.8999999999999986E+001                  3.0785682892361250E+000                  3.3171289165959563E+000                  3.4676439144279469E+000 
                                     935                  1.5613173033674019E-001                 -7.3675609288682409E-001                  7.3345655508161673E+000                  1.5255730379074490E+000                  1.6988807455875349E+001                  6.9675501567286657E-001                  2.8270334832366961E-001                  2.0541636003463815E-002                  0.0000000000000000E+000                  3.5071392022598791E+008                  6.9347569466771960E+007                  5.0299810712002774E+001                  2.4938203617426123E+002                  1.6238561483284688E-036                  5.9045170394031743E-001                  4.5528697269422066E+010                 -1.7220139967962845E-013                  3.7058430301097899E-016                 -9.8999999999999986E+001                  3.0872487855980912E+000                  3.3258094129579225E+000                  3.4763244107899132E+000 
                                     936                  1.4819159091591566E-001                 -7.4481679109569809E-001                  7.3363004943914838E+000                  1.5281655908022758E+000                  1.6993237543709643E+001                  6.9675501567199760E-001                  2.8270334832457295E-001                  2.0541636003429398E-002                  0.0000000000000000E+000                  3.5086161096113610E+008                  6.9493126419281527E+007                  5.2801334918063006E+001                  2.6818657456078950E+002                  1.9521850963158997E-036                  5.8845060330760890E-001                  4.6416034914536804E+010                 -1.6933819024658623E-013                  3.6020897813006067E-016                 -9.8999999999999986E+001                  3.0962196335541425E+000                  3.3347802609139734E+000                  3.4852952587459645E+000 
                                     937                  1.4035300151637253E-001                 -7.5318889641732312E-001                  7.3380341055977025E+000                  1.5307529854994606E+000                  1.6997664636671498E+001                  6.9675501567112241E-001                  2.8270334832548377E-001                  2.0541636003393871E-002                  0.0000000000000000E+000                  3.5101229254229081E+008                  6.9639158114854947E+007                  5.5440115686282383E+001                  2.8836754715462473E+002                  2.3459632489743343E-036                  5.8645143150137768E-001                  4.7354870261564819E+010                 -1.6617405785463172E-013                  3.5279958901978625E-016                 -9.8999999999999986E+001                  3.1055030473677383E+000                  3.3440636747275692E+000                  3.4945786725595598E+000 
                                     938                  1.3262045343432186E-001                 -7.6189749133392182E-001                  7.3397663905604666E+000                  1.5333356275416279E+000                  1.7002088751166561E+001                  6.9675501567024123E-001                  2.8270334832640198E-001                  2.0541636003356789E-002                  0.0000000000000000E+000                  3.5116569068056858E+008                  6.9785634974984333E+007                  5.8223750690837122E+001                  3.1002295095188208E+002                  2.8180619592688576E-036                  5.8445463467450764E-001                  4.8350349872433212E+010                 -1.6271518769603609E-013                  3.3788835612758689E-016                 -9.8999999999999986E+001                  3.1151239223206857E+000                  3.3536845496805165E+000                  3.5041995475125072E+000 
                                     939                  1.2499868555496885E-001                 -7.7097080230828174E-001                  7.3414973558537842E+000                  1.5359139452583153E+000                  1.7006509904985890E+001                  6.9675501566935405E-001                  2.8270334832732719E-001                  2.0541636003318819E-002                  0.0000000000000000E+000                  3.5132151568903571E+008                  6.9932525341637269E+007                  6.1160251682266050E+001                  3.3325761408038312E+002                  3.3838535665008294E-036                  5.8246066464500434E-001                  4.9408381110352974E+010                 -1.5895952780372496E-013                  3.1352577375031575E-016                 -9.8999999999999986E+001                  3.1251102861719526E+000                  3.3636709135317839E+000                  3.5141859113637746E+000 
                                     940                  1.1749270860055250E-001                 -7.8044074874261915E-001                  7.3432270084627493E+000                  1.5384883860790486E+000                  1.7010928117205644E+001                  6.9675501566846132E-001                  2.8270334832825916E-001                  2.0541636003279518E-002                  0.0000000000000000E+000                  3.5147946554453009E+008                  7.0079795595283657E+007                  6.4258067168026457E+001                  3.5818366260230408E+002                  4.0616917735512984E-036                  5.8046997889009633E-001                  5.0535784071242577E+010                 -1.5488847761949365E-013                  2.9467700491233525E-016                 -9.8999999999999986E+001                  3.1354938490284212E+000                  3.3740544763882525E+000                  3.5245694742202431E+000 
                                     941                  1.1010783301296118E-001                 -7.9034361741173498E-001                  7.3449553557178735E+000                  1.5410594128763608E+000                  1.7015343408044618E+001                  6.9675501566756348E-001                  2.8270334832919769E-001                  2.0541636003238883E-002                  0.0000000000000000E+000                  3.5163922480690324E+008                  7.0227411031996250E+007                  6.7526106598507411E+001                  3.8492102122386882E+002                  4.8734852160296979E-036                  5.7848304062710532E-001                  5.1740482073698380E+010                 -1.5048167870394996E-013                  2.9850915652774298E-016                 -9.8999999999999986E+001                  3.1463106810748362E+000                  3.3848713084346671E+000                  3.5353863062666577E+000 
                                     942                  1.0284970121527574E-001                 -8.0072089842131167E-001                  7.3466824052039836E+000                  1.5436275002836095E+000                  1.7019755798669348E+001                  6.9675501566666098E-001                  2.8270334833014205E-001                  2.0541636003196917E-002                  0.0000000000000000E+000                  3.5180046997161889E+008                  7.0375335658866316E+007                  7.0973765700630480E+001                  4.1359794372186150E+002                  5.8453789247013136E-036                  5.7650031895338749E-001                  5.3031742847683159E+010                 -1.4575415180647303E-013                  3.0736545838976468E-016                 -9.8999999999999986E+001                  3.1576020507678928E+000                  3.3961626781277241E+000                  3.5466776759597147E+000 
                                     943                  9.5724325194061238E-002                 -8.1162033143745693E-001                  7.3484081646525352E+000                  1.5461931310738042E+000                  1.7024165310932045E+001                  6.9675501566575426E-001                  2.8270334833109206E-001                  2.0541636003153618E-002                  0.0000000000000000E+000                  3.5196287076758873E+008                  7.0523532611998439E+007                  7.4610953438234020E+001                  4.4435158075931957E+002                  7.0085675100257739E-036                  5.7452228904924052E-001                  5.4420487191592293E+010                 -1.4073491036417534E-013                  2.9027440109451254E-016                 -9.8999999999999986E+001                  3.1694154719282639E+000                  3.4079760992880948E+000                  3.5584910971200854E+000 
                                     944                  8.8738130605978849E-002                 -8.2309722900690441E-001                  7.3501326418051534E+000                  1.5487567925164096E+000                  1.7028571967018053E+001                  6.9675501566484388E-001                  2.8270334833204697E-001                  2.0541636003109209E-002                  0.0000000000000000E+000                  3.5212609545870250E+008                  7.0671963978355601E+007                  7.8448120300499497E+001                  4.7732858192543409E+002                  8.4002620080885847E-036                  5.7254943348932918E-001                  5.5919688616016411E+010                 -1.3540716383025887E-013                  2.6289793534507110E-016                 -9.8999999999999986E+001                  3.1818060280011391E+000                  3.4203666553609704E+000                  3.5708816531929610E+000 
                                     945                  8.1898008964931254E-002                 -8.3521616995490455E-001                  7.3518558442089113E+000                  1.5513189727024796E+000                  1.7032975788970798E+001                  6.9675501566393061E-001                  2.8270334833300603E-001                  2.0541636003063357E-002                  0.0000000000000000E+000                  3.5228980732249445E+008                  7.0820592040034130E+007                  8.2496288115749266E+001                  5.1268573650426379E+002                  1.0064842256817811E-035                  5.7058221038297086E-001                  5.7544897495604225E+010                 -1.2974798577490865E-013                  2.4804080471745437E-016                 -9.8999999999999986E+001                  3.1948380690375244E+000                  3.4333986963973557E+000                  3.5839136942293464E+000 
                                     946                  7.5211379948383714E-002                 -8.4805319442102778E-001                  7.3535777789430314E+000                  1.5538801567750309E+000                  1.7037376798043656E+001                  6.9675501566301523E-001                  2.8270334833396848E-001                  2.0541636003016284E-002                  0.0000000000000000E+000                  3.5245367221073675E+008                  7.0969378600686222E+007                  8.6767081292953094E+001                  5.5059065286689804E+002                  1.2055228791314544E-035                  5.6862094822030063E-001                  5.9314938354489799E+010                 -1.2376516169899020E-013                  2.3901478882416647E-016                 -9.8999999999999986E+001                  3.2085874087277038E+000                  3.4471480360875351E+000                  3.5976630339195257E+000 
                                     947                  6.8686266531914938E-002                 -8.6169869011303568E-001                  7.3552984522531757E+000                  1.5564408231198403E+000                  1.7041775013803310E+001                  6.9675501566209874E-001                  2.8270334833493344E-001                  2.0541636002967767E-002                  0.0000000000000000E+000                  3.5261735848990977E+008                  7.1118285742410719E+007                  9.1272759377295344E+001                  5.9122247635100769E+002                  1.4434515494499025E-035                  5.6666594721856522E-001                  6.1252852220138809E+010                 -1.1746039609492417E-013                  2.3670055398664795E-016                 -9.8999999999999986E+001                  3.2231442113607311E+000                  3.4617048387205620E+000                  3.6122198365525526E+000 
                                     948                  6.2331386609785266E-002                 -8.7626124859387300E-001                  7.3570178690384154E+000                  1.5590014393806055E+000                  1.7046170452863283E+001                  6.9675501566118214E-001                  2.8270334833589977E-001                  2.0541636002918029E-002                  0.0000000000000000E+000                  3.5278054367606938E+008                  7.1267275294776991E+007                  9.6026250954616145E+001                  6.3477264873712431E+002                  1.7277916085650480E-035                  5.6471750518802566E-001                  6.3387192837728134E+010                 -1.1084310565994765E-013                  2.3608987630059392E-016                 -9.8999999999999986E+001                  3.2386168493238485E+000                  3.4771774766836798E+000                  3.6276924745156705E+000 
                                     949                  5.6156266128973002E-002                 -8.9187291114494971E-001                  7.3587360320950621E+000                  1.5615624581454031E+000                  1.7050563127054421E+001                  6.9675501566026665E-001                  2.8270334833686600E-001                  2.0541636002867403E-002                  0.0000000000000000E+000                  3.5294290689342213E+008                  7.1416310532672167E+007                  1.0104118806211066E+002                  6.8144569982625728E+002                  2.0675076976092724E-035                  5.6277591568923024E-001                  6.5753845374222740E+010                 -1.0394582053765874E-013                  2.1128804003125764E-016                 -9.8999999999999986E+001                  3.2551371534343079E+000                  3.4936977807941392E+000                  3.6442127786261298E+000 
                                     950                  5.0171380785820396E-002                 -9.0869645200572757E-001                  7.3604529410067263E+000                  1.5641243121576853E+000                  1.7054953040725536E+001                  6.9675501565935405E-001                  2.8270334833783073E-001                  2.0541636002815222E-002                  0.0000000000000000E+000                  3.5310414095798814E+008                  7.1565354887839288E+007                  1.0633194103803302E+002                  7.3146007460117255E+002                  2.4732836590978696E-035                  5.6084146673828439E-001                  6.8398636311521660E+010                 -9.6769055744125727E-014                  1.7115050127590537E-016                 -9.8999999999999986E+001                  3.2728676984894340E+000                  3.5114283258492649E+000                  3.6619433236812555E+000 
                                     951                  4.4388336344121225E-002                 -9.2693572919660949E-001                  7.3621685904436438E+000                  1.5666874087527960E+000                  1.7059340186560018E+001                  6.9675501565844256E-001                  2.8270334833879557E-001                  2.0541636002761932E-002                  0.0000000000000000E+000                  3.5326394995824218E+008                  7.1714372834848225E+007                  1.1191365186531441E+002                  7.8504897304984127E+002                  2.9578500336795796E-035                  5.5891444033216764E-001                  7.1120035113143127E+010                 -8.9285451629262261E-014                  1.5578457679954117E-016                 -9.8999999999999986E+001                  3.2920121548115726E+000                  3.5305727821714039E+000                  3.6810877800033945E+000 
                                     952                  3.8820102683166782E-002                 -9.4685079619274337E-001                  7.3638829674528310E+000                  1.5692521228965002E+000                  1.7063724538894359E+001                  6.9675501565749376E-001                  2.8270334833980132E-001                  2.0541636002704866E-002                  0.0000000000000000E+000                  3.5342205541340351E+008                  7.1863329193929985E+007                  1.1780226408676296E+002                  8.4246118785067620E+002                  3.5363741454436501E-035                  5.5699511324676565E-001                  7.1059231017029236E+010                 -8.1509003957256955E-014                  1.6815322658004919E-016                 -9.8999999999999986E+001                  3.3128304033615379E+000                  3.5513910307213687E+000                  3.7019060285533594E+000 
                                     953                  3.3481323931578884E-002                 -9.6878067190229822E-001                  7.3655960469688750E+000                  1.5718187876441094E+000                  1.7068106042685855E+001                  6.9675501565650444E-001                  2.8270334834085148E-001                  2.0541636002644026E-002                  0.0000000000000000E+000                  3.5357818926551676E+008                  7.2012190519625366E+007                  1.2401454492547084E+002                  9.0396188142075698E+002                  4.2269223508605134E-035                  5.5508375993124615E-001                  7.0997940990168381E+010                 -7.3497486607455563E-014                  1.7274696379577393E-016                 -9.8999999999999986E+001                  3.3356613128165331E+000                  3.5742219401763644E+000                  3.7247369380083550E+000 
                                     954                  2.8388740332892699E-002                 -9.9317895621740870E-001                  7.3671028213389471E+000                  1.5740812939111819E+000                  1.7071961722192320E+001                  6.9675501565559472E-001                  2.8270334834181854E-001                  2.0541636002586738E-002                  0.0000000000000000E+000                  3.5371373345640290E+008                  7.2143115671295315E+007                  1.2976494088535171E+002                  9.6170617871513309E+002                  4.9444865656378358E-035                  5.5340855324559346E-001                  7.0936014279260513E+010                 -6.5294496179785619E-014                  1.5485670219662211E-016                 -9.8999999999999986E+001                  3.3609584762791913E+000                  3.5995191036390222E+000                  3.7500341014710128E+000 
                                     955                  2.4751604096862782E-002                 -1.0134102205033282E+000                  7.3685864107225596E+000                  1.5763094064852645E+000                  1.7075755456367073E+001                  6.9675501565466658E-001                  2.8270334834280630E-001                  2.0541636002527119E-002                  0.0000000000000000E+000                  3.5384557837821859E+008                  7.2271998655372083E+007                  1.3570078785180144E+002                  1.0221057758760606E+003                  5.7693769067167775E-035                  5.5176359404548758E-001                  7.0889397467327789E+010                 -5.9039337644028232E-014                  1.4032078146711100E-016                 -9.8999999999999986E+001                  3.3818601928699432E+000                  3.6204208202297745E+000                  3.7709358180617651E+000 
                                     956                  2.0139600747149704E-002                 -1.0437754986402228E+000                  7.3702949178175592E+000                  1.5788816011686413E+000                  1.7080126626370820E+001                  6.9675501565354381E-001                  2.8270334834400307E-001                  2.0541636002453068E-002                  0.0000000000000000E+000                  3.5399502594125247E+008                  7.2420365451295570E+007                  1.4289241491868626E+002                  1.0963139315074786E+003                  6.8906654813348744E-035                  5.4987638066392774E-001                  7.0826583204533173E+010                 -5.0556011282895334E-014                  1.3038355548501950E-016                 -9.8999999999999986E+001                  3.4131196850073464E+000                  3.6516803123671773E+000                  3.8021953101991679E+000 
                                     957                  1.5836760298258326E-002                 -1.0790860262739312E+000                  7.3720014135236518E+000                  1.5814558081619736E+000                  1.7084493188486743E+001                  6.9675501565236053E-001                  2.8270334834526611E-001                  2.0541636002373354E-002                  0.0000000000000000E+000                  3.5414165064779377E+008                  7.2568477438430056E+007                  1.5047576396331337E+002                  1.1757364321683085E+003                  8.2275136764504973E-035                  5.4799867459057161E-001                  7.0762981885559631E+010                 -4.1998237930758680E-014                  1.1722283869694685E-016                 -9.8999999999999986E+001                  3.4493221080918772E+000                  3.6878827354517085E+000                  3.8383977332836992E+000 
                                     958                  1.1876045248094347E-002                 -1.1212681103614395E+000                  7.3737052434137613E+000                  1.5840312731716650E+000                  1.7088853509924174E+001                  6.9675501565110731E-001                  2.8270334834660615E-001                  2.0541636002286534E-002                  0.0000000000000000E+000                  3.5428525134283155E+008                  7.2716258609257758E+007                  1.5846882537680159E+002                  1.2606941045854198E+003                  9.8203970629534258E-035                  5.4613133734090613E-001                  7.0698630285088745E+010                 -3.3450897067692881E-014                  9.9601437627786993E-017                 -9.8999999999999986E+001                  3.4923937857664544E+000                  3.7309544131262857E+000                  3.8814694109582764E+000 
                                     959                  8.3001612395171252E-003                 -1.1736493954926421E+000                  7.3754049127033481E+000                  1.5866059494296814E+000                  1.7093203838800139E+001                  6.9675501564977005E-001                  2.8270334834803801E-001                  2.0541636002191943E-002                  0.0000000000000000E+000                  3.5442558987317824E+008                  7.2863564187611014E+007                  1.6688575755377536E+002                  1.3514750464547815E+003                  1.1716097812372205E-034                  5.4427611730212544E-001                  7.0633456166604477E+010                 -2.5024268668732720E-014                  8.3865875118789237E-017                 -9.8999999999999986E+001                  3.5456627811919339E+000                  3.7842234085517648E+000                  3.9347384063837554E+000 
                                     960                  5.1680231222641206E-003                 -1.2427604774953938E+000                  7.3770961776691690E+000                  1.5891736311469673E+000                  1.7097533467094166E+001                  6.9675501564832831E-001                  2.8270334834958449E-001                  2.0541636002087138E-002                  0.0000000000000000E+000                  3.5456225312901068E+008                  7.3010014823172539E+007                  1.7572544278342971E+002                  1.4482052692493141E+003                  1.3965216262626529E-034                  5.4243771252084649E-001                  7.0567331325888870E+010                 -1.6894565867509129E-014                  6.5972430234045795E-017                 -9.8999999999999986E+001                  3.6156608705526407E+000                  3.8542214979124720E+000                  4.0047364957444627E+000 
                                     961                  2.5698168458660495E-003                 -1.3444368782200522E+000                  7.3784862933381063E+000                  1.5912906492988659E+000                  1.7101094952715098E+001                  6.9675501564701103E-001                  2.8270334835099975E-001                  2.0541636001989216E-002                  0.0000000000000000E+000                  3.5467221388683987E+008                  7.3130288540090054E+007                  1.8335719715003790E+002                  1.5328113324321264E+003                  1.6133757548946985E-034                  5.4093297803687990E-001                  7.0499769415899017E+010                 -9.3440917073558341E-015                  4.4701133661286968E-017                 -9.8999999999999986E+001                  3.7182278632446435E+000                  3.9567884906044744E+000                  4.1073034884364645E+000 
                                     962                  1.4180948997967750E-003                 -1.4307937603630525E+000                  7.3793177206544920E+000                  1.5925573058189963E+000                  1.7103223932264342E+001                  6.9675501564615594E-001                  2.8270334835191940E-001                  2.0541636001924601E-002                  0.0000000000000000E+000                  3.5473705503927517E+008                  7.3202179466942847E+007                  1.8808536175462916E+002                  1.5857214524461720E+003                  1.7588457785958934E-034                  5.4003514178118572E-001                  7.0462490869307877E+010                 -5.5887212269116328E-015                  3.5634003153217683E-017                 -9.8999999999999986E+001                  3.8050704902259143E+000                  4.0436311175857451E+000                  4.1941461154177357E+000 
                                     963                  7.2404911970130957E-004                 -1.5283239696624618E+000                  7.3799031655454419E+000                  1.5934499774098674E+000                  1.7104723076944332E+001                  6.9675501564549935E-001                  2.8270334835262584E-001                  2.0541636001874863E-002                  0.0000000000000000E+000                  3.5478227107400161E+008                  7.3252781061285138E+007                  1.9149063358352683E+002                  1.6240551339316316E+003                  1.8690848970963563E-034                  5.3940404191401059E-001                  7.0434669029809631E+010                 -3.1038638422734419E-015                  2.7950139723760111E-017                 -9.8999999999999986E+001                  3.9029612009853261E+000                  4.1415218283451569E+000                  4.2920368261771475E+000 
                                     964                  3.7702622965357689E-004                 -1.6229249694776584E+000                  7.3802664902508015E+000                  1.5940041683562567E+000                  1.7105653341586930E+001                  6.9675501564505815E-001                  2.8270334835310090E-001                  2.0541636001840891E-002                  0.0000000000000000E+000                  3.5481015404662251E+008                  7.3284175838764668E+007                  1.9363605596856419E+002                  1.6483027650683641E+003                  1.9409487198261577E-034                  5.3901281599828410E-001                  7.0417297669408340E+010                 -1.7453545124166263E-015                  2.1234354221458699E-017                 -9.8999999999999986E+001                  3.9977862823314849E+000                  4.2363469096913162E+000                  4.3868619075233068E+000 
                                     965                  2.0351478462971050E-004                 -1.7122669927067244E+000                  7.3804894036346225E+000                  1.5943442609602996E+000                  1.7106224055649481E+001                  6.9675501564476694E-001                  2.8270334835341460E-001                  2.0541636001818464E-002                  0.0000000000000000E+000                  3.5482719404267943E+008                  7.3303434545394078E+007                  1.9496468522319336E+002                  1.6633558919454488E+003                  1.9864020386910517E-034                  5.3877294790717078E-001                  7.0406565245307266E+010                 -1.0111841821142482E-015                  1.4731702998546293E-017                 -9.8999999999999986E+001                  4.0872664071663429E+000                  4.3258270345261742E+000                  4.4763420323581649E+000 
                                     966                  1.1675906211777730E-004                 -1.7927526551247599E+000                  7.3806234654510066E+000                  1.5945488222014905E+000                  1.7106567272747988E+001                  6.9675501564458009E-001                  2.8270334835361577E-001                  2.0541636001804142E-002                  0.0000000000000000E+000                  3.5483741745427418E+008                  7.3315015719679311E+007                  1.9576828373682565E+002                  1.6724741312286467E+003                  2.0142494491292838E-034                  5.3862874922738846E-001                  7.0400044976579514E+010                 -6.2069975784861968E-016                  7.1076091388368007E-018                 -9.8999999999999986E+001                  4.1678358449529167E+000                  4.4063964723127480E+000                  4.5569114701447386E+000 
                                     967                  7.3381200861810699E-005                 -1.8600176842981695E+000                  7.3807016947701864E+000                  1.5946681991439160E+000                  1.7106767545338620E+001                  6.9675501564446507E-001                  2.8270334835373967E-001                  2.0541636001795260E-002                  0.0000000000000000E+000                  3.5484337463413769E+008                  7.3321773300225556E+007                  1.9623879534159414E+002                  1.6778176583639308E+003                  2.0306794836066785E-034                  5.3854462540496928E-001                  7.0396184749700394E+010                 -4.1374311946844937E-016                  2.3996995466414826E-018                 -9.8999999999999986E+001                  4.2351504281044896E+000                  4.4737110554643200E+000                  4.6242260532963106E+000 
                                     968                  5.1692270233660867E-005                 -1.9107543411065107E+000                  7.3807602963570860E+000                  1.5947576248682311E+000                  1.7106917563048857E+001                  6.9675501564437547E-001                  2.8270334835383620E-001                  2.0541636001788266E-002                  0.0000000000000000E+000                  3.5484783322797418E+008                  7.3326835209941611E+007                  1.9659202200629659E+002                  1.6818315008331911E+003                  2.0430750178576437E-034                  5.3848161726339405E-001                  7.0393976664571777E+010                 -3.0151553427486913E-016                  3.5492897850415335E-018                 -9.8999999999999986E+001                  4.2859154180487113E+000                  4.5244760454085418E+000                  4.6749910432405324E+000 
                                     969                  3.0003339605672364E-005                 -1.9895261771225208E+000                  7.3808197072542647E+000                  1.5948482952965386E+000                  1.7107069656143214E+001                  6.9675501564427877E-001                  2.8270334835394034E-001                  2.0541636001780939E-002                  0.0000000000000000E+000                  3.5485234956072277E+008                  7.3331966856696889E+007                  1.9695080267269148E+002                  1.6859104618830368E+003                  2.0557191243322622E-034                  5.3841774916511920E-001                  7.0391407118411697E+010                 -1.8260727313749878E-016                  5.6969962802443691E-018                 -9.8999999999999986E+001                  4.3647202105102885E+000                  4.6032808378701198E+000                  4.7537958357021104E+000 
                                     970                  1.5001669797615499E-005                 -2.0898865526769623E+000                  7.3808656073776850E+000                  1.5949183517122547E+000                  1.7107187162739187E+001                  6.9675501564419817E-001                  2.8270334835402727E-001                  2.0541636001774499E-002                  0.0000000000000000E+000                  3.5485583621613526E+008                  7.3335931387733117E+007                  1.9722845838364492E+002                  1.6890685044864354E+003                  2.0655414509960822E-034                  5.3836841222274245E-001                  7.0389216596612488E+010                 -9.6416663219484650E-017                  5.3689555612312809E-018                 -9.8999999999999986E+001                  4.4651086647759195E+000                  4.7036692921357508E+000                  4.8541842899677414E+000 
                                     971                  7.5008348994157406E-006                 -2.1902406184362380E+000                  7.3808945193569961E+000                  1.5949624807606133E+000                  1.7107261178252774E+001                  6.9675501564414311E-001                  2.8270334835408650E-001                  2.0541636001770391E-002                  0.0000000000000000E+000                  3.5485803132354712E+008                  7.3338428549000204E+007                  1.9740355898594746E+002                  1.6910607135906928E+003                  2.0717525310402242E-034                  5.3833733815416529E-001                  7.0387836435323898E+010                 -5.0600492812138575E-017                  4.3993491730005501E-018                 -9.8999999999999986E+001                  4.5654804152339512E+000                  4.8040410425937816E+000                  4.9545560404257722E+000 
                                     972                  3.7504174504823947E-006                 -2.2905907078971839E+000                  7.3809127314580056E+000                  1.5949902788387260E+000                  1.7107307801530816E+001                  6.9675501564410569E-001                  2.8270334835412680E-001                  2.0541636001767505E-002                  0.0000000000000000E+000                  3.5485941361174500E+008                  7.3340001528887555E+007                  1.9751394029057795E+002                  1.6923168258403578E+003                  2.0756745813707166E-034                  5.3831776520110441E-001                  7.0386966938825317E+010                 -2.7816171219013310E-017                  1.8964622588155332E-018                 -9.8999999999999986E+001                  4.6658416437969308E+000                  4.9044022711567612E+000                  5.0549172689887518E+000 
                                     973                  1.8752087258491883E-006                 -2.3909382887271811E+000                  7.3809242038441951E+000                  1.5950077899418824E+000                  1.7107337170935217E+001                  6.9675501564408038E-001                  2.8270334835415417E-001                  2.0541636001765395E-002                  0.0000000000000000E+000                  3.5486028417682803E+008                  7.3340992391947493E+007                  1.9758350585651377E+002                  1.6931085634052813E+003                  2.0781490218065823E-034                  5.3830543599966352E-001                  7.0386419170808655E+010                 -1.6520214758877549E-017                 -4.7074567309057249E-019                 -9.8999999999999986E+001                  4.7661962412060452E+000                  5.0047568685658765E+000                  5.1552718663978672E+000 
                                     974                  9.3760436336605141E-007                 -2.4912842814147056E+000                  7.3809314307878084E+000                  1.5950188210104079E+000                  1.7107355671934414E+001                  6.9675501564406306E-001                  2.8270334835417288E-001                  2.0541636001764063E-002                  0.0000000000000000E+000                  3.5486083251693279E+008                  7.3341616575312510E+007                  1.9762734119592949E+002                  1.6936075000179310E+003                  2.0797092928895856E-034                  5.3829766948198809E-001                  7.0386074090866821E+010                 -7.5772332307524868E-018                  1.0912280820834382E-018                 -9.8999999999999986E+001                  4.8665466538163660E+000                  5.1051072811761973E+000                  5.2556222790081879E+000 
                                     975                  4.6880218229101653E-007                 -2.5916292577972722E+000                  7.3809359833936039E+000                  1.5950257700527821E+000                  1.7107367326605527E+001                  6.9675501564405118E-001                  2.8270334835418554E-001                  2.0541636001763286E-002                  0.0000000000000000E+000                  3.5486117792411238E+008                  7.3342009776755258E+007                  1.9765496039307834E+002                  1.6939218790518130E+003                  2.0806927861138321E-034                  5.3829277703963785E-001                  7.0385856701114975E+010                 -9.7463283112749588E-019                  3.7070180784336596E-018                 -9.8999999999999986E+001                  4.9668944144735265E+000                  5.2054550418333578E+000                  5.3559700396653485E+000 
                                     976                  2.3440109187003113E-007                 -2.6919735622428376E+000                  7.3809398072922976E+000                  1.5950316068086061E+000                  1.7107377115761828E+001                  6.9675501564404052E-001                  2.8270334835419703E-001                  2.0541636001762509E-002                  0.0000000000000000E+000                  3.5486146801811433E+008                  7.3342340041005820E+007                  1.9767816183637706E+002                  1.6941859817993379E+003                  2.0815192173588187E-034                  5.3828866773628814E-001                  7.0385719753857788E+010                  2.1858007829975108E-018                  4.7141604943884610E-018                 -8.8301947114007255E+000                  5.0672404728617515E+000                  5.3058011002215828E+000                  5.4563160980535734E+000 
