                                       1                                        2                                        3                                        4                                        5                                        6                                        7                                        8                                        9                                       10                                       11                                       12                                       13                                       14                                       15                                       16                                       17                                       18                                       19                                       20                                       21                                       22                                       23                                       24                                       25                                       26                                       27                                       28                                       29                                       30                                       31                                       32                                       33                                       34                                       35                                       36                                       37                                       38                                       39                                       40                                       41                                       42                                       43                                       44                                       45                                       46                                       47                                       48                                       49 
                            model_number                                num_zones                             initial_mass                                initial_z                                 star_age                                time_step                                     Teff                            photosphere_L                            photosphere_r                               center_eta                                center_h1                               center_he3                               center_he4                               center_c12                               center_n14                               center_o16                              center_ne20                                star_mass                                star_mdot                             star_mass_h1                            star_mass_he3                            star_mass_he4                            star_mass_c12                            star_mass_n14                            star_mass_o16                           star_mass_ne20                             he_core_mass                             co_core_mass                             fe_core_mass                   neutron_rich_core_mass                             dynamic_time                             kh_timescale                            nuc_timescale                           power_nuc_burn                             power_h_burn                            power_he_burn                                power_neu                                burn_min1                                burn_min2                             time_seconds                           version_number                                 compiler                                    build                         MESA_SDK_version                             math_backend                                     date                                     msun                                     rsun                                     lsun 
                                      40                                      967                  3.0000000000000000E+000                  2.0000000000000000E-002                  4.7110870008056678E+007                  7.8571575038352758E+006                  1.1959177461424717E+004                  8.3936671511839634E+001                  2.1341572283216377E+000                 -3.4054981295450975E+000                  6.5282138579995208E-001                  2.3263756677381251E-006                  3.2694389044572092E-001                  5.1456052293764218E-005                  7.3062248062026507E-003                  6.7124702670118179E-003                  2.0850244238815232E-003                  2.9999698318128378E+000                 -6.6472332244878518E-013                  2.0586387643318464E+000                  1.5236924466172165E-004                  8.8072411876671164E-001                  5.8864075177657380E-003                  1.0237707896400909E-002                  2.5843911199836277E-002                  6.2550103702245924E-003                  0.0000000000000000E+000                  0.0000000000000000E+000                  0.0000000000000000E+000                  0.0000000000000000E+000                  1.8015164425495914E+004                  1.1831410638969543E+006                  3.5740871990494394E+008                  8.4017275156944820E+001                  8.4017275156944805E+001                  2.3522671625473612E-036                  5.8361427871559561E+000                  5.0000000000000000E+001                  1.0000000000000000E+003                  1.4867059913662495E+015                               "r25.12.1"                               "gfortran"                                 "13.3.0"                   "x86_64-linux-25.12.1"                                 "CRMATH"                               "20260218"                  1.9884098706980504E+033                  6.9570000000000000E+010                  3.8280000000000003E+033 

                                       1                                        2                                        3                                        4                                        5                                        6                                        7                                        8                                        9                                       10                                       11                                       12                                       13                                       14                                       15                                       16                                       17                                       18                                       19                                       20                                       21                                       22                                       23 
                                    zone                                     mass                                     logR                                     logT                                   logRho                                     logP                        x_mass_fraction_H                       y_mass_fraction_He                   z_mass_fraction_metals                                 velocity                                       cp                                   csound                                       pp                                      cno                                tri_alpha                                  opacity                        mlt_mixing_length                                 brunt_N2                brunt_N2_composition_term                              log_brunt_N                             log_lamb_Sl1                             log_lamb_Sl2                             log_lamb_Sl3 
                                       1                  2.9999698318128378E+000                  3.2922641175064710E-001                  4.0801018808003775E+000                 -9.2149531003181924E+000                  2.9672273752203497E+000                  6.9999999999760387E-001                  2.8000000000239628E-001                  1.9999999999999796E-002                  0.0000000000000000E+000                  9.6971563988863528E+008                  1.3970203866186810E+006                  8.9391284220840891E-029                  0.0000000000000000E+000                  0.0000000000000000E+000                  1.3957746582963292E+001                  1.6845301171623752E+008                  2.1486773175230461E-005                  0.0000000000000000E+000                 -2.3339144003839856E+000                  3.2588945815434628E-001                  5.6445008551417730E-001                  7.1496508334616793E-001 
                                       2                  2.9999698318122379E+000                  3.2920574529049373E-001                  4.0836648899065597E+000                 -9.1917579894034258E+000                  2.9937282873744193E+000                  6.9999999999760387E-001                  2.8000000000239628E-001                  1.9999999999999796E-002                  0.0000000000000000E+000                  9.3142241563192832E+008                  1.4070483070513506E+006                  9.4295474163074003E-029                  0.0000000000000000E+000                  0.0000000000000000E+000                  1.4221979807015133E+001                  1.6931012753897911E+008                  2.0816923185691364E-005                  0.0000000000000000E+000                 -2.3407917301654297E+000                  3.2798343403352614E-001                  5.6654406139335722E-001                  7.1705905922534785E-001 
                                       3                  2.9999698318119381E+000                  3.2919594843541594E-001                  4.0860130717381162E+000                 -9.1771690821895220E+000                  3.0105392687785160E+000                  6.9999999999760387E-001                  2.8000000000239628E-001                  1.9999999999999796E-002                  0.0000000000000000E+000                  9.0746479006691372E+008                  1.4138036974917911E+006                  9.7516951595953592E-029                  0.0000000000000000E+000                  0.0000000000000000E+000                  1.4373286852076541E+001                  1.7015894010689425E+008                  2.0235936465165679E-005                  0.0000000000000000E+000                 -2.3469383464085500E+000                  3.3006748359357674E-001                  5.6862811095340771E-001                  7.1914310878539844E-001 
                                       4                  2.9999698318116375E+000                  3.2918647458152506E-001                  4.0883344197965776E+000                 -9.1632055736399831E+000                  3.0267250827479901E+000                  6.9999999999760387E-001                  2.8000000000239628E-001                  1.9999999999999796E-002                  0.0000000000000000E+000                  8.8483942276887751E+008                  1.4205601358308191E+006                  1.0070336349214490E-028                  0.0000000000000000E+000                  0.0000000000000000E+000                  1.4507148398299581E+001                  1.7102406165389413E+008                  1.9773628061625303E-005                  0.0000000000000000E+000                 -2.3519568195519316E+000                  3.3215225360374678E-001                  5.7071288096357786E-001                  7.2122787879556849E-001 
                                       5                  2.9999698318113377E+000                  3.2917729989685363E-001                  4.0906269824235464E+000                 -9.1498152878739525E+000                  3.0423305710393498E+000                  6.9999999999760387E-001                  2.8000000000239628E-001                  1.9999999999999796E-002                  0.0000000000000000E+000                  8.6354947278322744E+008                  1.4272856693511556E+006                  1.0385672031948599E-028                  0.0000000000000000E+000                  0.0000000000000000E+000                  1.4625212067915625E+001                  1.7189245883346480E+008                  1.9400820453716475E-005                  0.0000000000000000E+000                 -2.3560899517620175E+000                  3.3422230155550164E-001                  5.7278292891533267E-001                  7.2329792674732341E-001 
                                       6                  2.9999698318110375E+000                  3.2916840321689006E-001                  4.0928892398790779E+000                 -9.1369522401010368E+000                  3.0573959174051155E+000                  6.9999999999760387E-001                  2.8000000000239628E-001                  1.9999999999999796E-002                  0.0000000000000000E+000                  8.4357649990982759E+008                  1.4339535108799275E+006                  1.0697886482152568E-028                  0.0000000000000000E+000                  0.0000000000000000E+000                  1.4728999216863590E+001                  1.7276151231429505E+008                  1.9102945164267982E-005                  0.0000000000000000E+000                 -2.3594498354864579E+000                  3.3626889063754473E-001                  5.7482951799737581E-001                  7.2534451582936643E-001 
                                       7                  2.9999698318107377E+000                  3.2915976565401567E-001                  4.0951200448494633E+000                 -9.1245757512090861E+000                  3.0719572711887957E+000                  6.9999999999760387E-001                  2.8000000000239628E-001                  1.9999999999999796E-002                  0.0000000000000000E+000                  8.2488550532877326E+008                  1.4405415236559152E+006                  1.1007147839460111E-028                  0.0000000000000000E+000                  0.0000000000000000E+000                  1.4819908396128962E+001                  1.7362911068844241E+008                  1.8866966093397899E-005                  0.0000000000000000E+000                 -2.3621489655197974E+000                  3.3828492757130074E-001                  5.7684555493113177E-001                  7.2736055276312239E-001 
                                       8                  2.9999698318104375E+000                  3.2915137027548719E-001                  4.0975925294636157E+000                 -9.1111910972530641E+000                  3.0877768073440746E+000                  6.9999999999760387E-001                  2.8000000000239628E-001                  1.9999999999999796E-002                  0.0000000000000000E+000                  8.0531691763474119E+008                  1.4478418037502780E+006                  1.1351671397689573E-028                  0.0000000000000000E+000                  0.0000000000000000E+000                  1.4908116005953724E+001                  1.7449527188548905E+008                  1.8682620131250206E-005                  0.0000000000000000E+000                 -2.3642811082513702E+000                  3.4026460995338031E-001                  5.7882523731321145E-001                  7.2934023514520208E-001 
                                       9                  2.9999698318100623E+000                  3.2914119389119628E-001                  4.1009604039975320E+000                 -9.0934672111048513E+000                  3.1088361104833391E+000                  6.9999999999760387E-001                  2.8000000000239628E-001                  1.9999999999999796E-002                  0.0000000000000000E+000                  7.8055529771491873E+008                  1.4577517543788762E+006                  1.1824537930914836E-028                  0.0000000000000000E+000                  0.0000000000000000E+000                  1.5008771554731229E+001                  1.7557627779468456E+008                  1.8510158348369916E-005                  0.0000000000000000E+000                 -2.3662949329917509E+000                  3.4268045452720680E-001                  5.8124108188703782E-001                  7.3175607971902845E-001 
                                      10                  2.9999698318094996E+000                  3.2912653847624829E-001                  4.1042359977743299E+000                 -9.0766344388848896E+000                  3.1289239342358193E+000                  6.9999999999760387E-001                  2.8000000000239628E-001                  1.9999999999999796E-002                  0.0000000000000000E+000                  7.5855702434809661E+008                  1.4672892764439476E+006                  1.2291854693125854E-028                  0.0000000000000000E+000                  0.0000000000000000E+000                  1.5089761336450071E+001                  1.7716909674896622E+008                  1.8325467031921672E-005                  0.0000000000000000E+000                 -2.3684724741878416E+000                  3.4617167824320633E-001                  5.8473230560303746E-001                  7.3524730343502809E-001 
                                      11                  2.9999698318091248E+000                  3.2911713885897215E-001                  4.1061625614620256E+000                 -9.0669322595688779E+000                  3.1405462434486031E+000                  6.9999999999760387E-001                  2.8000000000239628E-001                  1.9999999999999796E-002                  0.0000000000000000E+000                  7.4657403587797654E+008                  1.4728369867401284E+006                  1.2569554057949815E-028                  0.0000000000000000E+000                  0.0000000000000000E+000                  1.5128847556636121E+001                  1.7820859685453692E+008                  1.8235600385338736E-005                  0.0000000000000000E+000                 -2.3695399667441364E+000                  3.4840504330189587E-001                  5.8696567066172689E-001                  7.3748066849371752E-001 
                                      12                  2.9999698318089374E+000                  3.2911254265822015E-001                  4.1080668304885757E+000                 -9.0575161081900504E+000                  3.1518660863633117E+000                  6.9999999999760387E-001                  2.8000000000239628E-001                  1.9999999999999796E-002                  0.0000000000000000E+000                  7.3541812906530273E+008                  1.4782692457774403E+006                  1.2845064502548742E-028                  0.0000000000000000E+000                  0.0000000000000000E+000                  1.5160059431038404E+001                  1.7872848435002762E+008                  1.8201006074594760E-005                  0.0000000000000000E+000                 -2.3699523026951335E+000                  3.4948887295693098E-001                  5.8804950031676206E-001                  7.3856449814875269E-001 
                                      13                  2.9999698318085621E+000                  3.2910354699430211E-001                  4.1105558643179787E+000                 -9.0453570391072819E+000                  3.1665155648067405E+000                  6.9999999999760387E-001                  2.8000000000239628E-001                  1.9999999999999796E-002                  0.0000000000000000E+000                  7.2188413379016030E+008                  1.4852522261769953E+006                  1.3209783775506641E-028                  0.0000000000000000E+000                  0.0000000000000000E+000                  1.5193087755062773E+001                  1.7976253710693645E+008                  1.8142913872055785E-005                  0.0000000000000000E+000                 -2.3706464805528666E+000                  3.5158766168981914E-001                  5.9014828904965022E-001                  7.4066328688164096E-001 
                                      14                  2.9999698318081873E+000                  3.2909479915557677E-001                  4.1129937506719365E+000                 -9.0336272552429193E+000                  3.1806880975052327E+000                  6.9999999999760387E-001                  2.8000000000239628E-001                  1.9999999999999796E-002                  0.0000000000000000E+000                  7.0975962306013906E+008                  1.4919452029393187E+006                  1.3571437014872382E-028                  0.0000000000000000E+000                  0.0000000000000000E+000                  1.5216112052129699E+001                  1.8077870358834222E+008                  1.8088758579459665E-005                  0.0000000000000000E+000                 -2.3712956187423004E+000                  3.5359596659262682E-001                  5.9215659395245790E-001                  7.4267159178444864E-001 
                                      15                  2.9999698318078125E+000                  3.2908628391585787E-001                  4.1153811447089765E+000                 -9.0222965078177229E+000                  3.1944137696883721E+000                  6.9999999999760387E-001                  2.8000000000239628E-001                  1.9999999999999796E-002                  0.0000000000000000E+000                  6.9895259838450480E+008                  1.4983337497612508E+006                  1.3930186097868496E-028                  0.0000000000000000E+000                  0.0000000000000000E+000                  1.5230004575051881E+001                  1.8178085193831888E+008                  1.8033618818909934E-005                  0.0000000000000000E+000                 -2.3719585571772712E+000                  3.5550855056906855E-001                  5.9406917792889957E-001                  7.4458417576089031E-001 
                                      16                  2.9999698318074373E+000                  3.2907798748403622E-001                  4.1177188241464258E+000                 -9.0113376989895606E+000                  3.2077199067109956E+000                  6.9999999999760387E-001                  2.8000000000239628E-001                  1.9999999999999796E-002                  0.0000000000000000E+000                  6.8936996728110385E+008                  1.5044065652825427E+006                  1.4286177961758046E-028                  0.0000000000000000E+000                  0.0000000000000000E+000                  1.5235578502294246E+001                  1.8276868629327306E+008                  1.7971308781895951E-005                  0.0000000000000000E+000                 -2.3727101468640481E+000                  3.5732291785113246E-001                  5.9588354521096354E-001                  7.4639854304295428E-001 
                                      17                  2.9999698318070624E+000                  3.2906989732387149E-001                  4.1200076650324711E+000                 -9.0007264697177707E+000                  3.2206314016303845E+000                  6.9999999999760387E-001                  2.8000000000239628E-001                  1.9999999999999796E-002                  0.0000000000000000E+000                  6.8091916960828996E+008                  1.5101552503831587E+006                  1.4639545952704516E-028                  0.0000000000000000E+000                  0.0000000000000000E+000                  1.5233590078699033E+001                  1.8374206243179977E+008                  1.7896495766976086E-005                  0.0000000000000000E+000                 -2.3736159989807533E+000                  3.5903742692843660E-001                  5.9759805428826773E-001                  7.4811305212025836E-001 
                                      18                  2.9999698318066872E+000                  3.2906200200147356E-001                  4.1222486209680413E+000                 -8.9904408085622229E+000                  3.2331709955801009E+000                  6.9999999999760387E-001                  2.8000000000239628E-001                  1.9999999999999796E-002                  0.0000000000000000E+000                  6.7351622521705794E+008                  1.5155772878451801E+006                  1.4990412524219043E-028                  0.0000000000000000E+000                  0.0000000000000000E+000                  1.5224742337477780E+001                  1.8470095006198427E+008                  1.7804984589372870E-005                  0.0000000000000000E+000                 -2.3747291989407557E+000                  3.6065166406612820E-001                  5.9921229142595933E-001                  7.4972728925794985E-001 
                                      19                  2.9999698318063119E+000                  3.2905429105627015E-001                  4.1244427056420845E+000                 -8.9804606353595187E+000                  3.2453595188745079E+000                  6.9999999999760387E-001                  2.8000000000239628E-001                  1.9999999999999796E-002                  0.0000000000000000E+000                  6.6710519724310982E+008                  1.5206836832511029E+006                  1.5338894765484326E-028                  0.0000000000000000E+000                  0.0000000000000000E+000                  1.5209691493413827E+001                  1.8564537420700532E+008                  1.7694876146150771E-005                  0.0000000000000000E+000                 -2.3760762364124002E+000                  3.6216793647321011E-001                  6.0072856383304118E-001                  7.5124356166503181E-001 
                                      20                  2.9999698318059367E+000                  3.2904675489273055E-001                  4.1276608417621441E+000                 -8.9660404413499677E+000                  3.2630251728409085E+000                  6.9999999999760387E-001                  2.8000000000239628E-001                  1.9999999999999796E-002                  0.0000000000000000E+000                  6.5921513885502446E+008                  1.5278147292999248E+006                  1.5856769624155973E-028                  0.0000000000000000E+000                  0.0000000000000000E+000                  1.5174419367720882E+001                  1.8658115158896601E+008                  1.7565040977987285E-005                  0.0000000000000000E+000                 -2.3776754163463676E+000                  3.6358358286029702E-001                  6.0214421022012810E-001                  7.5265920805211872E-001 
                                      21                  2.9999698318051871E+000                  3.2903217369189064E-001                  4.1307544029359518E+000                 -8.9521782345468015E+000                  3.2800024817310693E+000                  6.9999999999760387E-001                  2.8000000000239628E-001                  1.9999999999999796E-002                  0.0000000000000000E+000                  6.5332154326449096E+008                  1.5342196166810137E+006                  1.6371081388095057E-028                  0.0000000000000000E+000                  0.0000000000000000E+000                  1.5134988440694441E+001                  1.8839813876628068E+008                  1.7247473337491882E-005                  0.0000000000000000E+000                 -2.3816372588738002E+000                  3.6616371500889150E-001                  6.0472434236872263E-001                  7.5523934020071326E-001 
                                      22                  2.9999698318048118E+000                  3.2902511159690545E-001                  4.1327722673739222E+000                 -8.9432532634650190E+000                  3.2909635473665935E+000                  6.9999999999760387E-001                  2.8000000000239628E-001                  1.9999999999999796E-002                  0.0000000000000000E+000                  6.5037590221606016E+008                  1.5381664921440098E+006                  1.6711007281051580E-028                  0.0000000000000000E+000                  0.0000000000000000E+000                  1.5103291769205962E+001                  1.8928060747545421E+008                  1.7057125061683624E-005                  0.0000000000000000E+000                 -2.3840470831570042E+000                  3.6733381172364854E-001                  6.0589443908347962E-001                  7.5640943691547025E-001 
                                      23                  2.9999698318044370E+000                  3.2901819281637107E-001                  4.1352419374817755E+000                 -8.9324243738349480E+000                  3.3042877831638582E+000                  6.9999999999760387E-001                  2.8000000000239628E-001                  1.9999999999999796E-002                  0.0000000000000000E+000                  6.4773297699976325E+008                  1.5427306045114652E+006                  1.7132939198707391E-028                  0.0000000000000000E+000                  0.0000000000000000E+000                  1.5059902832756196E+001                  1.9015752436260685E+008                  1.6840874514207870E-005                  0.0000000000000000E+000                 -2.3868176800870207E+000                  3.6841343671637511E-001                  6.0697406407620613E-001                  7.5748906190819676E-001 
                                      24                  2.9999698318038743E+000                  3.2900806962406537E-001                  4.1381187083860445E+000                 -8.9198635799060124E+000                  3.3197567574973532E+000                  6.9999999999760387E-001                  2.8000000000239628E-001                  1.9999999999999796E-002                  0.0000000000000000E+000                  6.4597021334448075E+008                  1.5476463581797183E+006                  1.7635715560761448E-028                  0.0000000000000000E+000                  0.0000000000000000E+000                  1.5006601347390909E+001                  1.9144821762133431E+008                  1.6468731289470361E-005                  0.0000000000000000E+000                 -2.3916699282598470E+000                  3.6988651851562010E-001                  6.0844714587545123E-001                  7.5896214370744175E-001 
                                      25                  2.9999698318033121E+000                  3.2899823434627135E-001                  4.1409115628305164E+000                 -8.9077526937130305E+000                  3.3346949761449594E+000                  6.9999999999760387E-001                  2.8000000000239628E-001                  1.9999999999999796E-002                  0.0000000000000000E+000                  6.4560082174621880E+008                  1.5519810516642057E+006                  1.8134449678336394E-028                  0.0000000000000000E+000                  0.0000000000000000E+000                  1.4952267615934929E+001                  1.9270720978103423E+008                  1.6037813307014318E-005                  0.0000000000000000E+000                 -2.3974274231829149E+000                  3.7119438878740463E-001                  6.0975501614723571E-001                  7.6027001397922633E-001 
                                      26                  2.9999698318027495E+000                  3.2898866890860884E-001                  4.1436248905679127E+000                 -8.8960613202012659E+000                  3.3491376637393460E+000                  6.9999999999760387E-001                  2.8000000000239628E-001                  1.9999999999999796E-002                  0.0000000000000000E+000                  6.4649424721276224E+008                  1.5557747840429870E+006                  1.8629283606502299E-028                  0.0000000000000000E+000                  0.0000000000000000E+000                  1.4898331241765099E+001                  1.9393975357352269E+008                  1.5546163159621793E-005                  0.0000000000000000E+000                 -2.4041883893061451E+000                  3.7234135218394138E-001                  6.1090197954377246E-001                  7.6141697737576308E-001 
                                      27                  2.9999698318021863E+000                  3.2897935693388569E-001                  4.1462629662732615E+000                 -8.8847622939509616E+000                  3.3631166504620369E+000                  6.9999999999760387E-001                  2.8000000000239628E-001                  1.9999999999999796E-002                  0.0000000000000000E+000                  6.4854255978968203E+008                  1.5591036009498285E+006                  1.9120338314993991E-028                  0.0000000000000000E+000                  0.0000000000000000E+000                  1.4845932330924793E+001                  1.9514734899321190E+008                  1.4999450752460949E-005                  0.0000000000000000E+000                 -2.4119623217902486E+000                  3.7334486857210519E-001                  6.1190549593193622E-001                  7.6242049376392695E-001 
                                      28                  2.9999698318016241E+000                  3.2897028352797181E-001                  4.1488299124266437E+000                 -8.8738312600527820E+000                  3.3766607946578278E+000                  6.9999999999760387E-001                  2.8000000000239628E-001                  1.9999999999999796E-002                  0.0000000000000000E+000                  6.5165111145820761E+008                  1.5620352030408096E+006                  1.9607715202284022E-028                  0.0000000000000000E+000                  0.0000000000000000E+000                  1.4795973274746471E+001                  1.9633148634314314E+008                  1.4406201685168487E-005                  0.0000000000000000E+000                 -2.4207252547219582E+000                  3.7422593006148863E-001                  6.1278655742131971E-001                  7.6330155525331034E-001 
                                      29                  2.9999698318010619E+000                  3.2896143509859133E-001                  4.1513296732732101E+000                 -8.8632462827094542E+000                  3.3897963416594488E+000                  6.9999999999760387E-001                  2.8000000000239628E-001                  1.9999999999999796E-002                  0.0000000000000000E+000                  6.5573608570509088E+008                  1.5646264859328195E+006                  2.0091499182115461E-028                  0.0000000000000000E+000                  0.0000000000000000E+000                  1.4749130279269314E+001                  1.9749363490154523E+008                  1.3773534108146323E-005                  0.0000000000000000E+000                 -2.4304773055890694E+000                  3.7500258761017474E-001                  6.1356321497000588E-001                  7.6407821280199650E-001 
                                      30                  2.9999698318004993E+000                  3.2895279920190201E-001                  4.1537659487048808E+000                 -8.8529874513410647E+000                  3.4025472300387283E+000                  6.9999999999760387E-001                  2.8000000000239628E-001                  1.9999999999999796E-002                  0.0000000000000000E+000                  6.6072288573782718E+008                  1.5669250038146642E+006                  2.0571764529763524E-028                  0.0000000000000000E+000                  0.0000000000000000E+000                  1.4705302858465632E+001                  1.9863521074328691E+008                  1.3108036767446254E-005                  0.0000000000000000E+000                 -2.4412311745558535E+000                  3.7568988812412685E-001                  6.1425051548395804E-001                  7.6476551331594866E-001 
                                      31                  2.9999698317999370E+000                  3.2894436441309821E-001                  4.1573251371327249E+000                 -8.8381928264171723E+000                  3.4209993750214664E+000                  6.9999999999760387E-001                  2.8000000000239628E-001                  1.9999999999999796E-002                  0.0000000000000000E+000                  6.6983240778175759E+008                  1.5699234513872217E+006                  2.1284659635989845E-028                  0.0000000000000000E+000                  0.0000000000000000E+000                  1.4640631554255082E+001                  1.9976498722997525E+008                  1.2413782469367032E-005                  0.0000000000000000E+000                 -2.4530479345816936E+000                  3.7629390426323978E-001                  6.1485453162307080E-001                  7.6536952945506154E-001 
                                      32                  2.9999698317988113E+000                  3.2892805844101120E-001                  4.1618538703721564E+000                 -8.8194186085848916E+000                  3.4444460536417978E+000                  6.9999999999760387E-001                  2.8000000000239628E-001                  1.9999999999999796E-002                  0.0000000000000000E+000                  6.8444796684063923E+008                  1.5731876336830736E+006                  2.2224992672164210E-028                  0.0000000000000000E+000                  0.0000000000000000E+000                  1.4564073045837999E+001                  2.0196996899502307E+008                  1.0974513841965896E-005                  0.0000000000000000E+000                 -2.4798073546968160E+000                  3.7731480230673847E-001                  6.1587542966656950E-001                  7.6639042749856012E-001 
                                      33                  2.9999698317976864E+000                  3.2891244062283270E-001                  4.1651027937513714E+000                 -8.8059936771037126E+000                  3.4612383946158842E+000                  6.9999999999760387E-001                  2.8000000000239628E-001                  1.9999999999999796E-002                  0.0000000000000000E+000                  6.9691238943178344E+008                  1.5752183144840286E+006                  2.2922768425082471E-028                  0.0000000000000000E+000                  0.0000000000000000E+000                  1.4511227571515311E+001                  2.0408253668543249E+008                  9.5034281448081355E-006                  0.0000000000000000E+000                 -2.5110598523128740E+000                  3.7815477544189458E-001                  6.1671540280172565E-001                  7.6723040063371628E-001 
                                      34                  2.9999698317971242E+000                  3.2890486880389924E-001                  4.1672187249341066E+000                 -8.7973528305670143E+000                  3.4720838339831768E+000                  6.9999999999760387E-001                  2.8000000000239628E-001                  1.9999999999999796E-002                  0.0000000000000000E+000                  7.0587170597804701E+008                  1.5764394714615324E+006                  2.3383431581771248E-028                  0.0000000000000000E+000                  0.0000000000000000E+000                  1.4474519279273578E+001                  2.0511713927258384E+008                  8.7647619186397992E-006                  0.0000000000000000E+000                 -2.5286299381778643E+000                  3.7851731635925845E-001                  6.1707794371908953E-001                  7.6759294155108027E-001 
                                      35                  2.9999698317965611E+000                  3.2889744576279129E-001                  4.1692891392799121E+000                 -8.7889353762850089E+000                  3.4826657354726578E+000                  6.9999999999760387E-001                  2.8000000000239628E-001                  1.9999999999999796E-002                  0.0000000000000000E+000                  7.1521554288806152E+008                  1.5775806411242778E+006                  2.3841085549368487E-028                  0.0000000000000000E+000                  0.0000000000000000E+000                  1.4437807269704789E+001                  2.0614418869623348E+008                  8.0318503006629285E-006                  0.0000000000000000E+000                 -2.5475921972983513E+000                  3.7885014310439957E-001                  6.1741077046423065E-001                  7.6792576829622128E-001 
                                      36                  2.9999698317959989E+000                  3.2889016483930023E-001                  4.1713158178130163E+000                 -8.7807305008259320E+000                  3.4929966068656944E+000                  6.9999999999760387E-001                  2.8000000000239628E-001                  1.9999999999999796E-002                  0.0000000000000000E+000                  7.2488090525997019E+008                  1.5786665982971245E+006                  2.4295801061846054E-028                  0.0000000000000000E+000                  0.0000000000000000E+000                  1.4400882802003492E+001                  2.0715778662163809E+008                  7.3098995162460339E-006                  0.0000000000000000E+000                 -2.5680442964622330E+000                  3.7916398122472617E-001                  6.1772460858455724E-001                  7.6823960641654787E-001 
                                      37                  2.9999698317954362E+000                  3.2888301982288709E-001                  4.1742891560099009E+000                 -8.7688154911603799E+000                  3.5080472324783183E+000                  6.9999999999760387E-001                  2.8000000000239628E-001                  1.9999999999999796E-002                  0.0000000000000000E+000                  7.3996481443394899E+008                  1.5802469602074160E+006                  2.4971619249384232E-028                  0.0000000000000000E+000                  0.0000000000000000E+000                  1.4342537145998154E+001                  2.0816397738701874E+008                  6.6047983887038509E-006                  0.0000000000000000E+000                 -2.5900702173373502E+000                  3.7946542259458671E-001                  6.1802604995441790E-001                  7.6854104778640842E-001 
                                      38                  2.9999698317943113E+000                  3.2886911550172093E-001                  4.1780984467554596E+000                 -8.7535624103385938E+000                  3.5273386401065085E+000                  6.9999999999760387E-001                  2.8000000000239628E-001                  1.9999999999999796E-002                  0.0000000000000000E+000                  7.6062734869988739E+008                  1.5823500431458254E+006                  2.5864280346096671E-028                  0.0000000000000000E+000                  0.0000000000000000E+000                  1.4266013954321913E+001                  2.1013855692641616E+008                  5.2546163611211206E-006                  0.0000000000000000E+000                 -2.6397294931318713E+000                  3.8005787004347491E-001                  6.1861849740330599E-001                  7.6913349523529662E-001 
                                      39                  2.9999698317931860E+000                  3.2885568977802765E-001                  4.1817596138026127E+000                 -8.7389991371116142E+000                  3.5458116797412980E+000                  6.9999999999760387E-001                  2.8000000000239628E-001                  1.9999999999999796E-002                  0.0000000000000000E+000                  7.8181793625529063E+008                  1.5845818628461484E+006                  2.6746334287226875E-028                  0.0000000000000000E+000                  0.0000000000000000E+000                  1.4188910533742815E+001                  2.1205570752571282E+008                  3.9915770371814629E-006                  0.0000000000000000E+000                 -2.6994277422281630E+000                  3.8066616613331999E-001                  6.1922679349315124E-001                  7.6974179132514176E-001 
                                      40                  2.9999698317920611E+000                  3.2884270561240581E-001                  4.1852830378772348E+000                 -8.7250674630171208E+000                  3.5635329861994922E+000                  6.9999999999760387E-001                  2.8000000000239628E-001                  1.9999999999999796E-002                  0.0000000000000000E+000                  8.0311744763855004E+008                  1.5870069544365988E+006                  2.7618273244601855E-028                  0.0000000000000000E+000                  0.0000000000000000E+000                  1.4113218472145634E+001                  2.1392968250998700E+008                  2.8251215423687806E-006                  0.0000000000000000E+000                 -2.7744814316134923E+000                  3.8131730274128350E-001                  6.1987793010111458E-001                  7.7039292793310521E-001 
                                      41                  2.9999698317909358E+000                  3.2883013024414864E-001                  4.1886784638152372E+000                 -8.7117155663561796E+000                  3.5805613727798260E+000                  6.9999999999760387E-001                  2.8000000000239628E-001                  1.9999999999999796E-002                  0.0000000000000000E+000                  8.2400338809161997E+008                  1.5896338857793654E+006                  2.8480590076220409E-028                  0.0000000000000000E+000                  0.0000000000000000E+000                  1.4040450482285095E+001                  2.1576280529507780E+008                  1.7523288177568758E-006                  0.0000000000000000E+000                 -2.8781921984166630E+000                  3.8202111527766591E-001                  6.2058174263749699E-001                  7.7109674046948762E-001 
                                      42                  2.9999698317898109E+000                  3.2881793456551794E-001                  4.1919549736772943E+000                 -8.6988983289586006E+000                  3.5969490094360732E+000                  6.9999999999760387E-001                  2.8000000000239628E-001                  1.9999999999999796E-002                  0.0000000000000000E+000                  8.4407692365106547E+008                  1.5924729102669226E+006                  2.9333694883019553E-028                  0.0000000000000000E+000                  0.0000000000000000E+000                  1.3971706072422636E+001                  2.1755721876218271E+008                  7.6858570559845838E-007                  0.0000000000000000E+000                 -3.0571538484717706E+000                  3.8277994698461743E-001                  6.2134057434444845E-001                  7.7185557217643908E-001 
                                      43                  2.9999698317886860E+000                  3.2880609257276899E-001                  4.1951209854825686E+000                 -8.6865762412307070E+000                  3.6127423871401825E+000                  6.9999999999760387E-001                  2.8000000000239628E-001                  1.9999999999999796E-002                  0.0000000000000000E+000                  8.6304513825147128E+008                  1.5955372010485334E+006                  3.0177926358192185E-028                  0.0000000000000000E+000                  0.0000000000000000E+000                  1.3907768695672065E+001                  2.1931520274732611E+008                 -1.2891026708808086E-007                  0.0000000000000000E+000                 -9.8999999999999986E+001                  3.8359672804443595E-001                  6.2215735540426709E-001                  7.7267235323625760E-001 
                                      44                  2.9999698317875607E+000                  3.2879458091861452E-001                  4.1981842730866976E+000                 -8.6747144720801099E+000                  3.6279831133704086E+000                  6.9999999999760387E-001                  2.8000000000239628E-001                  1.9999999999999796E-002                  0.0000000000000000E+000                  8.8069733494293547E+008                  1.5988417999024976E+006                  3.1013564714086003E-028                  0.0000000000000000E+000                  0.0000000000000000E+000                  1.3849182994998788E+001                  2.2103910114334717E+008                 -9.4164729427598128E-007                  0.0000000000000000E+000                 -9.8999999999999986E+001                  3.8447499178594302E-001                  6.2303561914577421E-001                  7.7355061697776484E-001 
                                      45                  2.9999698317864358E+000                  3.2878337854544903E-001                  4.2009054859830801E+000                 -8.6642153924262946E+000                  3.6415003428810389E+000                  6.9999999999760387E-001                  2.8000000000239628E-001                  1.9999999999999796E-002                  0.0000000000000000E+000                  8.9557200524736309E+008                  1.6020921550414509E+006                  3.1772488866128521E-028                  0.0000000000000000E+000                  0.0000000000000000E+000                  1.3800952521885764E+001                  2.2272899118564042E+008                 -1.6721149126435730E-006                  0.0000000000000000E+000                 -9.8999999999999986E+001                  3.8541655436260314E-001                  6.2397718172243422E-001                  7.7449217955442484E-001 
                                      46                  2.9999698317854984E+000                  3.2877426557036643E-001                  4.2033164521072433E+000                 -8.6549687259307557E+000                  3.6534349845308207E+000                  6.9999999999760387E-001                  2.8000000000239628E-001                  1.9999999999999796E-002                  0.0000000000000000E+000                  9.0799111095231390E+008                  1.6052373780905376E+006                  3.2456248570364266E-028                  0.0000000000000000E+000                  0.0000000000000000E+000                  1.3760685330358021E+001                  2.2411458536754438E+008                 -2.2173688560091457E-006                  0.0000000000000000E+000                 -9.8999999999999986E+001                  3.8625244815566234E-001                  6.2481307551549348E-001                  7.7532807334748410E-001 
                                      47                  2.9999698317845604E+000                  3.2876534401514074E-001                  4.2056686918075288E+000                 -8.6459859273297219E+000                  3.6650513504758080E+000                  6.9999999999760387E-001                  2.8000000000239628E-001                  1.9999999999999796E-002                  0.0000000000000000E+000                  9.1930130849440968E+008                  1.6085473625097908E+006                  3.3134584567007204E-028                  0.0000000000000000E+000                  0.0000000000000000E+000                  1.3723694787550404E+001                  2.2548220677911791E+008                 -2.7051434671015613E-006                  0.0000000000000000E+000                 -9.8999999999999986E+001                  3.8713457078097230E-001                  6.2569519814080332E-001                  7.7621019597279406E-001 
                                      48                  2.9999698317836230E+000                  3.2875660456194000E-001                  4.2079653290168144E+000                 -8.6372522335263753E+000                  3.6763659818120296E+000                  6.9999999999760387E-001                  2.8000000000239628E-001                  1.9999999999999796E-002                  0.0000000000000000E+000                  9.2946975765207529E+008                  1.6120092286730751E+006                  3.3807700074072173E-028                  0.0000000000000000E+000                  0.0000000000000000E+000                  1.3689478765465212E+001                  2.2683043672859192E+008                 -3.1392762948782363E-006                  0.0000000000000000E+000                 -9.8999999999999986E+001                  3.8805746081291542E-001                  6.2661808817274645E-001                  7.7713308600473707E-001 
                                      49                  2.9999698317826855E+000                  3.2874803859240781E-001                  4.2113266677562109E+000                 -8.6246095901363695E+000                  3.6928049846075868E+000                  6.9999999999760387E-001                  2.8000000000239628E-001                  1.9999999999999796E-002                  0.0000000000000000E+000                  9.4260906469268560E+008                  1.6174895586041056E+006                  3.4806380304968234E-028                  0.0000000000000000E+000                  0.0000000000000000E+000                  1.3640028553703566E+001                  2.2816741886261210E+008                 -3.5151093474826425E-006                  0.0000000000000000E+000                 -9.8999999999999986E+001                  3.8902448804333362E-001                  6.2758511540316464E-001                  7.7810011323515538E-001 
                                      50                  2.9999698317808101E+000                  3.2873139673911156E-001                  4.2145492683346228E+000                 -8.6124157463448512E+000                  3.7086467473106897E+000                  6.9999999999760387E-001                  2.8000000000239628E-001                  1.9999999999999796E-002                  0.0000000000000000E+000                  9.5282445388648474E+008                  1.6231997709480049E+006                  3.5797548237115322E-028                  0.0000000000000000E+000                  0.0000000000000000E+000                  1.3599321163032368E+001                  2.3077077975650197E+008                 -4.1333645664900531E-006                  0.0000000000000000E+000                 -9.8999999999999986E+001                  3.9104413886828276E-001                  6.2960476622811390E-001                  7.8011976406010453E-001 
                                      51                  2.9999698317798726E+000                  3.2872330550160334E-001                  4.2166494397625147E+000                 -8.6045525273378978E+000                  3.7188964874774335E+000                  6.9999999999760387E-001                  2.8000000000239628E-001                  1.9999999999999796E-002                  0.0000000000000000E+000                  9.5813534735690415E+008                  1.6271675725134849E+006                  3.6451623765502714E-028                  0.0000000000000000E+000                  0.0000000000000000E+000                  1.3572391546758922E+001                  2.3203862722881019E+008                 -4.3792779225492703E-006                  0.0000000000000000E+000                 -9.8999999999999986E+001                  3.9209227092118720E-001                  6.3065289828101834E-001                  7.8116789611300896E-001 
                                      52                  2.9999698317789352E+000                  3.2871535900344223E-001                  4.2197304336451040E+000                 -8.5931292421395256E+000                  3.7338323996690108E+000                  6.9999999999760387E-001                  2.8000000000239628E-001                  1.9999999999999796E-002                  0.0000000000000000E+000                  9.6375553973660719E+008                  1.6333451267154734E+006                  3.7423182558039112E-028                  0.0000000000000000E+000                  0.0000000000000000E+000                  1.3532048982289876E+001                  2.3330277108260018E+008                 -4.5678513151096438E-006                  0.0000000000000000E+000                 -9.8999999999999986E+001                  3.9317930112526311E-001                  6.3173992848509408E-001                  7.8225492631708471E-001 
                                      53                  2.9999698317770607E+000                  3.2869987733937001E-001                  4.2236790508689355E+000                 -8.5784891781198596E+000                  3.7529826973076905E+000                  6.9999999999760387E-001                  2.8000000000239628E-001                  1.9999999999999796E-002                  0.0000000000000000E+000                  9.6677372587190998E+008                  1.6418786267777744E+006                  3.8706286138441859E-028                  0.0000000000000000E+000                  0.0000000000000000E+000                  1.3483629273883148E+001                  2.3577939749124509E+008                 -4.8187160547246868E-006                  0.0000000000000000E+000                 -9.8999999999999986E+001                  3.9542422815456912E-001                  6.3398485551440031E-001                  7.8449985334639094E-001 
                                      54                  2.9999698317751853E+000                  3.2868490728928640E-001                  4.2274764443022788E+000                 -8.5644912924982268E+000                  3.7713265781232810E+000                  6.9999999999760387E-001                  2.8000000000239628E-001                  1.9999999999999796E-002                  0.0000000000000000E+000                  9.6546374928260887E+008                  1.6507397430349162E+006                  3.9974228340518984E-028                  0.0000000000000000E+000                  0.0000000000000000E+000                  1.3437139149509024E+001                  2.3817743801645076E+008                 -4.9275096040027659E-006                  0.0000000000000000E+000                 -9.8999999999999986E+001                  3.9773961998809804E-001                  6.3630024734792912E-001                  7.8681524517991963E-001 
                                      55                  2.9999698317733108E+000                  3.2867041057539143E-001                  4.2311337953243191E+000                 -8.5510772623504216E+000                  3.7889292457551362E+000                  6.9999999999760387E-001                  2.8000000000239628E-001                  1.9999999999999796E-002                  0.0000000000000000E+000                  9.6055411600053620E+008                  1.6598744656143589E+006                  4.1228240516077939E-028                  0.0000000000000000E+000                  0.0000000000000000E+000                  1.3392757655338555E+001                  2.4051151875024122E+008                 -4.9023115099046335E-006                  0.0000000000000000E+000                 -9.8999999999999986E+001                  4.0012129452300960E-001                  6.3868192188284068E-001                  7.8919691971483130E-001 
                                      56                  2.9999698317714363E+000                  3.2865635339012927E-001                  4.2346612560137515E+000                 -8.5381963651459234E+000                  3.8058483014484272E+000                  6.9999999999760387E-001                  2.8000000000239628E-001                  1.9999999999999796E-002                  0.0000000000000000E+000                  9.5259678261294782E+008                  1.6692367108335486E+006                  4.2469423227508083E-028                  0.0000000000000000E+000                  0.0000000000000000E+000                  1.3351283969182930E+001                  2.4278307480679962E+008                 -4.7649904470303042E-006                  0.0000000000000000E+000                 -9.8999999999999986E+001                  4.0255507582695887E-001                  6.4111570318678990E-001                  7.9163070101878064E-001 
                                      57                  2.9999698317695613E+000                  3.2864270570391507E-001                  4.2380681371741167E+000                 -8.5258043639924974E+000                  3.8221348818497356E+000                  6.9999999999760387E-001                  2.8000000000239628E-001                  1.9999999999999796E-002                  0.0000000000000000E+000                  9.4200802278839278E+008                  1.6787874236420530E+006                  4.3698749878201018E-028                  0.0000000000000000E+000                  0.0000000000000000E+000                  1.3313319665298854E+001                  2.4499374299817643E+008                 -4.5350945060519885E-006                  0.0000000000000000E+000                 -9.8999999999999986E+001                  4.0502900472421116E-001                  6.4358963208404230E-001                  7.9410462991603292E-001 
                                      58                  2.9999698317676868E+000                  3.2862944069957190E-001                  4.2413629697647028E+000                 -8.5138624852042817E+000                  3.8378345916018284E+000                  6.9999999999760387E-001                  2.8000000000239628E-001                  1.9999999999999796E-002                  0.0000000000000000E+000                  9.2910408994025004E+008                  1.6884934744472767E+006                  4.4917081064385881E-028                  0.0000000000000000E+000                  0.0000000000000000E+000                  1.3279301569255431E+001                  2.4714533537936950E+008                 -4.2290049431500810E-006                  0.0000000000000000E+000                 -9.8999999999999986E+001                  4.0753303643530642E-001                  6.4609366379513755E-001                  7.9660866162712818E-001 
                                      59                  2.9999698317658114E+000                  3.2861653430985166E-001                  4.2445535638155434E+000                 -8.5023373609554724E+000                  3.8529882736047951E+000                  6.9999999999760387E-001                  2.8000000000239628E-001                  1.9999999999999796E-002                  0.0000000000000000E+000                  9.1427846632209396E+008                  1.6983247845740311E+006                  4.6125094659880296E-028                  0.0000000000000000E+000                  0.0000000000000000E+000                  1.3249517936621606E+001                  2.4924001339476717E+008                 -3.8612669920151004E-006                  0.0000000000000000E+000                 -9.8999999999999986E+001                  4.1005848861759248E-001                  6.4861911597742350E-001                  7.9913411380941424E-001 
                                      60                  2.9999698317639369E+000                  3.2860396481384124E-001                  4.2491853524614198E+000                 -8.4858046047713245E+000                  3.8747737286539925E+000                  6.9999999999760387E-001                  2.8000000000239628E-001                  1.9999999999999796E-002                  0.0000000000000000E+000                  8.8937073938489664E+008                  1.7133519080361014E+006                  4.7914938045064857E-028                  0.0000000000000000E+000                  0.0000000000000000E+000                  1.3209372343210481E+001                  2.5129382361761492E+008                 -3.4355730238294996E-006                  0.0000000000000000E+000                 -9.8999999999999986E+001                  4.1260893226202161E-001                  6.5116955962185274E-001                  8.0168455745384337E-001 
                                      61                  2.9999698317601866E+000                  3.2857976175467868E-001                  4.2535699305303316E+000                 -8.4699911450949159E+000                  3.8955228816400869E+000                  6.9999999999760387E-001                  2.8000000000239628E-001                  1.9999999999999796E-002                  0.0000000000000000E+000                  8.6297082392911673E+008                  1.7283274283551509E+006                  4.9691862152527256E-028                  0.0000000000000000E+000                  0.0000000000000000E+000                  1.3186585466533767E+001                  2.5522290026766360E+008                 -2.5070538182900267E-006                  0.0000000000000000E+000                 -9.8999999999999986E+001                  4.1770322099310231E-001                  6.5626384835293339E-001                  8.0677884618492401E-001 
                                      62                  2.9999698317583121E+000                  3.2856809149237681E-001                  4.2564090178180338E+000                 -8.4598722415605963E+000                  3.9088260159784887E+000                  6.9999999999760387E-001                  2.8000000000239628E-001                  1.9999999999999796E-002                  0.0000000000000000E+000                  8.4482558024502671E+008                  1.7384311472094255E+006                  5.0863325060098673E-028                  0.0000000000000000E+000                  0.0000000000000000E+000                  1.3173944894184316E+001                  2.5710425902533883E+008                 -2.0191014718006501E-006                  0.0000000000000000E+000                 -9.8999999999999986E+001                  4.2023863748074114E-001                  6.5879926484057216E-001                  8.0931426267256279E-001 
                                      63                  2.9999698317564367E+000                  3.2855668909104541E-001                  4.2605493868682629E+000                 -8.4452733557931463E+000                  3.9280485024459839E+000                  6.9999999999760387E-001                  2.8000000000239628E-001                  1.9999999999999796E-002                  0.0000000000000000E+000                  8.1742886500645709E+008                  1.7537274258380821E+006                  5.2602268164859897E-028                  0.0000000000000000E+000                  0.0000000000000000E+000                  1.3158255228201934E+001                  2.5896351573283389E+008                 -1.5011811019748467E-006                  0.0000000000000000E+000                 -9.8999999999999986E+001                  4.2278583825028465E-001                  6.6134646561011567E-001                  8.1186146344210641E-001 
                                      64                  2.9999698317526873E+000                  3.2853463558635471E-001                  4.2658060568713179E+000                 -8.4267140674615977E+000                  3.9524274104213597E+000                  6.9999999999760387E-001                  2.8000000000239628E-001                  1.9999999999999796E-002                  0.0000000000000000E+000                  7.8191983886228836E+008                  1.7740148855906846E+006                  5.4899051929093562E-028                  0.0000000000000000E+000                  0.0000000000000000E+000                  1.3150122095989330E+001                  2.6255381170671895E+008                 -4.3879601122255496E-007                  0.0000000000000000E+000                 -9.8999999999999986E+001                  4.2784534887333558E-001                  6.6640597623316677E-001                  8.1692097406515729E-001 
                                      65                  2.9999698317489374E+000                  3.2851350151791892E-001                  4.2695716203049718E+000                 -8.4134200002608388E+000                  3.9698568627811168E+000                  6.9999999999760387E-001                  2.8000000000239628E-001                  1.9999999999999796E-002                  0.0000000000000000E+000                  7.5638890198806751E+008                  1.7890829870478907E+006                  5.6605639794612559E-028                  0.0000000000000000E+000                  0.0000000000000000E+000                  1.3151062565569795E+001                  2.6595196042980769E+008                  6.1374628568252456E-007                  0.0000000000000000E+000                 -3.1060055615790616E+000                  4.3280915046739199E-001                  6.7136977782722307E-001                  8.2188477565921370E-001 
                                      66                  2.9999698317470624E+000                  3.2850325193667407E-001                  4.2720221574503174E+000                 -8.4048563013689606E+000                  3.9811006821742021E+000                  6.9999999999760387E-001                  2.8000000000239628E-001                  1.9999999999999796E-002                  0.0000000000000000E+000                  7.3987501800058031E+008                  1.7991209527170542E+006                  5.7732972522181317E-028                  0.0000000000000000E+000                  0.0000000000000000E+000                  1.3151921228330867E+001                  2.6759881565528974E+008                  1.1372011836803051E-006                  0.0000000000000000E+000                 -2.9720813484683046E+000                  4.3525699722361194E-001                  6.7381762458344308E-001                  8.2433262241543370E-001 
                                      67                  2.9999698317451879E+000                  3.2849320177905283E-001                  4.2756124522261665E+000                 -8.3924273681572767E+000                  3.9974402343659663E+000                  6.9999999999760387E-001                  2.8000000000239633E-001                  1.9999999999999796E-002                  0.0000000000000000E+000                  7.1603854755499494E+008                  1.8141310047652710E+006                  5.9409187195380766E-028                  0.0000000000000000E+000                  0.0000000000000000E+000                  1.3153290784989192E+001                  2.6922869664495057E+008                  1.6625121471206009E-006                  0.0000000000000000E+000                 -2.8896175864235039E+000                  4.3768638127969350E-001                  6.7624700863952458E-001                  8.2676200647151521E-001 
                                      68                  2.9999698317414376E+000                  3.2847366655874610E-001                  4.2802057259795658E+000                 -8.3765187831893897E+000                  4.0183155663612400E+000                  6.9999999999760387E-001                  2.8000000000239628E-001                  1.9999999999999796E-002                  0.0000000000000000E+000                  6.8663816269546473E+008                  1.8337711565705934E+006                  6.1625886903723220E-028                  0.0000000000000000E+000                  0.0000000000000000E+000                  1.3160353596812801E+001                  2.7239326566047835E+008                  2.6868569744434082E-006                  0.0000000000000000E+000                 -2.7853777255595999E+000                  4.4245264569851772E-001                  6.8101327305834880E-001                  8.3152827089033943E-001 
                                      69                  2.9999698317376877E+000                  3.2845483148678561E-001                  4.2846158866826656E+000                 -8.3613322781951105E+000                  4.0382367082639696E+000                  6.9999999999760387E-001                  2.8000000000239633E-001                  1.9999999999999796E-002                  0.0000000000000000E+000                  6.6000690361163497E+008                  1.8530434105549259E+006                  6.3819095800863215E-028                  0.0000000000000000E+000                  0.0000000000000000E+000                  1.3169171965500933E+001                  2.7542581793827522E+008                  3.6626931791894889E-006                  0.0000000000000000E+000                 -2.7180997301525660E+000                  4.4707959374560419E-001                  6.8564022110543521E-001                  8.3615521893742595E-001 
                                      70                  2.9999698317339374E+000                  3.2843664133526568E-001                  4.2888574765773173E+000                 -8.3468057607995494E+000                  4.0572871243717010E+000                  6.9999999999760387E-001                  2.8000000000239633E-001                  1.9999999999999796E-002                  0.0000000000000000E+000                  6.3595560214932561E+008                  1.8718687323944052E+006                  6.5989995299585745E-028                  0.0000000000000000E+000                  0.0000000000000000E+000                  1.3178766194677086E+001                  2.7835140248242927E+008                  4.5900591965238951E-006                  0.0000000000000000E+000                 -2.6690908567348663E+000                  4.5156252290403509E-001                  6.9012315026386617E-001                  8.4063814809585691E-001 
                                      71                  2.9999698317301879E+000                  3.2841904738032368E-001                  4.2924346480384115E+000                 -8.3345861604203613E+000                  4.0732997153535448E+000                  6.9999999999760387E-001                  2.8000000000239628E-001                  1.9999999999999796E-002                  0.0000000000000000E+000                  6.1688181373249388E+008                  1.8878889259666989E+006                  6.7873226535919380E-028                  0.0000000000000000E+000                  0.0000000000000000E+000                  1.3187975495688651E+001                  2.8117325169483799E+008                  5.4623493124233186E-006                  0.0000000000000000E+000                 -2.6313102652794753E+000                  4.5588821432580073E-001                  6.9444884168563181E-001                  8.4496383951762244E-001 
                                      72                  2.9999698317273751E+000                  3.2840621666776892E-001                  4.2954168693463481E+000                 -8.3244634094229486E+000                  4.0865715701296796E+000                  6.9999999999760387E-001                  2.8000000000239628E-001                  1.9999999999999796E-002                  0.0000000000000000E+000                  6.0184187044426131E+008                  1.9013112931711623E+006                  6.9473937720094797E-028                  0.0000000000000000E+000                  0.0000000000000000E+000                  1.3194919363341002E+001                  2.8323019097060412E+008                  6.0790478614537619E-006                  0.0000000000000000E+000                 -2.6080822186611732E+000                  4.5902446753384279E-001                  6.9758509489367382E-001                  8.4810009272566445E-001 
                                      73                  2.9999698317245631E+000                  3.2839368046307060E-001                  4.2988032375333969E+000                 -8.3130359072596143E+000                  4.1015612762063114E+000                  6.9999999999760387E-001                  2.8000000000239628E-001                  1.9999999999999796E-002                  0.0000000000000000E+000                  5.8574826956861341E+008                  1.9165821009753379E+006                  7.1326379794152006E-028                  0.0000000000000000E+000                  0.0000000000000000E+000                  1.3201788339506098E+001                  2.8524698892730069E+008                  6.6635128497383757E-006                  0.0000000000000000E+000                 -2.5881483802306917E+000                  4.6206502078951867E-001                  7.0062564814934969E-001                  8.5114064598134043E-001 
                                      74                  2.9999698317208132E+000                  3.2837739798367160E-001                  4.3025448877150465E+000                 -8.3004307531244397E+000                  4.1180842875000279E+000                  6.9999999999760387E-001                  2.8000000000239628E-001                  1.9999999999999796E-002                  0.0000000000000000E+000                  5.6923763774339020E+008                  1.9334257372622164E+006                  7.3427068703739471E-028                  0.0000000000000000E+000                  0.0000000000000000E+000                  1.3209516796089394E+001                  2.8786524374314213E+008                  7.3891221567195744E-006                  0.0000000000000000E+000                 -2.5657035768200411E+000                  4.6596734615885349E-001                  7.0452797351868446E-001                  8.5504297135067520E-001 
                                      75                  2.9999698317170629E+000                  3.2836157954793171E-001                  4.3061643824896789E+000                 -8.2882851534617838E+000                  4.1340039196983103E+000                  6.9999999999760387E-001                  2.8000000000239628E-001                  1.9999999999999796E-002                  0.0000000000000000E+000                  5.5451068034658492E+008                  1.9496531444326311E+006                  7.5509679411425963E-028                  0.0000000000000000E+000                  0.0000000000000000E+000                  1.3216565836023674E+001                  2.9040305463531101E+008                  8.0533825617554310E-006                  0.0000000000000000E+000                 -2.5470108350115219E+000                  4.6969776389095591E-001                  7.0825839125078704E-001                  8.5877338908277767E-001 
                                      76                  2.9999698317133134E+000                  3.2834619570849793E-001                  4.3092328934333057E+000                 -8.2780041342930080E+000                  4.1474723046465849E+000                  6.9999999999760387E-001                  2.8000000000239628E-001                  1.9999999999999796E-002                  0.0000000000000000E+000                  5.4293557297110391E+008                  1.9633262889234852E+006                  7.7318667738725093E-028                  0.0000000000000000E+000                  0.0000000000000000E+000                  1.3223178516460001E+001                  2.9286643267585659E+008                  8.6590779034627940E-006                  0.0000000000000000E+000                 -2.5312641765524986E+000                  4.7326123982918367E-001                  7.1182186718901475E-001                  8.6233686502100548E-001 
                                      77                  2.9999698317105006E+000                  3.2833492671931946E-001                  4.3118008842320164E+000                 -8.2694425954264172E+000                  4.1586943983000992E+000                  6.9999999999760387E-001                  2.8000000000239628E-001                  1.9999999999999796E-002                  0.0000000000000000E+000                  5.3385830508856952E+008                  1.9746976172374657E+006                  7.8858135461785193E-028                  0.0000000000000000E+000                  0.0000000000000000E+000                  1.3228497582168963E+001                  2.9467086622747689E+008                  9.0764772201907639E-006                  0.0000000000000000E+000                 -2.5210413389934327E+000                  4.7582655197033963E-001                  7.1438717933017082E-001                  8.6490217716216133E-001 
                                      78                  2.9999698317076886E+000                  3.2832387685612119E-001                  4.3147276858882044E+000                 -8.2597302932014927E+000                  4.1714318231685699E+000                  6.9999999999760387E-001                  2.8000000000239628E-001                  1.9999999999999796E-002                  0.0000000000000000E+000                  5.2416158461227995E+008                  1.9875570374514128E+006                  8.0641667241543354E-028                  0.0000000000000000E+000                  0.0000000000000000E+000                  1.3234587265947699E+001                  2.9644620303304440E+008                  9.4633237531823414E-006                  0.0000000000000000E+000                 -2.5119781509247723E+000                  4.7830023484840450E-001                  7.1686086220823564E-001                  8.6737586004022627E-001 
                                      79                  2.9999698317039383E+000                  3.2830946826480145E-001                  4.3179764114277157E+000                 -8.2489627496199454E+000                  4.1855474810725619E+000                  6.9999999999760387E-001                  2.8000000000239628E-001                  1.9999999999999796E-002                  0.0000000000000000E+000                  5.1417361027441418E+008                  2.0016682457839914E+006                  8.2666170119791627E-028                  0.0000000000000000E+000                  0.0000000000000000E+000                  1.3242891182552034E+001                  2.9876145678526974E+008                  9.9329368720677458E-006                  0.0000000000000000E+000                 -2.5014611623204996E+000                  4.8146222507118952E-001                  7.2002285243102060E-001                  8.7053785026301134E-001 
                                      80                  2.9999698317001884E+000                  3.2829541113424671E-001                  4.3227027509042433E+000                 -8.2334708108040680E+000                  4.2058988889973312E+000                  6.9999999999760387E-001                  2.8000000000239633E-001                  1.9999999999999796E-002                  0.0000000000000000E+000                  5.0101995075639582E+008                  2.0218561382381150E+006                  8.5668446081188643E-028                  0.0000000000000000E+000                  0.0000000000000000E+000                  1.3254269351180385E+001                  3.0103100157812232E+008                  1.0350332998165405E-005                  0.0000000000000000E+000                 -2.4925228387779614E+000                  4.8446739644275277E-001                  7.2302802380258391E-001                  8.7354302163457453E-001 
                                      81                  2.9999698316926886E+000                  3.2826827821515581E-001                  4.3286789534830605E+000                 -8.2138497068696683E+000                  4.2316367974782372E+000                  6.9999999999760387E-001                  2.8000000000239628E-001                  1.9999999999999796E-002                  0.0000000000000000E+000                  4.8654235132124162E+008                  2.0466824475659213E+006                  8.9627948876114204E-028                  0.0000000000000000E+000                  0.0000000000000000E+000                  1.3277945702363652E+001                  3.0541472939500195E+008                  1.1044958868270993E-005                  0.0000000000000000E+000                 -2.4784179485570337E+000                  4.9005329141407172E-001                  7.2861391877390280E-001                  8.7912891660589343E-001 
                                      82                  2.9999698316851884E+000                  3.2824233910795936E-001                  4.3329436047557754E+000                 -8.1998446397441569E+000                  4.2499905005587229E+000                  6.9999999999760387E-001                  2.8000000000239628E-001                  1.9999999999999796E-002                  0.0000000000000000E+000                  4.7753504790514541E+008                  2.0639164663366163E+006                  9.2565593607280592E-028                  0.0000000000000000E+000                  0.0000000000000000E+000                  1.3300947667241777E+001                  3.0956476846890205E+008                  1.1582043975867486E-005                  0.0000000000000000E+000                 -2.4681073952133095E+000                  4.9515240904666535E-001                  7.3371303640649643E-001                  8.8422803423848706E-001 
                                      83                  2.9999698316814389E+000                  3.2822977945296478E-001                  4.3357131409714595E+000                 -8.1908455048611657E+000                  4.2618104271803459E+000                  6.9999999999760387E-001                  2.8000000000239628E-001                  1.9999999999999796E-002                  0.0000000000000000E+000                  4.7222430745305449E+008                  2.0749037323710734E+006                  9.4503832078152659E-028                  0.0000000000000000E+000                  0.0000000000000000E+000                  1.3315765463966883E+001                  3.1157849698201913E+008                  1.1799355871180787E-005                  0.0000000000000000E+000                 -2.4640708501277526E+000                  4.9752991090929044E-001                  7.3609053826912152E-001                  8.8660553610111226E-001 
                                      84                  2.9999698316776886E+000                  3.2821747631571080E-001                  4.3397626666769664E+000                 -8.1778162827083438E+000                  4.2789600922654287E+000                  6.9999999999760387E-001                  2.8000000000239628E-001                  1.9999999999999796E-002                  0.0000000000000000E+000                  4.6515768595928097E+008                  2.0906630182851586E+006                  9.7382217300738398E-028                  0.0000000000000000E+000                  0.0000000000000000E+000                  1.3337396832536301E+001                  3.1357529820006269E+008                  1.1985643992234713E-005                  0.0000000000000000E+000                 -2.4606693131155355E+000                  4.9979172842994557E-001                  7.3835235578977665E-001                  8.8886735362176739E-001 
                                      85                  2.9999698316701884E+000                  3.2819359430328743E-001                  4.3449268230155491E+000                 -8.1611921509502157E+000                  4.3008258505821457E+000                  6.9999999999760387E-001                  2.8000000000239628E-001                  1.9999999999999796E-002                  0.0000000000000000E+000                  4.5721681034442532E+008                  2.1101801770292604E+006                  1.0118243133273024E-027                  0.0000000000000000E+000                  0.0000000000000000E+000                  1.3371486771978457E+001                  3.1745919918105149E+008                  1.2281003371324724E-005                  0.0000000000000000E+000                 -2.4553830747070275E+000                  5.0402600709884138E-001                  7.4258663445867246E-001                  8.9310163229066308E-001 
                                      86                  2.9999698316626886E+000                  3.2817060546133658E-001                  4.3486398682913610E+000                 -8.1492439784632662E+000                  4.3165349940177595E+000                  6.9999999999760387E-001                  2.8000000000239628E-001                  1.9999999999999796E-002                  0.0000000000000000E+000                  4.5217840284655845E+008                  2.1238326804182464E+006                  1.0400500713436289E-027                  0.0000000000000000E+000                  0.0000000000000000E+000                  1.3400183512590360E+001                  3.2117259160587621E+008                  1.2490791551392670E-005                  0.0000000000000000E+000                 -2.4517050195835735E+000                  5.0793123857541045E-001                  7.4649186593524153E-001                  8.9700686376723227E-001 
                                      87                  2.9999698316589387E+000                  3.2815942164089651E-001                  4.3510602854289644E+000                 -8.1415279773866320E+000                  4.3267017359044724E+000                  6.9999999999760387E-001                  2.8000000000239628E-001                  1.9999999999999796E-002                  0.0000000000000000E+000                  4.4917677593957317E+008                  2.1325805893521165E+006                  1.0586950421050386E-027                  0.0000000000000000E+000                  0.0000000000000000E+000                  1.3418733781975869E+001                  3.2298420233090222E+008                  1.2568038528328549E-005                  0.0000000000000000E+000                 -2.4503662483007647E+000                  5.0976749728709025E-001                  7.4832812464692133E-001                  8.9884312247891207E-001 
                                      88                  2.9999698316551888E+000                  3.2814843392448528E-001                  4.3546120560074293E+000                 -8.1303043205109944E+000                  4.3415205375367805E+000                  6.9999999999760387E-001                  2.8000000000239628E-001                  1.9999999999999796E-002                  0.0000000000000000E+000                  4.4514466390428096E+008                  2.1452095797953275E+006                  1.0864142731440648E-027                  0.0000000000000000E+000                  0.0000000000000000E+000                  1.3445897978135513E+001                  3.2478391799463564E+008                  1.2629081263768701E-005                  0.0000000000000000E+000                 -2.4493141211035088E+000                  5.1152658613503799E-001                  7.5008721349486918E-001                  9.0060221132685980E-001 
                                      89                  2.9999698316476890E+000                  3.2812701673950190E-001                  4.3591692360941803E+000                 -8.1159034855747834E+000                  4.3605274271773986E+000                  6.9999999999760387E-001                  2.8000000000239628E-001                  1.9999999999999796E-002                  0.0000000000000000E+000                  4.4053945756395209E+008                  2.1610478250916135E+006                  1.1230458931888750E-027                  0.0000000000000000E+000                  0.0000000000000000E+000                  1.3485827468294268E+001                  3.2830060562787473E+008                  1.2711434451858089E-005                  0.0000000000000000E+000                 -2.4479027188467297E+000                  5.1485609976241697E-001                  7.5341672712224805E-001                  9.0393172495423857E-001 
                                      90                  2.9999698316401893E+000                  3.2810629506911859E-001                  4.3635566133970833E+000                 -8.1021210578663858E+000                  4.3787406465809022E+000                  6.9999999999760387E-001                  2.8000000000239633E-001                  1.9999999999999796E-002                  0.0000000000000000E+000                  4.3663990808163494E+008                  2.1759412325712605E+006                  1.1592606788613386E-027                  0.0000000000000000E+000                  0.0000000000000000E+000                  1.3527478804057408E+001                  3.3169977625115401E+008                  1.2749026686025347E-005                  0.0000000000000000E+000                 -2.4472614849100509E+000                  5.1796516179690344E-001                  7.5652578915673452E-001                  9.0704078698872515E-001 
                                      91                  2.9999698316326890E+000                  3.2808621785125014E-001                  4.3688383468502554E+000                 -8.0857072389334448E+000                  4.4004868665796417E+000                  6.9999999999760387E-001                  2.8000000000239628E-001                  1.9999999999999796E-002                  0.0000000000000000E+000                  4.3256501666822845E+008                  2.1934635301153217E+006                  1.2039164431732240E-027                  0.0000000000000000E+000                  0.0000000000000000E+000                  1.3579934994996748E+001                  3.3501869830674839E+008                  1.2750126290738443E-005                  0.0000000000000000E+000                 -2.4472427567483779E+000                  5.2087072682475299E-001                  7.5943135418458407E-001                  9.0994635201657470E-001 
                                      92                  2.9999698316214389E+000                  3.2805721407186617E-001                  4.3738654210608843E+000                 -8.0700607149920902E+000                  4.4212013284009712E+000                  6.9999999999760387E-001                  2.8000000000239628E-001                  1.9999999999999796E-002                  0.0000000000000000E+000                  4.2921023097760743E+008                  2.2097643867122401E+006                  1.2480852501911791E-027                  0.0000000000000000E+000                  0.0000000000000000E+000                  1.3638529471884002E+001                  3.3981729096377498E+008                  1.2700027934626399E-005                  0.0000000000000000E+000                 -2.4480976618904955E+000                  5.2491851683215263E-001                  7.6347914419198371E-001                  9.1399414202397444E-001 
                                      93                  2.9999698316139392E+000                  3.2803855937062504E-001                  4.3777528432429955E+000                 -8.0580888254840399E+000                  4.4370923729893308E+000                  6.9999999999760387E-001                  2.8000000000239628E-001                  1.9999999999999796E-002                  0.0000000000000000E+000                  4.2693290473033857E+008                  2.2221699274316542E+006                  1.2829721042283531E-027                  0.0000000000000000E+000                  0.0000000000000000E+000                  1.3685477318756531E+001                  3.4290644508361465E+008                  1.2639546091133282E-005                  0.0000000000000000E+000                 -2.4491342610353497E+000                  5.2743788615572829E-001                  7.6599851351555936E-001                  9.1651351134754999E-001 
                                      94                  2.9999698316064398E+000                  3.2802040958016554E-001                  4.3815192554635374E+000                 -8.0465525636510584E+000                  4.4524249414260924E+000                  6.9999999999760387E-001                  2.8000000000239628E-001                  1.9999999999999796E-002                  0.0000000000000000E+000                  4.2494441275378579E+008                  2.2340469278044649E+006                  1.3175118308453438E-027                  0.0000000000000000E+000                  0.0000000000000000E+000                  1.3733086796666424E+001                  3.4593540157495052E+008                  1.2564414318996304E-005                  0.0000000000000000E+000                 -2.4504288754599495E+000                  5.2982903785391811E-001                  7.6838966521374930E-001                  9.1890466304573992E-001 
                                      95                  2.9999698315989396E+000                  3.2800273337260366E-001                  4.3851723645150855E+000                 -8.0354220762582056E+000                  4.4672369794693090E+000                  6.9999999999760387E-001                  2.8000000000239628E-001                  1.9999999999999796E-002                  0.0000000000000000E+000                  4.2319425646261334E+008                  2.2454522480250299E+006                  1.3517178093980337E-027                  0.0000000000000000E+000                  0.0000000000000000E+000                  1.3780488248238306E+001                  3.4889658265021980E+008                  1.2479448970750374E-005                  0.0000000000000000E+000                 -2.4519022952372835E+000                  5.3210985810186240E-001                  7.7067048546169348E-001                  9.2118548329368410E-001 
                                      96                  2.9999698315914398E+000                  3.2798550235341578E-001                  4.3887189655900238E+000                 -8.0246701504087845E+000                  4.4815626918391427E+000                  6.9999999999760387E-001                  2.8000000000239628E-001                  1.9999999999999796E-002                  0.0000000000000000E+000                  4.2164815049397427E+008                  2.2564302684547273E+006                  1.3856034756098508E-027                  0.0000000000000000E+000                  0.0000000000000000E+000                  1.3826974205274725E+001                  3.5179383805154514E+008                  1.2388648214082150E-005                  0.0000000000000000E+000                 -2.4534880395154741E+000                  5.3429178533145416E-001                  7.7285241269128524E-001                  9.2336741052327598E-001 
                                      97                  2.9999698315839396E+000                  3.2796869071253937E-001                  4.3921650942711699E+000                 -8.0142720341625484E+000                  4.4954330183999840E+000                  6.9999999999760387E-001                  2.8000000000239628E-001                  1.9999999999999796E-002                  0.0000000000000000E+000                  4.2027608661372066E+008                  2.2670203242767951E+006                  1.4191818932038194E-027                  0.0000000000000000E+000                  0.0000000000000000E+000                  1.3871967612252337E+001                  3.5463048145770979E+008                  1.2295028444362420E-005                  0.0000000000000000E+000                 -2.4551352310951917E+000                  5.3638429084842931E-001                  7.7494491820826050E-001                  9.2545991604025113E-001 
                                      98                  2.9999698315764398E+000                  3.2795227492097490E-001                  4.3955161476188067E+000                 -8.0042051717266496E+000                  4.5088760369067042E+000                  6.9999999999760387E-001                  2.8000000000239628E-001                  1.9999999999999796E-002                  0.0000000000000000E+000                  4.1905118183907479E+008                  2.2772577368508913E+006                  1.4524656995177280E-027                  0.0000000000000000E+000                  0.0000000000000000E+000                  1.3914997149103849E+001                  3.5740942878232074E+008                  1.2201045615797386E-005                  0.0000000000000000E+000                 -2.4568014745924498E+000                  5.3839575321633792E-001                  7.7695638057616911E-001                  9.2747137840815974E-001 
                                      99                  2.9999698315689396E+000                  3.2793623346984446E-001                  4.4003978471654648E+000                 -7.9897080962030067E+000                  4.5282939659990449E+000                  6.9999999999760387E-001                  2.8000000000239628E-001                  1.9999999999999796E-002                  0.0000000000000000E+000                  4.1744586660835505E+008                  2.2920970538157681E+006                  1.5017732510097415E-027                  0.0000000000000000E+000                  0.0000000000000000E+000                  1.3972397519779690E+001                  3.6014916727038747E+008                  1.2110605936260403E-005                  0.0000000000000000E+000                 -2.4584170635155549E+000                  5.4033138832615268E-001                  7.7889201568598376E-001                  9.2940701351797439E-001 
                                     100                  2.9999698315539396E+000                  3.2790519879594948E-001                  4.4060071801505964E+000                 -7.9729900222593946E+000                  4.5506610554224221E+000                  6.9999999999760387E-001                  2.8000000000239628E-001                  1.9999999999999796E-002                  0.0000000000000000E+000                  4.1577455091669667E+008                  2.3090554935879349E+006                  1.5607167335671404E-027                  0.0000000000000000E+000                  0.0000000000000000E+000                  1.4039010505265104E+001                  3.6545789666234308E+008                  1.1938374308027822E-005                  0.0000000000000000E+000                 -2.4615274043219966E+000                  5.4401011949985822E-001                  7.8257074685968941E-001                  9.3308574469168004E-001 
                                     101                  2.9999698315417525E+000                  3.2788093071491525E-001                  4.4107384683801483E+000                 -7.9589925543089164E+000                  4.5694238705206205E+000                  6.9999999999760387E-001                  2.8000000000239628E-001                  1.9999999999999796E-002                  0.0000000000000000E+000                  4.1452132345322037E+008                  2.3233008520429973E+006                  1.6118438232688132E-027                  0.0000000000000000E+000                  0.0000000000000000E+000                  1.4092691829486483E+001                  3.6960063321412694E+008                  1.1803406960301816E-005                  0.0000000000000000E+000                 -2.4639963094614417E+000                  5.4683034619553594E-001                  7.8539097355536702E-001                  9.3590597138735765E-001 
                                     102                  2.9999698315300338E+000                  3.2785833245867629E-001                  4.4143142668671036E+000                 -7.9484210374875852E+000                  4.5835956830735478E+000                  6.9999999999760387E-001                  2.8000000000239633E-001                  1.9999999999999796E-002                  0.0000000000000000E+000                  4.1365479981440187E+008                  2.3340311354858917E+006                  1.6515645485706701E-027                  0.0000000000000000E+000                  0.0000000000000000E+000                  1.4134670243772291E+001                  3.7346740649700582E+008                  1.1676698796244851E-005                  0.0000000000000000E+000                 -2.4663399611983023E+000                  5.4941207146863225E-001                  7.8797269882846344E-001                  9.3848769666045406E-001 
                                     103                  2.9999698315230030E+000                  3.2784509793205552E-001                  4.4182390449547162E+000                 -7.9369647138884760E+000                  4.5990068614410831E+000                  6.9999999999760387E-001                  2.8000000000239628E-001                  1.9999999999999796E-002                  0.0000000000000000E+000                  4.1280180461922282E+008                  2.3457846229316159E+006                  1.6957157594412056E-027                  0.0000000000000000E+000                  0.0000000000000000E+000                  1.4178849859031157E+001                  3.7574915025493073E+008                  1.1601747575727340E-005                  0.0000000000000000E+000                 -2.4677382939498673E+000                  5.5090305484765367E-001                  7.8946368220748486E-001                  9.3997868003947549E-001 
                                     104                  2.9999698315089405E+000                  3.2781931450687585E-001                  4.4224280503680760E+000                 -7.9246729425408615E+000                  4.6155163184665611E+000                  6.9999999999760387E-001                  2.8000000000239628E-001                  1.9999999999999796E-002                  0.0000000000000000E+000                  4.1195872835335726E+008                  2.3582928682649750E+006                  1.7444001365578380E-027                  0.0000000000000000E+000                  0.0000000000000000E+000                  1.4232326654292699E+001                  3.8020668322208184E+008                  1.1450141438703408E-005                  0.0000000000000000E+000                 -2.4705945743184206E+000                  5.5376918161270949E-001                  7.9232980897254057E-001                  9.4284480680453131E-001 
                                     105                  2.9999698314995658E+000                  3.2780260278024137E-001                  4.4264966476265020E+000                 -7.9128649399184612E+000                  4.6314234983290694E+000                  6.9999999999760387E-001                  2.8000000000239628E-001                  1.9999999999999796E-002                  0.0000000000000000E+000                  4.1123741035183167E+008                  2.3704159645852456E+006                  1.7924843209636365E-027                  0.0000000000000000E+000                  0.0000000000000000E+000                  1.4285679956711759E+001                  3.8309907943367529E+008                  1.1345678539720749E-005                  0.0000000000000000E+000                 -2.4725847627919331E+000                  5.5560036191308382E-001                  7.9416098927291490E-001                  9.4467598710490552E-001 
                                     106                  2.9999698314855037E+000                  3.2777820410508901E-001                  4.4311954181171762E+000                 -7.8992439435659909E+000                  4.6497776089202034E+000                  6.9999999999760387E-001                  2.8000000000239633E-001                  1.9999999999999796E-002                  0.0000000000000000E+000                  4.1050158368518281E+008                  2.3843711105225924E+006                  1.8496000398839626E-027                  0.0000000000000000E+000                  0.0000000000000000E+000                  1.4354681984487554E+001                  3.8734721630991387E+008                  1.1184499296688086E-005                  0.0000000000000000E+000                 -2.4756917267292624E+000                  5.5823599984431094E-001                  7.9679662720414202E-001                  9.4731162503613264E-001 
                                     107                  2.9999698314714411E+000                  3.2775455485791904E-001                  4.4364717651821159E+000                 -7.8840803324545128E+000                  4.6702585211056817E+000                  6.9999999999760387E-001                  2.8000000000239628E-001                  1.9999999999999796E-002                  0.0000000000000000E+000                  4.0982187605701524E+008                  2.3999801536079622E+006                  1.9153277212982649E-027                  0.0000000000000000E+000                  0.0000000000000000E+000                  1.4438643763600584E+001                  3.9147909499890405E+008                  1.1016461859620059E-005                  0.0000000000000000E+000                 -2.4789789323959148E+000                  5.6074917268618474E-001                  7.9930980004601582E-001                  9.4982479787800644E-001 
                                     108                  2.9999698314526912E+000                  3.2772409880604858E-001                  4.4407973400245062E+000                 -7.8716149412072118E+000                  4.6870808379641486E+000                  6.9999999999760387E-001                  2.8000000000239628E-001                  1.9999999999999796E-002                  0.0000000000000000E+000                  4.0935793232612878E+008                  2.4127143997039683E+006                  1.9711055000916318E-027                  0.0000000000000000E+000                  0.0000000000000000E+000                  1.4517435931243549E+001                  3.9679812290606135E+008                  1.0782769431879518E-005                  0.0000000000000000E+000                 -2.4836348406083202E+000                  5.6393020547403172E-001                  8.0249083283386280E-001                  9.5300583066585343E-001 
                                     109                  2.9999698314433161E+000                  3.2770929933816800E-001                  4.4436123548596385E+000                 -7.8635875793905115E+000                  4.6979457436590515E+000                  6.9999999999760387E-001                  2.8000000000239628E-001                  1.9999999999999796E-002                  0.0000000000000000E+000                  4.0912016430654883E+008                  2.4209733075969336E+006                  2.0078817551201383E-027                  0.0000000000000000E+000                  0.0000000000000000E+000                  1.4570457877678049E+001                  3.9938712429811436E+008                  1.0662223181176350E-005                  0.0000000000000000E+000                 -2.4860761155416689E+000                  5.6545241939151558E-001                  8.0401304675134677E-001                  9.5452804458333740E-001 
                                     110                  2.9999698314339418E+000                  3.2769476943457637E-001                  4.4463665967540305E+000                 -7.8557633334842540E+000                  4.7085468602962361E+000                  6.9999999999760387E-001                  2.8000000000239628E-001                  1.9999999999999796E-002                  0.0000000000000000E+000                  4.0893154282353610E+008                  2.4290281569802752E+006                  2.0443877333821153E-027                  0.0000000000000000E+000                  0.0000000000000000E+000                  1.4624895566140442E+001                  4.0194951054530674E+008                  1.0540305465082229E-005                  0.0000000000000000E+000                 -2.4885734013986762E+000                  5.6693023076585025E-001                  8.0549085812568133E-001                  9.5600585595767196E-001 
                                     111                  2.9999698314245671E+000                  3.2768049753800971E-001                  4.4490630622953535E+000                 -7.8481327380179753E+000                  4.7188967024422581E+000                  6.9999999999760387E-001                  2.8000000000239628E-001                  1.9999999999999796E-002                  0.0000000000000000E+000                  4.0879030002524984E+008                  2.4368873334450470E+006                  2.0806294184397245E-027                  0.0000000000000000E+000                  0.0000000000000000E+000                  1.4680700359481971E+001                  4.0447377214571691E+008                  1.0416576724901303E-005                  0.0000000000000000E+000                 -2.4911374914660733E+000                  5.6836719489484155E-001                  8.0692782225467263E-001                  9.5744282008666326E-001 
                                     112                  2.9999698314151919E+000                  3.2766647283933970E-001                  4.4530191764020453E+000                 -7.8370468145713534E+000                  4.7339751081429533E+000                  6.9999999999760387E-001                  2.8000000000239628E-001                  1.9999999999999796E-002                  0.0000000000000000E+000                  4.0867334966574186E+008                  2.4483681351008117E+006                  2.1344301160246729E-027                  0.0000000000000000E+000                  0.0000000000000000E+000                  1.4765359800264067E+001                  4.0697295905551398E+008                  1.0291457204053929E-005                  0.0000000000000000E+000                 -2.4937615637911170E+000                  5.6976359312621150E-001                  8.0832422048604269E-001                  9.5883921831803332E-001 
                                     113                  2.9999698313964425E+000                  3.2763912647049304E-001                  4.4587273170235351E+000                 -7.8211243882896806E+000                  4.7556597008694084E+000                  6.9999999999760387E-001                  2.8000000000239628E-001                  1.9999999999999796E-002                  0.0000000000000000E+000                  4.0867115917299652E+008                  2.4648107102118330E+006                  2.2141459050803346E-027                  0.0000000000000000E+000                  0.0000000000000000E+000                  1.4898314345843394E+001                  4.1187777691598397E+008                  1.0037458264554807E-005                  0.0000000000000000E+000                 -2.4991881237463560E+000                  5.7244505591131178E-001                  8.1100568327114286E-001                  9.6152068110313349E-001 
                                     114                  2.9999698313730048E+000                  3.2760616719077401E-001                  4.4641829699539013E+000                 -7.8059739830272896E+000                  4.7763189880203765E+000                  6.9999999999760387E-001                  2.8000000000239628E-001                  1.9999999999999796E-002                  0.0000000000000000E+000                  4.0885889512059641E+008                  2.4803730416832529E+006                  2.2927592408021522E-027                  0.0000000000000000E+000                  0.0000000000000000E+000                  1.5037436734521028E+001                  4.1779028360619873E+008                  9.7136260006232764E-006                  0.0000000000000000E+000                 -2.5063093109931760E+000                  5.7561122708159418E-001                  8.1417185444142537E-001                  9.6468685227341600E-001 
                                     115                  2.9999698313542553E+000                  3.2758069859878136E-001                  4.4688607906920774E+000                 -7.7931241661890471E+000                  4.7938965074143916E+000                  6.9999999999760387E-001                  2.8000000000239628E-001                  1.9999999999999796E-002                  0.0000000000000000E+000                  4.0919796152431327E+008                  2.4935786624224312E+006                  2.3616189792130270E-027                  0.0000000000000000E+000                  0.0000000000000000E+000                  1.5162934883561791E+001                  4.2238170599673378E+008                  9.4516101181320278E-006                  0.0000000000000000E+000                 -2.5122471007265696E+000                  5.7800399591117846E-001                  8.1656462327100954E-001                  9.6707962110300016E-001 
                                     116                  2.9999698313355054E+000                  3.2755596823995975E-001                  4.4739450633565987E+000                 -7.7793031987820305E+000                  4.8128606553640738E+000                  6.9999999999760387E-001                  2.8000000000239628E-001                  1.9999999999999796E-002                  0.0000000000000000E+000                  4.0977023361980152E+008                  2.5077602808782388E+006                  2.4379932714885977E-027                  0.0000000000000000E+000                  0.0000000000000000E+000                  1.5305669866807381E+001                  4.2688606512704837E+008                  9.1885667117017842E-006                  0.0000000000000000E+000                 -2.5183761136075224E+000                  5.8027659856223823E-001                  8.1883722592206931E-001                  9.6935222375406005E-001 
                                     117                  2.9999698313120682E+000                  3.2752601791877312E-001                  4.4788348747476308E+000                 -7.7660766634261771E+000                  4.8310361453316020E+000                  6.9999999999760387E-001                  2.8000000000239628E-001                  1.9999999999999796E-002                  0.0000000000000000E+000                  4.1052164039382786E+008                  2.5212034642842058E+006                  2.5133947012511648E-027                  0.0000000000000000E+000                  0.0000000000000000E+000                  1.5451721733068025E+001                  4.3236932382855242E+008                  8.8581917641212591E-006                  0.0000000000000000E+000                 -2.5263274611225914E+000                  5.8296459087985020E-001                  8.2152521823968128E-001                  9.7204021607167190E-001 
                                     118                  2.9999698312933183E+000                  3.2750277210628737E-001                  4.4830471047242080E+000                 -7.7547996126654919E+000                  4.8465805872204424E+000                  6.9999999999760387E-001                  2.8000000000239628E-001                  1.9999999999999796E-002                  0.0000000000000000E+000                  4.1135220525724667E+008                  2.5326114190099807E+006                  2.5795216591223411E-027                  0.0000000000000000E+000                  0.0000000000000000E+000                  1.5582549194635121E+001                  4.3664698976142251E+008                  8.5924076491014087E-006                  0.0000000000000000E+000                 -2.5329425634738199E+000                  5.8499968840388838E-001                  8.2356031576371946E-001                  9.7407531359571009E-001 
                                     119                  2.9999698312745688E+000                  3.2748011854276088E-001                  4.4881528693968686E+000                 -7.7412952755333180E+000                  4.8652638028088555E+000                  6.9999999999760387E-001                  2.8000000000239633E-001                  1.9999999999999796E-002                  0.0000000000000000E+000                  4.1261927595984870E+008                  2.5461876224916056E+006                  2.6610023397402282E-027                  0.0000000000000000E+000                  0.0000000000000000E+000                  1.5747272533857645E+001                  4.4086304544590592E+008                  8.3248732095013125E-006                  0.0000000000000000E+000                 -2.5398111861080137E+000                  5.8693179513650218E-001                  8.2549242249633326E-001                  9.7600742032832388E-001 
                                     120                  2.9999698312464438E+000                  3.2744717222750203E-001                  4.4930586209236028E+000                 -7.7283561061526891E+000                  4.8831816394168674E+000                  6.9999999999760387E-001                  2.8000000000239628E-001                  1.9999999999999796E-002                  0.0000000000000000E+000                  4.1411428279496253E+008                  2.5589224667193154E+006                  2.7414865462253380E-027                  0.0000000000000000E+000                  0.0000000000000000E+000                  1.5917226708538442E+001                  4.4702148475848418E+008                  7.9185205565543806E-006                  0.0000000000000000E+000                 -2.5506779757546534E+000                  5.8965768808596686E-001                  8.2821831544579794E-001                  9.7873331327778856E-001 
                                     121                  2.9999698312276943E+000                  3.2742584876009861E-001                  4.4968749267744741E+000                 -7.7184112603176640E+000                  4.8970046580883366E+000                  6.9999999999760387E-001                  2.8000000000239628E-001                  1.9999999999999796E-002                  0.0000000000000000E+000                  4.1550873416214490E+008                  2.5685897603667653E+006                  2.8049962390941589E-027                  0.0000000000000000E+000                  0.0000000000000000E+000                  1.6054422500565103E+001                  4.5102492109028065E+008                  7.6430897653213505E-006                  0.0000000000000000E+000                 -2.5583655198768311E+000                  5.9136398635413601E-001                  8.2992461371396709E-001                  9.8043961154595771E-001 
                                     122                  2.9999698312089444E+000                  3.2740500499205194E-001                  4.5005936596340845E+000                 -7.7087948404117670E+000                  4.9104037790261739E+000                  6.9999999999760387E-001                  2.8000000000239628E-001                  1.9999999999999796E-002                  0.0000000000000000E+000                  4.1707424542270881E+008                  2.5777834091338194E+006                  2.8678074761169420E-027                  0.0000000000000000E+000                  0.0000000000000000E+000                  1.6193581900083863E+001                  4.5497529639263499E+008                  7.3633037688332166E-006                  0.0000000000000000E+000                 -2.5664636412931743E+000                  5.9297939967400726E-001                  8.3154002703383834E-001                  9.8205502486582907E-001 
                                     123                  2.9999698311901941E+000                  3.2738461478373843E-001                  4.5042206089307069E+000                 -7.6994874762313179E+000                  4.9234042498697939E+000                  6.9999999999760387E-001                  2.8000000000239628E-001                  1.9999999999999796E-002                  0.0000000000000000E+000                  4.1881614929913753E+008                  2.5865125058413059E+006                  2.9299392677937934E-027                  0.0000000000000000E+000                  0.0000000000000000E+000                  1.6334503692082450E+001                  4.5886358560267544E+008                  7.0790701366879515E-006                  0.0000000000000000E+000                 -2.5750118924140701E+000                  5.9450963511858124E-001                  8.3307026247841243E-001                  9.8358526031040305E-001 
                                     124                  2.9999698311714447E+000                  3.2736465412706239E-001                  4.5095202112838919E+000                 -7.6860912432436752E+000                  4.9422065548699941E+000                  6.9999999999760387E-001                  2.8000000000239628E-001                  1.9999999999999796E-002                  0.0000000000000000E+000                  4.2181528655939871E+008                  2.5987929039397407E+006                  3.0217371987142607E-027                  0.0000000000000000E+000                  0.0000000000000000E+000                  1.6545758448616041E+001                  4.6271475401266444E+008                  6.7899316775570999E-006                  0.0000000000000000E+000                 -2.5840672978530645E+000                  5.9594983431731796E-001                  8.3451046167714893E-001                  9.8502545950913967E-001 
                                     125                  2.9999698311339453E+000                  3.2732593758137546E-001                  4.5162806116003713E+000                 -7.6691233044338372E+000                  4.9660816561800845E+000                  6.9999999999760387E-001                  2.8000000000239628E-001                  1.9999999999999796E-002                  0.0000000000000000E+000                  4.2649175765110642E+008                  2.6135231617600331E+006                  3.1421506314677708E-027                  0.0000000000000000E+000                  0.0000000000000000E+000                  1.6829840183798122E+001                  4.7025120581657565E+008                  6.2017233955451560E-006                  0.0000000000000000E+000                 -2.6037438038661223E+000                  5.9858793556519085E-001                  8.3714856292502204E-001                  9.8766356075701267E-001 
                                     126                  2.9999698310964455E+000                  3.2728869475754258E-001                  4.5211429051621064E+000                 -7.6570116857927495E+000                  4.9831700167137560E+000                  6.9999999999760387E-001                  2.8000000000239628E-001                  1.9999999999999796E-002                  0.0000000000000000E+000                  4.3053420286808622E+008                  2.6233793939315053E+006                  3.2310251639510479E-027                  0.0000000000000000E+000                  0.0000000000000000E+000                  1.7041769890352963E+001                  4.7751017008264434E+008                  5.6051972341774196E-006                  0.0000000000000000E+000                 -2.6257045504811738E+000                  6.0094130117325051E-001                  8.3950192853308159E-001                  9.9001692636507233E-001 
                                     127                  2.9999698310776957E+000                  3.2727058202298154E-001                  4.5258858499870716E+000                 -7.6454357846784777E+000                  4.9996140640421061E+000                  6.9999999999760387E-001                  2.8000000000239628E-001                  1.9999999999999796E-002                  0.0000000000000000E+000                  4.3514696051405668E+008                  2.6323290421581282E+006                  3.3183172818299917E-027                  0.0000000000000000E+000                  0.0000000000000000E+000                  1.7246699199982395E+001                  4.8108979952534097E+008                  5.3029598288496539E-006                  0.0000000000000000E+000                 -2.6377408313751900E+000                  6.0199723106125158E-001                  8.4055785842108266E-001                  9.9107285625307329E-001 
                                     128                  2.9999698310401959E+000                  3.2723530286556113E-001                  4.5312110639261745E+000                 -7.6324757566372465E+000                  5.0180493672864523E+000                  6.9999999999760387E-001                  2.8000000000239628E-001                  1.9999999999999796E-002                  0.0000000000000000E+000                  4.4117019214130992E+008                  2.6415469958006120E+006                  3.4188482938690135E-027                  0.0000000000000000E+000                  0.0000000000000000E+000                  1.7484142568632731E+001                  4.8813842917094094E+008                  4.6912262711436570E-006                  0.0000000000000000E+000                 -2.6643568096467374E+000                  6.0388617191101734E-001                  8.4244679927084842E-001                  9.9296179710283905E-001 
                                     129                  2.9999698310120717E+000                  3.2720961601322407E-001                  4.5356389520407348E+000                 -7.6218354524608838E+000                  5.0332547145376605E+000                  6.9999999999760387E-001                  2.8000000000239628E-001                  1.9999999999999796E-002                  0.0000000000000000E+000                  4.4698059291161227E+008                  2.6484971130947433E+006                  3.5036580214506626E-027                  0.0000000000000000E+000                  0.0000000000000000E+000                  1.7688102323722788E+001                  4.9329454760590565E+008                  4.2227432760288992E-006                  0.0000000000000000E+000                 -2.6872026604707231E+000                  6.0513280767836353E-001                  8.4369343503819472E-001                  9.9420843287018534E-001 
                                     130                  2.9999698309839467E+000                  3.2718454645276696E-001                  4.5399432847236039E+000                 -7.6115899771855160E+000                  5.0479489932839581E+000                  6.9999999999760387E-001                  2.8000000000239628E-001                  1.9999999999999796E-002                  0.0000000000000000E+000                  4.5340137058945668E+008                  2.6545929244981804E+006                  3.5873084487056580E-027                  0.0000000000000000E+000                  0.0000000000000000E+000                  1.7897343308772431E+001                  4.9838053851529777E+008                  3.7378141657079709E-006                  0.0000000000000000E+000                 -2.7136911472000764E+000                  6.0622758477404970E-001                  8.4478821213388089E-001                  9.9530320996587152E-001 
                                     131                  2.9999698309558225E+000                  3.2716005719725255E-001                  4.5441331427645704E+000                 -7.6017157363821291E+000                  5.0621654764570883E+000                  6.9999999999760387E-001                  2.8000000000239628E-001                  1.9999999999999796E-002                  0.0000000000000000E+000                  4.6045688627672184E+008                  2.6598755290503264E+006                  3.6698174216505479E-027                  0.0000000000000000E+000                  0.0000000000000000E+000                  1.8115331409009794E+001                  5.0339140224195653E+008                  3.2322019517749252E-006                  0.0000000000000000E+000                 -2.7452507559101424E+000                  6.0718290669851793E-001                  8.4574353405834901E-001                  9.9625853189033953E-001 
                                     132                  2.9999698309276979E+000                  3.2713611444951352E-001                  4.5502456186147411E+000                 -7.5875847178959068E+000                  5.0826583853407392E+000                  6.9999999999760387E-001                  2.8000000000239628E-001                  1.9999999999999796E-002                  0.0000000000000000E+000                  4.7237992268579930E+008                  2.6664651915161712E+006                  3.7912083172910793E-027                  0.0000000000000000E+000                  0.0000000000000000E+000                  1.8463546509053245E+001                  5.0836574825988197E+008                  2.6980116307935431E-006                  0.0000000000000000E+000                 -2.7844780912352132E+000                  6.0799682272820443E-001                  8.4655745008803551E-001                  9.9707244792002614E-001 
                                     133                  2.9999698308714482E+000                  3.2708975071339758E-001                  4.5567525052118523E+000                 -7.5726905228790402E+000                  5.1043576776782329E+000                  6.9999999999760387E-001                  2.8000000000239628E-001                  1.9999999999999796E-002                  0.0000000000000000E+000                  4.8739658676597399E+008                  2.6721315480951928E+006                  3.9235046454677328E-027                  0.0000000000000000E+000                  0.0000000000000000E+000                  1.8889620687569725E+001                  5.1810722568071747E+008                  1.5630134676139809E-006                  0.0000000000000000E+000                 -2.9030186399458646E+000                  6.0931267839122538E-001                  8.4787330575105646E-001                  9.9838830358304709E-001 
                                     134                  2.9999698308339489E+000                  3.2705987575354306E-001                  4.5618043476063379E+000                 -7.5613905333719282E+000                  5.1209732878039453E+000                  6.9999999999760387E-001                  2.8000000000239628E-001                  1.9999999999999796E-002                  0.0000000000000000E+000                  5.0096765036664033E+008                  2.6756291821413948E+006                  4.0269473673507046E-027                  0.0000000000000000E+000                  0.0000000000000000E+000                  1.9246357794456539E+001                  5.2446190652824980E+008                  7.6810136171860630E-007                  0.0000000000000000E+000                 -3.0572907324775009E+000                  6.0999522249909077E-001                  8.4855584985892185E-001                  9.9907084769091248E-001 
                                     135                  2.9999698307964491E+000                  3.2703076215937843E-001                  4.5667216874229455E+000                 -7.5505864681068138E+000                  5.1369807727970418E+000                  6.9999999999760387E-001                  2.8000000000239628E-001                  1.9999999999999796E-002                  0.0000000000000000E+000                  5.1590417337581176E+008                  2.6783893810239448E+006                  4.1283998589388770E-027                  0.0000000000000000E+000                  0.0000000000000000E+000                  1.9607661000828607E+001                  5.3077772402530873E+008                 -4.7231315447380508E-008                  0.0000000000000000E+000                 -9.8999999999999986E+001                  6.1053224090887104E-001                  8.4909286826870223E-001                  9.9960786610069274E-001 
                                     136                  2.9999698307589497E+000                  3.2700235825546925E-001                  4.5715122682656357E+000                 -7.5402444018927888E+000                  5.1524231268189498E+000                  6.9999999999760387E-001                  2.8000000000239628E-001                  1.9999999999999796E-002                  0.0000000000000000E+000                  5.3215693941847026E+008                  2.6806483158778767E+006                  4.2279077498039786E-027                  0.0000000000000000E+000                  0.0000000000000000E+000                  1.9964971640048184E+001                  5.3703851164986300E+008                 -8.6207984905472683E-007                  0.0000000000000000E+000                 -9.8999999999999986E+001                  6.1096758419445796E-001                  8.4952821155428904E-001                  1.0000432093862794E+000 
                                     137                  2.9999698307214500E+000                  3.2697461737853090E-001                  4.5761813048789177E+000                 -7.5303317118271691E+000                  5.1673389394205884E+000                  6.9999999999760387E-001                  2.8000000000239628E-001                  1.9999999999999796E-002                  0.0000000000000000E+000                  5.4966824609243560E+008                  2.6826237818703386E+006                  4.3255349332968379E-027                  0.0000000000000000E+000                  0.0000000000000000E+000                  2.0310554559355207E+001                  5.4324977700149417E+008                 -1.6602499784090898E-006                  0.0000000000000000E+000                 -9.8999999999999986E+001                  6.1133834388965003E-001                  8.4989897124948111E-001                  1.0004139690814717E+000 
                                     138                  2.9999698306839506E+000                  3.2694749737217060E-001                  4.5807323593727753E+000                 -7.5208174529364200E+000                  5.1817629774038609E+000                  6.9999999999760387E-001                  2.8000000000239628E-001                  1.9999999999999796E-002                  0.0000000000000000E+000                  5.6837490208955538E+008                  2.6845123124063089E+006                  4.4213578391709802E-027                  0.0000000000000000E+000                  0.0000000000000000E+000                  2.0639704895834836E+001                  5.4941415307119882E+008                 -2.4294792436831723E-006                  0.0000000000000000E+000                 -9.8999999999999986E+001                  6.1167824089626888E-001                  8.5023886825609996E-001                  1.0007538660880906E+000 
                                     139                  2.9999698306464504E+000                  3.2692096011616706E-001                  4.5851684387312348E+000                 -7.5116730754340928E+000                  5.1957266736504382E+000                  6.9999999999760387E-001                  2.8000000000239628E-001                  1.9999999999999796E-002                  0.0000000000000000E+000                  5.8814658150857103E+008                  2.6864904311528481E+006                  4.5154556484256999E-027                  0.0000000000000000E+000                  0.0000000000000000E+000                  2.0952420067502441E+001                  5.5553259116347826E+008                 -3.1630893172584653E-006                  0.0000000000000000E+000                 -9.8999999999999986E+001                  6.1201754455337565E-001                  8.5057817191320673E-001                  1.0010931697451972E+000 
                                     140                  2.9999698306089511E+000                  3.2689497106488652E-001                  4.5894925903579926E+000                 -7.5028726311786880E+000                  5.2092585402239049E+000                  6.9999999999760387E-001                  2.8000000000239628E-001                  1.9999999999999796E-002                  0.0000000000000000E+000                  6.0870852608985245E+008                  2.6887150093058189E+006                  4.6079050391074995E-027                  0.0000000000000000E+000                  0.0000000000000000E+000                  2.1249129730725741E+001                  5.6160542478904843E+008                 -3.8570199073494036E-006                  0.0000000000000000E+000                 -9.8999999999999986E+001                  6.1238322703593306E-001                  8.5094385439576425E-001                  1.0014588522277548E+000 
                                     141                  2.9999698305714513E+000                  3.2686949882278937E-001                  4.5937079027085703E+000                 -7.4943926634825786E+000                  5.2223845194045317E+000                  6.9999999999760387E-001                  2.8000000000239628E-001                  1.9999999999999796E-002                  0.0000000000000000E+000                  6.2979561376704180E+008                  2.6913260579578779E+006                  4.6987781800935171E-027                  0.0000000000000000E+000                  0.0000000000000000E+000                  2.1530165741986455E+001                  5.6763288334579301E+008                 -4.5069817546283188E-006                  0.0000000000000000E+000                 -9.8999999999999986E+001                  6.1279922239211559E-001                  8.5135984975194667E-001                  1.0018748475839374E+000 
                                     142                  2.9999698305339519E+000                  3.2684451476990445E-001                  4.5973059891283707E+000                 -7.4872143409890120E+000                  5.2335556137710366E+000                  6.9999999999760387E-001                  2.8000000000239628E-001                  1.9999999999999796E-002                  0.0000000000000000E+000                  6.4846811765696800E+008                  2.6940238359008622E+006                  4.7771019382279342E-027                  0.0000000000000000E+000                  0.0000000000000000E+000                  2.1763695044650341E+001                  5.7360628612242138E+008                 -5.1104759191554645E-006                  0.0000000000000000E+000                 -9.8999999999999986E+001                  6.1328361967612322E-001                  8.5184424703595429E-001                  1.0023592448679450E+000 
                                     143                  2.9999698305058273E+000                  3.2682608113599210E-001                  4.6003303029744149E+000                 -7.4812379127378446E+000                  5.2429088963722750E+000                  6.9999999999760387E-001                  2.8000000000239628E-001                  1.9999999999999796E-002                  0.0000000000000000E+000                  6.6456739055728555E+008                  2.6967046802454549E+006                  4.8433067922645901E-027                  0.0000000000000000E+000                  0.0000000000000000E+000                  2.1954279433133330E+001                  5.7805734579938388E+008                 -5.5297459485979714E-006                  0.0000000000000000E+000                 -9.8999999999999986E+001                  6.1370451008044324E-001                  8.5226513744027432E-001                  1.0027801352722649E+000 
                                     144                  2.9999698304777023E+000                  3.2680789713458092E-001                  4.6047737784866198E+000                 -7.4725707076205676E+000                  5.2565738886974751E+000                  6.9999999999760387E-001                  2.8000000000239628E-001                  1.9999999999999796E-002                  0.0000000000000000E+000                  6.8869288280265188E+008                  2.7014456027020304E+006                  4.9409528509478771E-027                  0.0000000000000000E+000                  0.0000000000000000E+000                  2.2222588494666873E+001                  5.8250906991943979E+008                 -5.9141409918540540E-006                  0.0000000000000000E+000                 -9.8999999999999986E+001                  6.1419304609760539E-001                  8.5275367345743647E-001                  1.0032686712894270E+000 
                                     145                  2.9999698304214535E+000                  3.2677224110296310E-001                  4.6114322950683633E+000                 -7.4596904984047194E+000                  5.2770176583519142E+000                  6.9999999999760387E-001                  2.8000000000239628E-001                  1.9999999999999796E-002                  0.0000000000000000E+000                  7.2477303896809530E+008                  2.7105529630950415E+006                  5.0897120533114792E-027                  0.0000000000000000E+000                  0.0000000000000000E+000                  2.2599150420386788E+001                  5.9135372895768654E+008                 -6.5825810092258202E-006                  0.0000000000000000E+000                 -9.8999999999999986E+001                  6.1536414467587575E-001                  8.5392477203570682E-001                  1.0044397698676975E+000 
                                     146                  2.9999698303464539E+000                  3.2672607595151537E-001                  4.6186762844642768E+000                 -7.4457635490585590E+000                  5.2992703198427176E+000                  6.9999999999760387E-001                  2.8000000000239628E-001                  1.9999999999999796E-002                  0.0000000000000000E+000                  7.6197710225837553E+008                  2.7235392132281023E+006                  5.2556045707142472E-027                  0.0000000000000000E+000                  0.0000000000000000E+000                  2.2966383490230974E+001                  6.0291394799681747E+008                 -7.2807442115795620E-006                  0.0000000000000000E+000                 -9.8999999999999986E+001                  6.1728405540795650E-001                  8.5584468276778769E-001                  1.0063596805997783E+000 
                                     147                  2.9999698302714548E+000                  3.2668135370136159E-001                  4.6238548135882720E+000                 -7.4357943103331889E+000                  5.3152485864362813E+000                  6.9999999999760387E-001                  2.8000000000239628E-001                  1.9999999999999796E-002                  0.0000000000000000E+000                  7.8595053819781530E+008                  2.7350133557456881E+006                  5.3776650503348385E-027                  0.0000000000000000E+000                  0.0000000000000000E+000                  2.3198613017122600E+001                  6.1416881742108750E+008                 -7.7674400294649413E-006                  0.0000000000000000E+000                 -9.8999999999999986E+001                  6.1958347005182401E-001                  8.5814409741165509E-001                  1.0086590952436458E+000 
                                     148                  2.9999698302339550E+000                  3.2665949500361785E-001                  4.6280511420656820E+000                 -7.4278172825300599E+000                  5.3281314923851415E+000                  6.9999999999760387E-001                  2.8000000000239628E-001                  1.9999999999999796E-002                  0.0000000000000000E+000                  8.0322021734194672E+008                  2.7457147027773461E+006                  5.4773722136851142E-027                  0.0000000000000000E+000                  0.0000000000000000E+000                  2.3359788027196650E+001                  6.1972364084943891E+008                 -7.9211117476080382E-006                  0.0000000000000000E+000                 -9.8999999999999986E+001                  6.2089226064211989E-001                  8.5945288800195097E-001                  1.0099678858339416E+000 
                                     149                  2.9999698301777054E+000                  3.2662729769283350E-001                  4.6329051190293260E+000                 -7.4185442342363217E+000                  5.3431072548733702E+000                  6.9999999999760387E-001                  2.8000000000239628E-001                  1.9999999999999796E-002                  0.0000000000000000E+000                  8.2013319597402608E+008                  2.7596737276474242E+006                  5.5956048482801569E-027                  0.0000000000000000E+000                  0.0000000000000000E+000                  2.3520455993728508E+001                  6.2797160576045108E+008                 -8.0406988342176220E-006                  0.0000000000000000E+000                 -9.8999999999999986E+001                  6.2304379861739079E-001                  8.6160442597722198E-001                  1.0121194238092126E+000 
                                     150                  2.9999698301214566E+000                  3.2659577363370540E-001                  4.6383540326684658E+000                 -7.4081292413279529E+000                  5.3599550980360249E+000                  6.9999999999760387E-001                  2.8000000000239628E-001                  1.9999999999999796E-002                  0.0000000000000000E+000                  8.3452311376552129E+008                  2.7773793939989717E+006                  5.7314433174242856E-027                  0.0000000000000000E+000                  0.0000000000000000E+000                  2.3660363235700959E+001                  6.3605549641850185E+008                 -8.0501644530810163E-006                  0.0000000000000000E+000                 -9.8999999999999986E+001                  6.2536761154219800E-001                  8.6392823890202919E-001                  1.0144432367340197E+000 
                                     151                  2.9999698300464570E+000                  3.2655472726592372E-001                  4.6442825586880749E+000                 -7.3966553975597504E+000                  5.3784488098362884E+000                  6.9999999999760387E-001                  2.8000000000239628E-001                  1.9999999999999796E-002                  0.0000000000000000E+000                  8.4372831183720207E+008                  2.7990851066711671E+006                  5.8849129658353804E-027                  0.0000000000000000E+000                  0.0000000000000000E+000                  2.3763883805428726E+001                  6.4656136750045943E+008                 -7.9096084459187534E-006                  0.0000000000000000E+000                 -9.8999999999999986E+001                  6.2868734504742352E-001                  8.6724797240725471E-001                  1.0177629702392452E+000 
                                     152                  2.9999698299714579E+000                  3.2651473993295294E-001                  4.6499230670188991E+000                 -7.3855974300213330E+000                  5.3961934606553132E+000                  6.9999999999760387E-001                  2.8000000000239628E-001                  1.9999999999999796E-002                  0.0000000000000000E+000                  8.4615741025136101E+008                  2.8220525040562861E+006                  6.0367078511140303E-027                  0.0000000000000000E+000                  0.0000000000000000E+000                  2.3808325709936852E+001                  6.5671651467521536E+008                 -7.6256961873118626E-006                  0.0000000000000000E+000                 -9.8999999999999986E+001                  6.3219260787912923E-001                  8.7075323523896031E-001                  1.0212682330709508E+000 
                                     153                  2.9999698298964588E+000                  3.2647574726588957E-001                  4.6546238302189513E+000                 -7.3762044801266251E+000                  5.4111519810276674E+000                  6.9999999999760387E-001                  2.8000000000239628E-001                  1.9999999999999796E-002                  0.0000000000000000E+000                  8.4368092469658542E+008                  2.8428544352542064E+006                  6.1687185146886695E-027                  0.0000000000000000E+000                  0.0000000000000000E+000                  2.3804721243268389E+001                  6.6650947036111057E+008                 -7.2271521938665712E-006                  0.0000000000000000E+000                 -9.8999999999999986E+001                  6.3582792608386363E-001                  8.7438855344369470E-001                  1.0249035512756852E+000 
                                     154                  2.9999698298402091E+000                  3.2644712179214608E-001                  4.6585042232035834E+000                 -7.3683630426549902E+000                  5.4235790922319769E+000                  6.9999999999760387E-001                  2.8000000000239628E-001                  1.9999999999999796E-002                  0.0000000000000000E+000                  8.3871668548022187E+008                  2.8611324606242734E+006                  6.2811323762981843E-027                  0.0000000000000000E+000                  0.0000000000000000E+000                  2.3773445710345037E+001                  6.7362124123976076E+008                 -6.8682726582261592E-006                  0.0000000000000000E+000                 -9.8999999999999986E+001                  6.3861452777350725E-001                  8.7717515513333832E-001                  1.0276901529653288E+000 
                                     155                  2.9999698297839594E+000                  3.2641900301940341E-001                  4.6622453731253888E+000                 -7.3606862011549250E+000                  5.4356635640705235E+000                  6.9999999999760387E-001                  2.8000000000239628E-001                  1.9999999999999796E-002                  0.0000000000000000E+000                  8.3153805234182703E+008                  2.8796651766563645E+006                  6.3931710521937081E-027                  0.0000000000000000E+000                  0.0000000000000000E+000                  2.3723159804889796E+001                  6.8054133040730822E+008                 -6.4698947361403136E-006                  0.0000000000000000E+000                 -9.8999999999999986E+001                  6.4143636571984486E-001                  8.7999699307967594E-001                  1.0305119909116665E+000 
                                     156                  2.9999698297277098E+000                  3.2639137160313075E-001                  4.6658542110315784E+000                 -7.3531619965230757E+000                  5.4474238147738543E+000                  6.9999999999760387E-001                  2.8000000000239628E-001                  1.9999999999999796E-002                  0.0000000000000000E+000                  8.2260064020289922E+008                  2.8983519151900955E+006                  6.5049213221677032E-027                  0.0000000000000000E+000                  0.0000000000000000E+000                  2.3658224664723253E+001                  6.8725755691784477E+008                 -6.0475704027066139E-006                  0.0000000000000000E+000                 -9.8999999999999986E+001                  6.4427058103773904E-001                  8.8283120839757023E-001                  1.0333462062295609E+000 
                                     157                  2.9999698296714610E+000                  3.2636420964152074E-001                  4.6710681903113898E+000                 -7.3421882430386898E+000                  5.4644920092953555E+000                  6.9999999999760387E-001                  2.8000000000239628E-001                  1.9999999999999796E-002                  0.0000000000000000E+000                  8.0679941565067863E+008                  2.9266952699607415E+006                  6.6714162856722004E-027                  0.0000000000000000E+000                  0.0000000000000000E+000                  2.3534243411630740E+001                  6.9380136828596902E+008                 -5.6055096624561675E-006                  0.0000000000000000E+000                 -9.8999999999999986E+001                  6.4711340389851169E-001                  8.8567403125834299E-001                  1.0361890290903335E+000 
                                     158                  2.9999698295589616E+000                  3.2631122651417716E-001                  4.6775711259234143E+000                 -7.3279469020375601E+000                  5.4862641218749886E+000                  6.9999999999760387E-001                  2.8000000000239628E-001                  1.9999999999999796E-002                  0.0000000000000000E+000                  7.8343482462446427E+008                  2.9640058763021608E+006                  6.8938579450433552E-027                  0.0000000000000000E+000                  0.0000000000000000E+000                  2.3356502963392156E+001                  7.0630392718068719E+008                 -4.7148399202616842E-006                  0.0000000000000000E+000                 -9.8999999999999986E+001                  6.5273889411232200E-001                  8.9129952147215319E-001                  1.0418145193041437E+000 
                                     159                  2.9999698294464632E+000                  3.2625993415657162E-001                  4.6826534156256372E+000                 -7.3164205008892766E+000                  5.5036172769487983E+000                  6.9999999999760387E-001                  2.8000000000239628E-001                  1.9999999999999796E-002                  0.0000000000000000E+000                  7.6334230853679299E+008                  2.9945286201477777E+006                  7.0793136298090819E-027                  0.0000000000000000E+000                  0.0000000000000000E+000                  2.3199344973914602E+001                  7.1799060443454134E+008                 -3.8576651605394916E-006                  0.0000000000000000E+000                 -9.8999999999999986E+001                  6.5820736342814778E-001                  8.9676799078797886E-001                  1.0472829886199695E+000 
                                     160                  2.9999698293714641E+000                  3.2622662513278800E-001                  4.6865473792436134E+000                 -7.3074489295376157E+000                  5.5170212868990234E+000                  6.9999999999760387E-001                  2.8000000000239628E-001                  1.9999999999999796E-002                  0.0000000000000000E+000                  7.4732477468588448E+008                  3.0186482050498077E+006                  7.2271094454307403E-027                  0.0000000000000000E+000                  0.0000000000000000E+000                  2.3060389252778993E+001                  7.2540621630156314E+008                 -3.3041343470385341E-006                  0.0000000000000000E+000                 -9.8999999999999986E+001                  6.6176048034048285E-001                  9.0032110770031404E-001                  1.0508361055323046E+000 
                                     161                  2.9999698292964645E+000                  3.2619398970949742E-001                  4.6908655663450620E+000                 -7.2973260528392014E+000                  5.5320253414983211E+000                  6.9999999999760387E-001                  2.8000000000239628E-001                  1.9999999999999796E-002                  0.0000000000000000E+000                  7.2924717964428198E+008                  3.0460228803064916E+006                  7.3975802308077379E-027                  0.0000000000000000E+000                  0.0000000000000000E+000                  2.2886503577686202E+001                  7.3257008434987235E+008                 -2.7640247830171324E-006                  0.0000000000000000E+000                 -9.8999999999999986E+001                  6.6523140445944096E-001                  9.0379203181927215E-001                  1.0543070296512627E+000 
                                     162                  2.9999698291980277E+000                  3.2615213181058927E-001                  4.6955197887193725E+000                 -7.2861091780870497E+000                  5.5484577452325787E+000                  6.9999999999760387E-001                  2.8000000000239628E-001                  1.9999999999999796E-002                  0.0000000000000000E+000                  7.0974673890417254E+008                  3.0761102719327239E+006                  7.5911749289489060E-027                  0.0000000000000000E+000                  0.0000000000000000E+000                  2.2678188091374764E+001                  7.4156701803465354E+008                 -2.0862532025762688E-006                  0.0000000000000000E+000                 -9.8999999999999986E+001                  6.6963376961579169E-001                  9.0819439697562288E-001                  1.0587093948076134E+000 
                                     163                  2.9999698290995913E+000                  3.2611132952039079E-001                  4.7008843182945359E+000                 -7.2729090141208186E+000                  5.5676170620935137E+000                  6.9999999999760387E-001                  2.8000000000239628E-001                  1.9999999999999796E-002                  0.0000000000000000E+000                  6.8776210816726983E+008                  3.1114053624248509E+006                  7.8254996404170508E-027                  0.0000000000000000E+000                  0.0000000000000000E+000                  2.2401411801143546E+001                  7.5014078636363769E+008                 -1.4450374421751260E-006                  0.0000000000000000E+000                 -9.8999999999999986E+001                  6.7385071573592858E-001                  9.1241134309575977E-001                  1.0629263409277503E+000 
                                     164                  2.9999698289589678E+000                  3.2605476652724119E-001                  4.7057974773883897E+000                 -7.2602980631223906E+000                  5.5856234807382297E+000                  6.9999999999760387E-001                  2.8000000000239628E-001                  1.9999999999999796E-002                  0.0000000000000000E+000                  6.6847801654000497E+008                  3.1440493552559498E+006                  8.0561185942990326E-027                  0.0000000000000000E+000                  0.0000000000000000E+000                  2.2126626163294564E+001                  7.6166473712713253E+008                 -5.9936352741150700E-007                  0.0000000000000000E+000                 -9.8999999999999986E+001                  6.7954028399089139E-001                  9.1810091135072269E-001                  1.0686159091827132E+000 
                                     165                  2.9999698288652188E+000                  3.2601812530256385E-001                  4.7104830294060953E+000                 -7.2481101441287636E+000                  5.6029186775739417E+000                  6.9999999999760387E-001                  2.8000000000239628E-001                  1.9999999999999796E-002                  0.0000000000000000E+000                  6.5098461354863322E+008                  3.1754171964496053E+006                  8.2854583446280558E-027                  0.0000000000000000E+000                  0.0000000000000000E+000                  2.1837123252727512E+001                  7.6893199538642347E+008                 -8.1586024466326360E-008                  0.0000000000000000E+000                 -9.8999999999999986E+001                  6.8311407031637206E-001                  9.2167469767620314E-001                  1.0721896955081938E+000 
                                     166                  2.9999698287245953E+000                  3.2596466782434624E-001                  4.7153191802004271E+000                 -7.2350585860139365E+000                  5.6211889886962148E+000                  6.9999999999760387E-001                  2.8000000000239628E-001                  1.9999999999999796E-002                  0.0000000000000000E+000                  6.3393190229573584E+008                  3.2077782624129392E+006                  8.5382939857448116E-027                  0.0000000000000000E+000                  0.0000000000000000E+000                  2.1532602136527476E+001                  7.7928588155164552E+008                  6.2613845314407297E-007                  0.0000000000000000E+000                 -3.1016648119986150E+000                  6.8815671915935450E-001                  9.2671734651918558E-001                  1.0772323443511762E+000 
                                     167                  2.9999698286074090E+000                  3.2592142433643051E-001                  4.7203213498996446E+000                 -7.2213159759688921E+000                  5.6402883854910648E+000                  6.9999999999760387E-001                  2.8000000000239628E-001                  1.9999999999999796E-002                  0.0000000000000000E+000                  6.1748656959588909E+008                  3.2411715544644226E+006                  8.8128612008487282E-027                  0.0000000000000000E+000                  0.0000000000000000E+000                  2.1206129780944796E+001                  7.8743965116030717E+008                  1.1511408203129521E-006                  0.0000000000000000E+000                 -2.9694357727011891E+000                  6.9207573853050131E-001                  9.3063636589033227E-001                  1.0811513637223229E+000 
                                     168                  2.9999698284433483E+000                  3.2586274853650815E-001                  4.7246126498729684E+000                 -7.2090581651137891E+000                  5.6570965354248477E+000                  6.9999999999760387E-001                  2.8000000000239628E-001                  1.9999999999999796E-002                  0.0000000000000000E+000                  6.0439376637269115E+008                  3.2695496654913882E+006                  9.0652054813744113E-027                  0.0000000000000000E+000                  0.0000000000000000E+000                  2.0935085015870417E+001                  7.9818963082658637E+008                  1.7947854771478508E-006                  0.0000000000000000E+000                 -2.8729937266510692E+000                  6.9716543372967066E-001                  9.3572606108950174E-001                  1.0862410589214924E+000 
                                     169                  2.9999698283495992E+000                  3.2583014234428359E-001                  4.7268670056637871E+000                 -7.2025330410467960E+000                  5.6660002751685425E+000                  6.9999999999760387E-001                  2.8000000000239628E-001                  1.9999999999999796E-002                  0.0000000000000000E+000                  5.9788818501267350E+008                  3.2843677809984260E+006                  9.2024685838961761E-027                  0.0000000000000000E+000                  0.0000000000000000E+000                  2.0793344873573080E+001                  8.0399911656367338E+008                  2.1178317483740432E-006                  0.0000000000000000E+000                 -2.8370542727410863E+000                  6.9988113834375443E-001                  9.3844176570358551E-001                  1.0889567635355761E+000 
                                     170                  2.9999698283027247E+000                  3.2581407966571191E-001                  4.7290771660242292E+000                 -7.1961339671142737E+000                  5.6747264130181492E+000                  6.9999999999760387E-001                  2.8000000000239628E-001                  1.9999999999999796E-002                  0.0000000000000000E+000                  5.9175630806921208E+008                  3.2988453077242831E+006                  9.3390987009278696E-027                  0.0000000000000000E+000                  0.0000000000000000E+000                  2.0652650657140100E+001                  8.0684790587069762E+008                  2.2689505074691296E-006                  0.0000000000000000E+000                 -2.8220874886303564E+000                  7.0118848607174855E-001                  9.3974911343157963E-001                  1.0902641112635703E+000 
                                     171                  2.9999698282089757E+000                  3.2578241896845928E-001                  4.7333408461795221E+000                 -7.1836556956704873E+000                  5.6916745252254710E+000                  6.9999999999760387E-001                  2.8000000000239628E-001                  1.9999999999999796E-002                  0.0000000000000000E+000                  5.8058563032054532E+008                  3.3265614499965855E+006                  9.6113919488563618E-027                  0.0000000000000000E+000                  0.0000000000000000E+000                  2.0382826359615269E+001                  8.1244596673896682E+008                  2.5521030687571630E-006                  0.0000000000000000E+000                 -2.7965508951304918E+000                  7.0370723878620356E-001                  9.4226786614603453E-001                  1.0927828639780253E+000 
                                     172                  2.9999698280214773E+000                  3.2572087124278754E-001                  4.7380048263123600E+000                 -7.1695217227029318E+000                  5.7106565369872753E+000                  6.9999999999760387E-001                  2.8000000000239633E-001                  1.9999999999999796E-002                  0.0000000000000000E+000                  5.6929075520057523E+008                  3.3564097398128589E+006                  9.9294174635017097E-027                  0.0000000000000000E+000                  0.0000000000000000E+000                  2.0103553588397379E+001                  8.2306264144909859E+008                  3.0473023089692161E-006                  0.0000000000000000E+000                 -2.7580422296322551E+000                  7.0840885948733390E-001                  9.4696948684716509E-001                  1.0974844846791556E+000 
                                     173                  2.9999698278808542E+000                  3.2567617215382949E-001                  4.7418156874451016E+000                 -7.1578216721998800E+000                  5.7262978667014348E+000                  6.9999999999760387E-001                  2.8000000000239628E-001                  1.9999999999999796E-002                  0.0000000000000000E+000                  5.6077246727563906E+008                  3.3804622868947289E+006                  1.0200624689776242E-026                  0.0000000000000000E+000                  0.0000000000000000E+000                  1.9877930615669747E+001                  8.3057286467652440E+008                  3.3643931685370309E-006                  0.0000000000000000E+000                 -2.7365466287693181E+000                  7.1166525589265472E-001                  9.5022588325248580E-001                  1.1007408810844763E+000 
                                     174                  2.9999698277402307E+000                  3.2563264793790958E-001                  4.7460633028800698E+000                 -7.1446244016642719E+000                  5.7438683022825856E+000                  6.9999999999760387E-001                  2.8000000000239628E-001                  1.9999999999999796E-002                  0.0000000000000000E+000                  5.5199318781076086E+008                  3.4068882860375843E+006                  1.0515439106638616E-026                  0.0000000000000000E+000                  0.0000000000000000E+000                  1.9629623676442876E+001                  8.3780425099494004E+008                  3.6433198049983361E-006                  0.0000000000000000E+000                 -2.7192513526922277E+000                  7.1470914103002126E-001                  9.5326976838985233E-001                  1.1037847662218430E+000 
                                     175                  2.9999698275527322E+000                  3.2557633318543577E-001                  4.7495103440560209E+000                 -7.1336289741001915E+000                  5.7583902277331918E+000                  6.9999999999760387E-001                  2.8000000000239628E-001                  1.9999999999999796E-002                  0.0000000000000000E+000                  5.4536159741097736E+008                  3.4279853797491239E+006                  1.0785137594621723E-026                  0.0000000000000000E+000                  0.0000000000000000E+000                  1.9438178851654289E+001                  8.4696362416211498E+008                  3.9640716892930285E-006                  0.0000000000000000E+000                 -2.7009292500017001E+000                  7.1848390237197968E-001                  9.5704452973181076E-001                  1.1075595275638013E+000 
                                     176                  2.9999698274589832E+000                  3.2554887180133391E-001                  4.7528563959975463E+000                 -7.1229913489581600E+000                  5.7724457377662146E+000                  6.9999999999760387E-001                  2.8000000000239628E-001                  1.9999999999999796E-002                  0.0000000000000000E+000                  5.3935782275705791E+008                  3.4482521174234366E+006                  1.1052642087077117E-026                  0.0000000000000000E+000                  0.0000000000000000E+000                  1.9249007271978183E+001                  8.5137994670297873E+008                  4.1055629233466190E-006                  0.0000000000000000E+000                 -2.6933136436642102E+000                  7.2025824335809463E-001                  9.5881887071792582E-001                  1.1093338685499163E+000 
                                     177                  2.9999698272714856E+000                  3.2549526296297915E-001                  4.7570967067428569E+000                 -7.1092318104847436E+000                  5.7905143725929555E+000                  6.9999999999760387E-001                  2.8000000000239628E-001                  1.9999999999999796E-002                  0.0000000000000000E+000                  5.3227207390448469E+008                  3.4735294641056904E+006                  1.1408519962323506E-026                  0.0000000000000000E+000                  0.0000000000000000E+000                  1.9019330174127933E+001                  8.5993794567560744E+008                  4.3574099223368838E-006                  0.0000000000000000E+000                 -2.6803857909943987E+000                  7.2360575839749530E-001                  9.6216638575732638E-001                  1.1126813835893170E+000 
                                     178                  2.9999698270839872E+000                  3.2544330702311047E-001                  4.7611331728841799E+000                 -7.0959622255934693E+000                  5.8078693394651575E+000                  6.9999999999760387E-001                  2.8000000000239628E-001                  1.9999999999999796E-002                  0.0000000000000000E+000                  5.2604416964791197E+008                  3.4971984616107279E+006                  1.1762576955898316E-026                  0.0000000000000000E+000                  0.0000000000000000E+000                  1.8806401342356903E+001                  8.6807445506625569E+008                  4.5718652697244625E-006                  0.0000000000000000E+000                 -2.6699532882500763E+000                  7.2671795556085650E-001                  9.6527858292068769E-001                  1.1157935807526782E+000 
                                     179                  2.9999698268964887E+000                  3.2539289673610394E-001                  4.7640255415353101E+000                 -7.0862961816978789E+000                  5.8204508322669470E+000                  6.9999999999760387E-001                  2.8000000000239628E-001                  1.9999999999999796E-002                  0.0000000000000000E+000                  5.2185844763770431E+008                  3.5139067431543218E+006                  1.2027383767648388E-026                  0.0000000000000000E+000                  0.0000000000000000E+000                  1.8659758698861079E+001                  8.7583640944107234E+008                  4.7550436618212765E-006                  0.0000000000000000E+000                 -2.6614227454620223E+000                  7.2962157217647960E-001                  9.6818219953631068E-001                  1.1186971973683013E+000 
                                     180                  2.9999698268027397E+000                  3.2536823999172682E-001                  4.7659087959001489E+000                 -7.0800009713151351E+000                  5.8286423015954272E+000                  6.9999999999760387E-001                  2.8000000000239628E-001                  1.9999999999999796E-002                  0.0000000000000000E+000                  5.1926242608045137E+008                  3.5246949005443375E+006                  1.2203042355029793E-026                  0.0000000000000000E+000                  0.0000000000000000E+000                  1.8564102368969170E+001                  8.7959957644016492E+008                  4.8365063417469520E-006                  0.0000000000000000E+000                 -2.6577341192162884E+000                  7.3100127705329954E-001                  9.6956190441313062E-001                  1.1200769022451214E+000 
                                     181                  2.9999698267089907E+000                  3.2534393396525690E-001                  4.7686692106324919E+000                 -7.0707703937627375E+000                  5.8406495511970968E+000                  6.9999999999760387E-001                  2.8000000000239628E-001                  1.9999999999999796E-002                  0.0000000000000000E+000                  5.1563341004780054E+008                  3.5403814878659458E+006                  1.2465257946090348E-026                  0.0000000000000000E+000                  0.0000000000000000E+000                  1.8423815859391240E+001                  8.8331850424930823E+008                  4.9123942626216708E-006                  0.0000000000000000E+000                 -2.6543533922679687E+000                  7.3233451802816252E-001                  9.7089514538799360E-001                  1.1214101432199841E+000 
                                     182                  2.9999698265214927E+000                  3.2529633239880223E-001                  4.7722002010503477E+000                 -7.0587932966145646E+000                  5.8561663240595587E+000                  6.9999999999760387E-001                  2.8000000000239628E-001                  1.9999999999999796E-002                  0.0000000000000000E+000                  5.1124897478363979E+008                  3.5601928195698084E+006                  1.2813912300743231E-026                  0.0000000000000000E+000                  0.0000000000000000E+000                  1.8251178564531799E+001                  8.9054513965126407E+008                  5.0483278156342356E-006                  0.0000000000000000E+000                 -2.6484262258618987E+000                  7.3488027472509199E-001                  9.7344090208492318E-001                  1.1239558999169137E+000 
                                     183                  2.9999698263339947E+000                  3.2525001064089010E-001                  4.7764339657878168E+000                 -7.0443737394548815E+000                  5.8748215458394881E+000                  6.9999999999760387E-001                  2.8000000000239628E-001                  1.9999999999999796E-002                  0.0000000000000000E+000                  5.0637930376497054E+008                  3.5836329690322406E+006                  1.3246630922142321E-026                  0.0000000000000000E+000                  0.0000000000000000E+000                  1.8046561036109843E+001                  8.9750782324715984E+008                  5.1655262447968529E-006                  0.0000000000000000E+000                 -2.6434427137837644E+000                  7.3727888211315740E-001                  9.7583950947298848E-001                  1.1263545073049792E+000 
                                     184                  2.9999698260527472E+000                  3.2518277073841517E-001                  4.7804377270296108E+000                 -7.0304640468643962E+000                  5.8927191791200553E+000                  6.9999999999760387E-001                  2.8000000000239628E-001                  1.9999999999999796E-002                  0.0000000000000000E+000                  5.0208425514847392E+008                  3.6054454593880554E+006                  1.3677892293272030E-026                  0.0000000000000000E+000                  0.0000000000000000E+000                  1.7864384133824665E+001                  9.0747357858146274E+008                  5.3120492000723475E-006                  0.0000000000000000E+000                 -2.6373689555981654E+000                  7.4063704118425788E-001                  9.7919766854408896E-001                  1.1297126663760795E+000 
                                     185                  2.9999698258652496E+000                  3.2513934050828031E-001                  4.7835230370998509E+000                 -7.0197223073274504E+000                  5.9065299382041738E+000                  6.9999999999760387E-001                  2.8000000000239628E-001                  1.9999999999999796E-002                  0.0000000000000000E+000                  4.9899173373091614E+008                  3.6220647270129714E+006                  1.4020519048933066E-026                  0.0000000000000000E+000                  0.0000000000000000E+000                  1.7725308919706116E+001                  9.1382615748406672E+008                  5.3929217904792429E-006                  0.0000000000000000E+000                 -2.6340879389574936E+000                  7.4273250237861943E-001                  9.8129312973845040E-001                  1.1318081275704410E+000 
                                     186                  2.9999698256777512E+000                  3.2509695873643324E-001                  4.7872431078684219E+000                 -7.0067440108328043E+000                  5.9232041844928949E+000                  6.9999999999760387E-001                  2.8000000000239628E-001                  1.9999999999999796E-002                  0.0000000000000000E+000                  4.9549790487671196E+008                  3.6418952824710105E+006                  1.4445955544977940E-026                  0.0000000000000000E+000                  0.0000000000000000E+000                  1.7559475486256016E+001                  9.2002665109722984E+008                  5.4633706863200131E-006                  0.0000000000000000E+000                 -2.6312696659369479E+000                  7.4472242741650618E-001                  9.8328305477633726E-001                  1.1337980526083278E+000 
                                     187                  2.9999698253965037E+000                  3.2503523556574371E-001                  4.7907865036394508E+000                 -6.9941860197990851E+000                  5.9392708066009838E+000                  6.9999999999760387E-001                  2.8000000000239628E-001                  1.9999999999999796E-002                  0.0000000000000000E+000                  4.9235616361319709E+008                  3.6605501934139268E+006                  1.4869901113416624E-026                  0.0000000000000000E+000                  0.0000000000000000E+000                  1.7410278759442178E+001                  9.2895993458229554E+008                  5.5512687661849277E-006                  0.0000000000000000E+000                 -2.6278038728369171E+000                  7.4753805192776568E-001                  9.8609867928759687E-001                  1.1366136771195874E+000 
                                     188                  2.9999698252090061E+000                  3.2499524555239911E-001                  4.7948945000977359E+000                 -6.9797209801941680E+000                  5.9578043104842884E+000                  6.9999999999760387E-001                  2.8000000000239628E-001                  1.9999999999999796E-002                  0.0000000000000000E+000                  4.8899326515679777E+008                  3.6819781156049860E+006                  1.5373671017492493E-026                  0.0000000000000000E+000                  0.0000000000000000E+000                  1.7235471976734122E+001                  9.3472426665469837E+008                  5.5998913648630105E-006                  0.0000000000000000E+000                 -2.6259101990056641E+000                  7.4931083732677906E-001                  9.8787146468661025E-001                  1.1383864625186009E+000 
                                     189                  2.9999698248340096E+000                  3.2491785417550312E-001                  4.7994142142489045E+000                 -6.9634976896675633E+000                  5.9784865671772804E+000                  6.9999999999760387E-001                  2.8000000000239628E-001                  1.9999999999999796E-002                  0.0000000000000000E+000                  4.8551612972412360E+008                  3.7052430065287421E+006                  1.5959010794101494E-026                  0.0000000000000000E+000                  0.0000000000000000E+000                  1.7057768299893031E+001                  9.4580305239466882E+008                  5.6777261227218224E-006                  0.0000000000000000E+000                 -2.6229127802146377E+000                  7.5264172305101196E-001                  9.9120235041084304E-001                  1.1417173482428336E+000 
                                     190                  2.9999698245527622E+000                  3.2486191313404905E-001                  4.8031223523463353E+000                 -6.9501680909151498E+000                  5.9954711483422098E+000                  6.9999999999760387E-001                  2.8000000000239628E-001                  1.9999999999999796E-002                  0.0000000000000000E+000                  4.8286515449083120E+008                  3.7241475342408894E+006                  1.6456589064967306E-026                  0.0000000000000000E+000                  0.0000000000000000E+000                  1.6915397694426623E+001                  9.5370254860072792E+008                  5.7207207861535526E-006                  0.0000000000000000E+000                 -2.6212746242636400E+000                  7.5497440582481223E-001                  9.9353503318464331E-001                  1.1440500310166339E+000 
                                     191                  2.9999698242715152E+000                  3.2480764232867038E-001                  4.8072714709354578E+000                 -6.9352346001092702E+000                  6.0144911003761283E+000                  6.9999999999760387E-001                  2.8000000000239628E-001                  1.9999999999999796E-002                  0.0000000000000000E+000                  4.8009730304067576E+008                  3.7451214103191341E+006                  1.7032490792894285E-026                  0.0000000000000000E+000                  0.0000000000000000E+000                  1.6760145174327398E+001                  9.6137001355271161E+008                  5.7541140347421885E-006                  0.0000000000000000E+000                 -2.6200107677671167E+000                  7.5717933491906109E-001                  9.9573996227889217E-001                  1.1462549601108827E+000 
                                     192                  2.9999698238965187E+000                  3.2473769714182393E-001                  4.8112158055267402E+000                 -6.9208770648854676E+000                  6.0327244047294473E+000                  6.9999999999760387E-001                  2.8000000000239633E-001                  1.9999999999999796E-002                  0.0000000000000000E+000                  4.7761216851174873E+008                  3.7648771932542613E+006                  1.7605178688915256E-026                  0.0000000000000000E+000                  0.0000000000000000E+000                  1.6622059657623286E+001                  9.7117348443611133E+008                  5.7853850339537599E-006                  0.0000000000000000E+000                 -2.6188338661040054E+000                  7.5994846660795512E-001                  9.9850909396778609E-001                  1.1490240917997767E+000 
                                     193                  2.9999698236152716E+000                  3.2468692299391372E-001                  4.8144717710993534E+000                 -6.9090267355261261E+000                  6.0477728278494256E+000                  6.9999999999760387E-001                  2.8000000000239628E-001                  1.9999999999999796E-002                  0.0000000000000000E+000                  4.7568554308275253E+008                  3.7810831024051462E+006                  1.8092339876905785E-026                  0.0000000000000000E+000                  0.0000000000000000E+000                  1.6510803282021360E+001                  9.7823816531348825E+008                  5.8004093662295043E-006                  0.0000000000000000E+000                 -2.6182706774236379E+000                  7.6191072321578157E-001                  1.0004713505756127E+000                  1.1509863484076033E+000 
                                     194                  2.9999698233340246E+000                  3.2463749845657203E-001                  4.8181355409887088E+000                 -6.8956948412234871E+000                  6.0647021985241487E+000                  6.9999999999760387E-001                  2.8000000000239628E-001                  1.9999999999999796E-002                  0.0000000000000000E+000                  4.7364183966491497E+008                  3.7992199319224800E+006                  1.8656542603511491E-026                  0.0000000000000000E+000                  0.0000000000000000E+000                  1.6388715102503259E+001                  9.8512782518728304E+008                  5.8101677345482030E-006                  0.0000000000000000E+000                 -2.6179056648601531E+000                  7.6378373073073558E-001                  1.0023443580905667E+000                  1.1528593559225573E+000 
                                     195                  2.9999698229590286E+000                  3.2457356628024719E-001                  4.8221398693643671E+000                 -6.8810383241471236E+000                  6.0832856527295833E+000                  6.9999999999760387E-001                  2.8000000000239628E-001                  1.9999999999999796E-002                  0.0000000000000000E+000                  4.7152370355134159E+008                  3.8189238435096564E+006                  1.9297130966375546E-026                  0.0000000000000000E+000                  0.0000000000000000E+000                  1.6262365663082171E+001                  9.9400985088082278E+008                  5.8158631162435145E-006                  0.0000000000000000E+000                 -2.6176929118516488E+000                  7.6615872891167802E-001                  1.0047193562715091E+000                  1.1552343541034997E+000 
                                     196                  2.9999698225840321E+000                  3.2451172882256568E-001                  4.8254982043906152E+000                 -6.8686868248667503E+000                  6.0989271749576615E+000                  6.9999999999760387E-001                  2.8000000000239628E-001                  1.9999999999999796E-002                  0.0000000000000000E+000                  4.6983338656109208E+008                  3.8353657394944439E+006                  1.9854025571401459E-026                  0.0000000000000000E+000                  0.0000000000000000E+000                  1.6161823363959723E+001                  1.0025333637588633E+009                  5.8141657914281805E-006                  0.0000000000000000E+000                 -2.6177562942226111E+000                  7.6840954022027652E-001                  1.0069701675801077E+000                  1.1574851654120981E+000 
                                     197                  2.9999698223027851E+000                  3.2446663450805624E-001                  4.8282877276618850E+000                 -6.8584415572164499E+000                  6.1119052452086304E+000                  6.9999999999760387E-001                  2.8000000000239628E-001                  1.9999999999999796E-002                  0.0000000000000000E+000                  4.6849800477459937E+008                  3.8489788599332874E+006                  2.0328132635512742E-026                  0.0000000000000000E+000                  0.0000000000000000E+000                  1.6080178597966960E+001                  1.0087357623926744E+009                  5.8091744611648214E-006                  0.0000000000000000E+000                 -2.6179427902966204E+000                  7.7002332822367137E-001                  1.0085839555835023E+000                  1.1590989534154930E+000 
                                     198                  2.9999698220215376E+000                  3.2442257798210206E-001                  4.8314448264624721E+000                 -6.8468620653993577E+000                  6.1265777198987825E+000                  6.9999999999760387E-001                  2.8000000000239628E-001                  1.9999999999999796E-002                  0.0000000000000000E+000                  4.6705736408785850E+008                  3.8643433521785969E+006                  2.0877627500100077E-026                  0.0000000000000000E+000                  0.0000000000000000E+000                  1.5990001347941138E+001                  1.0148128229475324E+009                  5.8018437086997651E-006                  0.0000000000000000E+000                 -2.6182169872464676E+000                  7.7157842438819657E-001                  1.0101390517480275E+000                  1.1606540495800182E+000 
                                     199                  2.9999698216465416E+000                  3.2436536146716305E-001                  4.8349193223315234E+000                 -6.8340719344912744E+000                  6.1427692423162448E+000                  6.9999999999760387E-001                  2.8000000000239628E-001                  1.9999999999999796E-002                  0.0000000000000000E+000                  4.6553683809000510E+008                  3.8811993075964153E+006                  2.1501855699704931E-026                  0.0000000000000000E+000                  0.0000000000000000E+000                  1.5896034654905803E+001                  1.0226924664083689E+009                  5.7885217314982518E-006                  0.0000000000000000E+000                 -2.6187161659621316E+000                  7.7356961921327905E-001                  1.0121302465731101E+000                  1.1626452444051008E+000 
                                     200                  2.9999698212715451E+000                  3.2430978378101644E-001                  4.8378517627411659E+000                 -6.8232453225325083E+000                  6.1564648603625871E+000                  6.9999999999760387E-001                  2.8000000000239628E-001                  1.9999999999999796E-002                  0.0000000000000000E+000                  4.6430294861167222E+008                  3.8953899966845084E+006                  2.2044820127177091E-026                  0.0000000000000000E+000                  0.0000000000000000E+000                  1.5821035475442073E+001                  1.0303041611559296E+009                  5.7713485543680712E-006                  0.0000000000000000E+000                 -2.6193613480763447E+000                  7.7547570972167423E-001                  1.0140363370815053E+000                  1.1645513349134959E+000 
                                     201                  2.9999698209902981E+000                  3.2426911328333274E-001                  4.8402985742921194E+000                 -6.8142306450113139E+000                  6.1678739419360022E+000                  6.9999999999760387E-001                  2.8000000000239628E-001                  1.9999999999999796E-002                  0.0000000000000000E+000                  4.6331475127012116E+008                  3.9072154845305029E+006                  2.2507362706157374E-026                  0.0000000000000000E+000                  0.0000000000000000E+000                  1.5760230599212926E+001                  1.0358697927576001E+009                  5.7565069530526092E-006                  0.0000000000000000E+000                 -2.6199204832174008E+000                  7.7685366565014324E-001                  1.0154142930099743E+000                  1.1659292908419649E+000 
                                     202                  2.9999698207090506E+000                  3.2422926720501061E-001                  4.8438709240874562E+000                 -6.8011529376632991E+000                  6.1844505103104357E+000                  6.9999999999760387E-001                  2.8000000000239628E-001                  1.9999999999999796E-002                  0.0000000000000000E+000                  4.6194768695677769E+008                  3.9244683327518348E+006                  2.3195688713558184E-026                  0.0000000000000000E+000                  0.0000000000000000E+000                  1.5672914130652959E+001                  1.0413616649038221E+009                  5.7406382321842885E-006                  0.0000000000000000E+000                 -2.6205199104815833E+000                  7.7818998137918427E-001                  1.0167506087390155E+000                  1.1672656065710061E+000 
                                     203                  2.9999698201465566E+000                  3.2415190770089941E-001                  4.8476588926066615E+000                 -6.7871387912121977E+000                  6.2021683432421506E+000                  6.9999999999760387E-001                  2.8000000000239628E-001                  1.9999999999999796E-002                  0.0000000000000000E+000                  4.6052977067397308E+008                  3.9427212579558743E+006                  2.3956689882526084E-026                  0.0000000000000000E+000                  0.0000000000000000E+000                  1.5591297491397830E+001                  1.0519795780169204E+009                  5.7047991001074628E-006                  0.0000000000000000E+000                 -2.6218798225335771E+000                  7.8075231651014210E-001                  1.0193129438699731E+000                  1.1698279417019639E+000 
                                     204                  2.9999698197715601E+000                  3.2410195036736333E-001                  4.8498622261459143E+000                 -6.7789947560723700E+000                  6.2124668311566831E+000                  6.9999999999760387E-001                  2.8000000000239628E-001                  1.9999999999999796E-002                  0.0000000000000000E+000                  4.5973690791444677E+008                  3.9533309362628022E+006                  2.4410350759238092E-026                  0.0000000000000000E+000                  0.0000000000000000E+000                  1.5546645951028715E+001                  1.0587732222225420E+009                  5.6777327937412797E-006                  0.0000000000000000E+000                 -2.6229125250785872E+000                  7.8238566293639966E-001                  1.0209462902962307E+000                  1.1714612881282214E+000 
                                     205                  2.9999698195840616E+000                  3.2407742943732837E-001                  4.8520289301340442E+000                 -6.7710538184075162E+000                  6.2225290018345234E+000                  6.9999999999760387E-001                  2.8000000000239628E-001                  1.9999999999999796E-002                  0.0000000000000000E+000                  4.5899403543816596E+008                  3.9637676423972258E+006                  2.4860970654067301E-026                  0.0000000000000000E+000                  0.0000000000000000E+000                  1.5502824251779735E+001                  1.0621327752696742E+009                  5.6637727164941713E-006                  0.0000000000000000E+000                 -2.6234470914614851E+000                  7.8318087553775784E-001                  1.0217415028975889E+000                  1.1722565007295795E+000 
                                     206                  2.9999698192090656E+000                  3.2402926405365173E-001                  4.8551862260141592E+000                 -6.7594685231753422E+000                  6.2372045984993143E+000                  6.9999999999760387E-001                  2.8000000000239628E-001                  1.9999999999999796E-002                  0.0000000000000000E+000                  4.5794206803659505E+008                  3.9789696090670172E+006                  2.5533360915787197E-026                  0.0000000000000000E+000                  0.0000000000000000E+000                  1.5443436892263986E+001                  1.0687679093896759E+009                  5.6351078247207463E-006                  0.0000000000000000E+000                 -2.6245488847749336E+000                  7.8473169541729748E-001                  1.0232923227771284E+000                  1.1738073206091191E+000 
                                     207                  2.9999698187403205E+000                  3.2397062054392445E-001                  4.8589114673781282E+000                 -6.7458176192719348E+000                  6.2545021995064314E+000                  6.9999999999760387E-001                  2.8000000000239628E-001                  1.9999999999999796E-002                  0.0000000000000000E+000                  4.5675292555362058E+008                  3.9969072463607513E+006                  2.6349015712215213E-026                  0.0000000000000000E+000                  0.0000000000000000E+000                  1.5378431692794027E+001                  1.0768363305346956E+009                  5.5976078727596422E-006                  0.0000000000000000E+000                 -2.6259987641408489E+000                  7.8660214790256688E-001                  1.0251627752623980E+000                  1.1756777730943886E+000 
                                     208                  2.9999698181778256E+000                  3.2390239600685894E-001                  4.8631397001310326E+000                 -6.7303533985396369E+000                  6.2741064546544498E+000                  6.9999999999760387E-001                  2.8000000000239628E-001                  1.9999999999999796E-002                  0.0000000000000000E+000                  4.5546626493137592E+008                  4.0172788612344838E+006                  2.7304546153865087E-026                  0.0000000000000000E+000                  0.0000000000000000E+000                  1.5310371767374477E+001                  1.0862317135040202E+009                  5.5512749140624492E-006                  0.0000000000000000E+000                 -2.6278036323524514E+000                  7.8875523024476479E-001                  1.0273158576045958E+000                  1.1778308554365866E+000 
                                     209                  2.9999698175215821E+000                  3.2382554655463069E-001                  4.8678046403719506E+000                 -6.7133350143632669E+000                  6.2956939345329213E+000                  6.9999999999760387E-001                  2.8000000000239628E-001                  1.9999999999999796E-002                  0.0000000000000000E+000                  4.5412089508648074E+008                  4.0397766692027361E+006                  2.8396215291942927E-026                  0.0000000000000000E+000                  0.0000000000000000E+000                  1.5241070825758763E+001                  1.0968299113535821E+009                  5.4965178076182465E-006                  0.0000000000000000E+000                 -2.6299561803324827E+000                  7.9115308755360791E-001                  1.0297137149134390E+000                  1.1802287127454296E+000 
                                     210                  2.9999698167715896E+000                  3.2374104662212039E-001                  4.8713662450121129E+000                 -6.7002790613075884E+000                  6.3122357713119577E+000                  6.9999999999760387E-001                  2.8000000000239628E-001                  1.9999999999999796E-002                  0.0000000000000000E+000                  4.5312120780813831E+008                  4.0569626281936625E+006                  2.9263210101445906E-026                  0.0000000000000000E+000                  0.0000000000000000E+000                  1.5194482990840871E+001                  1.1084259682228365E+009                  5.4333756979414820E-006                  0.0000000000000000E+000                 -2.6324651320311201E+000                  7.9375940567015291E-001                  1.0323200330299838E+000                  1.1828350308619746E+000 
                                     211                  2.9999698163965935E+000                  3.2370003011323278E-001                  4.8748364703758771E+000                 -6.6877417938696873E+000                  6.3281765078432386E+000                  6.9999999999760387E-001                  2.8000000000239628E-001                  1.9999999999999796E-002                  0.0000000000000000E+000                  4.5222481703787243E+008                  4.0737415675472459E+006                  3.0120671045691381E-026                  0.0000000000000000E+000                  0.0000000000000000E+000                  1.5146095945359027E+001                  1.1140887728086495E+009                  5.4024810423066208E-006                  0.0000000000000000E+000                 -2.6337033742062630E+000                  7.9501241462322680E-001                  1.0335730419830578E+000                  1.1840880398150484E+000 
                                     212                  2.9999698156466010E+000                  3.2362029813497434E-001                  4.8781629664451431E+000                 -6.6756125804360691E+000                  6.3435638961090319E+000                  6.9999999999760387E-001                  2.8000000000239628E-001                  1.9999999999999796E-002                  0.0000000000000000E+000                  4.5136756238292706E+008                  4.0898323260406037E+006                  3.0974133444336850E-026                  0.0000000000000000E+000                  0.0000000000000000E+000                  1.5105606669555504E+001                  1.1251212110481422E+009                  5.3422913471632916E-006                  0.0000000000000000E+000                 -2.6361362154939907E+000                  7.9742840455482777E-001                  1.0359890319146587E+000                  1.1865040297466494E+000 
                                     213                  2.9999698152716050E+000                  3.2358151426800541E-001                  4.8814100110262988E+000                 -6.6639330015781724E+000                  6.3584299209600728E+000                  6.9999999999760387E-001                  2.8000000000239628E-001                  1.9999999999999796E-002                  0.0000000000000000E+000                  4.5059433594716394E+008                  4.1055736076984550E+006                  3.1818809447223704E-026                  0.0000000000000000E+000                  0.0000000000000000E+000                  1.5063244511812213E+001                  1.1304956288558004E+009                  5.3128669402964136E-006                  0.0000000000000000E+000                 -2.6373355303868080E+000                  7.9859394072887935E-001                  1.0371545680887104E+000                  1.1876695659207011E+000 
                                     214                  2.9999698145216125E+000                  3.2350597495923372E-001                  4.8845316127962928E+000                 -6.6526088923804707E+000                  6.3728137149859014E+000                  6.9999999999760387E-001                  2.8000000000239628E-001                  1.9999999999999796E-002                  0.0000000000000000E+000                  4.4985004670166361E+008                  4.1207181352832164E+006                  3.2659770277436712E-026                  0.0000000000000000E+000                  0.0000000000000000E+000                  1.5027971032537691E+001                  1.1409856152846277E+009                  5.2555281341930368E-006                  0.0000000000000000E+000                 -2.6396918173401587E+000                  8.0084769204113526E-001                  1.0394083194009665E+000                  1.1899233172329571E+000 
                                     215                  2.9999698141466160E+000                  3.2346916312717588E-001                  4.8875835343720722E+000                 -6.6416783285467460E+000                  6.3867409981004215E+000                  6.9999999999760387E-001                  2.8000000000239628E-001                  1.9999999999999796E-002                  0.0000000000000000E+000                  4.4917635047407496E+008                  4.1355573977196626E+006                  3.3492584845998212E-026                  0.0000000000000000E+000                  0.0000000000000000E+000                  1.4991466292811635E+001                  1.1461051717057345E+009                  5.2273692337739406E-006                  0.0000000000000000E+000                 -2.6408584112743441E+000                  8.0193787703843555E-001                  1.0404985043982666E+000                  1.1910135022302573E+000 
                                     216                  2.9999698133966235E+000                  3.2339734239810303E-001                  4.8915011142538791E+000                 -6.6276110000705089E+000                  6.4046536659869133E+000                  6.9999999999760387E-001                  2.8000000000239628E-001                  1.9999999999999796E-002                  0.0000000000000000E+000                  4.4833136170132655E+008                  4.1546321984321619E+006                  3.4595729431956057E-026                  0.0000000000000000E+000                  0.0000000000000000E+000                  1.4949696539217724E+001                  1.1561589765922251E+009                  5.1726159612629749E-006                  0.0000000000000000E+000                 -2.6431448822042780E+000                  8.0405025100742578E-001                  1.0426108783672567E+000                  1.1931258761992476E+000 
                                     217                  2.9999698126466310E+000                  3.2332777679401981E-001                  4.8943346164085781E+000                 -6.6174176501551889E+000                  6.4176275837674863E+000                  6.9999999999760387E-001                  2.8000000000239628E-001                  1.9999999999999796E-002                  0.0000000000000000E+000                  4.4773508558871448E+008                  4.1684487329559140E+006                  3.5417721245591593E-026                  0.0000000000000000E+000                  0.0000000000000000E+000                  1.4923046813555720E+001                  1.1658315978346901E+009                  5.1180661072489897E-006                  0.0000000000000000E+000                 -2.6454470544346513E+000                  8.0607971825344271E-001                  1.0446403456132738E+000                  1.1951553434452644E+000 
                                     218                  2.9999698122716350E+000                  3.2329378872051251E-001                  4.8971112719411147E+000                 -6.6075453664725821E+000                  6.4302290281349190E+000                  6.9999999999760387E-001                  2.8000000000239628E-001                  1.9999999999999796E-002                  0.0000000000000000E+000                  4.4719363557198936E+008                  4.1820166336114327E+006                  3.6232439516425034E-026                  0.0000000000000000E+000                  0.0000000000000000E+000                  1.4895832575628750E+001                  1.1705872102830830E+009                  5.0913492886968531E-006                  0.0000000000000000E+000                 -2.6465835537254794E+000                  8.0706474213849233E-001                  1.0456253694983233E+000                  1.1961403673303139E+000 
                                     219                  2.9999698115216424E+000                  3.2322731730192689E-001                  4.9006893764808961E+000                 -6.5947990461937112E+000                  6.4464913638016901E+000                  6.9999999999760387E-001                  2.8000000000239628E-001                  1.9999999999999796E-002                  0.0000000000000000E+000                  4.4651131324925488E+008                  4.1995266447768593E+006                  3.7312127520464247E-026                  0.0000000000000000E+000                  0.0000000000000000E+000                  1.4865562513193463E+001                  1.1799452994632874E+009                  5.0389954168658174E-006                  0.0000000000000000E+000                 -2.6488280183246746E+000                  8.0897980500010469E-001                  1.0475404323599358E+000                  1.1980554301919264E+000 
                                     220                  2.9999698107716499E+000                  3.2316273921110200E-001                  4.9041488810119631E+000                 -6.5825156064529686E+000                  6.4621758250639179E+000                  6.9999999999760387E-001                  2.8000000000239628E-001                  1.9999999999999796E-002                  0.0000000000000000E+000                  4.4588264732047856E+008                  4.2164917608497571E+006                  3.8383045643172234E-026                  0.0000000000000000E+000                  0.0000000000000000E+000                  1.4839486206008333E+001                  1.1890202699229043E+009                  4.9870522536375452E-006                  0.0000000000000000E+000                 -2.6510780406404115E+000                  8.1082706784326541E-001                  1.0493876952030965E+000                  1.1999026930350871E+000 
                                     221                  2.9999698100216574E+000                  3.2309993441120249E-001                  4.9074980693804289E+000                 -6.5706633695944987E+000                  6.4773221415716149E+000                  6.9999999999760387E-001                  2.8000000000239628E-001                  1.9999999999999796E-002                  0.0000000000000000E+000                  4.4530186433247000E+008                  4.2329522749670874E+006                  3.9445504890782415E-026                  0.0000000000000000E+000                  0.0000000000000000E+000                  1.4817115562594296E+001                  1.1978692593196442E+009                  4.9359576816196689E-006                  0.0000000000000000E+000                 -2.6533142861889716E+000                  8.1261132982856277E-001                  1.0511719571883937E+000                  1.2016869550203844E+000 
                                     222                  2.9999698092716649E+000                  3.2303879425879073E-001                  4.9115520051373762E+000                 -6.5564255992604092E+000                  6.4955511920287732E+000                  6.9999999999760387E-001                  2.8000000000239633E-001                  1.9999999999999796E-002                  0.0000000000000000E+000                  4.4464658464606148E+008                  4.2529330193916829E+006                  4.0760774046790026E-026                  0.0000000000000000E+000                  0.0000000000000000E+000                  1.4791958053529683E+001                  1.2065380765213795E+009                  4.8860643747022990E-006                  0.0000000000000000E+000                 -2.6555204077118058E+000                  8.1433692831813431E-001                  1.0528975556779654E+000                  1.2034125535099560E+000 
                                     223                  2.9999698081466759E+000                  3.2294999590595719E-001                  4.9154355650665584E+000                 -6.5427388238500601E+000                  6.5130598498852761E+000                  6.9999999999760387E-001                  2.8000000000239628E-001                  1.9999999999999796E-002                  0.0000000000000000E+000                  4.4402840992253113E+008                  4.2721235716677066E+006                  4.2066479263383172E-026                  0.0000000000000000E+000                  0.0000000000000000E+000                  1.4774700381679231E+001                  1.2191249462236059E+009                  4.8127595681664155E-006                  0.0000000000000000E+000                 -2.6588029169513452E+000                  8.1682588715155435E-001                  1.0553865145113854E+000                  1.2059015123433761E+000 
                                     224                  2.9999698073966834E+000                  3.2289260459253016E-001                  4.9192030928852235E+000                 -6.5296133620375665E+000                  6.5298986407935775E+000                  6.9999999999760387E-001                  2.8000000000239628E-001                  1.9999999999999796E-002                  0.0000000000000000E+000                  4.4348176934356707E+008                  4.2908066564264204E+006                  4.3357917242306436E-026                  0.0000000000000000E+000                  0.0000000000000000E+000                  1.4758187202891840E+001                  1.2272853416333432E+009                  4.7650954279353717E-006                  0.0000000000000000E+000                 -2.6609641987813726E+000                  8.1842337619950523E-001                  1.0569840035593363E+000                  1.2074990013913267E+000 
                                     225                  2.9999698062716944E+000                  3.2280903978982933E-001                  4.9235454765536311E+000                 -6.5144983842464992E+000                  6.5492941144239083E+000                  6.9999999999760387E-001                  2.8000000000239628E-001                  1.9999999999999796E-002                  0.0000000000000000E+000                  4.4287345527964169E+008                  4.3124124623915041E+006                  4.4894313024561241E-026                  0.0000000000000000E+000                  0.0000000000000000E+000                  1.4744782510935663E+001                  1.2392482864654901E+009                  4.6959556004064127E-006                  0.0000000000000000E+000                 -2.6641380089668529E+000                  8.2073507492330700E-001                  1.0592957022831380E+000                  1.2098107001151286E+000 
                                     226                  2.9999698051467059E+000                  3.2272828749176757E-001                  4.9273744277055371E+000                 -6.5012129946876147E+000                  6.5663555105470808E+000                  6.9999999999760387E-001                  2.8000000000239628E-001                  1.9999999999999796E-002                  0.0000000000000000E+000                  4.4235999365268296E+008                  4.3315375491183605E+006                  4.6289641087127196E-026                  0.0000000000000000E+000                  0.0000000000000000E+000                  1.4737016729770239E+001                  1.2507970603914824E+009                  4.6286030297506422E-006                  0.0000000000000000E+000                 -2.6672750323544960E+000                  8.2295443484270425E-001                  1.0615150622025353E+000                  1.2120300600345260E+000 
                                     227                  2.9999698042092153E+000                  3.2266298837097229E-001                  4.9307465074089452E+000                 -6.4895828131111939E+000                  6.5813137242456481E+000                  6.9999999999760387E-001                  2.8000000000239628E-001                  1.9999999999999796E-002                  0.0000000000000000E+000                  4.4193112416671515E+008                  4.3484473642763011E+006                  4.7546690575383436E-026                  0.0000000000000000E+000                  0.0000000000000000E+000                  1.4732292924065268E+001                  1.2601709086019008E+009                  4.5741868657518216E-006                  0.0000000000000000E+000                 -2.6698430487335489E+000                  8.2473911241500575E-001                  1.0632997397748367E+000                  1.2138147376068276E+000 
                                     228                  2.9999698032717248E+000                  3.2259938641027858E-001                  4.9348320963436771E+000                 -6.4756077583816118E+000                  6.5993252143778545E+000                  6.9999999999760387E-001                  2.8000000000239628E-001                  1.9999999999999796E-002                  0.0000000000000000E+000                  4.4144351574040341E+008                  4.3690291902644811E+006                  4.9102434949099419E-026                  0.0000000000000000E+000                  0.0000000000000000E+000                  1.4728581631512895E+001                  1.2693786008811364E+009                  4.5216275145325318E-006                  0.0000000000000000E+000                 -2.6723526085501783E+000                  8.2646941113594463E-001                  1.0650300384957756E+000                  1.2155450363277664E+000 
                                     229                  2.9999698018654888E+000                  3.2250695474979280E-001                  4.9395308306539283E+000                 -6.4595619370715589E+000                  6.6200142576953818E+000                  6.9999999999760387E-001                  2.8000000000239628E-001                  1.9999999999999796E-002                  0.0000000000000000E+000                  4.4089065359371918E+008                  4.3928294774281932E+006                  5.0951599406849610E-026                  0.0000000000000000E+000                  0.0000000000000000E+000                  1.4731360017416147E+001                  1.2828121497984538E+009                  4.4453841840058708E-006                  0.0000000000000000E+000                 -2.6760453499921284E+000                  8.2897241925629239E-001                  1.0675330466161235E+000                  1.2180480444481141E+000 
                                     230                  2.9999698004592528E+000                  3.2241781995194718E-001                  4.9440398543125017E+000                 -6.4442571058208138E+000                  6.6397782208183367E+000                  6.9999999999760387E-001                  2.8000000000239628E-001                  1.9999999999999796E-002                  0.0000000000000000E+000                  4.4037812075619143E+008                  4.4158167457458107E+006                  5.2780240416237402E-026                  0.0000000000000000E+000                  0.0000000000000000E+000                  1.4739364215619521E+001                  1.2957818384676244E+009                  4.3716314763106900E-006                  0.0000000000000000E+000                 -2.6796782278614479E+000                  8.3137447850573654E-001                  1.0699351058655675E+000                  1.2204501036975584E+000 
                                     231                  2.9999697990530168E+000                  3.2233171952481809E-001                  4.9472957443433749E+000                 -6.4332118432861929E+000                  6.6540435890151359E+000                  6.9999999999760387E-001                  2.8000000000239628E-001                  1.9999999999999796E-002                  0.0000000000000000E+000                  4.4000545651068109E+008                  4.4325061811438389E+006                  5.4140593085131134E-026                  0.0000000000000000E+000                  0.0000000000000000E+000                  1.4750109643934854E+001                  1.3083132435815420E+009                  4.3001701309817347E-006                  0.0000000000000000E+000                 -2.6832571808747501E+000                  8.3368534029259922E-001                  1.0722459676524303E+000                  1.2227609654844209E+000 
                                     232                  2.9999697983498992E+000                  3.2228973181522236E-001                  4.9501297861367606E+000                 -6.4237156724189237E+000                  6.6663468182678631E+000                  6.9999999999760387E-001                  2.8000000000239628E-001                  1.9999999999999796E-002                  0.0000000000000000E+000                  4.3970421675034547E+008                  4.4471059879674697E+006                  5.5338162176847288E-026                  0.0000000000000000E+000                  0.0000000000000000E+000                  1.4759430526469718E+001                  1.3144667101100192E+009                  4.2655169873164015E-006                  0.0000000000000000E+000                 -2.6850141620686507E+000                  8.3480884352560147E-001                  1.0733694708854324E+000                  1.2238844687174231E+000 
                                     233                  2.9999697971780361E+000                  3.2222123971543359E-001                  4.9535683400356953E+000                 -6.4122081842087360E+000                  6.6812605997593053E+000                  6.9999999999760387E-001                  2.8000000000239628E-001                  1.9999999999999796E-002                  0.0000000000000000E+000                  4.3933592898672217E+008                  4.4649039588165851E+006                  5.6824945665136480E-026                  0.0000000000000000E+000                  0.0000000000000000E+000                  1.4774807865230175E+001                  1.3245839987497396E+009                  4.2094859929060416E-006                  0.0000000000000000E+000                 -2.6878854656300271E+000                  8.3663755328718015E-001                  1.0751981806470112E+000                  1.2257131784790019E+000 
                                     234                  2.9999697960061726E+000                  3.2215450745604118E-001                  4.9572394368473329E+000                 -6.4000036093330319E+000                  6.6971046327305581E+000                  6.9999999999760387E-001                  2.8000000000239628E-001                  1.9999999999999796E-002                  0.0000000000000000E+000                  4.3895199596392500E+008                  4.4840163719385220E+006                  5.8445479243692699E-026                  0.0000000000000000E+000                  0.0000000000000000E+000                  1.4793862574200547E+001                  1.3344636959317074E+009                  4.1550356548853967E-006                  0.0000000000000000E+000                 -2.6907126225640572E+000                  8.3841493538217504E-001                  1.0769755627420061E+000                  1.2274905605739967E+000 
                                     235                  2.9999697945999366E+000                  3.2207660889322337E-001                  4.9607903489757321E+000                 -6.3882278041271423E+000                  6.7124017082732506E+000                  6.9999999999760387E-001                  2.8000000000239628E-001                  1.9999999999999796E-002                  0.0000000000000000E+000                  4.3857619197135484E+008                  4.5026133039516360E+006                  6.0052886871925473E-026                  0.0000000000000000E+000                  0.0000000000000000E+000                  1.4816058976324989E+001                  1.3460302181644149E+009                  4.0919766012498020E-006                  0.0000000000000000E+000                 -2.6940334291682508E+000                  8.4048506201744644E-001                  1.0790456893772775E+000                  1.2295606872092681E+000 
                                     236                  2.9999697934280736E+000                  3.2201339914531507E-001                  4.9642429076624106E+000                 -6.3768696493863786E+000                  6.7271867203717424E+000                  6.9999999999760387E-001                  2.8000000000239628E-001                  1.9999999999999796E-002                  0.0000000000000000E+000                  4.3821997085779899E+008                  4.5208065743530495E+006                  6.1645168321247259E-026                  0.0000000000000000E+000                  0.0000000000000000E+000                  1.4838863369765601E+001                  1.3554548802311175E+009                  4.0414661081671565E-006                  0.0000000000000000E+000                 -2.6967305294271107E+000                  8.4216128713519123E-001                  1.0807219144950224E+000                  1.2312369123270130E+000 
                                     237                  2.9999697920218376E+000                  3.2193947048165300E-001                  4.9684982396496800E+000                 -6.3629670665612750E+000                  6.7453161837925482E+000                  6.9999999999760387E-001                  2.8000000000239633E-001                  1.9999999999999796E-002                  0.0000000000000000E+000                  4.3778895648463416E+008                  4.5433749974377109E+006                  6.3651745279176067E-026                  0.0000000000000000E+000                  0.0000000000000000E+000                  1.4868976214777433E+001                  1.3665659309134881E+009                  3.9836734808135946E-006                  0.0000000000000000E+000                 -2.6998581327261055E+000                  8.4411775388614729E-001                  1.0826783812459784E+000                  1.2331933790779690E+000 
                                     238                  2.9999697901468565E+000                  3.2184394853102644E-001                  4.9731710322052916E+000                 -6.3477603715735977E+000                  6.7651662942831718E+000                  6.9999999999760387E-001                  2.8000000000239628E-001                  1.9999999999999796E-002                  0.0000000000000000E+000                  4.3731453377382684E+008                  4.5683306030211989E+006                  6.5921438591223088E-026                  0.0000000000000000E+000                  0.0000000000000000E+000                  1.4905846890604376E+001                  1.3809730028795402E+009                  3.9105718968698605E-006                  0.0000000000000000E+000                 -2.7038798625434337E+000                  8.4663886114835674E-001                  1.0851994885081877E+000                  1.2357144863401783E+000 
                                     239                  2.9999697882718745E+000                  3.2175165352267349E-001                  4.9776567211394012E+000                 -6.3332599648552428E+000                  6.7841273180764494E+000                  6.9999999999760387E-001                  2.8000000000239628E-001                  1.9999999999999796E-002                  0.0000000000000000E+000                  4.3686900414915913E+008                  4.5924547023135321E+006                  6.8161079038373028E-026                  0.0000000000000000E+000                  0.0000000000000000E+000                  1.4943059807882415E+001                  1.3949324713855669E+009                  3.8416923283456751E-006                  0.0000000000000000E+000                 -2.7077387098272481E+000                  8.4906647020586357E-001                  1.0876270975656948E+000                  1.2381420953976854E+000 
                                     240                  2.9999697864043817E+000                  3.2166269003105730E-001                  4.9819511881579572E+000                 -6.3194643939744273E+000                  6.8021960866762665E+000                  6.9999999999760387E-001                  2.8000000000239628E-001                  1.9999999999999796E-002                  0.0000000000000000E+000                  4.3645267193972278E+008                  4.6156998615649603E+006                  7.0362472426600190E-026                  0.0000000000000000E+000                  0.0000000000000000E+000                  1.4979750579926881E+001                  1.4084561709039681E+009                  3.7773987390299746E-006                  0.0000000000000000E+000                 -2.7114035844964479E+000                  8.5139786696933439E-001                  1.0899584943291654E+000                  1.2404734921611560E+000 
                                     241                  2.9999697845532576E+000                  3.2157721202139544E-001                  4.9860582906556949E+000                 -6.3063477062078110E+000                  6.8194019306760882E+000                  6.9999999999760387E-001                  2.8000000000239628E-001                  1.9999999999999796E-002                  0.0000000000000000E+000                  4.3606573979319537E+008                  4.6380617641242780E+006                  7.2521458589367078E-026                  0.0000000000000000E+000                  0.0000000000000000E+000                  1.5015265233620037E+001                  1.4215112382057259E+009                  3.7177168012016547E-006                  0.0000000000000000E+000                 -2.7148618479436735E+000                  8.5362917775035185E-001                  1.0921898051101830E+000                  1.2427048029421737E+000 
                                     242                  2.9999697827195182E+000                  3.2149500833502281E-001                  4.9909636177290224E+000                 -6.2908390680417492E+000                  6.8397995298385146E+000                  6.9999999999760387E-001                  2.8000000000239628E-001                  1.9999999999999796E-002                  0.0000000000000000E+000                  4.3563601430970329E+008                  4.6649302198562343E+006                  7.5159812125207930E-026                  0.0000000000000000E+000                  0.0000000000000000E+000                  1.5055553255353342E+001                  1.4341700903529835E+009                  3.6627581208754890E-006                  0.0000000000000000E+000                 -2.7180958800394848E+000                  8.5576555820565348E-001                  1.0943261855654847E+000                  1.2448411833974753E+000 
                                     243                  2.9999697799948950E+000                  3.2137707087636525E-001                  4.9960790182295103E+000                 -6.2746671475911455E+000                  6.8610694060775144E+000                  6.9999999999760387E-001                  2.8000000000239628E-001                  1.9999999999999796E-002                  0.0000000000000000E+000                  4.3519199903369749E+008                  4.6931056086840238E+006                  7.8013322371514070E-026                  0.0000000000000000E+000                  0.0000000000000000E+000                  1.5099696404330553E+001                  1.4523820778028405E+009                  3.5872537627337369E-006                  0.0000000000000000E+000                 -2.7226189500984774E+000                  8.5881352334103767E-001                  1.0973741507008687E+000                  1.2478891485328594E+000 
                                     244                  2.9999697777380168E+000                  3.2128288199464894E-001                  5.0013996095647322E+000                 -6.2580464943672895E+000                  6.8829989068867388E+000                  6.9999999999760387E-001                  2.8000000000239628E-001                  1.9999999999999796E-002                  0.0000000000000000E+000                  4.3478602606701922E+008                  4.7225769131580684E+006                  8.1058977493252704E-026                  0.0000000000000000E+000                  0.0000000000000000E+000                  1.5140443178938867E+001                  1.4669891708029363E+009                  3.5299955298716861E-006                  0.0000000000000000E+000                 -2.7261129222853078E+000                  8.6123032690359658E-001                  1.0997909542634274E+000                  1.2503059520954183E+000 
                                     245                  2.9999697746016554E+000                  3.2115680745050729E-001                  5.0068661088888549E+000                 -6.2409724912036770E+000                  6.9055269484532644E+000                  6.9999999999760387E-001                  2.8000000000239628E-001                  1.9999999999999796E-002                  0.0000000000000000E+000                  4.3438872477299708E+008                  4.7529995959748272E+006                  8.4311607694060403E-026                  0.0000000000000000E+000                  0.0000000000000000E+000                  1.5182656744291389E+001                  1.4866302820105615E+009                  3.4577376020678208E-006                  0.0000000000000000E+000                 -2.7306039835960960E+000                  8.6443921114268762E-001                  1.1029998385025186E+000                  1.2535148363345092E+000 
                                     246                  2.9999697719133454E+000                  3.2105282699859478E-001                  5.0117017124791854E+000                 -6.2259754025712883E+000                  6.9253518824234392E+000                  6.9999999999760387E-001                  2.8000000000239628E-001                  1.9999999999999796E-002                  0.0000000000000000E+000                  4.3407991459825689E+008                  4.7800332561237793E+006                  8.7276116794598843E-026                  0.0000000000000000E+000                  0.0000000000000000E+000                  1.5217446595588655E+001                  1.5028404878644056E+009                  3.4009678848424642E-006                  0.0000000000000000E+000                 -2.7341987345337202E+000                  8.6706139311490715E-001                  1.1056220204747382E+000                  1.2561370183067289E+000 
                                     247                  2.9999697692250358E+000                  3.2095230494175814E-001                  5.0155750371716001E+000                 -6.2139718141770510E+000                  6.9412226625720814E+000                  6.9999999999760387E-001                  2.8000000000239622E-001                  1.9999999999999907E-002                  0.0000000000000000E+000                  4.3384954978125364E+008                  4.8017605169418417E+006                  8.9723851522174915E-026                  0.0000000000000000E+000                  0.0000000000000000E+000                  1.5245899235490890E+001                  1.5185440220452418E+009                  3.3483206022379762E-006                  0.0000000000000000E+000                 -2.7375864824605500E+000                  8.6957455773038150E-001                  1.1081351850902126E+000                  1.2586501829222032E+000 
                                     248                  2.9999697674328285E+000                  3.2088707978301118E-001                  5.0185911367977925E+000                 -6.2046859774380581E+000                  6.9535217777358707E+000                  6.9999999999760387E-001                  2.8000000000239622E-001                  1.9999999999999907E-002                  0.0000000000000000E+000                  4.3369394493374729E+008                  4.8187257801630842E+006                  9.1664403700660872E-026                  0.0000000000000000E+000                  0.0000000000000000E+000                  1.5266848639937090E+001                  1.5287606138312149E+009                  3.3151865136965780E-006                  0.0000000000000000E+000                 -2.7397460164967860E+000                  8.7119307601384111E-001                  1.1097537033736720E+000                  1.2602687012056628E+000 
                                     249                  2.9999697656406221E+000                  3.2082320595321950E-001                  5.0222631861066596E+000                 -6.1934484308791546E+000                  6.9684301025189175E+000                  6.9999999999760387E-001                  2.8000000000239628E-001                  1.9999999999999796E-002                  0.0000000000000000E+000                  4.3353283219219637E+008                  4.8394322389097065E+006                  9.4069059499813636E-026                  0.0000000000000000E+000                  0.0000000000000000E+000                  1.5291258998474955E+001                  1.5388438971186972E+009                  3.2838134128457253E-006                  0.0000000000000000E+000                 -2.7418107637899451E+000                  8.7276797147579244E-001                  1.1113285988356236E+000                  1.2618435966676143E+000 
                                     250                  2.9999697629523121E+000                  3.2072979181812544E-001                  5.0258075984892123E+000                 -6.1825645224700141E+000                  6.9828558009238852E+000                  6.9999999999760387E-001                  2.8000000000239622E-001                  1.9999999999999907E-002                  0.0000000000000000E+000                  4.3338333999938679E+008                  4.8594643047267860E+006                  9.6458184730815751E-026                  0.0000000000000000E+000                  0.0000000000000000E+000                  1.5317263187073474E+001                  1.5535791230229154E+009                  3.2386068820195415E-006                  0.0000000000000000E+000                 -2.7448208827919460E+000                  8.7505502645748034E-001                  1.1136156538173114E+000                  1.2641306516493021E+000 
                                     251                  2.9999697611601057E+000                  3.2066902469084813E-001                  5.0285738935528848E+000                 -6.1741189684598359E+000                  6.9940671859547665E+000                  6.9999999999760387E-001                  2.8000000000239622E-001                  1.9999999999999907E-002                  0.0000000000000000E+000                  4.3328676146820724E+008                  4.8751360641412046E+006                  9.8353814658080090E-026                  0.0000000000000000E+000                  0.0000000000000000E+000                  1.5337020298369243E+001                  1.5631563784472251E+009                  3.2095124974815097E-006                  0.0000000000000000E+000                 -2.7467804644412159E+000                  8.7653223304447514E-001                  1.1150928604043062E+000                  1.2656078582362968E+000 
                                     252                  2.9999697593678989E+000                  3.2060940307594527E-001                  5.0312763468254662E+000                 -6.1658863604217027E+000                  7.0050023441256597E+000                  6.9999999999760387E-001                  2.8000000000239622E-001                  1.9999999999999907E-002                  0.0000000000000000E+000                  4.3320404529512626E+008                  4.8904767583906371E+006                  1.0023751291941345E-025                  0.0000000000000000E+000                  0.0000000000000000E+000                  1.5356700356231560E+001                  1.5725940792377465E+009                  3.1814815114045339E-006                  0.0000000000000000E+000                 -2.7486852981215191E+000                  8.7797322918276988E-001                  1.1165338565426008E+000                  1.2670488543745917E+000 
                                     253                  2.9999697575756921E+000                  3.2055087714258351E-001                  5.0352325223463525E+000                 -6.1539343601240155E+000                  7.0209139578851634E+000                  6.9999999999760387E-001                  2.8000000000239628E-001                  1.9999999999999796E-002                  0.0000000000000000E+000                  4.3311829305865639E+008                  4.9129948403047267E+006                  1.0303666143136940E-025                  0.0000000000000000E+000                  0.0000000000000000E+000                  1.5384216798486925E+001                  1.5819188418850958E+009                  3.1545204334350594E-006                  0.0000000000000000E+000                 -2.7505333275511967E+000                  8.7937950340654658E-001                  1.1179401307663777E+000                  1.2684551285983683E+000 
                                     254                  2.9999697539912793E+000                  3.2043693482782459E-001                  5.0390297325407980E+000                 -6.1423664874583164E+000                  7.0362789844975708E+000                  6.9999999999760387E-001                  2.8000000000239628E-001                  1.9999999999999796E-002                  0.0000000000000000E+000                  4.3302926317035681E+008                  4.9346620607539555E+006                  1.0582029442497375E-025                  0.0000000000000000E+000                  0.0000000000000000E+000                  1.5415988449602994E+001                  1.6000190113561862E+009                  3.1021570153492700E-006                  0.0000000000000000E+000                 -2.7541681120984092E+000                  8.8209750549357824E-001                  1.1206581328534093E+000                  1.2711731306853999E+000 
                                     255                  2.9999697521990725E+000                  3.2038142864639002E-001                  5.0427365115766083E+000                 -6.1312310688999956E+000                  7.0511263918721854E+000                  6.9999999999760387E-001                  2.8000000000239628E-001                  1.9999999999999796E-002                  0.0000000000000000E+000                  4.3299038691903067E+008                  4.9558831211437620E+006                  1.0857090733655693E-025                  0.0000000000000000E+000                  0.0000000000000000E+000                  1.5444429737828822E+001                  1.6088514617906904E+009                  3.0768313028077960E-006                  0.0000000000000000E+000                 -2.7559481573472042E+000                  8.8341121586309712E-001                  1.1219718432229282E+000                  1.2724868410549188E+000 
                                     256                  2.9999697486146593E+000                  3.2027316526807958E-001                  5.0474866390302910E+000                 -6.1169296363120704E+000                  7.0701834770419678E+000                  6.9999999999760387E-001                  2.8000000000239628E-001                  1.9999999999999796E-002                  0.0000000000000000E+000                  4.3295101064828008E+008                  4.9831648219843227E+006                  1.1220875302974058E-025                  0.0000000000000000E+000                  0.0000000000000000E+000                  1.5485726938738395E+001                  1.6261955397702444E+009                  3.0282951720418974E-006                  0.0000000000000000E+000                 -2.7594008979179998E+000                  8.8595475070336005E-001                  1.1245153780631911E+000                  1.2750303758951818E+000 
                                     257                  2.9999697450302460E+000                  3.2016833183985388E-001                  5.0509168601387922E+000                 -6.1065868538155188E+000                  7.0839599151031205E+000                  6.9999999999760387E-001                  2.8000000000239628E-001                  1.9999999999999796E-002                  0.0000000000000000E+000                  4.3292975187590605E+008                  5.0029319829561766E+006                  1.1491539115248212E-025                  0.0000000000000000E+000                  0.0000000000000000E+000                  1.5518970445544300E+001                  1.6428785629873762E+009                  2.9807669596137186E-006                  0.0000000000000000E+000                 -2.7628359881846261E+000                  8.8839703326410058E-001                  1.1269576606239318E+000                  1.2774726584559222E+000 
                                     258                  2.9999697432380397E+000                  3.2011712109607598E-001                  5.0531577716909872E+000                 -6.0998801725800993E+000                  7.0929114408782077E+000                  6.9999999999760387E-001                  2.8000000000239628E-001                  1.9999999999999796E-002                  0.0000000000000000E+000                  4.3293114675547850E+008                  5.0158812614349350E+006                  1.1670529615477227E-025                  0.0000000000000000E+000                  0.0000000000000000E+000                  1.5540462624969326E+001                  1.6510455079388444E+009                  2.9576498428063466E-006                  0.0000000000000000E+000                 -2.7645266217852722E+000                  8.8958229057437643E-001                  1.1281429179342075E+000                  1.2786579157661981E+000 
                                     259                  2.9999697414458333E+000                  3.2006667740190542E-001                  5.0559055322014359E+000                 -6.0916929386457728E+000                  7.1038524850669456E+000                  6.9999999999760387E-001                  2.8000000000239628E-001                  1.9999999999999796E-002                  0.0000000000000000E+000                  4.3294491807366717E+008                  5.0317981806889288E+006                  1.1892818666363516E-025                  0.0000000000000000E+000                  0.0000000000000000E+000                  1.5567053622645835E+001                  1.6591535207592163E+009                  2.9352476952396377E-006                  0.0000000000000000E+000                 -2.7661776221422887E+000                  8.9074460572233249E-001                  1.1293052330821636E+000                  1.2798202309141542E+000 
                                     260                  2.9999697387575233E+000                  3.1999239293709442E-001                  5.0591163561351600E+000                 -6.0821267494769407E+000                  7.1166365917161203E+000                  6.9999999999760387E-001                  2.8000000000239628E-001                  1.9999999999999796E-002                  0.0000000000000000E+000                  4.3296606051187128E+008                  5.0504502126988322E+006                  1.2157919018235129E-025                  0.0000000000000000E+000                  0.0000000000000000E+000                  1.5599925836016642E+001                  1.6711112473910761E+009                  2.9024750468355400E-006                  0.0000000000000000E+000                 -2.7686157526453772E+000                  8.9244813033447901E-001                  1.1310087576943102E+000                  1.2815237555263008E+000 
                                     261                  2.9999697360692137E+000                  3.1991968994393521E-001                  5.0637984033486871E+000                 -6.0683145750311960E+000                  7.1351458320210801E+000                  6.9999999999760387E-001                  2.8000000000239628E-001                  1.9999999999999796E-002                  0.0000000000000000E+000                  4.3303513868821084E+008                  5.0777652397973835E+006                  1.2551149630106556E-025                  0.0000000000000000E+000                  0.0000000000000000E+000                  1.5646629673877534E+001                  1.6828793639188468E+009                  2.8709521935655654E-006                  0.0000000000000000E+000                 -2.7709870196074653E+000                  8.9410577648288592E-001                  1.1326664038427170E+000                  1.2831814016747076E+000 
                                     262                  2.9999697306925941E+000                  3.1977873166400606E-001                  5.0687579761908044E+000                 -6.0535806051371965E+000                  7.1548518067585656E+000                  6.9999999999760387E-001                  2.8000000000239622E-001                  1.9999999999999907E-002                  0.0000000000000000E+000                  4.3309192962478250E+008                  5.1068401144451778E+006                  1.2984659979252591E-025                  0.0000000000000000E+000                  0.0000000000000000E+000                  1.5703013801123381E+001                  1.7056648063929625E+009                  2.8106226051442759E-006                  0.0000000000000000E+000                 -2.7755987325692204E+000                  8.9729649671764711E-001                  1.1358571240774782E+000                  1.2863721219094688E+000 
                                     263                  2.9999697271081809E+000                  3.1968782134629942E-001                  5.0725951940837337E+000                 -6.0422728283155651E+000                  7.1700095622454549E+000                  6.9999999999760387E-001                  2.8000000000239622E-001                  1.9999999999999907E-002                  0.0000000000000000E+000                  4.3315841234777403E+008                  5.1294533661157358E+006                  1.3327496156718388E-025                  0.0000000000000000E+000                  0.0000000000000000E+000                  1.5745813859418933E+001                  1.7203145579393353E+009                  2.7722129837114027E-006                  0.0000000000000000E+000                 -2.7785867033906313E+000                  8.9933803797808798E-001                  1.1378986653379191E+000                  1.2884136631699097E+000 
                                     264                  2.9999697235237677E+000                  3.1959919257925801E-001                  5.0763142012295992E+000                 -6.0313470964125351E+000                  7.1846678359196074E+000                  6.9999999999760387E-001                  2.8000000000239622E-001                  1.9999999999999907E-002                  0.0000000000000000E+000                  4.3323009108959407E+008                  5.1514711545936968E+006                  1.3667349061920679E-025                  0.0000000000000000E+000                  0.0000000000000000E+000                  1.5787679855420887E+001                  1.7346826166065557E+009                  2.7360113455385758E-006                  0.0000000000000000E+000                 -2.7814410530200795E+000                  9.0131610858172972E-001                  1.1398767359415609E+000                  1.2903917337735515E+000 
                                     265                  2.9999697199393545E+000                  3.1951271338431175E-001                  5.0808193207420347E+000                 -6.0182046432148413E+000                  7.2023349945138593E+000                  6.9999999999760387E-001                  2.8000000000239628E-001                  1.9999999999999796E-002                  0.0000000000000000E+000                  4.3333477733087152E+008                  5.1782873796245344E+006                  1.4087661916217331E-025                  0.0000000000000000E+000                  0.0000000000000000E+000                  1.5837640515653924E+001                  1.7487768326777561E+009                  2.7018149544398290E-006                  0.0000000000000000E+000                 -2.7841721994219215E+000                  9.0323504105261943E-001                  1.1417956684124504E+000                  1.2923106662444412E+000 
                                     266                  2.9999697145627349E+000                  3.1938676892330425E-001                  5.0859994422406372E+000                 -6.0030906950117844E+000                  7.2226515564203035E+000                  6.9999999999760387E-001                  2.8000000000239628E-001                  1.9999999999999796E-002                  0.0000000000000000E+000                  4.3344746595855093E+008                  5.2093180738145243E+006                  1.4587037674503719E-025                  0.0000000000000000E+000                  0.0000000000000000E+000                  1.5900047031111679E+001                  1.7693470554501066E+009                  2.6531029383422148E-006                  0.0000000000000000E+000                 -2.7881229497003694E+000                  9.0601180723703689E-001                  1.1445724345968680E+000                  1.2950874324288586E+000 
                                     267                  2.9999697091861153E+000                  3.1926502798269407E-001                  5.0901443690904804E+000                 -5.9910025995007254E+000                  7.2389027887046948E+000                  6.9999999999760387E-001                  2.8000000000239628E-001                  1.9999999999999796E-002                  0.0000000000000000E+000                  4.3353141335365552E+008                  5.2343051794130644E+006                  1.4999153983779610E-025                  0.0000000000000000E+000                  0.0000000000000000E+000                  1.5955130437890718E+001                  1.7891558701368504E+009                  2.6059221371767521E-006                  0.0000000000000000E+000                 -2.7920192823968408E+000                  9.0867706535133363E-001                  1.1472376927111647E+000                  1.2977526905431553E+000 
                                     268                  2.9999697056017025E+000                  3.1918604047722504E-001                  5.0933702040994451E+000                 -5.9816589107216380E+000                  7.2514886753365504E+000                  6.9999999999760387E-001                  2.8000000000239622E-001                  1.9999999999999907E-002                  0.0000000000000000E+000                  4.3360541361499894E+008                  5.2538561962348465E+006                  1.5325671080187934E-025                  0.0000000000000000E+000                  0.0000000000000000E+000                  1.6000080588477260E+001                  1.8020404299578595E+009                  2.5752434497541065E-006                  0.0000000000000000E+000                 -2.7945908544012688E+000                  9.1039645096198840E-001                  1.1489570783218195E+000                  1.2994720761538101E+000 
                                     269                  2.9999697020172893E+000                  3.1910869245503082E-001                  5.0969054077819838E+000                 -5.9714676923246603E+000                  7.2652346914086383E+000                  6.9999999999760387E-001                  2.8000000000239628E-001                  1.9999999999999796E-002                  0.0000000000000000E+000                  4.3369069603646970E+008                  5.2753893298425321E+006                  1.5689918875115795E-025                  0.0000000000000000E+000                  0.0000000000000000E+000                  1.6052727657990832E+001                  1.8147408095815885E+009                  2.5451481301974119E-006                  0.0000000000000000E+000                 -2.7971434681065963E+000                  9.1207299453309010E-001                  1.1506336218929212E+000                  1.3011486197249118E+000 
                                     270                  2.9999696975367725E+000                  3.1901419376781165E-001                  5.1014731636171620E+000                 -5.9583717937291851E+000                  7.2829261220862236E+000                  6.9999999999760387E-001                  2.8000000000239628E-001                  1.9999999999999796E-002                  0.0000000000000000E+000                  4.3380497780337000E+008                  5.3033828058404485E+006                  1.6170728717791109E-025                  0.0000000000000000E+000                  0.0000000000000000E+000                  1.6127364878711244E+001                  1.8303358318896441E+009                  2.5078868756466005E-006                  0.0000000000000000E+000                 -2.8003460286556048E+000                  9.1411261920535503E-001                  1.1526732465651861E+000                  1.3031882443971767E+000 
                                     271                  2.9999696912640501E+000                  3.1888572653937303E-001                  5.1062275846627738E+000                 -5.9447481955477031E+000                  7.3013332973524703E+000                  6.9999999999760387E-001                  2.8000000000239628E-001                  1.9999999999999796E-002                  0.0000000000000000E+000                  4.3391017037629509E+008                  5.3327230156242857E+006                  1.6686563875827401E-025                  0.0000000000000000E+000                  0.0000000000000000E+000                  1.6215884897889648E+001                  1.8515456097874591E+009                  2.4558686662434116E-006                  0.0000000000000000E+000                 -2.8048974309500561E+000                  9.1687219928594310E-001                  1.1554328266457741E+000                  1.3059478244777647E+000 
                                     272                  2.9999696858874301E+000                  3.1877892564895677E-001                  5.1104693479946377E+000                 -5.9326775827362175E+000                  7.3176745342218759E+000                  6.9999999999760387E-001                  2.8000000000239628E-001                  1.9999999999999796E-002                  0.0000000000000000E+000                  4.3401016952371174E+008                  5.3590789807156855E+006                  1.7157336476263498E-025                  0.0000000000000000E+000                  0.0000000000000000E+000                  1.6300200211049901E+001                  1.8691970137817864E+009                  2.4118104575787726E-006                  0.0000000000000000E+000                 -2.8088284130383654E+000                  9.1915511217424528E-001                  1.1577157395340762E+000                  1.3082307373660669E+000 
                                     273                  2.9999696805108100E+000                  3.1867497663212474E-001                  5.1145763768985297E+000                 -5.9210511940965471E+000                  7.3334379444108642E+000                  6.9999999999760387E-001                  2.8000000000239628E-001                  1.9999999999999796E-002                  0.0000000000000000E+000                  4.3410974143532431E+008                  5.3847571932648625E+006                  1.7623343437798039E-025                  0.0000000000000000E+000                  0.0000000000000000E+000                  1.6385687664876812E+001                  1.8864647520186815E+009                  2.3690893559383625E-006                  0.0000000000000000E+000                 -2.8127092792504573E+000                  9.2136753124709603E-001                  1.1599281586069270E+000                  1.3104431564389176E+000 
                                     274                  2.9999696751341904E+000                  3.1857370172961802E-001                  5.1178967005291316E+000                 -5.9116719893405518E+000                  7.3461623766734920E+000                  6.9999999999760387E-001                  2.8000000000239628E-001                  1.9999999999999796E-002                  0.0000000000000000E+000                  4.3418714851097679E+008                  5.4056292804077314E+006                  1.8008491923450977E-025                  0.0000000000000000E+000                  0.0000000000000000E+000                  1.6457419400716127E+001                  1.9033101322839403E+009                  2.3279132243147302E-006                  0.0000000000000000E+000                 -2.8165166062773257E+000                  9.2351440920941763E-001                  1.1620750365692487E+000                  1.3125900344012393E+000 
                                     275                  2.9999696715497777E+000                  3.1850758940074475E-001                  5.1217926850517728E+000                 -5.9007998977316074E+000                  7.3609642093455587E+000                  6.9999999999760387E-001                  2.8000000000239628E-001                  1.9999999999999796E-002                  0.0000000000000000E+000                  4.3429943267185450E+008                  5.4302570172050800E+006                  1.8465495709677749E-025                  0.0000000000000000E+000                  0.0000000000000000E+000                  1.6539878585018428E+001                  1.9143921376473911E+009                  2.3017919835903798E-006                  0.0000000000000000E+000                 -2.8189669633897809E+000                  9.2491083500811411E-001                  1.1634714623679452E+000                  1.3139864601999358E+000 
                                     276                  2.9999696643809513E+000                  3.1837854680760225E-001                  5.1267951284329394E+000                 -5.8868412678875393E+000                  7.3799685873794472E+000                  6.9999999999760387E-001                  2.8000000000239628E-001                  1.9999999999999796E-002                  0.0000000000000000E+000                  4.3443187039956534E+008                  5.4620763485298930E+006                  1.9069294233282152E-025                  0.0000000000000000E+000                  0.0000000000000000E+000                  1.6648211177995449E+001                  1.9361430684906137E+009                  2.2527978008053783E-006                  0.0000000000000000E+000                 -2.8236388932493162E+000                  9.2762550833273205E-001                  1.1661861356925631E+000                  1.3167011335245538E+000 
                                     277                  2.9999696572121248E+000                  3.1825347609545501E-001                  5.1304134286319130E+000                 -5.8767486902825032E+000                  7.3937108554090898E+000                  6.9999999999760387E-001                  2.8000000000239628E-001                  1.9999999999999796E-002                  0.0000000000000000E+000                  4.3452182690418953E+008                  5.4852258249739353E+006                  1.9518130007166964E-025                  0.0000000000000000E+000                  0.0000000000000000E+000                  1.6727889121637777E+001                  1.9571206208561790E+009                  2.2068652539206982E-006                  0.0000000000000000E+000                 -2.8281120915218443E+000                  9.3024277622454876E-001                  1.1688034035843800E+000                  1.3193184014163706E+000 
                                     278                  2.9999696536277116E+000                  3.1819233793420665E-001                  5.1339562827510390E+000                 -5.8669986765362179E+000                  7.4070389740256255E+000                  6.9999999999760387E-001                  2.8000000000239628E-001                  1.9999999999999796E-002                  0.0000000000000000E+000                  4.3463564043010908E+008                  5.5080091717572669E+006                  1.9961766736724262E-025                  0.0000000000000000E+000                  0.0000000000000000E+000                  1.6803669410710388E+001                  1.9674497538538146E+009                  2.1853394097991139E-006                  0.0000000000000000E+000                 -2.8302405511189845E+000                  9.3151617723984304E-001                  1.1700768045996741E+000                  1.3205918024316647E+000 
                                     279                  2.9999696464588856E+000                  3.1807270148693279E-001                  5.1373843911784922E+000                 -5.8575138043247472E+000                  7.4199842602275394E+000                  6.9999999999760387E-001                  2.8000000000239628E-001                  1.9999999999999796E-002                  0.0000000000000000E+000                  4.3473159292533088E+008                  5.5301473251971249E+006                  2.0403018688877277E-025                  0.0000000000000000E+000                  0.0000000000000000E+000                  1.6881662695790322E+001                  1.9877203088934100E+009                  2.1441183914242414E-006                  0.0000000000000000E+000                 -2.8343756189759461E+000                  9.3399721976618022E-001                  1.1725578471260112E+000                  1.3230728449580018E+000 
                                     280                  2.9999696428744724E+000                  3.1801413948064028E-001                  5.1401867968348904E+000                 -5.8498391503729055E+000                  7.4304904300812700E+000                  6.9999999999760387E-001                  2.8000000000239628E-001                  1.9999999999999796E-002                  0.0000000000000000E+000                  4.3482661670689619E+008                  5.5483203219379457E+006                  2.0767189466516788E-025                  0.0000000000000000E+000                  0.0000000000000000E+000                  1.6945605971964699E+001                  1.9976468370511813E+009                  2.1240410753389097E-006                  0.0000000000000000E+000                 -2.8364185444966625E+000                  9.3520617896184466E-001                  1.1737668063216757E+000                  1.3242818041536664E+000 
                                     281                  2.9999696374978528E+000                  3.1792779195184961E-001                  5.1434680158274926E+000                 -5.8408643165161882E+000                  7.4427809095604980E+000                  6.9999999999760387E-001                  2.8000000000239628E-001                  1.9999999999999796E-002                  0.0000000000000000E+000                  4.3493969087032849E+008                  5.5696761872200621E+006                  2.1201313281268624E-025                  0.0000000000000000E+000                  0.0000000000000000E+000                  1.7024063967010267E+001                  2.0123744241780925E+009                  2.0946139969182940E-006                  0.0000000000000000E+000                 -2.8394479993450235E+000                  9.3698187184265080E-001                  1.1755424992024819E+000                  1.3260574970344725E+000 
                                     282                  2.9999696321212332E+000                  3.1784316054746864E-001                  5.1472014620042437E+000                 -5.8307157533114227E+000                  7.4567042399597465E+000                  6.9999999999760387E-001                  2.8000000000239622E-001                  1.9999999999999907E-002                  0.0000000000000000E+000                  4.3508272647824347E+008                  5.5940795640983228E+006                  2.1703160987265157E-025                  0.0000000000000000E+000                  0.0000000000000000E+000                  1.7117427790017985E+001                  2.0268447459325979E+009                  2.0654900386911256E-006                  0.0000000000000000E+000                 -2.8424884475845369E+000                  9.3871465417218902E-001                  1.1772752815320202E+000                  1.3277902793640108E+000 
                                     283                  2.9999696249524064E+000                  3.1773285073949975E-001                  5.1513392267836347E+000                 -5.8195007559976188E+000                  7.4721038837023936E+000                  6.9999999999760387E-001                  2.8000000000239622E-001                  1.9999999999999907E-002                  0.0000000000000000E+000                  4.3525006444248217E+008                  5.6212484377144994E+006                  2.2271580507488167E-025                  0.0000000000000000E+000                  0.0000000000000000E+000                  1.7228974826292500E+001                  2.0457642358584507E+009                  2.0267848776145778E-006                  0.0000000000000000E+000                 -2.8465961723784279E+000                  9.4096225912921827E-001                  1.1795228864890492E+000                  1.3300378843210401E+000 
                                     284                  2.9999696177835804E+000                  3.1762527212062036E-001                  5.1553548961579532E+000                 -5.8086772699006177E+000                  7.4869906130008577E+000                  6.9999999999760387E-001                  2.8000000000239622E-001                  1.9999999999999907E-002                  0.0000000000000000E+000                  4.3542915930956322E+008                  5.6477379420838961E+006                  2.2834277578338379E-025                  0.0000000000000000E+000                  0.0000000000000000E+000                  1.7344975614117971E+001                  2.0642504275069339E+009                  1.9879456592741051E-006                  0.0000000000000000E+000                 -2.8507977456333236E+000                  9.4314271231405311E-001                  1.1817033396738841E+000                  1.3322183375058747E+000 
                                     285                  2.9999696106147540E+000                  3.1752026436932168E-001                  5.1597421224189324E+000                 -5.7969449488715998E+000                  7.5031653516235384E+000                  6.9999999999760387E-001                  2.8000000000239628E-001                  1.9999999999999796E-002                  0.0000000000000000E+000                  4.3565109360686821E+008                  5.6768139992212867E+006                  2.3460302008920037E-025                  0.0000000000000000E+000                  0.0000000000000000E+000                  1.7478398030957461E+001                  2.0823975069385424E+009                  1.9493047922263600E-006                  0.0000000000000000E+000                 -2.8550601247631802E+000                  9.4525998074807083E-001                  1.1838206081079019E+000                  1.3343356059398925E+000 
                                     286                  2.9999696016537212E+000                  3.1739240034961969E-001                  5.1635162238438523E+000                 -5.7868621153671933E+000                  7.5170700961168979E+000                  6.9999999999760387E-001                  2.8000000000239628E-001                  1.9999999999999796E-002                  0.0000000000000000E+000                  4.3584988417454612E+008                  5.7019307434551716E+006                  2.4012015510370067E-025                  0.0000000000000000E+000                  0.0000000000000000E+000                  1.7599891448293153E+001                  2.1045243759061029E+009                  1.9017195356442971E-006                  0.0000000000000000E+000                 -2.8604267660713862E+000                  9.4782467784312485E-001                  1.1863853052029558E+000                  1.3369003030349467E+000 
                                     287                  2.9999695962771011E+000                  3.1731739001704046E-001                  5.1667481316377897E+000                 -5.7783182503346051E+000                  7.5288899995361733E+000                  6.9999999999760387E-001                  2.8000000000239628E-001                  1.9999999999999796E-002                  0.0000000000000000E+000                  4.3604560743464273E+008                  5.7235220547625963E+006                  2.4489668915440228E-025                  0.0000000000000000E+000                  0.0000000000000000E+000                  1.7705245361185938E+001                  2.1175582388365762E+009                  1.8738552651785429E-006                  0.0000000000000000E+000                 -2.8636319783254445E+000                  9.4932190073002798E-001                  1.1878825280898591E+000                  1.3383975259218497E+000 
                                     288                  2.9999695891082752E+000                  3.1721926592282523E-001                  5.1703492103006896E+000                 -5.7688320976552774E+000                  7.5420276123084564E+000                  6.9999999999760387E-001                  2.8000000000239622E-001                  1.9999999999999907E-002                  0.0000000000000000E+000                  4.3627694341965604E+008                  5.7476636922940072E+006                  2.5031148118578146E-025                  0.0000000000000000E+000                  0.0000000000000000E+000                  1.7825396125079525E+001                  2.1347243476889720E+009                  1.8379141104116035E-006                  0.0000000000000000E+000                 -2.8678373939847104E+000                  9.5127217665801711E-001                  1.1898328040178481E+000                  1.3403478018498387E+000 
                                     289                  2.9999695819394487E+000                  3.1712319746982209E-001                  5.1757201713736176E+000                 -5.7548709891931269E+000                  7.5614415526558254E+000                  6.9999999999760387E-001                  2.8000000000239628E-001                  1.9999999999999796E-002                  0.0000000000000000E+000                  4.3667724067355031E+008                  5.7838446233285032E+006                  2.5849927807966696E-025                  0.0000000000000000E+000                  0.0000000000000000E+000                  1.8003903014945006E+001                  2.1516746408734007E+009                  1.8036393839911027E-006                  0.0000000000000000E+000                 -2.8719251450373386E+000                  9.5317209517310975E-001                  1.1917327225329408E+000                  1.3422477203649315E+000 
                                     290                  2.9999695671303650E+000                  3.1693082963766755E-001                  5.1809595713978673E+000                 -5.7411818481168950E+000                  7.5804476030815460E+000                  6.9999999999760387E-001                  2.8000000000239628E-001                  1.9999999999999796E-002                  0.0000000000000000E+000                  4.3706624675310105E+008                  5.8193128318347558E+006                  2.6678773676560954E-025                  0.0000000000000000E+000                  0.0000000000000000E+000                  1.8184352169037485E+001                  2.1856054488328581E+009                  1.7374268324381831E-006                  0.0000000000000000E+000                 -2.8800467378113508E+000                  9.5695220745648990E-001                  1.1955128348163209E+000                  1.3460278326483115E+000 
                                     291                  2.9999695594901077E+000                  3.1683456737123111E-001                  5.1844314178578887E+000                 -5.7322213467367780E+000                  7.5929353505896184E+000                  6.9999999999760387E-001                  2.8000000000239628E-001                  1.9999999999999796E-002                  0.0000000000000000E+000                  4.3735854975479996E+008                  5.8429223507594373E+006                  2.7235659297070550E-025                  0.0000000000000000E+000                  0.0000000000000000E+000                  1.8301008086652363E+001                  2.2025689013043156E+009                  1.7057541409004010E-006                  0.0000000000000000E+000                 -2.8840417828752631E+000                  9.5883035830984109E-001                  1.1973909856696723E+000                  1.3479059835016629E+000 
                                     292                  2.9999695518498499E+000                  3.1674020876595821E-001                  5.1886620900161606E+000                 -5.7213887655060685E+000                  7.6080693485142019E+000                  6.9999999999760387E-001                  2.8000000000239628E-001                  1.9999999999999796E-002                  0.0000000000000000E+000                  4.3774453771750480E+008                  5.8718052886094293E+006                  2.7924446200419979E-025                  0.0000000000000000E+000                  0.0000000000000000E+000                  1.8439844976596987E+001                  2.2193927140411344E+009                  1.6766331123829910E-006                  0.0000000000000000E+000                 -2.8877809805334764E+000                  9.6066091216255112E-001                  1.1992215395223822E+000                  1.3497365373543728E+000 
                                     293                  2.9999695403894640E+000                  3.1660204665408453E-001                  5.1935646336872008E+000                 -5.7088615975968962E+000                  7.6255821929909740E+000                  6.9999999999760387E-001                  2.8000000000239628E-001                  1.9999999999999796E-002                  0.0000000000000000E+000                  4.3821081827306306E+008                  5.9054240262756255E+006                  2.8742745838761232E-025                  0.0000000000000000E+000                  0.0000000000000000E+000                  1.8597617203021859E+001                  2.2441075742002835E+009                  1.6367756822724833E-006                  0.0000000000000000E+000                 -2.8930054179686104E+000                  9.6332421509920207E-001                  1.2018848424590332E+000                  1.3523998402910238E+000 
                                     294                  2.9999695289290780E+000                  3.1646768647332901E-001                  5.1975134761397852E+000                 -5.6987878473120892E+000                  7.6396725392444687E+000                  6.9999999999760387E-001                  2.8000000000239628E-001                  1.9999999999999796E-002                  0.0000000000000000E+000                  4.3860027869444853E+008                  5.9326199929879997E+006                  2.9418156863877738E-025                  0.0000000000000000E+000                  0.0000000000000000E+000                  1.8720965676252973E+001                  2.2680957616291475E+009                  1.6009000194886499E-006                  0.0000000000000000E+000                 -2.8978178950460425E+000                  9.6589489277975848E-001                  1.2044555201395895E+000                  1.3549705179715801E+000 
                                     295                  2.9999695212888207E+000                  3.1638009970562253E-001                  5.2005983923635188E+000                 -5.6909667573514247E+000                  7.6506333814523293E+000                  6.9999999999760387E-001                  2.8000000000239628E-001                  1.9999999999999796E-002                  0.0000000000000000E+000                  4.3892237400136149E+008                  5.9539429068437321E+006                  2.9953467302155001E-025                  0.0000000000000000E+000                  0.0000000000000000E+000                  1.8812870710505820E+001                  2.2837731379957333E+009                  1.5794588936896415E-006                  0.0000000000000000E+000                 -2.9007458361855463E+000                  9.6755932359648145E-001                  1.2061199509563125E+000                  1.3566349487883032E+000 
                                     296                  2.9999695136485629E+000                  3.1629402453293992E-001                  5.2051144429875409E+000                 -5.6796150745607310E+000                  7.6665852023962060E+000                  6.9999999999760387E-001                  2.8000000000239633E-001                  1.9999999999999796E-002                  0.0000000000000000E+000                  4.3942700349770063E+008                  5.9852831841464583E+006                  3.0747815669496693E-025                  0.0000000000000000E+000                  0.0000000000000000E+000                  1.8939088963507533E+001                  2.2993198902738252E+009                  1.5604371885926348E-006                  0.0000000000000000E+000                 -2.9033768540301246E+000                  9.6918511065018453E-001                  1.2077457380100156E+000                  1.3582607358420062E+000 
                                     297                  2.9999694983680483E+000                  3.1612616844605490E-001                  5.2101683592299501E+000                 -5.6668346713556623E+000                  7.6845111926459548E+000                  6.9999999999760387E-001                  2.8000000000239628E-001                  1.9999999999999796E-002                  0.0000000000000000E+000                  4.3998537059434396E+008                  6.0205183350903764E+006                  3.1667395472693839E-025                  0.0000000000000000E+000                  0.0000000000000000E+000                  1.9077089166244420E+001                  2.3296083227112989E+009                  1.5268702593482315E-006                  0.0000000000000000E+000                 -2.9080989320425044E+000                  9.7233016691315410E-001                  1.2108907942729852E+000                  1.3614057921049758E+000 
                                     298                  2.9999694869076623E+000                  3.1600380455010957E-001                  5.2157475431684954E+000                 -5.6528797037367156E+000                  7.7041526916453851E+000                  6.9999999999760387E-001                  2.8000000000239628E-001                  1.9999999999999796E-002                  0.0000000000000000E+000                  4.4065225951459050E+008                  6.0596450926032178E+006                  3.2702948215093544E-025                  0.0000000000000000E+000                  0.0000000000000000E+000                  1.9218780735841968E+001                  2.3517072094974990E+009                  1.5049445415714134E-006                  0.0000000000000000E+000                 -2.9112397519398150E+000                  9.7460033122916812E-001                  1.2131609585889991E+000                  1.3636759564209897E+000 
                                     299                  2.9999694678070190E+000                  3.1580609521888275E-001                  5.2217208338800409E+000                 -5.6378432196661743E+000                  7.7252744736834273E+000                  6.9999999999760387E-001                  2.8000000000239628E-001                  1.9999999999999796E-002                  0.0000000000000000E+000                  4.4135561916374505E+008                  6.1017870130648604E+006                  3.3856717763155182E-025                  0.0000000000000000E+000                  0.0000000000000000E+000                  1.9369828373226870E+001                  2.3874442257250433E+009                  1.4730429281749434E-006                  0.0000000000000000E+000                 -2.9158922982698470E+000                  9.7822893616591178E-001                  1.2167895635257429E+000                  1.3673045613577335E+000 
                                     300                  2.9999694525265039E+000                  3.1565312506528842E-001                  5.2262567069654011E+000                 -5.6264493032441489E+000                  7.7412906464072710E+000                  6.9999999999760387E-001                  2.8000000000239628E-001                  1.9999999999999796E-002                  0.0000000000000000E+000                  4.4190252401235223E+008                  6.1339772938869996E+006                  3.4758040001167877E-025                  0.0000000000000000E+000                  0.0000000000000000E+000                  1.9482469764525039E+001                  2.4149319118422794E+009                  1.4498910137094009E-006                  0.0000000000000000E+000                 -2.9193323209251023E+000                  9.8100369087977235E-001                  1.2195643182396034E+000                  1.3700793160715941E+000 
                                     301                  2.9999694406371469E+000                  3.1553707731489866E-001                  5.2301066324986509E+000                 -5.6168115371703733E+000                  7.7548531954515294E+000                  6.9999999999760387E-001                  2.8000000000239628E-001                  1.9999999999999796E-002                  0.0000000000000000E+000                  4.4237798133540398E+008                  6.1614353085368834E+006                  3.5539161507927757E-025                  0.0000000000000000E+000                  0.0000000000000000E+000                  1.9576200477418475E+001                  2.4358370940919142E+009                  1.4334609827953934E-006                  0.0000000000000000E+000                 -2.9218070617833276E+000                  9.8308916026245075E-001                  1.2216497876222818E+000                  1.3721647854542725E+000 
                                     302                  2.9999694287477894E+000                  3.1542348644686719E-001                  5.2347751666384568E+000                 -5.6051779692113719E+000                  7.7712484681267755E+000                  6.9999999999760387E-001                  2.8000000000239628E-001                  1.9999999999999796E-002                  0.0000000000000000E+000                  4.4296983215006083E+008                  6.1949072646530019E+006                  3.6505475629918988E-025                  0.0000000000000000E+000                  0.0000000000000000E+000                  1.9685089131648517E+001                  2.4563990553625598E+009                  1.4186399324732151E-006                  0.0000000000000000E+000                 -2.9240639098058887E+000                  9.8511422955192196E-001                  1.2236748569117530E+000                  1.3741898547437437E+000 
                                     303                  2.9999694109137529E+000                  3.1525744345600465E-001                  5.2405937849374213E+000                 -5.5906533551181532E+000                  7.7917074800323940E+000                  6.9999999999760387E-001                  2.8000000000239628E-001                  1.9999999999999796E-002                  0.0000000000000000E+000                  4.4370097370634311E+008                  6.2368959131899811E+006                  3.7748917744821345E-025                  0.0000000000000000E+000                  0.0000000000000000E+000                  1.9813310286600071E+001                  2.4864819114169087E+009                  1.3994065890583133E-006                  0.0000000000000000E+000                 -2.9270280427791358E+000                  9.8804696435845518E-001                  1.2266075917182864E+000                  1.3771225895502770E+000 
                                     304                  2.9999693901073767E+000                  3.1506986923896535E-001                  5.2465683115065325E+000                 -5.5757050928627372E+000                  7.8127485241505372E+000                  6.9999999999760387E-001                  2.8000000000239628E-001                  1.9999999999999796E-002                  0.0000000000000000E+000                  4.4443920765636277E+008                  6.2803351138912374E+006                  3.9072901726223238E-025                  0.0000000000000000E+000                  0.0000000000000000E+000                  1.9931394877384314E+001                  2.5203195752219648E+009                  1.3813272370644031E-006                  0.0000000000000000E+000                 -2.9298517123340755E+000                  9.9132152917242611E-001                  1.2298821565322571E+000                  1.3803971543642477E+000 
                                     305                  2.9999693693010006E+000                  3.1488841027298398E-001                  5.2510549467856773E+000                 -5.5644066037490756E+000                  7.8286200898508582E+000                  6.9999999999760387E-001                  2.8000000000239628E-001                  1.9999999999999796E-002                  0.0000000000000000E+000                  4.4497146895378554E+008                  6.3131719786463603E+006                  4.0104372080094016E-025                  0.0000000000000000E+000                  0.0000000000000000E+000                  2.0009372772458462E+001                  2.5528134695709567E+009                  1.3678430242887890E-006                  0.0000000000000000E+000                 -2.9319818700202607E+000                  9.9445013748509392E-001                  1.2330107648449251E+000                  1.3835257626769155E+000 
                                     306                  2.9999693574116435E+000                  3.1478728358307889E-001                  5.2558074726220916E+000                 -5.5525631094073606E+000                  7.8453128483185619E+000                  6.9999999999760387E-001                  2.8000000000239628E-001                  1.9999999999999796E-002                  0.0000000000000000E+000                  4.4556314968459934E+008                  6.3481800261924788E+006                  4.1214864165720851E-025                  0.0000000000000000E+000                  0.0000000000000000E+000                  2.0073389738385455E+001                  2.5709807727876148E+009                  1.3629643975019859E-006                  0.0000000000000000E+000                 -2.9327577441921169E+000                  9.9617547731176381E-001                  1.2347361046715950E+000                  1.3852511025035856E+000 
                                     307                  2.9999693336329276E+000                  3.1459026849763017E-001                  5.2610888354803613E+000                 -5.5392149205831016E+000                  7.8640431385634111E+000                  6.9999999999760387E-001                  2.8000000000239628E-001                  1.9999999999999796E-002                  0.0000000000000000E+000                  4.4616684299536723E+008                  6.3873242225324269E+006                  4.2503372624472902E-025                  0.0000000000000000E+000                  0.0000000000000000E+000                  2.0133687708293081E+001                  2.6063100448264370E+009                  1.3578883839220056E-006                  0.0000000000000000E+000                 -2.9335679634220733E+000                  9.9949965937859564E-001                  1.2380602867384265E+000                  1.3885752845704173E+000 
                                     308                  2.9999693157988916E+000                  3.1444681099024546E-001                  5.2647228895851637E+000                 -5.5299996845751176E+000                  7.8769608021717570E+000                  6.9999999999760387E-001                  2.8000000000239628E-001                  1.9999999999999796E-002                  0.0000000000000000E+000                  4.4657047299518496E+008                  6.4144160256623710E+006                  4.3416373470619079E-025                  0.0000000000000000E+000                  0.0000000000000000E+000                  2.0165929729880222E+001                  2.6317296679473209E+009                  1.3563180465820887E-006                  0.0000000000000000E+000                 -2.9338192298364048E+000                  1.0018891074902627E+000                  1.2404497348500940E+000                  1.3909647326820844E+000 
                                     309                  2.9999693039095336E+000                  3.1435310388056509E-001                  5.2682632061433079E+000                 -5.5210527983970010E+000                  7.8895159912367658E+000                  6.9999999999760387E-001                  2.8000000000239628E-001                  1.9999999999999796E-002                  0.0000000000000000E+000                  4.4696937659036607E+008                  6.4409362510594651E+006                  4.4321562464932514E-025                  0.0000000000000000E+000                  0.0000000000000000E+000                  2.0188439303957676E+001                  2.6483602659125309E+009                  1.3568114839377198E-006                  0.0000000000000000E+000                 -2.9337402446200085E+000                  1.0034347843321323E+000                  1.2419954116919636E+000                  1.3925104095239542E+000 
                                     310                  2.9999692860754972E+000                  3.1421529913471691E-001                  5.2730441046782053E+000                 -5.5089134287217849E+000                  7.9065261051247173E+000                  6.9999999999760387E-001                  2.8000000000239628E-001                  1.9999999999999796E-002                  0.0000000000000000E+000                  4.4749096719273847E+008                  6.4769336724586105E+006                  4.5580021243766903E-025                  0.0000000000000000E+000                  0.0000000000000000E+000                  2.0208784187414960E+001                  2.6728373651815476E+009                  1.3593776485505306E-006                  0.0000000000000000E+000                 -2.9333299376022626E+000                  1.0056858152380912E+000                  1.2442464425979223E+000                  1.3947614404299129E+000 
                                     311                  2.9999692622967822E+000                  3.1403642870804893E-001                  5.2782741871320988E+000                 -5.4955090589131714E+000                  7.9252542791464995E+000                  6.9999999999760387E-001                  2.8000000000239633E-001                  1.9999999999999796E-002                  0.0000000000000000E+000                  4.4802792642045957E+008                  6.5165442959077926E+006                  4.7011207027747810E-025                  0.0000000000000000E+000                  0.0000000000000000E+000                  2.0219954305260725E+001                  2.7043521177973318E+009                  1.3643904948943417E-006                  0.0000000000000000E+000                 -2.9325306573959216E+000                  1.0085692054835893E+000                  1.2471298328434206E+000                  1.3976448306754112E+000 
                                     312                  2.9999692384132839E+000                  3.1386201779894418E-001                  5.2820369277569625E+000                 -5.4857495901751170E+000                  7.9388395187267387E+000                  6.9999999999760387E-001                  2.8000000000239633E-001                  1.9999999999999796E-002                  0.0000000000000000E+000                  4.4838413080600250E+008                  6.5451834058234412E+006                  4.8081441076218141E-025                  0.0000000000000000E+000                  0.0000000000000000E+000                  2.0222266714802558E+001                  2.7346780194416361E+009                  1.3702829521653262E-006                  0.0000000000000000E+000                 -2.9315948726714884E+000                  1.0113390334658923E+000                  1.2498996608257236E+000                  1.4004146586577142E+000 
                                     313                  2.9999692264715350E+000                  3.1377667363387374E-001                  5.2857068691228211E+000                 -5.4763005585047333E+000                  7.9520228577192311E+000                  6.9999999999760387E-001                  2.8000000000239633E-001                  1.9999999999999796E-002                  0.0000000000000000E+000                  4.4875107244846737E+008                  6.5732466825249363E+006                  4.9140860850790836E-025                  0.0000000000000000E+000                  0.0000000000000000E+000                  2.0214634519525976E+001                  2.7495049800789156E+009                  1.3738935253602522E-006                  0.0000000000000000E+000                 -2.9310234615640987E+000                  1.0126785269443033E+000                  1.2512391543041343E+000                  1.4017541521361252E+000 
                                     314                  2.9999692025880367E+000                  3.1360951318175934E-001                  5.2903995522691742E+000                 -5.4640665856090020E+000                  7.9690259732197415E+000                  6.9999999999760387E-001                  2.8000000000239633E-001                  1.9999999999999796E-002                  0.0000000000000000E+000                  4.4918278618912554E+008                  6.6092862761479523E+006                  5.0547308611815696E-025                  0.0000000000000000E+000                  0.0000000000000000E+000                  2.0199159608948623E+001                  2.7785148030292845E+009                  1.3821571083771602E-006                  0.0000000000000000E+000                 -2.9297212941743891E+000                  1.0152724830886559E+000                  1.2538331104484870E+000                  1.4043481082804776E+000 
                                     315                  2.9999691787045388E+000                  3.1344681063161722E-001                  5.2960176185196630E+000                 -5.4493867777314584E+000                  7.9894142942287196E+000                  6.9999999999760387E-001                  2.8000000000239633E-001                  1.9999999999999796E-002                  0.0000000000000000E+000                  4.4969659531690741E+008                  6.6526790425041290E+006                  5.2288213048759827E-025                  0.0000000000000000E+000                  0.0000000000000000E+000                  2.0166066225256909E+001                  2.8065364885476179E+009                  1.3908769706720524E-006                  0.0000000000000000E+000                 -2.9283556418052976E+000                  1.0177599148523726E+000                  1.2563205422122037E+000                  1.4068355400441943E+000 
                                     316                  2.9999691428792916E+000                  3.1321054299281437E-001                  5.3018468353542128E+000                 -5.4338794327834039E+000                  8.0108338826840573E+000                  6.9999999999760387E-001                  2.8000000000239633E-001                  1.9999999999999796E-002                  0.0000000000000000E+000                  4.5016500789483827E+008                  6.6979502462085355E+006                  5.6121265025166867E-025                  0.0000000000000000E+000                  0.0000000000000000E+000                  2.0122762321198341E+001                  2.8467857710424662E+009                  1.4043021924925142E-006                  0.0000000000000000E+000                 -2.9262697130510764E+000                  1.0213081825402099E+000                  1.2598688099000410E+000                  1.4103838077320316E+000 
                                     317                  2.9999691130249189E+000                  3.1302027950062805E-001                  5.3058897190444858E+000                 -5.4230096122290208E+000                  8.0257996613767819E+000                  6.9999999999760387E-001                  2.8000000000239633E-001                  1.9999999999999796E-002                  0.0000000000000000E+000                  4.5046530527465367E+008                  6.7294991317161834E+006                  6.8398318371089033E-025                  0.0000000000000000E+000                  0.0000000000000000E+000                  2.0085354932962595E+001                  2.8786434664419994E+009                  1.4150417306907486E-006                  0.0000000000000000E+000                 -2.9246153761329268E+000                  1.0241114023600379E+000                  1.2626720297198690E+000                  1.4131870275518597E+000 
                                     318                  2.9999690951122955E+000                  3.1290882708445644E-001                  5.3102994238360397E+000                 -5.4112215003605257E+000                  8.0420582040409272E+000                  6.9999999999760387E-001                  2.8000000000239633E-001                  1.9999999999999796E-002                  0.0000000000000000E+000                  4.5081709344318658E+008                  6.7640729298591698E+006                  8.4804004900324177E-025                  0.0000000000000000E+000                  0.0000000000000000E+000                  2.0031186637343321E+001                  2.8973096230322323E+009                  1.4220395256011450E-006                  0.0000000000000000E+000                 -2.9235441661097687E+000                  1.0257301550633677E+000                  1.2642907824231988E+000                  1.4148057802551897E+000 
                                     319                  2.9999690592870483E+000                  3.1269164485164258E-001                  5.3149522556830462E+000                 -5.3985148402684136E+000                  8.0594709968657678E+000                  6.9999999999760387E-001                  2.8000000000239633E-001                  1.9999999999999796E-002                  0.0000000000000000E+000                  4.5112196370348394E+008                  6.8006955438138498E+006                  1.0638852480916230E-024                  0.0000000000000000E+000                  0.0000000000000000E+000                  1.9969195791614450E+001                  2.9334000294901662E+009                  1.4364169605164468E-006                  0.0000000000000000E+000                 -2.9213597377882925E+000                  1.0288383123851146E+000                  1.2673989397449457E+000                  1.4179139375769363E+000 
                                     320                  2.9999690354035500E+000                  3.1255085759305584E-001                  5.3185425409351454E+000                 -5.3886836558613949E+000                  8.0729325782775625E+000                  6.9999999999760387E-001                  2.8000000000239633E-001                  1.9999999999999796E-002                  0.0000000000000000E+000                  4.5135451111403102E+008                  6.8290748067292525E+006                  1.2667586695603533E-024                  0.0000000000000000E+000                  0.0000000000000000E+000                  1.9912233662935428E+001                  2.9564646084818707E+009                  1.4458377668659076E-006                  0.0000000000000000E+000                 -2.9199402175966958E+000                  1.0308208112813806E+000                  1.2693814386412117E+000                  1.4198964364732023E+000 
                                     321                  2.9999690115200521E+000                  3.1241308907005205E-001                  5.3220120609054780E+000                 -5.3791160845905841E+000                  8.0860057440397082E+000                  6.9999999999760387E-001                  2.8000000000239628E-001                  1.9999999999999796E-002                  0.0000000000000000E+000                  4.5156464118403506E+008                  6.8565934182769023E+006                  1.4991042500194693E-024                  0.0000000000000000E+000                  0.0000000000000000E+000                  1.9850741417727644E+001                  2.9789530065877323E+009                  1.4557022108339065E-006                  0.0000000000000000E+000                 -2.9184637292075299E+000                  1.0327360487803501E+000                  1.2712966761401812E+000                  1.4218116739721718E+000 
                                     322                  2.9999689876365538E+000                  3.1227819544523461E-001                  5.3270352587112519E+000                 -5.3652685201512158E+000                  8.1049289814671592E+000                  6.9999999999760387E-001                  2.8000000000239628E-001                  1.9999999999999796E-002                  0.0000000000000000E+000                  4.5187614145769870E+008                  6.8966153659684481E+006                  1.9116429449160403E-024                  0.0000000000000000E+000                  0.0000000000000000E+000                  1.9746111574360029E+001                  3.0009484500959549E+009                  1.4661310788713410E-006                  0.0000000000000000E+000                 -2.9169136000160396E+000                  1.0345874997166973E+000                  1.2731481270765284E+000                  1.4236631249085190E+000 
                                     323                  2.9999689398695581E+000                  3.1201651656565815E-001                  5.3333259040350702E+000                 -5.3475398593814090E+000                  8.1289982776712826E+000                  6.9999999999760387E-001                  2.8000000000239628E-001                  1.9999999999999796E-002                  0.0000000000000000E+000                  4.5216845821479052E+008                  6.9469931820492921E+006                  2.5911486980173173E-024                  0.0000000000000000E+000                  0.0000000000000000E+000                  1.9602365831197655E+001                  3.0431455734955773E+009                  1.4871276414365399E-006                  0.0000000000000000E+000                 -2.9138258770058312E+000                  1.0381159242544580E+000                  1.2766765516142891E+000                  1.4271915494462797E+000 
                                     324                  2.9999688921025620E+000                  3.1176485898335660E-001                  5.3381506940642884E+000                 -5.3336875725488087E+000                  8.1477032946664014E+000                  6.9999999999760387E-001                  2.8000000000239633E-001                  1.9999999999999796E-002                  0.0000000000000000E+000                  4.5232746996413976E+008                  6.9858348315168582E+006                  3.2709006791353982E-024                  0.0000000000000000E+000                  0.0000000000000000E+000                  1.9483191767435240E+001                  3.0827309122695856E+009                  1.5065142951087541E-006                  0.0000000000000000E+000                 -2.9110133715049713E+000                  1.0414333269833866E+000                  1.2799939543432177E+000                  1.4305089521752083E+000 
                                     325                  2.9999688620639033E+000                  3.1161135554238428E-001                  5.3421016388328795E+000                 -5.3223278477526552E+000                  8.1630361845855166E+000                  6.9999999999760387E-001                  2.8000000000239628E-001                  1.9999999999999796E-002                  0.0000000000000000E+000                  4.5245567752795386E+008                  7.0177941197847985E+006                  3.9562623223117543E-024                  0.0000000000000000E+000                  0.0000000000000000E+000                  1.9376332265789696E+001                  3.1066438369794478E+009                  1.5183430898731030E-006                  0.0000000000000000E+000                 -2.9093150413602826E+000                  1.0434202495403400E+000                  1.2819808769001710E+000                  1.4324958747321617E+000 
                                     326                  2.9999688258700838E+000                  3.1143096527531000E-001                  5.3452082331298154E+000                 -5.3132491632865708E+000                  8.1752329230663978E+000                  6.9999999999760387E-001                  2.8000000000239628E-001                  1.9999999999999796E-002                  0.0000000000000000E+000                  4.5251727909819812E+008                  7.0430038559513912E+006                  4.5944809469914128E-024                  0.0000000000000000E+000                  0.0000000000000000E+000                  1.9291251947555370E+001                  3.1344922029675655E+009                  1.5319917357258159E-006                  0.0000000000000000E+000                 -2.9073717887415103E+000                  1.0457216062431487E+000                  1.2842822336029798E+000                  1.4347972314349706E+000 
                                     327                  2.9999688077731737E+000                  3.1134255400206046E-001                  5.3482429735921873E+000                 -5.3044238026234982E+000                  8.1871059976316314E+000                  6.9999999999760387E-001                  2.8000000000239628E-001                  1.9999999999999796E-002                  0.0000000000000000E+000                  4.5259034101237351E+008                  7.0677208009062167E+006                  5.3150688992538034E-024                  0.0000000000000000E+000                  0.0000000000000000E+000                  1.9202434950225005E+001                  3.1480739928639808E+009                  1.5385742010471756E-006                  0.0000000000000000E+000                 -2.9064407770633913E+000                  1.0468362437072396E+000                  1.2853968710670707E+000                  1.4359118688990613E+000 
                                     328                  2.9999687715793550E+000                  3.1116913167429022E-001                  5.3521311782765544E+000                 -5.2929558170627393E+000                  8.2024722104427017E+000                  6.9999999999760387E-001                  2.8000000000239628E-001                  1.9999999999999796E-002                  0.0000000000000000E+000                  4.5264056858871758E+008                  7.0994921482877675E+006                  6.4053749970390026E-024                  0.0000000000000000E+000                  0.0000000000000000E+000                  1.9087827596787942E+001                  3.1746285468937035E+009                  1.5513161042164551E-006                  0.0000000000000000E+000                 -2.9046498495363680E+000                  1.0489984206671701E+000                  1.2875590480270012E+000                  1.4380740458589918E+000 
                                     329                  2.9999687353855351E+000                  3.1100002886806549E-001                  5.3558687034890005E+000                 -5.2818351890259629E+000                  8.2173360053023892E+000                  6.9999999999760387E-001                  2.8000000000239628E-001                  1.9999999999999796E-002                  0.0000000000000000E+000                  4.5266279389792693E+008                  7.1301520468291584E+006                  7.6618637448827057E-024                  0.0000000000000000E+000                  0.0000000000000000E+000                  1.8974671721219387E+001                  3.2001718527776055E+009                  1.5629234801053094E-006                  0.0000000000000000E+000                 -2.9030311421425243E+000                  1.0510771424956429E+000                  1.2896377698554740E+000                  1.4401527676874646E+000 
                                     330                  2.9999686991917156E+000                  3.1083501084912241E-001                  5.3585697506165832E+000                 -5.2736966224695205E+000                  8.2281755067740452E+000                  6.9999999999760387E-001                  2.8000000000239628E-001                  1.9999999999999796E-002                  0.0000000000000000E+000                  4.5265097112609005E+008                  7.1523778367584217E+006                  8.7202831442645542E-024                  0.0000000000000000E+000                  0.0000000000000000E+000                  1.8892234918309267E+001                  3.2247834026479726E+009                  1.5735676091270206E-006                  0.0000000000000000E+000                 -2.9015572963340710E+000                  1.0530784787122267E+000                  1.2916391060720578E+000                  1.4421541039040484E+000 
                                     331                  2.9999686810948059E+000                  3.1075396478650180E-001                  5.3612155290136885E+000                 -5.2657604252473327E+000                  8.2387588431045273E+000                  6.9999999999760387E-001                  2.8000000000239628E-001                  1.9999999999999796E-002                  0.0000000000000000E+000                  4.5264945026644391E+008                  7.1742202899088645E+006                  9.8955712850164422E-024                  0.0000000000000000E+000                  0.0000000000000000E+000                  1.8807254778481727E+001                  3.2368358309927049E+009                  1.5787253141738708E-006                  0.0000000000000000E+000                 -2.9008467136266636E+000                  1.0540514786080208E+000                  1.2926121059678519E+000                  1.4431271037998425E+000 
                                     332                  2.9999686449009868E+000                  3.1059467563244886E-001                  5.3650442078017502E+000                 -5.2541573704164968E+000                  8.2541876674819328E+000                  6.9999999999760387E-001                  2.8000000000239628E-001                  1.9999999999999796E-002                  0.0000000000000000E+000                  4.5261457100571078E+008                  7.2059307245138176E+006                  1.1880778122309237E-023                  0.0000000000000000E+000                  0.0000000000000000E+000                  1.8682220819112061E+001                  3.2604989282255092E+009                  1.5888725630637719E-006                  0.0000000000000000E+000                 -2.8994554671853718E+000                  1.0559454790982097E+000                  1.2945061064580408E+000                  1.4450211042900314E+000 
                                     333                  2.9999685996587124E+000                  3.1040057666030313E-001                  5.3691174553033996E+000                 -5.2416687549946035E+000                  8.2707405043904689E+000                  6.9999999999760387E-001                  2.8000000000239628E-001                  1.9999999999999796E-002                  0.0000000000000000E+000                  4.5253781196714824E+008                  7.2398011177829243E+006                  1.4429096321053702E-023                  0.0000000000000000E+000                  0.0000000000000000E+000                  1.8545995397211662E+001                  3.2889549897789254E+009                  1.6005908697558312E-006                  0.0000000000000000E+000                 -2.8978598323896452E+000                  1.0582221025349792E+000                  1.2967827298948102E+000                  1.4472977277268009E+000 
                                     334                  2.9999685544164381E+000                  3.1021173011683773E-001                  5.3734104000986687E+000                 -5.2284105773602585E+000                  8.2882781796364018E+000                  6.9999999999760387E-001                  2.8000000000239628E-001                  1.9999999999999796E-002                  0.0000000000000000E+000                  4.5243081119523591E+008                  7.2756569680149350E+006                  1.7702288623396584E-023                  0.0000000000000000E+000                  0.0000000000000000E+000                  1.8396622812976286E+001                  3.3163570938047071E+009                  1.6115985596969289E-006                  0.0000000000000000E+000                 -2.8963715647085819E+000                  1.0604046093304991E+000                  1.2989652366903301E+000                  1.4494802345223208E+000 
                                     335                  2.9999685001257088E+000                  3.0999161719603147E-001                  5.3775023275388705E+000                 -5.2155918382674598E+000                  8.3051686037900811E+000                  6.9999999999760387E-001                  2.8000000000239628E-001                  1.9999999999999796E-002                  0.0000000000000000E+000                  4.5227921446976256E+008                  7.3099740895397365E+006                  2.1508185898921354E-023                  0.0000000000000000E+000                  0.0000000000000000E+000                  1.8251160279560931E+001                  3.3479044611238499E+009                  1.6239435032242672E-006                  0.0000000000000000E+000                 -2.8947145419392770E+000                  1.0629096190163487E+000                  1.3014702463761800E+000                  1.4519852442081707E+000 
                                     336                  2.9999684548834344E+000                  3.0981327946291182E-001                  5.3817892413033137E+000                 -5.2021210530216102E+000                  8.3229034337534102E+000                  6.9999999999760387E-001                  2.8000000000239628E-001                  1.9999999999999796E-002                  0.0000000000000000E+000                  4.5210962425662357E+008                  7.3460931868710779E+006                  2.6363257496354305E-023                  0.0000000000000000E+000                  0.0000000000000000E+000                  1.8091551926434576E+001                  3.3732358673355875E+009                  1.6336913418361856E-006                  0.0000000000000000E+000                 -2.8934149963007108E+000                  1.0649088816308834E+000                  1.3034695089907145E+000                  1.4539845068227051E+000 
                                     337                  2.9999683915442508E+000                  3.0957088004375016E-001                  5.3868744979912391E+000                 -5.1859280335356548E+000                  8.3441458966132309E+000                  6.9999999999760387E-001                  2.8000000000239628E-001                  1.9999999999999796E-002                  0.0000000000000000E+000                  4.5185069487802607E+008                  7.3891394248560891E+006                  3.3553578011548407E-023                  0.0000000000000000E+000                  0.0000000000000000E+000                  1.7898583225308563E+001                  3.4073957548334575E+009                  1.6465875113364719E-006                  0.0000000000000000E+000                 -2.8917075914251500E+000                  1.0675846575268109E+000                  1.3061452848866422E+000                  1.4566602827186328E+000 
                                     338                  2.9999683191566113E+000                  3.0930352084607243E-001                  5.3918060816821054E+000                 -5.1699916425588421E+000                  8.3649697304072941E+000                  6.9999999999760387E-001                  2.8000000000239633E-001                  1.9999999999999796E-002                  0.0000000000000000E+000                  4.5153742897359139E+008                  7.4310909718626067E+006                  4.2384256569762983E-023                  0.0000000000000000E+000                  0.0000000000000000E+000                  1.7709324594286429E+001                  3.4444337541339397E+009                  1.6595968381824373E-006                  0.0000000000000000E+000                 -2.8899987006239991E+000                  1.0704827874383607E+000                  1.3090434147981918E+000                  1.4595584126301824E+000 
                                     339                  2.9999682522338511E+000                  3.0906483467709250E-001                  5.3957040482992582E+000                 -5.1572393492516797E+000                  8.3815788395825273E+000                  6.9999999999760387E-001                  2.8000000000239628E-001                  1.9999999999999796E-002                  0.0000000000000000E+000                  4.5124878951632941E+008                  7.4643939880410396E+006                  5.0970963825569800E-023                  0.0000000000000000E+000                  0.0000000000000000E+000                  1.7558951500473650E+001                  3.4769493923779440E+009                  1.6700317817415632E-006                  0.0000000000000000E+000                 -2.8886376319400857E+000                  1.0730247270949886E+000                  1.3115853544548195E+000                  1.4621003522868103E+000 
                                     340                  2.9999682034080006E+000                  3.0889549333450306E-001                  5.3988761999890240E+000                 -5.1468209783091092E+000                  8.3951343000964780E+000                  6.9999999999760387E-001                  2.8000000000239628E-001                  1.9999999999999796E-002                  0.0000000000000000E+000                  4.5100417576983845E+008                  7.4915977016640510E+006                  5.9211934299819404E-023                  0.0000000000000000E+000                  0.0000000000000000E+000                  1.7434804357227243E+001                  3.4998149518550487E+009                  1.6768760253936774E-006                  0.0000000000000000E+000                 -2.8877495222084879E+000                  1.0748028522843160E+000                  1.3133634796441471E+000                  1.4638784774761378E+000 
                                     341                  2.9999681545821502E+000                  3.0872997469086205E-001                  5.4019416799857067E+000                 -5.1366850050515920E+000                  8.4082991881579954E+000                  6.9999999999760387E-001                  2.8000000000239628E-001                  1.9999999999999796E-002                  0.0000000000000000E+000                  4.5075057633429104E+008                  7.5179690148251541E+006                  6.8429577569153795E-023                  0.0000000000000000E+000                  0.0000000000000000E+000                  1.7314622645818176E+001                  3.5220516557942142E+009                  1.6831659727472197E-006                  0.0000000000000000E+000                 -2.8869365286150939E+000                  1.0765213113388423E+000                  1.3150819386986734E+000                  1.4655969365306640E+000 
                                     342                  2.9999681057562992E+000                  3.0856809139064878E-001                  5.4049073185058090E+000                 -5.1268164953132880E+000                  8.4210955058004089E+000                  6.9999999999760387E-001                  2.8000000000239628E-001                  1.9999999999999796E-002                  0.0000000000000000E+000                  4.5048958260696375E+008                  7.5435585672387071E+006                  7.8699566846471009E-023                  0.0000000000000000E+000                  0.0000000000000000E+000                  1.7198281185269874E+001                  3.5436360331022139E+009                  1.6888325512776659E-006                  0.0000000000000000E+000                 -2.8862067044214847E+000                  1.0781840605157116E+000                  1.3167446878755427E+000                  1.4672596857075333E+000 
                                     343                  2.9999680569304483E+000                  3.0840966993559288E-001                  5.4081369409764779E+000                 -5.1160240427321328E+000                  8.4350746455343621E+000                  6.9999999999760387E-001                  2.8000000000239628E-001                  1.9999999999999796E-002                  0.0000000000000000E+000                  4.5019475762006664E+008                  7.5715154174191654E+006                  9.1625320820514143E-023                  0.0000000000000000E+000                  0.0000000000000000E+000                  1.7070854794577272E+001                  3.5646414975531220E+009                  1.6939808841318959E-006                  0.0000000000000000E+000                 -2.8855457474049215E+000                  1.0797944762591254E+000                  1.3183551036189565E+000                  1.4688701014509471E+000 
                                     344                  2.9999679958981353E+000                  3.0821626868336838E-001                  5.4119341484265622E+000                 -5.1032420599161954E+000                  8.4515997661048683E+000                  6.9999999999760387E-001                  2.8000000000239628E-001                  1.9999999999999796E-002                  0.0000000000000000E+000                  4.4982559093325549E+008                  7.6045005300457962E+006                  1.0954098011443784E-022                  0.0000000000000000E+000                  0.0000000000000000E+000                  1.6921035813433061E+001                  3.5901265488837676E+009                  1.6997667335141851E-006                  0.0000000000000000E+000                 -2.8848053373398752E+000                  1.0817388147911802E+000                  1.3202994421510115E+000                  1.4708144399830021E+000 
                                     345                  2.9999679226593594E+000                  3.0799059176102439E-001                  5.4149186869773187E+000                 -5.0930454670347105E+000                  8.4647325043483352E+000                  6.9999999999760387E-001                  2.8000000000239633E-001                  1.9999999999999796E-002                  0.0000000000000000E+000                  4.4949713620685792E+008                  7.6305030648308042E+006                  1.2605244401105576E-022                  0.0000000000000000E+000                  0.0000000000000000E+000                  1.6805550378869523E+001                  3.6194113604428339E+009                  1.7055524749365597E-006                  0.0000000000000000E+000                 -2.8840674570304325E+000                  1.0839792076045092E+000                  1.3225398349643402E+000                  1.4730548327963309E+000 
                                     346                  2.9999678857163659E+000                  3.0787926819758371E-001                  5.4178578975351375E+000                 -5.0830688484516129E+000                  8.4776034138501810E+000                  6.9999999999760387E-001                  2.8000000000239628E-001                  1.9999999999999796E-002                  0.0000000000000000E+000                  4.4919331145525694E+008                  7.6562021058291402E+006                  1.4468271883665156E-022                  0.0000000000000000E+000                  0.0000000000000000E+000                  1.6688353529013732E+001                  3.6338014432311969E+009                  1.7081925097508378E-006                  0.0000000000000000E+000                 -2.8837315934010190E+000                  1.0850728962772684E+000                  1.3236335236370995E+000                  1.4741485214690901E+000 
                                     347                  2.9999678115067727E+000                  3.0766047511378031E-001                  5.4216233881410369E+000                 -5.0701254196914753E+000                  8.4942485051640233E+000                  6.9999999999760387E-001                  2.8000000000239628E-001                  1.9999999999999796E-002                  0.0000000000000000E+000                  4.4876378050518626E+008                  7.6892248193718819E+006                  1.7262488902298509E-022                  0.0000000000000000E+000                  0.0000000000000000E+000                  1.6540388416472410E+001                  3.6620252836030102E+009                  1.7131131495748168E-006                  0.0000000000000000E+000                 -2.8831069756646168E+000                  1.0872016307833863E+000                  1.3257622581432174E+000                  1.4762772559752080E+000 
                                     348                  2.9999677372971800E+000                  3.0744778985961529E-001                  5.4258377865276168E+000                 -5.0555849578430907E+000                  8.5129300792776341E+000                  6.9999999999760387E-001                  2.8000000000239633E-001                  1.9999999999999796E-002                  0.0000000000000000E+000                  4.4827329882121682E+008                  7.7263376463640658E+006                  2.1026155692223583E-022                  0.0000000000000000E+000                  0.0000000000000000E+000                  1.6373194747052779E+001                  3.6891723300018554E+009                  1.7172589245509783E-006                  0.0000000000000000E+000                 -2.8825821089641401E+000                  1.0892453245836293E+000                  1.3278059519434604E+000                  1.4783209497754510E+000 
                                     349                  2.9999676383510558E+000                  3.0717308476441479E-001                  5.4304131279945533E+000                 -5.0396127777806727E+000                  8.5333910514627593E+000                  6.9999999999760387E-001                  2.8000000000239628E-001                  1.9999999999999796E-002                  0.0000000000000000E+000                  4.4769726376432854E+008                  7.7667969331455510E+006                  2.6041678214191651E-022                  0.0000000000000000E+000                  0.0000000000000000E+000                  1.6193469943203606E+001                  3.7239039008502407E+009                  1.7218792480540495E-006                  0.0000000000000000E+000                 -2.8819986540087155E+000                  1.0918493390353021E+000                  1.3304099663951334E+000                  1.4809249642271241E+000 
                                     350                  2.9999675394049317E+000                  3.0690780475961860E-001                  5.4353086978946541E+000                 -5.0224385958357036E+000                  8.5553654031084037E+000                  6.9999999999760387E-001                  2.8000000000239628E-001                  1.9999999999999796E-002                  0.0000000000000000E+000                  4.4706631618311739E+008                  7.8102988389385669E+006                  3.2723114995712536E-022                  0.0000000000000000E+000                  0.0000000000000000E+000                  1.6000855863205469E+001                  3.7570952525727592E+009                  1.7254850803186188E-006                 -7.8746106862722670E-020                 -2.8815443957763103E+000                  1.0943270340433033E+000                  1.3328876614031344E+000                  1.4834026592351250E+000 
                                     351                  2.9999674157222764E+000                  3.0658841769637973E-001                  5.4389086296154705E+000                 -5.0095574440038515E+000                  8.5717668347083009E+000                  6.9999999999760387E-001                  2.8000000000239628E-001                  1.9999999999999796E-002                  0.0000000000000000E+000                  4.4654154675968122E+008                  7.8424017832160564E+006                  3.8711403381331412E-022                  0.0000000000000000E+000                  0.0000000000000000E+000                  1.5865170573695661E+001                  3.7963408129788785E+009                  1.7283579639872452E-006                 -3.1188269866580258E-019                 -2.8811831524319613E+000                  1.0972655599659811E+000                  1.3358261873258122E+000                  1.4863411851578028E+000 
                                     352                  2.9999673662492148E+000                  3.0646420624595339E-001                  5.4419169517793131E+000                 -4.9989070113937277E+000                  8.5853637596231351E+000                  6.9999999999760398E-001                  2.8000000000239622E-001                  1.9999999999999796E-002                  0.0000000000000000E+000                  4.4613676215111488E+008                  7.8693386663460014E+006                  4.4522825830505324E-022                  0.0000000000000000E+000                  0.0000000000000000E+000                  1.5748652374615185E+001                  3.8115274904164839E+009                  1.7291272812495243E-006                 -4.6605471126047452E-019                 -2.8810865185423977E+000                  1.0983949583839918E+000                  1.3369555857438229E+000                  1.4874705835758135E+000 
                                     353                  2.9999672673030902E+000                  3.0622149408104354E-001                  5.4452832006101701E+000                 -4.9868210080456974E+000                  8.6007405786704627E+000                  6.9999999999760398E-001                  2.8000000000239622E-001                  1.9999999999999796E-002                  0.0000000000000000E+000                  4.4564396029618222E+008                  7.8995626482815212E+006                  5.2069099864596000E-022                  0.0000000000000000E+000                  0.0000000000000000E+000                  1.5623198537066902E+001                  3.8411874287120237E+009                  1.7302103033163092E-006                 -3.0844244737719168E-019                 -2.8809505530544244E+000                  1.1005819703285085E+000                  1.3391425976883395E+000                  1.4896575955203302E+000 
                                     354                  2.9999671930934975E+000                  3.0604419893784240E-001                  5.4490180330081381E+000                 -4.9734606356445532E+000                  8.6177543968925328E+000                  6.9999999999760398E-001                  2.8000000000239622E-001                  1.9999999999999796E-002                  0.0000000000000000E+000                  4.4511485150573367E+008                  7.9332319551062668E+006                  6.1915319641145805E-022                  0.0000000000000000E+000                  0.0000000000000000E+000                  1.5483832514705643E+001                  3.8627037897519822E+009                  1.7304242479859495E-006                 -7.6705432833982538E-020                 -2.8809237039352240E+000                  1.1021632746461749E+000                  1.3407239020060060E+000                  1.4912388998379966E+000 
                                     355                  2.9999670687560784E+000                  3.0575567826012812E-001                  5.4530425117024146E+000                 -4.9588671569479574E+000                  8.6362775626533903E+000                  6.9999999999760398E-001                  2.8000000000239617E-001                  1.9999999999999796E-002                  0.0000000000000000E+000                  4.4449944298859334E+008                  7.9696424952349523E+006                  7.4617515508376144E-022                  0.0000000000000000E+000                  0.0000000000000000E+000                  1.5340944924905582E+001                  3.8974875593746438E+009                  1.7298032080515813E-006                  0.0000000000000000E+000                 -2.8810016508976308E+000                  1.1047096867376656E+000                  1.3432703140974966E+000                  1.4937853119294873E+000 
                                     356                  2.9999669685004262E+000                  3.0553032631057336E-001                  5.4556369680361936E+000                 -4.9493985775896947E+000                  8.6482774713818173E+000                  6.9999999999760398E-001                  2.8000000000239617E-001                  1.9999999999999796E-002                  0.0000000000000000E+000                  4.4409032092401028E+008                  7.9931937847154737E+006                  8.4146134891739745E-022                  0.0000000000000000E+000                  0.0000000000000000E+000                  1.5251664668892436E+001                  3.9242138485168276E+009                  1.7282309407383231E-006                  0.0000000000000000E+000                 -2.8811991119509046E+000                  1.1066763945353253E+000                  1.3452370218951564E+000                  1.4957520197271470E+000 
                                     357                  2.9999669183726003E+000                  3.0541995241609654E-001                  5.4581785129258549E+000                 -4.9401922069435509E+000                  8.6599664268936802E+000                  6.9999999999760398E-001                  2.8000000000239617E-001                  1.9999999999999796E-002                  0.0000000000000000E+000                  4.4370960965659648E+008                  8.0163393387469482E+006                  9.4625497463280534E-022                  0.0000000000000000E+000                  0.0000000000000000E+000                  1.5163283379514620E+001                  3.9373381017518711E+009                  1.7272863509589840E-006                  0.0000000000000000E+000                 -2.8813178293828887E+000                  1.1076325029378937E+000                  1.3461931302977248E+000                  1.4967081281297154E+000 
                                     358                  2.9999668181169481E+000                  3.0520359087562204E-001                  5.4614499525275964E+000                 -4.9282432925652460E+000                  8.6751074766095311E+000                  6.9999999999760398E-001                  2.8000000000239617E-001                  1.9999999999999796E-002                  0.0000000000000000E+000                  4.4319781447877955E+008                  8.0462163578548850E+006                  1.1005134545058053E-021                  0.0000000000000000E+000                  0.0000000000000000E+000                  1.5053338356795862E+001                  3.9630786191241317E+009                  1.7251334258767399E-006                  0.0000000000000000E+000                 -2.8815886549674956E+000                  1.1094941861623362E+000                  1.3480548135221673E+000                  1.4985698113541579E+000 
                                     359                  2.9999667178612959E+000                  3.0499279024981596E-001                  5.4654165141734872E+000                 -4.9137728927864632E+000                  8.6934494841272407E+000                  6.9999999999760398E-001                  2.8000000000239617E-001                  1.9999999999999796E-002                  0.0000000000000000E+000                  4.4258667261933696E+008                  8.0825914005220244E+006                  1.3210325148582869E-021                  0.0000000000000000E+000                  0.0000000000000000E+000                  1.4921242789649131E+001                  3.9880257460638304E+009                  1.7225472916591203E-006                  0.0000000000000000E+000                 -2.8819144229613562E+000                  1.1112925482777811E+000                  1.3498531756376122E+000                  1.5003681734696028E+000 
                                     360                  2.9999665661530224E+000                  3.0468370257671185E-001                  5.4695859926739612E+000                 -4.8983967957098962E+000                  8.7128896717744997E+000                  6.9999999999760398E-001                  2.8000000000239617E-001                  1.9999999999999796E-002                  0.0000000000000000E+000                  4.4190798821911454E+008                  8.1209845800289772E+006                  1.6004201025615228E-021                  0.0000000000000000E+000                  0.0000000000000000E+000                  1.4788363575898117E+001                  4.0243229243661551E+009                  1.7180091414536375E-006                  0.0000000000000000E+000                 -2.8824872648180722E+000                  1.1139038358002589E+000                  1.3524644631600899E+000                  1.5029794609920806E+000 
                                     361                  2.9999664397294610E+000                  3.0443460950858048E-001                  5.4725010760984656E+000                 -4.8875948958945772E+000                  8.7265314668166667E+000                  6.9999999999760398E-001                  2.8000000000239617E-001                  1.9999999999999796E-002                  0.0000000000000000E+000                  4.4142366248038936E+008                  8.1479310625104066E+006                  1.8298057524627842E-021                  0.0000000000000000E+000                  0.0000000000000000E+000                  1.4697584927088412E+001                  4.0531740835390711E+009                  1.7136331987647146E-006                  0.0000000000000000E+000                 -2.8830410663523227E+000                  1.1159869233215094E+000                  1.3545475506813405E+000                  1.5050625485133311E+000 
                                     362                  2.9999663638753238E+000                  3.0428862605203788E-001                  5.4749997114783113E+000                 -4.8783772583579976E+000                  8.7381851127729142E+000                  6.9999999999760398E-001                  2.8000000000239617E-001                  1.9999999999999796E-002                  0.0000000000000000E+000                  4.4102060572178048E+008                  8.1711064400341297E+006                  2.0518084549935686E-021                  0.0000000000000000E+000                  0.0000000000000000E+000                  1.4619071967858691E+001                  4.0700899700556369E+009                  1.7109737322105006E-006                  0.0000000000000000E+000                 -2.8833783289651600E+000                  1.1171989328396699E+000                  1.3557595601995009E+000                  1.5062745580314918E+000 
                                     363                  2.9999662620663452E+000                  3.0409658244917009E-001                  5.4784849029959908E+000                 -4.8655160743335122E+000                  8.7544444107004722E+000                  6.9999999999760398E-001                  2.8000000000239611E-001                  1.9999999999999907E-002                  0.0000000000000000E+000                  4.4045980055994397E+008                  8.2035468306826679E+006                  2.4064334267299446E-021                  0.0000000000000000E+000                  0.0000000000000000E+000                  1.4510080468086787E+001                  4.0924447930571890E+009                  1.7075083255870383E-006                  0.0000000000000000E+000                 -2.8838185850391169E+000                  1.1187838386438751E+000                  1.3573444660037062E+000                  1.5078594638356968E+000 
                                     364                  2.9999661083476803E+000                  3.0381462072926096E-001                  5.4825010821967899E+000                 -4.8505926040672023E+000                  8.7732805513989405E+000                  6.9999999999760398E-001                  2.8000000000239622E-001                  1.9999999999999796E-002                  0.0000000000000000E+000                  4.3979132038363880E+008                  8.2410861613168772E+006                  2.8911337098532523E-021                  0.0000000000000000E+000                  0.0000000000000000E+000                  1.4387848079257425E+001                  4.1250583436977482E+009                  1.7021256218784088E-006                  0.0000000000000000E+000                 -2.8845041954290878E+000                  1.1210926951532101E+000                  1.3596533225130412E+000                  1.5101683203450318E+000 
                                     365                  2.9999659546290163E+000                  3.0354166069268224E-001                  5.4869905777480001E+000                 -4.8339259826293750E+000                  8.7943223625700107E+000                  6.9999999999760398E-001                  2.8000000000239617E-001                  1.9999999999999796E-002                  0.0000000000000000E+000                  4.3905187591003585E+008                  8.2832672672432736E+006                  3.5472633609624718E-021                  0.0000000000000000E+000                  0.0000000000000000E+000                  1.4252036990019404E+001                  4.1564662144519653E+009                  1.6966231227537200E-006                  0.0000000000000000E+000                 -2.8852073092141781E+000                  1.1233075436249609E+000                  1.3618681709847920E+000                  1.5123831688167826E+000 
                                     366                  2.9999657496707965E+000                  3.0319066072148565E-001                  5.4906472635304562E+000                 -4.8201704776743366E+000                  8.8116355300593678E+000                  6.9999999999760398E-001                  2.8000000000239617E-001                  1.9999999999999796E-002                  0.0000000000000000E+000                  4.3840916469066608E+008                  8.3177708468398442E+006                  4.1901673826882123E-021                  0.0000000000000000E+000                  0.0000000000000000E+000                  1.4147278971451287E+001                  4.1963878509911923E+009                  1.6889486733368306E-006                  0.0000000000000000E+000                 -2.8861917741562633E+000                  1.1261284912761576E+000                  1.3646891186359886E+000                  1.5152041164679793E+000 
                                     367                  2.9999656471916873E+000                  3.0302032581208438E-001                  5.4930204328695940E+000                 -4.8112940647472229E+000                  8.8228230291374228E+000                  6.9999999999760398E-001                  2.8000000000239622E-001                  1.9999999999999796E-002                  0.0000000000000000E+000                  4.3800608946295607E+008                  8.3402510331188906E+006                  4.6669792722005873E-021                  0.0000000000000000E+000                  0.0000000000000000E+000                  1.4078750390906265E+001                  4.2156217329001660E+009                  1.6849854621888326E-006                  0.0000000000000000E+000                 -2.8867019209032665E+000                  1.1274862328259232E+000                  1.3660468601857543E+000                  1.5165618580177449E+000 
                                     368                  2.9999655447125777E+000                  3.0285324238315775E-001                  5.4959274312449420E+000                 -4.8004437657151975E+000                  8.8365054459689389E+000                  6.9999999999760398E-001                  2.8000000000239622E-001                  1.9999999999999796E-002                  0.0000000000000000E+000                  4.3751953897077209E+008                  8.3678785729474453E+006                  5.3241216392107295E-021                  0.0000000000000000E+000                  0.0000000000000000E+000                  1.3995200235839517E+001                  4.2346330401588011E+009                  1.6811524428462418E-006                  0.0000000000000000E+000                 -2.8871964519997233E+000                  1.1288110497629884E+000                  1.3673716771228195E+000                  1.5178866749548101E+000 
                                     369                  2.9999653896380218E+000                  3.0260629222682972E-001                  5.4998755175961218E+000                 -4.7856807990712085E+000                  8.8551144358749454E+000                  6.9999999999760398E-001                  2.8000000000239617E-001                  1.9999999999999796E-002                  0.0000000000000000E+000                  4.3685514971467376E+008                  8.4055533901355099E+006                  6.3650842867054732E-021                  0.0000000000000000E+000                  0.0000000000000000E+000                  1.3884428981999562E+001                  4.2627353514311008E+009                  1.6753388006065749E-006                  0.0000000000000000E+000                 -2.8879486765956415E+000                  1.1307573103542758E+000                  1.3693179377141069E+000                  1.5198329355460976E+000 
                                     370                  2.9999651819680189E+000                  3.0228601182085690E-001                  5.5042076992193092E+000                 -4.7694023145558191E+000                  8.8756110881361217E+000                  6.9999999999760398E-001                  2.8000000000239617E-001                  1.9999999999999796E-002                  0.0000000000000000E+000                  4.3611096724325877E+008                  8.4470931498853769E+006                  7.7402911697741474E-021                  0.0000000000000000E+000                  0.0000000000000000E+000                  1.3767924430478830E+001                  4.2989280649795628E+009                  1.6672988694854678E-006                  0.0000000000000000E+000                 -2.8889932721512870E+000                  1.1332616968596549E+000                  1.3718223242194860E+000                  1.5223373220514766E+000 
                                     371                  2.9999649729223337E+000                  3.0197479247824260E-001                  5.5073365500395131E+000                 -4.7575630862982292E+000                  8.8904944508157868E+000                  6.9999999999760398E-001                  2.8000000000239617E-001                  1.9999999999999796E-002                  0.0000000000000000E+000                  4.3555678127904469E+008                  8.4772213630313110E+006                  8.9134979721671300E-021                  0.0000000000000000E+000                  0.0000000000000000E+000                  1.3687704716138137E+001                  4.3336606721447783E+009                  1.6588425978518455E-006                  0.0000000000000000E+000                 -2.8900974104017605E+000                  1.1356748005402237E+000                  1.3742354279000548E+000                  1.5247504257320454E+000 
                                     372                  2.9999648677116495E+000                  3.0182212663502289E-001                  5.5098949064656058E+000                 -4.7479619821777366E+000                  8.9025877931258375E+000                  6.9999999999760398E-001                  2.8000000000239617E-001                  1.9999999999999796E-002                  0.0000000000000000E+000                  4.3512401875454253E+008                  8.5019504857956283E+006                  9.9998213259196286E-021                  0.0000000000000000E+000                  0.0000000000000000E+000                  1.3621176969433121E+001                  4.3507072498994093E+009                  1.6546099428831825E-006                  0.0000000000000000E+000                 -2.8906521851190545E+000                  1.1368509846460415E+000                  1.3754116120058726E+000                  1.5259266098378632E+000 
                                     373                  2.9999647098956226E+000                  3.0159784307730120E-001                  5.5133655911909925E+000                 -4.7349256456893452E+000                  8.9190051899619824E+000                  6.9999999999760398E-001                  2.8000000000239617E-001                  1.9999999999999796E-002                  0.0000000000000000E+000                  4.3453683166673285E+008                  8.5356188935191352E+006                  1.1684937625093476E-020                  0.0000000000000000E+000                  0.0000000000000000E+000                  1.3532526158910642E+001                  4.3759147572901316E+009                  1.6484701331074420E-006                  0.0000000000000000E+000                 -2.8914594584867204E+000                  1.1385703043865860E+000                  1.3771309317464171E+000                  1.5276459295784077E+000 
                                     374                  2.9999644994742534E+000                  3.0130712481784705E-001                  5.5171772588584744E+000                 -4.7205574708252334E+000                  8.9370854533096136E+000                  6.9999999999760398E-001                  2.8000000000239617E-001                  1.9999999999999796E-002                  0.0000000000000000E+000                  4.3388382543187213E+008                  8.5727508362715282E+006                  1.3860605438436649E-020                  0.0000000000000000E+000                  0.0000000000000000E+000                  1.3437888855002923E+001                  4.4084106922329836E+009                  1.6403224000580903E-006                  0.0000000000000000E+000                 -2.8925353921940196E+000                  1.1407846328792604E+000                  1.3793452602390914E+000                  1.5298602580710821E+000 
                                     375                  2.9999642890528846E+000                  3.0102531057524978E-001                  5.5208664030589949E+000                 -4.7066452859005441E+000                  8.9545908417103899E+000                  6.9999999999760398E-001                  2.8000000000239617E-001                  1.9999999999999796E-002                  0.0000000000000000E+000                  4.3325444090904915E+008                  8.6088494220350496E+006                  1.6345073545823431E-020                  0.0000000000000000E+000                  0.0000000000000000E+000                  1.3347553195769919E+001                  4.4397454604941692E+009                  1.6322956062008080E-006                  0.0000000000000000E+000                 -2.8936005942014944E+000                  1.1429159202332264E+000                  1.3814765475930575E+000                  1.5319915454250481E+000 
                                     376                  2.9999640760746247E+000                  3.0074853097373749E-001                  5.5246711599138649E+000                 -4.6923067672985423E+000                  8.9726361582487684E+000                  6.9999999999760387E-001                  2.8000000000239622E-001                  1.9999999999999907E-002                  0.0000000000000000E+000                  4.3261166868694299E+008                  8.6462466845020764E+006                  1.9366351546749919E-020                  0.0000000000000000E+000                  0.0000000000000000E+000                  1.3254915368935619E+001                  4.4704850742569866E+009                  1.6244599938165331E-006                  0.0000000000000000E+000                 -2.8946454898599185E+000                  1.1449947375090530E+000                  1.3835553648688841E+000                  1.5340703627008747E+000 
                                     377                  2.9999638355152478E+000                  3.0044545441498333E-001                  5.5279033154719412E+000                 -4.6800609783846623E+000                  8.9880291778810051E+000                  6.9999999999760387E-001                  2.8000000000239622E-001                  1.9999999999999907E-002                  0.0000000000000000E+000                  4.3205402411284822E+008                  8.6781424870160241E+006                  2.2363856397953004E-020                  0.0000000000000000E+000                  0.0000000000000000E+000                  1.3178169312826869E+001                  4.5039387752735291E+009                  1.6158675778467497E-006                  0.0000000000000000E+000                 -2.8957971165105696E+000                  1.1472554929323782E+000                  1.3858161202922092E+000                  1.5363311181241999E+000 
                                     378                  2.9999636751423298E+000                  3.0024868159054385E-001                  5.5302152131197557E+000                 -4.6713219908616495E+000                  8.9990203095300654E+000                  6.9999999999760387E-001                  2.8000000000239622E-001                  1.9999999999999907E-002                  0.0000000000000000E+000                  4.3166142330005783E+008                  8.7010355109435823E+006                  2.4782839482381808E-020                  0.0000000000000000E+000                  0.0000000000000000E+000                  1.3123022165011799E+001                  4.5255640627083378E+009                  1.6103034441318424E-006                 -4.4947048806452714E-020                 -2.8965461390975515E+000                  1.1487145202599809E+000                  1.3872751476198122E+000                  1.5377901454518028E+000 
                                     379                  2.9999635409486554E+000                  3.0008711012124534E-001                  5.5337283267987196E+000                 -4.6581609024236288E+000                  9.0156081936770214E+000                  6.9999999999760387E-001                  2.8000000000239622E-001                  1.9999999999999907E-002                  0.0000000000000000E+000                  4.3109384008847719E+008                  8.7359593131336235E+006                  2.8952454585929264E-020                  0.0000000000000000E+000                  0.0000000000000000E+000                  1.3036928035459777E+001                  4.5435040454368343E+009                  1.6059340933612696E-006                 -1.7913921861458673E-019                 -2.8971361409473633E+000                  1.1499071350758614E+000                  1.3884677624356925E+000                  1.5389827602676831E+000 
                                     380                  2.9999632169053592E+000                  2.9970789498963596E-001                  5.5379856957475448E+000                 -4.6420268719631812E+000                  9.0358894818235385E+000                  6.9999999999760398E-001                  2.8000000000239622E-001                  1.9999999999999796E-002                  0.0000000000000000E+000                  4.3036880991995537E+008                  8.7784604809843116E+006                  3.4954853869877699E-020                  0.0000000000000000E+000                  0.0000000000000000E+000                  1.2938389515560051E+001                  4.5854407554594059E+009                  1.5956840206670703E-006                 -2.6645930738018754E-019                 -2.8985265520023025E+000                  1.1526895554603738E+000                  1.3912501828202051E+000                  1.5417651806521957E+000 
                                     381                  2.9999629584089877E+000                  2.9941574212971978E-001                  5.5421968750687407E+000                 -4.6261590171361124E+000                  9.0558634732731171E+000                  6.9999999999760398E-001                  2.8000000000239622E-001                  1.9999999999999796E-002                  0.0000000000000000E+000                  4.2967616507803911E+008                  8.8207271634618398E+006                  4.2085331181589105E-020                  0.0000000000000000E+000                  0.0000000000000000E+000                  1.2840628115219033E+001                  4.6175015985964451E+009                  1.5876164536885295E-006                 -1.7650518332467139E-019                 -2.8996272044071576E+000                  1.1548167226403365E+000                  1.3933773500001676E+000                  1.5438923478321582E+000 
                                     382                  2.9999626175937277E+000                  2.9904351897524856E-001                  5.5454096808836493E+000                 -4.6139203298410587E+000                  9.0712309485532288E+000                  6.9999999999760398E-001                  2.8000000000239622E-001                  1.9999999999999796E-002                  0.0000000000000000E+000                  4.2912150311837238E+008                  8.8531044569544066E+006                  4.8487134102054213E-020                  0.0000000000000000E+000                  0.0000000000000000E+000                  1.2770846529498430E+001                  4.6580529389744616E+009                  1.5771277551081925E-006                 -4.3771280534201138E-020                 -2.9010665626281131E+000                  1.1575077423707660E+000                  1.3960683697305971E+000                  1.5465833675625877E+000 
                                     383                  2.9999624798266780E+000                  2.9889697455815217E-001                  5.5481258340674948E+000                 -4.6037058084715117E+000                  9.0840953473850803E+000                  6.9999999999760387E-001                  2.8000000000239622E-001                  1.9999999999999907E-002                  0.0000000000000000E+000                  4.2868319975599372E+008                  8.8805907335077524E+006                  5.4624153810880056E-020                  0.0000000000000000E+000                  0.0000000000000000E+000                  1.2709979494391428E+001                  4.6740223057896891E+009                  1.5729619002577359E-006                  0.0000000000000000E+000                 -2.9016408982904598E+000                  1.1585609596638768E+000                  1.3971215870237079E+000                  1.5476365848556985E+000 
                                     384                  2.9999622042925780E+000                  2.9861027001619500E-001                  5.5518101357597596E+000                 -4.5897946852367886E+000                  9.1015995443849906E+000                  6.9999999999760387E-001                  2.8000000000239622E-001                  1.9999999999999907E-002                  0.0000000000000000E+000                  4.2807881071952254E+008                  8.9180149716875814E+006                  6.4195315146782775E-020                  0.0000000000000000E+000                  0.0000000000000000E+000                  1.2630932681308176E+001                  4.7054927594555597E+009                  1.5649104102492739E-006                  0.0000000000000000E+000                 -2.9027552601923405E+000                  1.1606120066798393E+000                  1.3991726340396704E+000                  1.5496876318716610E+000 
                                     385                  2.9999618989681789E+000                  2.9830194970770146E-001                  5.5546997908532427E+000                 -4.5788257585644052E+000                  9.1153850888970194E+000                  6.9999999999760398E-001                  2.8000000000239617E-001                  1.9999999999999796E-002                  0.0000000000000000E+000                  4.2759399020936698E+008                  8.9474804663655013E+006                  7.2851905124858036E-020                  0.0000000000000000E+000                  0.0000000000000000E+000                  1.2572021070963117E+001                  4.7389447398104324E+009                  1.5558695478686727E-006                  4.3988995998331837E-020                 -2.9040134096551151E+000                  1.1628048725746891E+000                  1.4013654999345202E+000                  1.5518804977665108E+000 
                                     386                  2.9999617314108304E+000                  2.9813669813901139E-001                  5.5577029138337224E+000                 -4.5675465158717161E+000                  9.1295958647038873E+000                  6.9999999999760398E-001                  2.8000000000239617E-001                  1.9999999999999796E-002                  0.0000000000000000E+000                  4.2711731169178212E+008                  8.9782285233748201E+006                  8.3043835008163896E-020                  0.0000000000000000E+000                  0.0000000000000000E+000                  1.2509199709381591E+001                  4.7569357525909681E+009                  1.5510350579290478E-006                  1.7535163505825195E-019                 -2.9046891928749314E+000                  1.1639743871780457E+000                  1.4025350145378768E+000                  1.5530500123698674E+000 
                                     387                  2.9999613962961322E+000                  2.9781412513818700E-001                  5.5619052945493932E+000                 -4.5517111017737060E+000                  9.1495324242507508E+000                  6.9999999999760387E-001                  2.8000000000239622E-001                  1.9999999999999907E-002                  0.0000000000000000E+000                  4.2644119966948277E+008                  9.0214438829328977E+006                  9.9712831361899091E-020                  0.0000000000000000E+000                  0.0000000000000000E+000                  1.2424086470622775E+001                  4.7922399732706032E+009                  1.5417898830985024E-006                  2.6128798352983610E-019                 -2.9059874042023872E+000                  1.1662464700941513E+000                  1.4048070974539824E+000                  1.5553220952859732E+000 
                                     388                  2.9999610000708037E+000                  2.9744550579568141E-001                  5.5651763925372117E+000                 -4.5392953652732038E+000                  9.1651380949084604E+000                  6.9999999999760387E-001                  2.8000000000239622E-001                  1.9999999999999907E-002                  0.0000000000000000E+000                  4.2589772463127226E+008                  9.0552301251703221E+006                  1.1495586029139928E-019                  0.0000000000000000E+000                  0.0000000000000000E+000                  1.2360689160924791E+001                  4.8320415932162104E+009                  1.5310230562758092E-006                  1.7288441310763260E-019                 -2.9075091345209017E+000                  1.1688266394787605E+000                  1.4073872668385916E+000                  1.5579022646705822E+000 
                                     389                  2.9999608019581392E+000                  2.9726605119847849E-001                  5.5673078038394754E+000                 -4.5312586312714922E+000                  9.1752553119934070E+000                  6.9999999999760387E-001                  2.8000000000239622E-001                  1.9999999999999907E-002                  0.0000000000000000E+000                  4.2555565273928511E+008                  9.0773247550738901E+006                  1.2608501294318005E-019                  0.0000000000000000E+000                  0.0000000000000000E+000                  1.2318238490589794E+001                  4.8513595487900238E+009                  1.5258492955121867E-006                  4.3064310287831279E-020                 -2.9082441792454592E+000                  1.1700760798312921E+000                  1.4086367071911232E+000                  1.5591517050231138E+000 
                                     390                  2.9999606038454747E+000                  2.9708967027641209E-001                  5.5689555091265559E+000                 -4.5250325043069273E+000                  9.1830894796869664E+000                  6.9999999999760387E-001                  2.8000000000239622E-001                  1.9999999999999907E-002                  0.0000000000000000E+000                  4.2528890312270880E+008                  9.0944438364714067E+006                  1.3541409652336688E-019                  0.0000000000000000E+000                  0.0000000000000000E+000                  1.2285707164916323E+001                  4.8704028403274841E+009                  1.5209149335939520E-006                  0.0000000000000000E+000                 -2.9089475379123164E+000                  1.1712999135945290E+000                  1.4098605409543601E+000                  1.5603755387863509E+000 
                                     391                  2.9999604892492013E+000                  2.9698900044697424E-001                  5.5707430955977868E+000                 -4.5183179117136971E+000                  9.1915500306045352E+000                  6.9999999999760387E-001                  2.8000000000239622E-001                  1.9999999999999907E-002                  0.0000000000000000E+000                  4.2500830762809479E+008                  9.1130600881144628E+006                  1.4629143890882537E-019                  0.0000000000000000E+000                  0.0000000000000000E+000                  1.2249370815392790E+001                  4.8813011571157913E+009                  1.5181751176932414E-006                  0.0000000000000000E+000                 -2.9093390653857996E+000                  1.1719965023018681E+000                  1.4105571296616992E+000                  1.5610721274936898E+000 
                                     392                  2.9999602600566537E+000                  2.9679054482847300E-001                  5.5742470986501687E+000                 -4.5051992891381420E+000                  9.2080927886667094E+000                  6.9999999999760398E-001                  2.8000000000239622E-001                  1.9999999999999796E-002                  0.0000000000000000E+000                  4.2446848857727712E+008                  9.1496755338263791E+006                  1.7015249663003559E-019                  0.0000000000000000E+000                  0.0000000000000000E+000                  1.2176567773943511E+001                  4.9029600288595428E+009                  1.5130511292059307E-006                  0.0000000000000000E+000                 -2.9100731979987118E+000                  1.1733655334581770E+000                  1.4119261608180080E+000                  1.5624411586499987E+000 
                                     393                  2.9999597986464921E+000                  2.9640211580677411E-001                  5.5783992232557242E+000                 -4.4895243361977375E+000                  9.2278217483751082E+000                  6.9999999999760398E-001                  2.8000000000239617E-001                  1.9999999999999796E-002                  0.0000000000000000E+000                  4.2380429446109080E+008                  9.1932550677961092E+006                  2.0348606712473098E-019                  0.0000000000000000E+000                  0.0000000000000000E+000                  1.2091873972481194E+001                  4.9450449754964151E+009                  1.5033397935426607E-006                  0.0000000000000000E+000                 -2.9114714232854069E+000                  1.1760306734575943E+000                  1.4145913008174256E+000                  1.5651062986494160E+000 
                                     394                  2.9999594043639228E+000                  2.9608117774039294E-001                  5.5821917856869598E+000                 -4.4752429986955580E+000                  9.2458077666149183E+000                  6.9999999999760398E-001                  2.8000000000239611E-001                  1.9999999999999907E-002                  0.0000000000000000E+000                  4.2320721253519088E+008                  9.2332601083991881E+006                  2.3948946308516489E-019                  0.0000000000000000E+000                  0.0000000000000000E+000                  1.2012358287267386E+001                  4.9795264061282787E+009                  1.4956226587371520E-006                  0.0000000000000000E+000                 -2.9125889819454662E+000                  1.1782176113252725E+000                  1.4167782386851038E+000                  1.5672932365170944E+000 
                                     395                  2.9999589863470142E+000                  2.9575118639101078E-001                  5.5864472731633548E+000                 -4.4592496378888438E+000                  9.2659596411479388E+000                  6.9999999999760398E-001                  2.8000000000239617E-001                  1.9999999999999796E-002                  0.0000000000000000E+000                  4.2254624875091779E+008                  9.2783730322872326E+006                  2.8736834678900315E-019                  0.0000000000000000E+000                  0.0000000000000000E+000                  1.1921377393156021E+001                  5.0150635001347704E+009                  1.4882264618722408E-006                  0.0000000000000000E+000                 -2.9136654888110307E+000                  1.1804515611842181E+000                  1.4190121885440492E+000                  1.5695271863760398E+000 
                                     396                  2.9999584562652015E+000                  2.9534683427791558E-001                  5.5896828361128224E+000                 -4.4469629557684929E+000                  9.2814047168216849E+000                  6.9999999999760398E-001                  2.8000000000239617E-001                  1.9999999999999796E-002                  0.0000000000000000E+000                  4.2202062870356619E+008                  9.3128156619804371E+006                  3.3006808367371543E-019                  0.0000000000000000E+000                  0.0000000000000000E+000                  1.1854698983207959E+001                  5.0581395780680466E+009                  1.4793325652948855E-006                  0.0000000000000000E+000                 -2.9149670911501011E+000                  1.1831697199383846E+000                  1.4217303472982159E+000                  1.5722453451302065E+000 
                                     397                  2.9999582321353935E+000                  2.9518030669137080E-001                  5.5920356943330845E+000                 -4.4381167141324376E+000                  9.2925506894081860E+000                  6.9999999999760398E-001                  2.8000000000239611E-001                  1.9999999999999907E-002                  0.0000000000000000E+000                  4.2165762563370001E+008                  9.3379549451077878E+006                  3.6491176798993040E-019                  0.0000000000000000E+000                  0.0000000000000000E+000                  1.1804070047217602E+001                  5.0758417226842299E+009                  1.4757691583997206E-006                  0.0000000000000000E+000                 -2.9154907850348257E+000                  1.1842825118605869E+000                  1.4228431392204179E+000                  1.5733581370524086E+000 
                                     398                  2.9999578959406805E+000                  2.9493520369341802E-001                  5.5962975887732123E+000                 -4.4221779361624804E+000                  9.3126582489840679E+000                  6.9999999999760409E-001                  2.8000000000239611E-001                  1.9999999999999796E-002                  0.0000000000000000E+000                  4.2102022439293325E+008                  9.3836786547514051E+006                  4.3740462139103650E-019                  0.0000000000000000E+000                  0.0000000000000000E+000                  1.1710532301325543E+001                  5.1022704290371599E+009                  1.4709199496378961E-006                  0.0000000000000000E+000                 -2.9162054808954192E+000                  1.1859129297166224E+000                  1.4244735570764535E+000                  1.5749885549084441E+000 
                                     399                  2.9999571865625478E+000                  2.9443538328582392E-001                  5.6009199242018246E+000                 -4.4046476402835149E+000                  9.3347032472285925E+000                  6.9999999999760398E-001                  2.8000000000239611E-001                  1.9999999999999907E-002                  0.0000000000000000E+000                  4.2028615587812442E+008                  9.4335020202156883E+006                  5.3239799639826879E-019                  0.0000000000000000E+000                  0.0000000000000000E+000                  1.1615353100077515E+001                  5.1555790273347969E+009                  1.4609486662193944E-006                  0.0000000000000000E+000                 -2.9176825218649260E+000                  1.1892143541613078E+000                  1.4277749815211389E+000                  1.5782899793531295E+000 
                                     400                  2.9999566981251626E+000                  2.9410389982395863E-001                  5.6043412208592747E+000                 -4.3917181836782486E+000                  9.3509762650700612E+000                  6.9999999999760398E-001                  2.8000000000239611E-001                  1.9999999999999907E-002                  0.0000000000000000E+000                  4.1975594501802015E+008                  9.4705563123754468E+006                  6.1546621795804008E-019                  0.0000000000000000E+000                  0.0000000000000000E+000                  1.1544439252980874E+001                  5.1904717636591911E+009                  1.4541596957946175E-006                  3.8122277036117810E-020                 -2.9186939483224092E+000                  1.1913857123714893E+000                  1.4299463397313203E+000                  1.5804613375633110E+000 
                                     401                  2.9999562653498972E+000                  2.9381819883452914E-001                  5.6082373163489336E+000                 -4.3770711673451030E+000                  9.3694336963471105E+000                  6.9999999999760398E-001                  2.8000000000239622E-001                  1.9999999999999796E-002                  0.0000000000000000E+000                  4.1917162308591777E+008                  9.5129374908044897E+006                  7.2554884633433529E-019                  0.0000000000000000E+000                  0.0000000000000000E+000                  1.1462051281492814E+001                  5.2207583439904804E+009                  1.4485893888205433E-006                  1.5171582402293312E-019                 -2.9195273502046675E+000                  1.1932451724017616E+000                  1.4318057997615927E+000                  1.5823207975935834E+000 
                                     402                  2.9999556134671854E+000                  2.9340111259614815E-001                  5.6127292654157896E+000                 -4.3601009546040821E+000                  9.3907952953259066E+000                  6.9999999999760387E-001                  2.8000000000239622E-001                  1.9999999999999907E-002                  0.0000000000000000E+000                  4.1848844565690804E+008                  9.5620231933435835E+006                  8.7684250194617347E-019                  0.0000000000000000E+000                  0.0000000000000000E+000                  1.1368322356772419E+001                  5.2648941389807673E+009                  1.4407423589960264E-006                  2.2591306546472159E-019                 -2.9207068375146918E+000                  1.1959410259149021E+000                  1.4345016532747332E+000                  1.5850166511067239E+000 
                                     403                  2.9999549561448493E+000                  2.9299551197290141E-001                  5.6159330666237341E+000                 -4.3479159392343387E+000                  9.4061104590185352E+000                  6.9999999999760387E-001                  2.8000000000239633E-001                  1.9999999999999796E-002                  0.0000000000000000E+000                  4.1799043594220376E+008                  9.5971745626663603E+006                  1.0035208357039690E-018                  0.0000000000000000E+000                  0.0000000000000000E+000                  1.1302413601002209E+001                  5.3072058976109648E+009                  1.4331414931845729E-006                  1.4954992376862945E-019                 -2.9218554649284241E+000                  1.1985419588615638E+000                  1.4371025862213949E+000                  1.5876175840533855E+000 
                                     404                  2.9999546380501085E+000                  2.9280426830115386E-001                  5.6185958389539961E+000                 -4.3378841366596435E+000                  9.4187469392255156E+000                  6.9999999999760387E-001                  2.8000000000239628E-001                  1.9999999999999796E-002                  0.0000000000000000E+000                  4.1759799153555173E+008                  9.6264938346957993E+006                  1.1221428040759422E-018                  0.0000000000000000E+000                  0.0000000000000000E+000                  1.1244676107941395E+001                  5.3271801119832010E+009                  1.4297662783665945E-006                  3.7264958197792750E-020                 -2.9223674750827096E+000                  1.1997606430240138E+000                  1.4383212703838448E+000                  1.5888362682158355E+000 
                                     405                  2.9999541264879226E+000                  2.9250322039760973E-001                  5.6219874838891171E+000                 -4.3250668901665028E+000                  9.4348810587395384E+000                  6.9999999999760387E-001                  2.8000000000239633E-001                  1.9999999999999796E-002                  0.0000000000000000E+000                  4.1709506444421011E+008                  9.6639576033218764E+006                  1.2935171248151373E-018                  0.0000000000000000E+000                  0.0000000000000000E+000                  1.1170676387769303E+001                  5.3587896701446085E+009                  1.4248814973858989E-006                  0.0000000000000000E+000                 -2.9231106264843749E+000                  1.2016691255375660E+000                  1.4402297528973973E+000                  1.5907447507293879E+000 
                                     406                  2.9999535460855871E+000                  2.9217086773576184E-001                  5.6262191113257751E+000                 -4.3091064797677516E+000                  9.4549813205685531E+000                  6.9999999999760387E-001                  2.8000000000239622E-001                  1.9999999999999907E-002                  0.0000000000000000E+000                  4.1648060603615391E+008                  9.7108957337399349E+006                  1.5437086711400481E-018                  0.0000000000000000E+000                  0.0000000000000000E+000                  1.1075102457430344E+001                  5.3935967482455244E+009                  1.4198643312238730E-006                  0.0000000000000000E+000                 -2.9238765753492029E+000                  1.2037622125526879E+000                  1.4423228399125192E+000                  1.5928378377445096E+000 
                                     407                  2.9999527124318726E+000                  2.9170945896751177E-001                  5.6307807429279082E+000                 -4.2917795817265461E+000                  9.4767681584461361E+000                  6.9999999999760387E-001                  2.8000000000239622E-001                  1.9999999999999907E-002                  0.0000000000000000E+000                  4.1580461997365671E+008                  9.7617225988243241E+006                  1.8674040750592525E-018                  0.0000000000000000E+000                  0.0000000000000000E+000                  1.0971530807349021E+001                  5.4415941990638170E+009                  1.4134470129124541E-006                 -6.9907651236538218E-020                 -2.9248602338175322E+000                  1.2066445003697044E+000                  1.4452051277295355E+000                  1.5957201255615261E+000 
                                     408                  2.9999519444492089E+000                  2.9129979164379971E-001                  5.6338962427678521E+000                 -4.2798694857344861E+000                  9.4917225974823438E+000                  6.9999999999760387E-001                  2.8000000000239622E-001                  1.9999999999999907E-002                  0.0000000000000000E+000                  4.1533459104438746E+008                  9.7965721495301649E+006                  2.1263817846777327E-018                  0.0000000000000000E+000                  0.0000000000000000E+000                  1.0900952826388654E+001                  5.4835582396494522E+009                  1.4079274475398747E-006                 -2.7776705701986753E-019                 -2.9257098622080759E+000                  1.2091807660406386E+000                  1.4477413934004697E+000                  1.5982563912324603E+000 
                                     409                  2.9999515699538710E+000                  2.9110502122568610E-001                  5.6362464867573507E+000                 -4.2709499541191933E+000                  9.5029408201620278E+000                  6.9999999999760398E-001                  2.8000000000239622E-001                  1.9999999999999796E-002                  0.0000000000000000E+000                  4.1499522168953723E+008                  9.8229447004327755E+006                  2.3445051977244911E-018                  0.0000000000000000E+000                  0.0000000000000000E+000                  1.0845663668943377E+001                  5.5035091566706066E+009                  1.4054792812810704E-006                 -4.1534625862865622E-019                 -2.9260877760569519E+000                  1.2103785651333148E+000                  1.4489391924931458E+000                  1.5994541903251365E+000 
                                     410                  2.9999510627921322E+000                  2.9084620954073725E-001                  5.6388769019758325E+000                 -4.2609347819892802E+000                  9.5155280498507260E+000                  6.9999999999760398E-001                  2.8000000000239617E-001                  1.9999999999999796E-002                  0.0000000000000000E+000                  4.1461276087749326E+008                  9.8525360244855825E+006                  2.6150161183672945E-018                  0.0000000000000000E+000                  0.0000000000000000E+000                  1.0784030647515314E+001                  5.5301148615282927E+009                  1.4024408462455388E-006                 -2.7576007148021705E-019                 -2.9265577239274982E+000                  1.2119622730546222E+000                  1.4505229004144535E+000                  1.6010378982464439E+000 
                                     411                  2.9999505556303934E+000                  2.9059285017273617E-001                  5.6423972897272847E+000                 -4.2475860910160579E+000                  9.5323210160884493E+000                  6.9999999999760398E-001                  2.8000000000239617E-001                  1.9999999999999796E-002                  0.0000000000000000E+000                  4.1411651421949142E+008                  9.8922730591942817E+006                  3.0252694059387104E-018                  0.0000000000000000E+000                  0.0000000000000000E+000                  1.0699836310613970E+001                  5.5561678694845085E+009                  1.3995874022367575E-006                 -7.1333249436323119E-021                 -2.9269999876400368E+000                  1.2135039281417079E+000                  1.4520645555015390E+000                  1.6025795533335296E+000 
                                     412                  2.9999496662233680E+000                  2.9016096319130663E-001                  5.6458803686221160E+000                 -4.2342188385185731E+000                  9.5490920338458931E+000                  6.9999999999760398E-001                  2.8000000000239622E-001                  1.9999999999999796E-002                  0.0000000000000000E+000                  4.1360265366558105E+008                  9.9317202997792754E+006                  3.4946575193472539E-018                  0.0000000000000000E+000                  0.0000000000000000E+000                  1.0619767711349358E+001                  5.6001780602266617E+009                  1.3946744772898769E-006                  2.4448309243442672E-019                 -2.9277635733328049E+000                  1.2161136858511727E+000                  1.4546743132110038E+000                  1.6051893110429944E+000 
                                     413                  2.9999491116914463E+000                  2.8989922361336740E-001                  5.6484917995582515E+000                 -4.2242325987577729E+000                  9.5616315845388158E+000                  6.9999999999760387E-001                  2.8000000000239622E-001                  1.9999999999999907E-002                  0.0000000000000000E+000                  4.1322774904225230E+008                  9.9613961811590828E+006                  3.8926291845162784E-018                  0.0000000000000000E+000                  0.0000000000000000E+000                  1.0558968664418984E+001                  5.6265917264296513E+009                  1.3916047626107987E-006                  3.6525082179412998E-019                 -2.9282420467989407E+000                  1.2176838873909581E+000                  1.4562445147507892E+000                  1.6067595125827798E+000 
                                     414                  2.9999485522677332E+000                  2.8964071331157637E-001                  5.6520637195957306E+000                 -4.2106339768831749E+000                  9.5787247733699328E+000                  6.9999999999760387E-001                  2.8000000000239622E-001                  1.9999999999999907E-002                  0.0000000000000000E+000                  4.1273084340610665E+008                  1.0002128861671224E+007                  4.5094438024834883E-018                  0.0000000000000000E+000                  0.0000000000000000E+000                  1.0474743533220346E+001                  5.6528809158998365E+009                  1.3887418670411047E-006                  2.4254904038768662E-019                 -2.9286892357121310E+000                  1.2192259512381223E+000                  1.4577865785979534E+000                  1.6083015764299440E+000 
                                     415                  2.9999475442029420E+000                  2.8918813543440303E-001                  5.6560181176466680E+000                 -4.1954243103622888E+000                  9.5977995408956644E+000                  6.9999999999760387E-001                  2.8000000000239622E-001                  1.9999999999999907E-002                  0.0000000000000000E+000                  4.1215972216294432E+008                  1.0047394899530459E+007                  5.3067712125195805E-018                  0.0000000000000000E+000                  0.0000000000000000E+000                  1.0385219802154202E+001                  5.6985821912442360E+009                  1.3836183023673449E-006                  6.0227866257795162E-020                 -2.9294918509074113E+000                  1.2219070851680689E+000                  1.4604677125279000E+000                  1.6109827103598906E+000 
                                     416                  2.9999467362452696E+000                  2.8883690705733644E-001                  5.6595431340571469E+000                 -4.1818924598152512E+000                  9.6147781097211507E+000                  6.9999999999760387E-001                  2.8000000000239622E-001                  1.9999999999999907E-002                  0.0000000000000000E+000                  4.1166110524589044E+008                  1.0087914536086790E+007                  6.1331745637645760E-018                  0.0000000000000000E+000                  0.0000000000000000E+000                  1.0305040676034768E+001                  5.7336985240114145E+009                  1.3794901807513356E-006                  0.0000000000000000E+000                 -2.9301406932468699E+000                  1.2239714473321732E+000                  1.4625320746920043E+000                  1.6130470725239949E+000 
                                     417                  2.9999458647120099E+000                  2.8846875081477125E-001                  5.6634632542389642E+000                 -4.1668445334898108E+000                  9.6336597341246826E+000                  6.9999999999760387E-001                  2.8000000000239622E-001                  1.9999999999999907E-002                  0.0000000000000000E+000                  4.1111295208807647E+008                  1.0133161688159818E+007                  7.2014665858453043E-018                  0.0000000000000000E+000                  0.0000000000000000E+000                  1.0215936653405967E+001                  5.7705405301799746E+009                  1.3752891667577945E-006                  0.0000000000000000E+000                 -2.9308029889809286E+000                  1.2261200300536546E+000                  1.4646806574134856E+000                  1.6151956552454763E+000 
                                     418                  2.9999447963419641E+000                  2.8803160141040235E-001                  5.6672718400419306E+000                 -4.1521412990316859E+000                  9.6520859765537779E+000                  6.9999999999760387E-001                  2.8000000000239628E-001                  1.9999999999999796E-002                  0.0000000000000000E+000                  4.1057163049881107E+008                  1.0177305151315356E+007                  8.4157215271176053E-018                  0.0000000000000000E+000                  0.0000000000000000E+000                  1.0131099217529101E+001                  5.8139675715496569E+009                  1.3702759662406375E-006                  0.0000000000000000E+000                 -2.9315959797261564E+000                  1.2286522272801192E+000                  1.4672128546399505E+000                  1.6177278524719412E+000 
                                     419                  2.9999438964569793E+000                  2.8767467134415331E-001                  5.6706505027940732E+000                 -4.1391079492311427E+000                  9.6684228895130939E+000                  6.9999999999760387E-001                  2.8000000000239633E-001                  1.9999999999999796E-002                  0.0000000000000000E+000                  4.1009743367242259E+008                  1.0216627766610857E+007                  9.6600029247803296E-018                  0.0000000000000000E+000                  0.0000000000000000E+000                  1.0055480823860208E+001                  5.8491924564504232E+009                  1.3661876261932168E-006                  0.0000000000000000E+000                 -2.9322448262332745E+000                  1.2307045534802725E+000                  1.4692651808401036E+000                  1.6197801786720945E+000 
                                     420                  2.9999429859958919E+000                  2.8732336456890845E-001                  5.6738101498711053E+000                 -4.1268948616231347E+000                  9.6837251963291706E+000                  6.9999999999760387E-001                  2.8000000000239633E-001                  1.9999999999999796E-002                  0.0000000000000000E+000                  4.0965293117997193E+008                  1.0253539324309194E+007                  1.0987296108956997E-017                  0.0000000000000000E+000                  0.0000000000000000E+000                  9.9851033177239739E+000                  5.8837726796878605E+009                  1.3622651131640871E-006                 -6.3931146285942571E-020                 -2.9328691826360012E+000                  1.2327115365058872E+000                  1.4712721638657182E+000                  1.6217871616977091E+000 
                                     421                  2.9999421435458906E+000                  2.8700658414563018E-001                  5.6769088612902872E+000                 -4.1149230770845575E+000                  9.6987272115067231E+000                  6.9999999999760387E-001                  2.8000000000239622E-001                  1.9999999999999907E-002                  0.0000000000000000E+000                  4.0922061675871623E+008                  1.0289873553559778E+007                  1.2462713619449631E-017                  0.0000000000000000E+000                  0.0000000000000000E+000                  9.9157416814307950E+000                  5.9148664075856018E+009                  1.3588130525358669E-006                 -2.5461008512222964E-019                 -2.9334201450101172E+000                  1.2345104202808372E+000                  1.4730710476406683E+000                  1.6235860454726589E+000 
                                     422                  2.9999412116557758E+000                  2.8666492364950957E-001                  5.6792825210020430E+000                 -4.1056933533192943E+000                  9.7102768678525013E+000                  6.9999999999760398E-001                  2.8000000000239622E-001                  1.9999999999999796E-002                  0.0000000000000000E+000                  4.0888100636264020E+008                  1.0317792278090110E+007                  1.3725167534731174E-017                  0.0000000000000000E+000                  0.0000000000000000E+000                  9.8636894921263707E+000                  5.9481507215937710E+009                  1.3550935212184541E-006                 -3.8013777352921278E-019                 -2.9340153655506755E+000                  1.2364396647645348E+000                  1.4750002921243659E+000                  1.6255152899563565E+000 
                                     423                  2.9999407395789945E+000                  2.8649518523045270E-001                  5.6812516116323710E+000                 -4.0980838637572976E+000                  9.7198123166040720E+000                  6.9999999999760398E-001                  2.8000000000239622E-001                  1.9999999999999796E-002                  0.0000000000000000E+000                  4.0860818138744599E+008                  1.0341017423806909E+007                  1.4865716685834948E-017                  0.0000000000000000E+000                  0.0000000000000000E+000                  9.8193975088121892E+000                  5.9646668628020191E+009                  1.3532925980866130E-006                 -2.5284455329588337E-019                 -2.9343041467876594E+000                  1.2373937533252606E+000                  1.4759543806850917E+000                  1.6264693785170823E+000 
                                     424                  2.9999400259183315E+000                  2.8624267258679698E-001                  5.6839647661036974E+000                 -4.0875884573252055E+000                  9.7329614550361203E+000                  6.9999999999760398E-001                  2.8000000000239622E-001                  1.9999999999999796E-002                  0.0000000000000000E+000                  4.0823177233171517E+008                  1.0373108825509140E+007                  1.6591841583062267E-017                  0.0000000000000000E+000                  0.0000000000000000E+000                  9.7584007528436931E+000                  5.9893545925947819E+009                  1.3507681725518420E-006                 -6.2998227301569064E-020                 -2.9347095904855740E+000                  1.2388077467315202E+000                  1.4773683740913512E+000                  1.6278833719233419E+000 
                                     425                  2.9999390650799396E+000                  2.8591014795117370E-001                  5.6877624922261099E+000                 -4.0729093706099020E+000                  9.7513559455472922E+000                  6.9999999999760409E-001                  2.8000000000239611E-001                  1.9999999999999796E-002                  0.0000000000000000E+000                  4.0770924894848651E+008                  1.0418207779255209E+007                  1.9343126331638178E-017                  0.0000000000000000E+000                  0.0000000000000000E+000                  9.6723700020504300E+000                  6.0218262541938696E+009                  1.3475621798810980E-006                  0.0000000000000000E+000                 -2.9352255931239655E+000                  1.2406604002339681E+000                  1.4792210275937991E+000                  1.6297360254257898E+000 
                                     426                  2.9999376041471812E+000                  2.8541996458566088E-001                  5.6914471999244540E+000                 -4.0585204198901659E+000                  9.7693465493834371E+000                  6.9999999999760398E-001                  2.8000000000239617E-001                  1.9999999999999796E-002                  0.0000000000000000E+000                  4.0718055900467181E+008                  1.0462152574315261E+007                  2.2447676469883553E-017                  0.0000000000000000E+000                  0.0000000000000000E+000                  9.5914398595504302E+000                  6.0691466715253754E+009                  1.3428119233177714E-006                  0.0000000000000000E+000                 -2.9359924055737472E+000                  1.2433732615078952E+000                  1.4819338888677265E+000                  1.6324488866997171E+000 
                                     427                  2.9999366062884936E+000                  2.8509515335108693E-001                  5.6938687572682536E+000                 -4.0490664189879517E+000                  9.7811679301087402E+000                  6.9999999999760398E-001                  2.8000000000239611E-001                  1.9999999999999907E-002                  0.0000000000000000E+000                  4.0683483692204243E+008                  1.0491141594173502E+007                  2.4749818642435839E-017                  0.0000000000000000E+000                  0.0000000000000000E+000                  9.5378878517981516E+000                  6.1001227691349821E+009                  1.3396232356633422E-006                  0.0000000000000000E+000                 -2.9365086641310083E+000                  1.2451587568370202E+000                  1.4837193841968512E+000                  1.6342343820288419E+000 
                                     428                  2.9999359371556054E+000                  2.8488163858489618E-001                  5.6960206235600710E+000                 -4.0406937154640516E+000                  9.7916453097440588E+000                  6.9999999999760398E-001                  2.8000000000239611E-001                  1.9999999999999907E-002                  0.0000000000000000E+000                  4.0653302751233518E+008                  1.0516977600291274E+007                  2.6987843259021538E-017                  0.0000000000000000E+000                  0.0000000000000000E+000                  9.4894819980343126E+000                  6.1205459206249895E+009                  1.3376578456215509E-006                  0.0000000000000000E+000                 -2.9368274794430174E+000                  1.2463270088793041E+000                  1.4848876362391352E+000                  1.6354026340711258E+000 
                                     429                  2.9999350933877951E+000                  2.8461710376660454E-001                  5.6986120474120883E+000                 -4.0305999852721399E+000                  9.8042736359299116E+000                  6.9999999999760398E-001                  2.8000000000239617E-001                  1.9999999999999796E-002                  0.0000000000000000E+000                  4.0616861023369604E+008                  1.0548182462793242E+007                  2.9949372104870938E-017                  0.0000000000000000E+000                  0.0000000000000000E+000                  9.4311003415709216E+000                  6.1458928031924639E+009                  1.3353559991624155E-006                  0.0000000000000000E+000                 -2.9372014690744037E+000                  1.2477685983440590E+000                  1.4863292257038900E+000                  1.6368442235358807E+000 
                                     430                  2.9999340690426251E+000                  2.8430270498228288E-001                  5.7018609976647587E+000                 -4.0179456035232874E+000                  9.8201061575922850E+000                  6.9999999999760398E-001                  2.8000000000239617E-001                  1.9999999999999796E-002                  0.0000000000000000E+000                  4.0571279130474144E+008                  1.0587449262624348E+007                  3.4117492027984235E-017                  0.0000000000000000E+000                  0.0000000000000000E+000                  9.3573792981898034E+000                  6.1759571038302383E+009                  1.3327346432134046E-006                  3.8594361998346880E-020                 -2.9376281565234659E+000                  1.2494737741672544E+000                  1.4880344015270854E+000                  1.6385493993590761E+000 
                                     431                  2.9999326802108688E+000                  2.8388763250747961E-001                  5.7057210801384741E+000                 -4.0028640416901125E+000                  9.8389631055367825E+000                  6.9999999999760398E-001                  2.8000000000239617E-001                  1.9999999999999796E-002                  0.0000000000000000E+000                  4.0516518308397150E+008                  1.0634307709722525E+007                  3.9820701896993432E-017                  0.0000000000000000E+000                  0.0000000000000000E+000                  9.2700738413618389E+000                  6.2154733095901804E+009                  1.3294149223641560E-006                  1.5358992383758694E-019                 -2.9381697253414782E+000                  1.2517117424653506E+000                  1.4902723698251816E+000                  1.6407873676571723E+000 
                                     432                  2.9999310891186339E+000                  2.8342695003556806E-001                  5.7094867032868413E+000                 -3.9880859439803431E+000                  9.8574232162728332E+000                  6.9999999999760387E-001                  2.8000000000239622E-001                  1.9999999999999907E-002                  0.0000000000000000E+000                  4.0462249919376773E+008                  1.0680232486637179E+007                  4.6292232267696562E-017                  0.0000000000000000E+000                  0.0000000000000000E+000                  9.1857117365145218E+000                  6.2589170730238523E+009                  1.3257742806770423E-006                  2.2909805365350150E-019                 -2.9387652051605193E+000                  1.2541783754976978E+000                  1.4927390028575287E+000                  1.6432540006895195E+000 
                                     433                  2.9999296478373489E+000                  2.8302239754784181E-001                  5.7134033765928463E+000                 -3.9727472696874284E+000                  9.8765930891170690E+000                  6.9999999999760387E-001                  2.8000000000239628E-001                  1.9999999999999796E-002                  0.0000000000000000E+000                  4.0406547298009980E+008                  1.0728230596102795E+007                  5.4117267905102117E-017                  0.0000000000000000E+000                  0.0000000000000000E+000                  9.0969608300282800E+000                  6.2969217087377815E+009                  1.3227031379337186E-006                  1.5199469623155778E-019                 -2.9392688080740315E+000                  1.2563292237977253E+000                  1.4948898511575563E+000                  1.6454048489895472E+000 
                                     434                  2.9999278129429796E+000                  2.8252368149017915E-001                  5.7172154085991806E+000                 -3.9577145566684750E+000                  9.8953527560713948E+000                  6.9999999999760387E-001                  2.8000000000239633E-001                  1.9999999999999796E-002                  0.0000000000000000E+000                  4.0350961009401751E+008                  1.0775161379221618E+007                  6.2993662713702489E-017                  0.0000000000000000E+000                  0.0000000000000000E+000                  9.0125034534416351E+000                  6.3434623146394510E+009                  1.3189848514377716E-006                 -1.1473438822361590E-020                 -2.9398800961520499E+000                  1.2589619304196629E+000                  1.4975225577794939E+000                  1.6480375556114846E+000 
                                     435                  2.9999263140204091E+000                  2.8212892519996902E-001                  5.7201316518046275E+000                 -3.9461979454774183E+000                  9.9097205832024873E+000                  6.9999999999760376E-001                  2.8000000000239633E-001                  1.9999999999999907E-002                  0.0000000000000000E+000                  4.0308364824414712E+008                  1.0811211825368952E+007                  7.0740606056389245E-017                  0.0000000000000000E+000                  0.0000000000000000E+000                  8.9482082376144145E+000                  6.3799141698972425E+009                  1.3159723685900663E-006                 -1.4624162048399628E-019                 -2.9403766147435708E+000                  1.2610312876975989E+000                  1.4995919150574299E+000                  1.6501069128894206E+000 
                                     436                  2.9999251700553402E+000                  2.8183483582102609E-001                  5.7230191259466077E+000                 -3.9348363443957894E+000                  9.9239066674549008E+000                  6.9999999999760387E-001                  2.8000000000239633E-001                  1.9999999999999796E-002                  0.0000000000000000E+000                  4.0266980127234733E+008                  1.0847037872911202E+007                  7.9325438799814133E-017                  0.0000000000000000E+000                  0.0000000000000000E+000                  8.8837939273610687E+000                  6.4071063742085199E+009                  1.3138247134131208E-006                 -1.4470393275797870E-019                 -2.9407312865949149E+000                  1.2625644046648767E+000                  1.5011250320247078E+000                  1.6516400298566984E+000 
                                     437                  2.9999236246513346E+000                  2.8144689095810277E-001                  5.7258461057708674E+000                 -3.9236443412737976E+000                  9.9378626947563227E+000                  6.9999999999760376E-001                  2.8000000000239633E-001                  1.9999999999999907E-002                  0.0000000000000000E+000                  4.0225575966844207E+008                  1.0882230754274402E+007                  8.8735267161713643E-017                  0.0000000000000000E+000                  0.0000000000000000E+000                  8.8222100683835851E+000                  6.4428374904227400E+009                  1.3110092367738229E-006                 -9.8068791744136909E-020                 -2.9411971242290345E+000                  1.2645763091732740E+000                  1.5031369365331051E+000                  1.6536519343650957E+000 
                                     438                  2.9999224469241721E+000                  2.8115809185905105E-001                  5.7286476147588807E+000                 -3.9125932502358864E+000                  9.9516542370537753E+000                  6.9999999999760387E-001                  2.8000000000239633E-001                  1.9999999999999796E-002                  0.0000000000000000E+000                  4.0185322632073379E+008                  1.0917229676749513E+007                  9.9132742292033334E-017                  0.0000000000000000E+000                  0.0000000000000000E+000                  8.7605507627711692E+000                  6.4693328222128153E+009                  1.3089089157639389E-006                 -1.5073598639395015E-019                 -2.9415452870215795E+000                  1.2660662060376850E+000                  1.5046268333975161E+000                  1.6551418312295068E+000 
                                     439                  2.9999208536425201E+000                  2.8077632484430903E-001                  5.7317916729483418E+000                 -3.9001455958598235E+000                  9.9671767714969111E+000                  6.9999999999760387E-001                  2.8000000000239622E-001                  1.9999999999999907E-002                  0.0000000000000000E+000                  4.0139678039714122E+008                  1.0956645944942031E+007                  1.1224520366921894E-016                  0.0000000000000000E+000                  0.0000000000000000E+000                  8.6924296110299348E+000                  6.5043141304303732E+009                  1.3061869971069519E-006                 -1.4971611296160995E-019                 -2.9419973219446542E+000                  1.2680257258252894E+000                  1.5065863531851205E+000                  1.6571013510171111E+000 
                                     440                  2.9999192323550190E+000                  2.8039783117465789E-001                  5.7348871459673285E+000                 -3.8878750856589193E+000                  9.9824747332508750E+000                  6.9999999999760398E-001                  2.8000000000239622E-001                  1.9999999999999796E-002                  0.0000000000000000E+000                  4.0094753931104207E+008                  1.0995597738922128E+007                  1.2682283270701632E-016                  0.0000000000000000E+000                  0.0000000000000000E+000                  8.6258573093776363E+000                  6.5387600118001986E+009                  1.3034420424196762E-006                 -4.9499989168109112E-020                 -2.9424541374902184E+000                  1.2699575017977249E+000                  1.5085181291575560E+000                  1.6590331269895466E+000 
                                     441                  2.9999175825746458E+000                  2.8002243915260611E-001                  5.7371628798826322E+000                 -3.8788036442080029E+000                  9.9937709983575580E+000                  6.9999999999760398E-001                  2.8000000000239622E-001                  1.9999999999999796E-002                  0.0000000000000000E+000                  4.0061145516340590E+008                  1.1024322296114940E+007                  1.3872975166046709E-016                  0.0000000000000000E+000                  0.0000000000000000E+000                  8.5780212306913288E+000                  6.5726157858893356E+009                  1.3006385862239778E-006                  0.0000000000000000E+000                 -2.9429216829314093E+000                  1.2718630449129213E+000                  1.5104236722727524E+000                  1.6609386701047433E+000 
                                     442                  2.9999167504998452E+000                  2.7983666226632875E-001                  5.7394378964398225E+000                 -3.8698099867546158E+000                  1.0004990782144066E+001                  6.9999999999760387E-001                  2.8000000000239628E-001                  1.9999999999999796E-002                  0.0000000000000000E+000                  4.0028802786886436E+008                  1.1053121554715937E+007                  1.5170490800183789E-016                  0.0000000000000000E+000                  0.0000000000000000E+000                  8.5288872366225181E+000                  6.5894030705438795E+009                  1.2992935443799164E-006                  0.0000000000000000E+000                 -2.9431463596820220E+000                  1.2728020008759686E+000                  1.5113626282357999E+000                  1.6618776260677905E+000 
                                     443                  2.9999150571121764E+000                  2.7946561674840076E-001                  5.7424218949141350E+000                 -3.8579477240446640E+000                  1.0019771734746353E+001                  6.9999999999760387E-001                  2.8000000000239628E-001                  1.9999999999999796E-002                  0.0000000000000000E+000                  3.9985643374376458E+008                  1.1091007867233885E+007                  1.7057435635680019E-016                  0.0000000000000000E+000                  0.0000000000000000E+000                  8.4659235571193499E+000                  6.6229950976196241E+009                  1.2967004070421449E-006                  0.0000000000000000E+000                 -2.9435801764135920E+000                  1.2746696554016876E+000                  1.5132302827615187E+000                  1.6637452805935096E+000 
                                     444                  2.9999133339782502E+000                  2.7909728713962534E-001                  5.7453648578751171E+000                 -3.8462364943823895E+000                  1.0034361642327134E+001                  6.9999999999760387E-001                  2.8000000000239622E-001                  1.9999999999999907E-002                  0.0000000000000000E+000                  3.9943171557280844E+008                  1.1128502546997923E+007                  1.9144672618927729E-016                  0.0000000000000000E+000                  0.0000000000000000E+000                  8.4043340843914400E+000                  6.6560456821506662E+009                  1.2940349990818778E-006                  0.0000000000000000E+000                 -2.9440269886873769E+000                  1.2765139491929807E+000                  1.5150745765528117E+000                  1.6655895743848024E+000 
                                     445                  2.9999115805811516E+000                  2.7873153423982805E-001                  5.7482686576748367E+000                 -3.8346698595146798E+000                  1.0048768784139597E+001                  6.9999999999760387E-001                  2.8000000000239633E-001                  1.9999999999999796E-002                  0.0000000000000000E+000                  3.9901374787657934E+008                  1.1165624101377686E+007                  2.1450481927225967E-016                  0.0000000000000000E+000                  0.0000000000000000E+000                  8.3440942949439627E+000                  6.6887389462789707E+009                  1.2913816353452941E-006                 -4.7862465260104823E-020                 -2.9444726969800001E+000                  1.2783357663698305E+000                  1.5168963937296616E+000                  1.6674113915616522E+000 
                                     446                  2.9999097963950887E+000                  2.7836822654654209E-001                  5.7511350628550071E+000                 -3.8232417760125292E+000                  1.0063000943230531E+001                  6.9999999999760387E-001                  2.8000000000239628E-001                  1.9999999999999796E-002                  0.0000000000000000E+000                  3.9860242297474933E+008                  1.1202390071122304E+007                  2.3994618352460152E-016                  0.0000000000000000E+000                  0.0000000000000000E+000                  8.2851873449494420E+000                  6.7210916235751762E+009                  1.2887337579435909E-006                 -1.9074458040929490E-019                 -2.9449183975680535E+000                  1.2801361213872744E+000                  1.5186967487471057E+000                  1.6692117465790963E+000 
                                     447                  2.9999079808852462E+000                  2.7800723966529822E-001                  5.7539657445696211E+000                 -3.8119465624967170E+000                  1.0077065445263958E+001                  6.9999999999760398E-001                  2.8000000000239617E-001                  1.9999999999999796E-002                  0.0000000000000000E+000                  3.9819764395664656E+008                  1.1238817074973289E+007                  2.6798420757247448E-016                  0.0000000000000000E+000                  0.0000000000000000E+000                  8.2275813238459659E+000                  6.7531196437430096E+009                  1.2860860666139468E-006                 -2.8508244298706226E-019                 -2.9453649834334317E+000                  1.2819159720696320E+000                  1.5204765994294631E+000                  1.6709915972614537E+000 
                                     448                  2.9999061335076314E+000                  2.7764845577660796E-001                  5.7567622760696269E+000                 -3.8007788631044193E+000                  1.0090969193618392E+001                  6.9999999999760398E-001                  2.8000000000239617E-001                  1.9999999999999796E-002                  0.0000000000000000E+000                  3.9779931956829768E+008                  1.1274920768953979E+007                  2.9884923883562568E-016                  0.0000000000000000E+000                  0.0000000000000000E+000                  8.1712146893834081E+000                  6.7848381111715126E+009                  1.2834378083490953E-006                 -1.8938032902307941E-019                 -2.9458125855629609E+000                  1.2836762212769317E+000                  1.5222368486367628E+000                  1.6727518464687534E+000 
                                     449                  2.9999042537089156E+000                  2.7729176315898990E-001                  5.7595261331727796E+000                 -3.7897336154472443E+000                  1.0104718701178077E+001                  6.9999999999760398E-001                  2.8000000000239628E-001                  1.9999999999999796E-002                  0.0000000000000000E+000                  3.9740736033529174E+008                  1.1310715821401166E+007                  3.3278976033991767E-016                  0.0000000000000000E+000                  0.0000000000000000E+000                  8.1160186382745358E+000                  6.8162612379280024E+009                  1.2807920389733628E-006                 -4.7180012166518346E-020                 -2.9462606902635708E+000                  1.2854177171071481E+000                  1.5239783444669792E+000                  1.6744933422989698E+000 
                                     450                  2.9999023409262802E+000                  2.7693705576094912E-001                  5.7622586986751099E+000                 -3.7788060260076368E+000                  1.0118320119184437E+001                  6.9999999999760387E-001                  2.8000000000239628E-001                  1.9999999999999796E-002                  0.0000000000000000E+000                  3.9702167762697768E+008                  1.1346215966055568E+007                  3.7007365803897486E-016                  0.0000000000000000E+000                  0.0000000000000000E+000                  8.0619200840879213E+000                  6.8474023235962992E+009                  1.2781532815940858E-006                  0.0000000000000000E+000                 -2.9467085303037197E+000                  1.2871412548133545E+000                  1.5257018821731856E+000                  1.6762168800051762E+000 
                                     451                  2.9999003945872524E+000                  2.7658423281301170E-001                  5.7649612669474806E+000                 -3.7679915489058193E+000                  1.0131779263467823E+001                  6.9999999999760398E-001                  2.8000000000239628E-001                  1.9999999999999796E-002                  0.0000000000000000E+000                  3.9664216863318992E+008                  1.1381434173224939E+007                  4.1098956409070639E-016                  0.0000000000000000E+000                  0.0000000000000000E+000                  8.0088427167759892E+000                  6.8782737794182901E+009                  1.2755271921306435E-006                 -5.0074326126815885E-020                 -2.9471551392576285E+000                  1.2888475823671943E+000                  1.5274082097270254E+000                  1.6779232075590160E+000 
                                     452                  2.9998984141095448E+000                  2.7623319847464850E-001                  5.7676350483891738E+000                 -3.7572858659069834E+000                  1.0145101638339817E+001                  6.9999999999760387E-001                  2.8000000000239633E-001                  1.9999999999999796E-002                  0.0000000000000000E+000                  3.9626871689035422E+008                  1.1416382617501846E+007                  4.5584827649086578E-016                  0.0000000000000000E+000                  0.0000000000000000E+000                  7.9567079205105005E+000                  6.9088871533755207E+009                  1.2729203769906856E-006                 -1.9963412054640114E-019                 -2.9475993806221368E+000                  1.2905374042941971E+000                  1.5290980316540281E+000                  1.6796130294860188E+000 
                                     453                  2.9998963989008867E+000                  2.7588386151306277E-001                  5.7702811737236317E+000                 -3.7466848685391656E+000                  1.0158292458391967E+001                  6.9999999999760398E-001                  2.8000000000239628E-001                  1.9999999999999796E-002                  0.0000000000000000E+000                  3.9590119866384405E+008                  1.1451072653350379E+007                  5.0498425912467155E-016                  0.0000000000000000E+000                  0.0000000000000000E+000                  7.9054355535328833E+000                  6.9392531501807556E+009                  1.2703401609963169E-006                 -2.9847597932333000E-019                 -2.9480399858751949E+000                  1.2922113816432308E+000                  1.5307720090030621E+000                  1.6812870068350527E+000 
                                     454                  2.9998943483588554E+000                  2.7553613501030783E-001                  5.7729006981244693E+000                 -3.7361846422380043E+000                  1.0171356668417175E+001                  6.9999999999760398E-001                  2.8000000000239622E-001                  1.9999999999999796E-002                  0.0000000000000000E+000                  3.9553948363047796E+008                  1.1485514846329141E+007                  5.5875722334783540E-016                  0.0000000000000000E+000                  0.0000000000000000E+000                  7.8549446085958747E+000                  6.9693816557151690E+009                  1.2677944104668577E-006                 -1.9834642077891846E-019                 -2.9484755836525651E+000                  1.2938701331101412E+000                  1.5324307604699723E+000                  1.6829457583019629E+000 
                                     455                  2.9998922618707060E+000                  2.7518993609560377E-001                  5.7754946051777845E+000                 -3.7257814520388268E+000                  1.0184298961644252E+001                  6.9999999999760398E-001                  2.8000000000239622E-001                  1.9999999999999796E-002                  0.0000000000000000E+000                  3.9518343591821194E+008                  1.1519719004244870E+007                  6.1755379457221232E-016                  0.0000000000000000E+000                  0.0000000000000000E+000                  7.8051538513392966E+000                  6.9992817645132275E+009                  1.2652913943600425E-006                 -4.9430243998393513E-020                 -2.9489047228609691E+000                  1.2955142371621564E+000                  1.5340748645219875E+000                  1.6845898623539781E+000 
                                     456                  2.9998901388131953E+000                  2.7484518570014799E-001                  5.7793760917085946E+000                 -3.7103217299106932E+000                  1.0203561061322187E+001                  6.9999999999760398E-001                  2.8000000000239617E-001                  1.9999999999999796E-002                  0.0000000000000000E+000                  3.9467051719728160E+008                  1.1571093568536706E+007                  7.1689985210457134E-016                  0.0000000000000000E+000                  0.0000000000000000E+000                  7.7288669552721796E+000                  7.0292181139584446E+009                  1.2629578901130121E-006                  0.0000000000000000E+000                 -2.9493055647842632E+000                  1.2971437901756842E+000                  1.5357044175355152E+000                  1.6862194153675059E+000 
                                     457                  2.9998857804435630E+000                  2.7415977276845055E-001                  5.7831321313896025E+000                 -3.6951202673058074E+000                  1.0222437488112952E+001                  6.9999999999760387E-001                  2.8000000000239628E-001                  1.9999999999999796E-002                  0.0000000000000000E+000                  3.9414833289736724E+008                  1.1620999856400177E+007                  8.2840663284926905E-016                  0.0000000000000000E+000                  0.0000000000000000E+000                  7.6594730313941159E+000                  7.0879514630748167E+009                  1.2582243418750650E-006                  0.0000000000000000E+000                 -2.9501209585582751E+000                  1.3003638696087876E+000                  1.5389244969686187E+000                  1.6894394948006095E+000 
                                     458                  2.9998835438308546E+000                  2.7381892751351578E-001                  5.7856322589076150E+000                 -3.6850712010367439E+000                  1.0234934577837887E+001                  6.9999999999760387E-001                  2.8000000000239628E-001                  1.9999999999999796E-002                  0.0000000000000000E+000                  3.9381363534479797E+008                  1.1654338279973490E+007                  9.1177066104019249E-016                  0.0000000000000000E+000                  0.0000000000000000E+000                  7.6121596440839685E+000                  7.1167687667075443E+009                  1.2557884549153131E-006                  0.0000000000000000E+000                 -2.9505417569716985E+000                  1.3019548019402913E+000                  1.5405154293001224E+000                  1.6910304271321130E+000 
                                     459                  2.9998812680472424E+000                  2.7347924815920027E-001                  5.7881109388785053E+000                 -3.6751029947167808E+000                  1.0247329983177725E+001                  6.9999999999760398E-001                  2.8000000000239628E-001                  1.9999999999999796E-002                  0.0000000000000000E+000                  3.9348397883170283E+008                  1.1687480488654403E+007                  1.0025658808492541E-015                  0.0000000000000000E+000                  0.0000000000000000E+000                  7.5654530316287047E+000                  7.1456422122758436E+009                  1.2535149145379909E-006                  0.0000000000000000E+000                 -2.9509352471819548E+000                  1.3035332231605166E+000                  1.5420938505203476E+000                  1.6926088483523383E+000 
                                     460                  2.9998789524142722E+000                  2.7314067144316595E-001                  5.7905689035426473E+000                 -3.6652128711725211E+000                  1.0259627195472319E+001                  6.9999999999760398E-001                  2.8000000000239628E-001                  1.9999999999999796E-002                  0.0000000000000000E+000                  3.9315925436441773E+008                  1.1720433979081599E+007                  1.1013851485471902E-015                  0.0000000000000000E+000                  0.0000000000000000E+000                  7.5193569743407140E+000                  7.1743313402598295E+009                  1.2512748078208132E-006                  0.0000000000000000E+000                 -2.9513236495443702E+000                  1.3050998754821923E+000                  1.5436605028420236E+000                  1.6941755006740142E+000 
                                     461                  2.9998765962418834E+000                  2.7280313670926770E-001                  5.7942523789263687E+000                 -3.6504891420101124E+000                  1.0277960719710535E+001                  6.9999999999760398E-001                  2.8000000000239617E-001                  1.9999999999999796E-002                  0.0000000000000000E+000                  3.9269062267351216E+008                  1.1769989607939163E+007                  1.2673847843734228E-015                  0.0000000000000000E+000                  0.0000000000000000E+000                  7.4489186861830108E+000                  7.2030797840282240E+009                  1.2491662184876164E-006                  0.0000000000000000E+000                 -2.9516898845083008E+000                  1.3066547629212886E+000                  1.5452153902811196E+000                  1.6957303881131103E+000 
                                     462                  2.9998717594593907E+000                  2.7213099870174012E-001                  5.7978259711571480E+000                 -3.6359860832289823E+000                  1.0295961944966480E+001                  6.9999999999760398E-001                  2.8000000000239622E-001                  1.9999999999999796E-002                  0.0000000000000000E+000                  3.9221405764301217E+008                  1.1818241047397029E+007                  1.4526026652348460E-015                  0.0000000000000000E+000                  0.0000000000000000E+000                  7.3847551194842387E+000                  7.2595971917418880E+009                  1.2448211288091302E-006                 -5.3802272644508729E-020                 -2.9524465244255302E+000                  1.3097332277591192E+000                  1.5482938551189502E+000                  1.6988088529509409E+000 
                                     463                  2.9998692774093474E+000                  2.7179624915640738E-001                  5.8002078838068165E+000                 -3.6263830713289513E+000                  1.0307898258549399E+001                  6.9999999999760387E-001                  2.8000000000239628E-001                  1.9999999999999796E-002                  0.0000000000000000E+000                  3.9190815498848265E+008                  1.1850510052006742E+007                  1.5903604365294356E-015                  0.0000000000000000E+000                  0.0000000000000000E+000                  7.3412002526897018E+000                  7.2873824869913769E+009                  1.2425482574745076E-006                 -2.1462091928100792E-019                 -2.9528433676764267E+000                  1.3112570898692988E+000                  1.5498177172291299E+000                  1.7003327150611207E+000 
                                     464                  2.9998667519395985E+000                  2.7146232207904147E-001                  5.8025724014148947E+000                 -3.6168461444827957E+000                  1.0319751628146971E+001                  6.9999999999760398E-001                  2.8000000000239622E-001                  1.9999999999999796E-002                  0.0000000000000000E+000                  3.9160677170966166E+008                  1.1882624996017499E+007                  1.7398205130104441E-015                  0.0000000000000000E+000                  0.0000000000000000E+000                  7.2983150872541858E+000                  7.3152440470100384E+009                  1.2403845412920243E-006                 -3.2106739784254493E-019                 -2.9532218274707440E+000                  1.3127708241431659E+000                  1.5513314515029970E+000                  1.7018464493349876E+000 
                                     465                  2.9998641822990422E+000                  2.7112916768958684E-001                  5.8049201328113522E+000                 -3.6073732365232214E+000                  1.0331524719364543E+001                  6.9999999999760398E-001                  2.8000000000239617E-001                  1.9999999999999796E-002                  0.0000000000000000E+000                  3.9130981976449233E+008                  1.1914592622970615E+007                  1.9018859261125311E-015                  0.0000000000000000E+000                  0.0000000000000000E+000                  7.2561152689599080E+000                  7.3429584770474806E+009                  1.2382170861464291E-006                 -2.1347816033159096E-019                 -2.9536016037280590E+000                  1.3142750881524410E+000                  1.5528357155122721E+000                  1.7033507133442627E+000 
                                     466                  2.9998615677237415E+000                  2.7079673801513726E-001                  5.8084430407933567E+000                 -3.5932503998666681E+000                  1.0349101456979749E+001                  6.9999999999760398E-001                  2.8000000000239628E-001                  1.9999999999999796E-002                  0.0000000000000000E+000                  3.9088084701418728E+008                  1.1962719674165014E+007                  2.1728525701284275E-015                  0.0000000000000000E+000                  0.0000000000000000E+000                  7.1919564864863164E+000                  7.3707542293153677E+009                  1.2361287793296494E-006                 -5.3230721412950718E-020                 -2.9539681411450962E+000                  1.3157698551872181E+000                  1.5543304825470490E+000                  1.7048454803790398E+000 
                                     467                  2.9998562006476974E+000                  2.7013390190977044E-001                  5.8118689511525528E+000                 -3.5793201988461196E+000                  1.0366387059865181E+001                  6.9999999999760398E-001                  2.8000000000239622E-001                  1.9999999999999796E-002                  0.0000000000000000E+000                  3.9044510878225535E+008                  1.2009684030643901E+007                  2.4737791302586402E-015                  0.0000000000000000E+000                  0.0000000000000000E+000                  7.1336736614726997E+000                  7.4255043915958891E+009                  1.2317457118210639E-006                  0.0000000000000000E+000                 -2.9547394704979864E+000                  1.3187344779990018E+000                  1.5572951053588329E+000                  1.7078101031908235E+000 
                                     468                  2.9998534465529527E+000                  2.6980337455046388E-001                  5.8141552794276716E+000                 -3.5700845148860827E+000                  1.0377863554484426E+001                  6.9999999999760398E-001                  2.8000000000239617E-001                  1.9999999999999796E-002                  0.0000000000000000E+000                  3.9016518188325322E+008                  1.2041126702399654E+007                  2.6966696986431795E-015                  0.0000000000000000E+000                  0.0000000000000000E+000                  7.0943003327172498E+000                  7.4524727630884275E+009                  1.2294215435613395E-006                  0.0000000000000000E+000                 -2.9551495904311391E+000                  1.3202045590689722E+000                  1.5587651864288035E+000                  1.7092801842607939E+000 
                                     469                  2.9998506443350106E+000                  2.6947339614325738E-001                  5.8164276262269423E+000                 -3.5609038515341491E+000                  1.0389271540550729E+001                  6.9999999999760398E-001                  2.8000000000239617E-001                  1.9999999999999796E-002                  0.0000000000000000E+000                  3.8988938339771307E+008                  1.2072453595016444E+007                  2.9377531879612524E-015                  0.0000000000000000E+000                  0.0000000000000000E+000                  7.0556357189918044E+000                  7.4795387012881479E+009                  1.2271641086119558E-006                  3.6927936045097326E-020                 -2.9555486776019304E+000                  1.3216665462493593E+000                  1.5602271736091904E+000                  1.7107421714411812E+000 
                                     470                  2.9998477931624534E+000                  2.6914392633440704E-001                  5.8186865025346366E+000                 -3.5517766350749191E+000                  1.0400613097751091E+001                  6.9999999999760387E-001                  2.8000000000239611E-001                  2.0000000000000018E-002                  0.0000000000000000E+000                  3.8961767009324223E+008                  1.2103670501571996E+007                  3.1983977163508629E-015                  0.0000000000000000E+000                  0.0000000000000000E+000                  7.0176748544369509E+000                  7.5064919514899855E+009                  1.2248802263654017E-006                  1.4734943096774253E-019                 -2.9559531881279755E+000                  1.3231210253385197E+000                  1.5616816526983508E+000                  1.7121966505303414E+000 
                                     471                  2.9998448921896776E+000                  2.6881492605731755E-001                  5.8220801710770713E+000                 -3.5381535209284065E+000                  1.0417565173525777E+001                  6.9999999999760398E-001                  2.8000000000239622E-001                  1.9999999999999796E-002                  0.0000000000000000E+000                  3.8922509457792407E+008                  1.2150717613833440E+007                  3.6325440490069650E-015                  0.0000000000000000E+000                  0.0000000000000000E+000                  6.9601116999720309E+000                  7.5335490713052330E+009                  1.2226469180388270E-006                  2.2049094891435738E-019                 -2.9563494712719742E+000                  1.3245679307321778E+000                  1.5631285580920089E+000                  1.7136435559239995E+000 
                                     472                  2.9998389373886978E+000                  2.6815821392855982E-001                  5.8265225187493215E+000                 -3.5202021613288830E+000                  1.0439872652629663E+001                  6.9999999999760398E-001                  2.8000000000239622E-001                  1.9999999999999796E-002                  0.0000000000000000E+000                  3.8870529021134430E+008                  1.2212555744929848E+007                  4.2905939410888610E-015                  0.0000000000000000E+000                  0.0000000000000000E+000                  6.8883543537757124E+000                  7.5873548437829580E+009                  1.2181056045503502E-006                  1.4629778078133575E-019                 -2.9571575292976551E+000                  1.3274414796829737E+000                  1.5660021070428047E+000                  1.7165171048747954E+000 
                                     473                  2.9998327728743694E+000                  2.6750293941840531E-001                  5.8298056675889853E+000                 -3.5068540001006583E+000                  1.0456439264376527E+001                  6.9999999999760398E-001                  2.8000000000239622E-001                  1.9999999999999796E-002                  0.0000000000000000E+000                  3.8831748916798574E+008                  1.2258444757316416E+007                  4.8519031414507081E-015                  0.0000000000000000E+000                  0.0000000000000000E+000                  6.8378227670176566E+000                  7.6399679405434647E+009                  1.2131438107451999E-006                  3.6403646657784616E-020                 -2.9580438565695855E+000                  1.3302907142369078E+000                  1.5688513415967391E+000                  1.7193663394287295E+000 
                                     474                  2.9998295821103538E+000                  2.6717291265435156E-001                  5.8319930909811450E+000                 -3.4980182035403935E+000                  1.0467420773031836E+001                  6.9999999999760398E-001                  2.8000000000239622E-001                  1.9999999999999796E-002                  0.0000000000000000E+000                  3.8806876258214325E+008                  1.2289113457071092E+007                  5.2646578209440088E-015                  0.0000000000000000E+000                  0.0000000000000000E+000                  6.8038057570986306E+000                  7.6663734134954147E+009                  1.2106022175562425E-006                  0.0000000000000000E+000                 -2.9584992674455193E+000                  1.3317185164255851E+000                  1.5702791437854164E+000                  1.7207941416174071E+000 
                                     475                  2.9998263913463381E+000                  2.6684880105384884E-001                  5.8341707727908112E+000                 -3.4892257214137943E+000                  1.0478349707239083E+001                  6.9999999999760398E-001                  2.8000000000239622E-001                  1.9999999999999796E-002                  0.0000000000000000E+000                  3.8782376023913825E+008                  1.2319718792297341E+007                  5.7097824639254387E-015                  0.0000000000000000E+000                  0.0000000000000000E+000                  6.7703107677440473E+000                  7.6924504325331335E+009                  1.2081678074483988E-006                  7.5854413075407220E-020                 -2.9589363702798464E+000                  1.3331159960786929E+000                  1.5716766234385240E+000                  1.7221916212705146E+000 
                                     476                  2.9998230882998547E+000                  2.6651926528496117E-001                  5.8363377942360364E+000                 -3.4804767068073610E+000                  1.0489224940359756E+001                  6.9999999999760398E-001                  2.8000000000239622E-001                  1.9999999999999796E-002                  0.0000000000000000E+000                  3.8758210669698811E+008                  1.2350246944843760E+007                  6.1894176457806725E-015                  0.0000000000000000E+000                  0.0000000000000000E+000                  6.7373927009799282E+000                  7.7189068944789543E+009                  1.2056783842820597E-006                  3.0273266709996634E-019                 -2.9593842625818780E+000                  1.3345324114879522E+000                  1.5730930388477833E+000                  1.7236080366797739E+000 
                                     477                  2.9998197852533708E+000                  2.6619557222126067E-001                  5.8395891518140832E+000                 -3.4674387073474096E+000                  1.0505455159114627E+001                  6.9999999999760387E-001                  2.8000000000239628E-001                  1.9999999999999796E-002                  0.0000000000000000E+000                  3.8723376213516045E+008                  1.2396192319717301E+007                  6.9828560543182798E-015                  0.0000000000000000E+000                  0.0000000000000000E+000                  6.6874100765640652E+000                  7.7450361240519199E+009                  1.2032923215448681E-006                  4.2426785075426750E-019                 -2.9598144273060116E+000                  1.3359190907195431E+000                  1.5744797180793741E+000                  1.7249947159113648E+000 
                                     478                  2.9998129467848682E+000                  2.6554303750260000E-001                  5.8438675282856574E+000                 -3.4501831849533899E+000                  1.0526910087048840E+001                  6.9999999999760387E-001                  2.8000000000239628E-001                  1.9999999999999796E-002                  0.0000000000000000E+000                  3.8677067310438460E+008                  1.2456896447396616E+007                  8.1828565461370535E-015                  0.0000000000000000E+000                  0.0000000000000000E+000                  6.6245562998890142E+000                  7.7975531809418783E+009                  1.1984693954535693E-006                  1.8590641609062838E-019                 -2.9606865258945718E+000                  1.3387021363155065E+000                  1.5772627636753376E+000                  1.7277777615073282E+000 
                                     479                  2.9998058678620838E+000                  2.6489093874001191E-001                  5.8481116351174602E+000                 -3.4330795174469295E+000                  1.0548180592601302E+001                  6.9999999999760398E-001                  2.8000000000239628E-001                  1.9999999999999796E-002                  0.0000000000000000E+000                  3.8631999484451199E+008                  1.2517402609110985E+007                  9.5727179458034196E-015                  0.0000000000000000E+000                  0.0000000000000000E+000                  6.5635405557346580E+000                  7.8494246314029884E+009                  1.1934709317916109E-006                 -9.6677461033264902E-020                 -2.9615940771079337E+000                  1.3414673275300033E+000                  1.5800279548898344E+000                  1.7305429527218250E+000 
                                     480                  2.9997985401290661E+000                  2.6423905801388214E-001                  5.8523237570103559E+000                 -3.4161199754636224E+000                  1.0569276644129474E+001                  6.9999999999760398E-001                  2.8000000000239628E-001                  1.9999999999999796E-002                  0.0000000000000000E+000                  3.8588076181831437E+008                  1.2577742501845464E+007                  1.1180569739509831E-014                  0.0000000000000000E+000                  0.0000000000000000E+000                  6.5042911355424851E+000                  7.9010781722641096E+009                  1.1884610407143815E-006                 -1.1388627841284996E-019                 -2.9625075252178314E+000                  1.3442157559286363E+000                  1.5827763832884674E+000                  1.7332913811204580E+000 
                                     481                  2.9997909549432871E+000                  2.6358718829282407E-001                  5.8565060574414733E+000                 -3.3992973589595565E+000                  1.0590207564437813E+001                  6.9999999999760398E-001                  2.8000000000239628E-001                  1.9999999999999796E-002                  0.0000000000000000E+000                  3.8545219078817677E+008                  1.2637945902521102E+007                  1.3038523563494046E-014                  0.0000000000000000E+000                  0.0000000000000000E+000                  6.4468166164528879E+000                  7.9525373111066809E+009                  1.1834352891591659E-006                 -2.8354796315382405E-020                 -2.9634277422639164E+000                  1.3469488773244558E+000                  1.5855095046842869E+000                  1.7360245025162775E+000 
                                     482                  2.9997831033659748E+000                  2.6293513248177325E-001                  5.8606606259777401E+000                 -3.3826049930669524E+000                  1.0610982084441190E+001                  6.9999999999760387E-001                  2.8000000000239639E-001                  1.9999999999999796E-002                  0.0000000000000000E+000                  3.8503366388367313E+008                  1.2698041366322786E+007                  1.5183236697494438E-014                  0.0000000000000000E+000                  0.0000000000000000E+000                  6.3911656959100638E+000                  8.0038250665978184E+009                  1.1783773123739435E-006                  0.0000000000000000E+000                 -2.9643578138386766E+000                  1.3496680600019311E+000                  1.5882286873617621E+000                  1.7387436851937528E+000 
                                     483                  2.9997749761521169E+000                  2.6228270250293706E-001                  5.8647894926607842E+000                 -3.3660366920541827E+000                  1.0631608391393787E+001                  6.9999999999760387E-001                  2.8000000000239639E-001                  1.9999999999999796E-002                  0.0000000000000000E+000                  3.8462458722935301E+008                  1.2758057109803956E+007                  1.7656550183028409E-014                  0.0000000000000000E+000                  0.0000000000000000E+000                  6.3373693799633015E+000                  8.0549644578091440E+009                  1.1732689280686599E-006                  0.0000000000000000E+000                 -2.9653012153446658E+000                  1.3523746145069149E+000                  1.5909352418667460E+000                  1.7414502396987366E+000 
                                     484                  2.9997665637401352E+000                  2.6162971845277505E-001                  5.8688946224863088E+000                 -3.3495867063329370E+000                  1.0652094172335282E+001                  6.9999999999760387E-001                  2.8000000000239633E-001                  1.9999999999999796E-002                  0.0000000000000000E+000                  3.8422417277814591E+008                  1.2818022197284488E+007                  2.0506209937640807E-014                  0.0000000000000000E+000                  0.0000000000000000E+000                  6.2854398920274086E+000                  8.1059784671937113E+009                  1.1680968761063541E-006                  0.0000000000000000E+000                 -2.9662605687600467E+000                  1.3550698307689140E+000                  1.5936304581287450E+000                  1.7441454559607357E+000 
                                     485                  2.9997578562412186E+000                  2.6097600785671587E-001                  5.8729779095319889E+000                 -3.3332496807582106E+000                  1.0672446653311704E+001                  6.9999999999760387E-001                  2.8000000000239628E-001                  1.9999999999999796E-002                  0.0000000000000000E+000                  3.8383166058969218E+008                  1.2877965364996154E+007                  2.3786685861570119E-014                  0.0000000000000000E+000                  0.0000000000000000E+000                  6.2353715306206787E+000                  8.1568898706721830E+009                  1.1628528483107696E-006                 -2.9630826908964936E-020                 -2.9672376195102337E+000                  1.3577549800599451E+000                  1.5963156074197762E+000                  1.7468306052517668E+000 
                                     486                  2.9997488434283039E+000                  2.6032140500155376E-001                  5.8770411715431150E+000                 -3.3170206132519442E+000                  1.0692672634855356E+001                  6.9999999999760387E-001                  2.8000000000239628E-001                  1.9999999999999796E-002                  0.0000000000000000E+000                  3.8344635301750439E+008                  1.2937914607237263E+007                  2.7560102385783018E-014                  0.0000000000000000E+000                  0.0000000000000000E+000                  6.1871421025810767E+000                  8.2077211005183887E+009                  1.1575326967349855E-006                 -1.1807914754097208E-019                 -2.9682333663273477E+000                  1.3604312889908750E+000                  1.5989919163507063E+000                  1.7495069141826969E+000 
                                     487                  2.9997395147246944E+000                  2.5966575034258965E-001                  5.8810861488055153E+000                 -3.3008948206020561E+000                  1.0712778524143175E+001                  6.9999999999760398E-001                  2.8000000000239628E-001                  1.9999999999999796E-002                  0.0000000000000000E+000                  3.8306761987226552E+008                  1.2997897049339266E+007                  3.1897297860332898E-014                  0.0000000000000000E+000                  0.0000000000000000E+000                  6.1407259134910808E+000                  8.2584941122854519E+009                  1.1521347810190591E-006                 -1.7646581894986073E-019                 -2.9692483562771894E+000                  1.3630999318513790E+000                  1.6016605592112101E+000                  1.7521755570432007E+000 
                                     488                  2.9997298591922958E+000                  2.5900888997268001E-001                  5.8840938565522780E+000                 -3.2888594543670364E+000                  1.0727772992815961E+001                  6.9999999999760398E-001                  2.8000000000239622E-001                  1.9999999999999796E-002                  0.0000000000000000E+000                  3.8278206497105634E+008                  1.3042693410784457E+007                  3.5554516579483790E-014                  0.0000000000000000E+000                  0.0000000000000000E+000                  6.1081741478988532E+000                  8.3088689478037233E+009                  1.1465498500881432E-006                 -3.8139305013630796E-020                 -2.9703035290594539E+000                  1.3657625408191996E+000                  1.6043231681790309E+000                  1.7548381660110213E+000 
                                     489                  2.9997248623558863E+000                  2.5867711789961878E-001                  5.8861039521572538E+000                 -3.2808702478672163E+000                  1.0737740936219774E+001                  6.9999999999760398E-001                  2.8000000000239628E-001                  1.9999999999999796E-002                  0.0000000000000000E+000                  3.8259722041661811E+008                  1.3072728850353770E+007                  3.8220619622971108E-014                  0.0000000000000000E+000                  0.0000000000000000E+000                  6.0863213453397016E+000                  8.3342634358681479E+009                  1.1436966872991770E-006                  2.5671243438335515E-019                 -2.9708445684087215E+000                  1.3671030649044495E+000                  1.6056636922642809E+000                  1.7561786900962715E+000 
                                     490                  2.9997198655194772E+000                  2.5835065188307910E-001                  5.8891280383600888E+000                 -3.2689357629931619E+000                  1.0752654053600358E+001                  6.9999999999760387E-001                  2.8000000000239633E-001                  1.9999999999999796E-002                  0.0000000000000000E+000                  3.8232823437037581E+008                  1.3118063736256825E+007                  4.2597584741656184E-014                  0.0000000000000000E+000                  0.0000000000000000E+000                  6.0532988703541291E+000                  8.3595850586497288E+009                  1.1409792711447612E-006                  3.9373865189428017E-019                 -2.9713611227993160E+000                  1.3684190314323446E+000                  1.6069796587921756E+000                  1.7574946566241663E+000 
                                     491                  2.9997095220085139E+000                  2.5769093844836466E-001                  5.8931279786543955E+000                 -3.2530945855672293E+000                  1.0772434593729946E+001                  6.9999999999760398E-001                  2.8000000000239633E-001                  1.9999999999999685E-002                  0.0000000000000000E+000                  3.8196687336188138E+008                  1.3178293015630057E+007                  4.9157583210293993E-014                  0.0000000000000000E+000                  0.0000000000000000E+000                  6.0123261499796845E+000                  8.4106790165859747E+009                  1.1354321403959810E-006                  2.9518066665354397E-019                 -2.9724194082352127E+000                  1.3710706707302762E+000                  1.6096312980901073E+000                  1.7601462959220979E+000 
                                     492                  2.9996988165626326E+000                  2.5702958666625619E-001                  5.8961055729103267E+000                 -3.2412654373323218E+000                  1.0787195983875808E+001                  6.9999999999760387E-001                  2.8000000000239639E-001                  1.9999999999999796E-002                  0.0000000000000000E+000                  3.8169406059192002E+008                  1.3223326701207032E+007                  5.4680993907653366E-014                  0.0000000000000000E+000                  0.0000000000000000E+000                  5.9838094988255586E+000                  8.4610729885191326E+009                  1.1295635939722686E-006                  1.9753904450045726E-019                 -2.9735446567260504E+000                  1.3737195960089801E+000                  1.6122802233688112E+000                  1.7627952212008018E+000 
                                     493                  2.9996932766176392E+000                  2.5669539341846781E-001                  5.8980966876338954E+000                 -3.2334100422890675E+000                  1.0797013256244258E+001                  6.9999999999760387E-001                  2.8000000000239644E-001                  1.9999999999999685E-002                  0.0000000000000000E+000                  3.8151708238599974E+008                  1.3253539859199736E+007                  5.8702929023477676E-014                  0.0000000000000000E+000                  0.0000000000000000E+000                  5.9647353391645215E+000                  8.4865005620101538E+009                  1.1265547269034778E-006                  2.0824685911259674E-019                 -2.9741238529177538E+000                  1.3750543236909225E+000                  1.6136149510507536E+000                  1.7641299488827442E+000 
                                     494                  2.9996877366726462E+000                  2.5636643803221676E-001                  5.9010939235623319E+000                 -3.2216710584767796E+000                  1.0811707138526277E+001                  6.9999999999760387E-001                  2.8000000000239639E-001                  1.9999999999999796E-002                  0.0000000000000000E+000                  3.8125891119752741E+008                  1.3299171474836523E+007                  6.5298393100805230E-014                  0.0000000000000000E+000                  0.0000000000000000E+000                  5.9360285842366229E+000                  8.5118680171359539E+009                  1.1236655161145944E-006                  3.5793695087194284E-019                 -2.9746814734422724E+000                  1.3763653727432092E+000                  1.6149260001030405E+000                  1.7654409979350312E+000 
                                     495                  2.9996762694031074E+000                  2.5570140490317633E-001                  5.9040572017743678E+000                 -3.2099665193445079E+000                  1.0826331739933488E+001                  6.9999999999760376E-001                  2.8000000000239633E-001                  1.9999999999999907E-002                  0.0000000000000000E+000                  3.8099315716858447E+008                  1.3344455911733394E+007                  7.2550065767433674E-014                  0.0000000000000000E+000                  0.0000000000000000E+000                  5.9103131922318211E+000                  8.5627462304448881E+009                  1.1176541814337540E-006                  4.7616590076215454E-019                 -2.9758462763677795E+000                  1.3790097278160034E+000                  1.6175703551758345E+000                  1.7680853530078251E+000 
                                     496                  2.9996703353905825E+000                  2.5536525790774073E-001                  5.9070615812669427E+000                 -3.1982510076370883E+000                  1.0841010596187459E+001                  6.9999999999760387E-001                  2.8000000000239633E-001                  1.9999999999999796E-002                  0.0000000000000000E+000                  3.8073829579582131E+008                  1.3390553553574340E+007                  8.0681189718255378E-014                  0.0000000000000000E+000                  0.0000000000000000E+000                  5.8835109560824392E+000                  8.5884348179126968E+009                  1.1145729805359926E-006                  3.1690858395124459E-019                 -2.9764457446567554E+000                  1.3803427837778317E+000                  1.6189034111376628E+000                  1.7694184089696534E+000 
                                     497                  2.9996582600721764E+000                  2.5469711401495398E-001                  5.9099995624241872E+000                 -3.1867007960539686E+000                  1.0855457380723632E+001                  6.9999999999760387E-001                  2.8000000000239633E-001                  1.9999999999999796E-002                  0.0000000000000000E+000                  3.8047926221478456E+008                  1.3435800258991849E+007                  8.9515875736038095E-014                  0.0000000000000000E+000                  0.0000000000000000E+000                  5.8596848459408601E+000                  8.6394433231412563E+009                  1.1084260915401880E-006                  7.8964792002085368E-020                 -2.9776466298973747E+000                  1.3829862099553278E+000                  1.6215468373151589E+000                  1.7720618351471495E+000 
                                     498                  2.9996521187662948E+000                  2.5436508006934194E-001                  5.9129797319884174E+000                 -3.1751362763474806E+000                  1.0869962799625826E+001                  6.9999999999760387E-001                  2.8000000000239633E-001                  1.9999999999999796E-002                  0.0000000000000000E+000                  3.8023091216258389E+008                  1.3481879215465723E+007                  9.9412779164712706E-014                  0.0000000000000000E+000                  0.0000000000000000E+000                  5.8345866462421885E+000                  8.6647752226120300E+009                  1.1053620114035860E-006                  0.0000000000000000E+000                 -2.9782477325699461E+000                  1.3842964999442817E+000                  1.6228571273041128E+000                  1.7733721251361036E+000 
                                     499                  2.9996394072661623E+000                  2.5369355986975928E-001                  5.9169294298387571E+000                 -3.1597726238405675E+000                  1.0889223873430462E+001                  6.9999999999760387E-001                  2.8000000000239639E-001                  1.9999999999999796E-002                  0.0000000000000000E+000                  3.7989721888776326E+008                  1.3543218792352103E+007                  1.1421181678182778E-013                  0.0000000000000000E+000                  0.0000000000000000E+000                  5.8032804282363255E+000                  8.7163294485166168E+009                  1.0993060987612763E-006                 -3.0102885273995006E-020                 -2.9794406813163481E+000                  1.3869399402193541E+000                  1.6255005675791854E+000                  1.7760155654111760E+000 
                                     500                  2.9996262520898407E+000                  2.5301963192503785E-001                  5.9208744953450294E+000                 -3.1444779723260194E+000                  1.0908412608976612E+001                  6.9999999999760387E-001                  2.8000000000239639E-001                  1.9999999999999796E-002                  0.0000000000000000E+000                  3.7956770204894203E+008                  1.3604799956869900E+007                  1.3113379432804262E-013                  0.0000000000000000E+000                  0.0000000000000000E+000                  5.7727968261618416E+000                  8.7676517051974449E+009                  1.0931946181459964E-006                 -1.2002490228084042E-019                 -2.9806512575142259E+000                  1.3895847483442498E+000                  1.6281453757040809E+000                  1.7786603735360715E+000 
                                     501                  2.9996126379471200E+000                  2.5234317833105979E-001                  5.9248154953035819E+000                 -3.1292492971869130E+000                  1.0927532550199615E+001                  6.9999999999760387E-001                  2.8000000000239644E-001                  1.9999999999999685E-002                  0.0000000000000000E+000                  3.7924213163606930E+008                  1.3666631474546326E+007                  1.5047464766100310E-013                  0.0000000000000000E+000                  0.0000000000000000E+000                  5.7428914949483234E+000                  8.8191125961925316E+009                  1.0871846656182476E-006                 -1.4933529721527364E-019                 -2.9818483409065188E+000                  1.3922310105906348E+000                  1.6307916379504661E+000                  1.7813066357824567E+000 
                                     502                  2.9995985490286476E+000                  2.5166408415049213E-001                  5.9287528496170445E+000                 -3.1140835910888782E+000                  1.0946587071927846E+001                  6.9999999999760387E-001                  2.8000000000239633E-001                  1.9999999999999796E-002                  0.0000000000000000E+000                  3.7892057571494251E+008                  1.3728717516843200E+007                  1.7257018551376714E-013                  0.0000000000000000E+000                  0.0000000000000000E+000                  5.7134101037887710E+000                  8.8707154195228405E+009                  1.0813128538038981E-006                 -2.9262819323991066E-020                 -2.9830243172124282E+000                  1.3948790224766678E+000                  1.6334396498364991E+000                  1.7839546476684898E+000 
                                     503                  2.9995839689886274E+000                  2.5098223740654596E-001                  5.9326869962358399E+000                 -3.0989780283742316E+000                  1.0965579390159686E+001                  6.9999999999760376E-001                  2.8000000000239644E-001                  1.9999999999999796E-002                  0.0000000000000000E+000                  3.7860313840717953E+008                  1.3791062587692581E+007                  1.9780190918897649E-013                  0.0000000000000000E+000                  0.0000000000000000E+000                  5.6845910498837435E+000                  8.9224623615195751E+009                  1.0755621318025570E-006                  5.9895743028042223E-020                 -2.9841822483706575E+000                  1.3975290046464068E+000                  1.6360896320062379E+000                  1.7866046298382285E+000 
                                     504                  2.9995688809269510E+000                  2.5029752882264339E-001                  5.9366185614763083E+000                 -3.0839301364600322E+000                  1.0984512571597133E+001                  6.9999999999760365E-001                  2.8000000000239650E-001                  1.9999999999999796E-002                  0.0000000000000000E+000                  3.7828995989377749E+008                  1.3853674689537341E+007                  2.2660407461390206E-013                  0.0000000000000000E+000                  0.0000000000000000E+000                  5.6567755720955555E+000                  8.9743581254353867E+009                  1.0698602669889366E-006                 -3.0547878079307637E-020                 -2.9853364706146301E+000                  1.4001812323361140E+000                  1.6387418596959453E+000                  1.7892568575279360E+000 
                                     505                  2.9995532673707492E+000                  2.4960985128874805E-001                  5.9405483886794768E+000                 -3.0689378168188495E+000                  1.1003389542550019E+001                  6.9999999999760376E-001                  2.8000000000239655E-001                  1.9999999999999685E-002                  0.0000000000000000E+000                  3.7798121695084089E+008                  1.3916565907480996E+007                  2.5947149810255326E-013                  0.0000000000000000E+000                  0.0000000000000000E+000                  5.6302931856075160E+000                  9.0264121710594902E+009                  1.0641258069371218E-006                 -1.8015265491366343E-019                 -2.9865035121348233E+000                  1.4028360939365141E+000                  1.6413967212963452E+000                  1.7919117191283360E+000 
                                     506                  2.9995371102553436E+000                  2.4891909928472158E-001                  5.9444775274105748E+000                 -3.0539993255947384E+000                  1.1022213097274625E+001                  6.9999999999760398E-001                  2.8000000000239628E-001                  1.9999999999999796E-002                  0.0000000000000000E+000                  3.7767716420886713E+008                  1.3979752089128694E+007                  2.9696844669740720E-013                  0.0000000000000000E+000                  0.0000000000000000E+000                  5.6054639915544415E+000                  9.0786390225676956E+009                  1.0582809075812647E-006                 -1.1914538359515660E-019                 -2.9876995194491927E+000                  1.4054940932829370E+000                  1.6440547206427680E+000                  1.7945697184747587E+000 
                                     507                  2.9995203909045745E+000                  2.4822516832294894E-001                  5.9484072246335948E+000                 -3.0391132574419490E+000                  1.1040985905785343E+001                  6.9999999999760376E-001                  2.8000000000239655E-001                  1.9999999999999685E-002                  0.0000000000000000E+000                  3.7737824095987076E+008                  1.4043252143770155E+007                  3.3973895360928903E-013                  0.0000000000000000E+000                  0.0000000000000000E+000                  5.5826012371040976E+000                  9.1310581827964153E+009                  1.0522505267098256E-006                  9.0447562038372267E-020                 -2.9889404240956892E+000                  1.4081558317887379E+000                  1.6467164591485690E+000                  1.7972314569805596E+000 
                                     508                  2.9995030900105162E+000                  2.4752795440516728E-001                  5.9523389079541307E+000                 -3.0242785172459783E+000                  1.1059710521176829E+001                  6.9999999999760365E-001                  2.8000000000239667E-001                  1.9999999999999685E-002                  0.0000000000000000E+000                  3.7708497249621505E+008                  1.4107088161984496E+007                  3.8851872852853597E-013                  0.0000000000000000E+000                  0.0000000000000000E+000                  5.5619848197694006E+000                  9.1836939371530685E+009                  1.0459650141722174E-006                  1.1951706599109182E-019                 -2.9902414208347823E+000                  1.4108219974903176E+000                  1.6493826248501486E+000                  1.7998976226821393E+000 
                                     509                  2.9994851876125495E+000                  2.4682735351255741E-001                  5.9562740169715696E+000                 -3.0094941330949281E+000                  1.1078389386504773E+001                  6.9999999999760365E-001                  2.8000000000239655E-001                  1.9999999999999796E-002                  0.0000000000000000E+000                  3.7679788334900868E+008                  1.4171282791913664E+007                  4.4414741878163790E-013                  0.0000000000000000E+000                  0.0000000000000000E+000                  5.5434441181412746E+000                  9.2365733226712322E+009                  1.0394099388887425E-006                  2.9792470709140050E-020                 -2.9916065673740992E+000                  1.4134933257332667E+000                  1.6520539530930978E+000                  1.8025689509250886E+000 
                                     510                  2.9994666630757543E+000                  2.4612326138658988E-001                  5.9602137260899823E+000                 -2.9947589553123275E+000                  1.1097024841225849E+001                  6.9999999999760332E-001                  2.8000000000239678E-001                  1.9999999999999907E-002                  0.0000000000000000E+000                  3.7651739784226984E+008                  1.4235854637687031E+007                  5.0758053811564841E-013                  0.0000000000000000E+000                  0.0000000000000000E+000                  5.5264673207057093E+000                  9.2897211118277912E+009                  1.0326619029889514E-006                 -9.0288987008083558E-020                 -2.9930209223479070E+000                  1.4161704882278603E+000                  1.6547311155876916E+000                  1.8052461134196822E+000 
                                     511                  2.9994474950686154E+000                  2.4541557379622556E-001                  5.9641588306442301E+000                 -2.9800715309676833E+000                  1.1115619127153522E+001                  6.9999999999760310E-001                  2.8000000000239711E-001                  1.9999999999999796E-002                  0.0000000000000000E+000                  3.7624378218606943E+008                  1.4300816587429173E+007                  5.7990317450667845E-013                  0.0000000000000000E+000                  0.0000000000000000E+000                  5.5105507664250206E+000                  9.3431552953365135E+009                  1.0258358094961728E-006                 -2.3982070255798845E-019                 -2.9944610724074345E+000                  1.4188539978261692E+000                  1.6574146251860002E+000                  1.8079296230179909E+000 
                                     512                  2.9994276615399977E+000                  2.4470418702070876E-001                  5.9681097619979386E+000                 -2.9654301173364210E+000                  1.1134174393931836E+001                  6.9999999999760310E-001                  2.8000000000239705E-001                  1.9999999999999796E-002                  0.0000000000000000E+000                  3.7597710156117857E+008                  1.4366176597258106E+007                  6.6234613495638538E-013                  0.0000000000000000E+000                  0.0000000000000000E+000                  5.4952053255153883E+000                  9.3968858110254288E+009                  1.0190431173256485E-006                 -1.7907171762660293E-019                 -2.9959037199592777E+000                  1.4215441974070415E+000                  1.6601048247668728E+000                  1.8106198225988634E+000 
                                     513                  2.9994071396953812E+000                  2.4398899832693119E-001                  5.9720666039716308E+000                 -2.9508326923054216E+000                  1.1152692704064485E+001                  6.9999999999760310E-001                  2.8000000000239711E-001                  1.9999999999999796E-002                  0.0000000000000000E+000                  3.7571731741124737E+008                  1.4431936835149482E+007                  7.5630377239744814E-013                  0.0000000000000000E+000                  0.0000000000000000E+000                  5.4799544556906934E+000                  9.4509147010476494E+009                  1.0123911272132360E-006                  8.9933307120941605E-020                 -2.9973258348679228E+000                  1.4242412624753602E+000                  1.6628018898351915E+000                  1.8133168876671821E+000 
                                     514                  2.9993859059723320E+000                  2.4326990644681992E-001                  5.9760371502914769E+000                 -2.9362480440817760E+000                  1.1171212939826505E+001                  6.9999999999760298E-001                  2.8000000000239722E-001                  1.9999999999999796E-002                  0.0000000000000000E+000                  3.7546385692353797E+008                  1.4498228183853220E+007                  8.6358402737791408E-013                  0.0000000000000000E+000                  0.0000000000000000E+000                  5.4642958345718329E+000                  9.5052391970558453E+009                  1.0059835999730499E-006                  2.6836121626810826E-019                 -2.9987045496496201E+000                  1.4269451851981700E+000                  1.6655058125580013E+000                  1.8160208103899917E+000 
                                     515                  2.9993638479059999E+000                  2.4254395331136724E-001                  5.9800337354797684E+000                 -2.9216269378115638E+000                  1.1189796490274825E+001                  6.9999999999760287E-001                  2.8000000000239733E-001                  1.9999999999999796E-002                  0.0000000000000000E+000                  3.7521579562750179E+008                  1.4565259870316528E+007                  9.8648672775687070E-013                  0.0000000000000000E+000                  0.0000000000000000E+000                  5.4478850017639164E+000                  9.5600643923297234E+009                  9.9987778828185048E-007                  2.0826144388817754E-019                 -3.0000265395591637E+000                  1.4296664992341777E+000                  1.6682271265940085E+000                  1.8187421244259991E+000 
                                     516                  2.9993408721078310E+000                  2.4180913190600248E-001                  5.9840629673339611E+000                 -2.9069412838360247E+000                  1.1208477927770662E+001                  6.9999999999760276E-001                  2.8000000000239744E-001                  1.9999999999999796E-002                  0.0000000000000000E+000                  3.7497259129441369E+008                  1.4633148418107402E+007                  1.1275946623696974E-012                  0.0000000000000000E+000                  0.0000000000000000E+000                  5.4307152352387993E+000                  9.6155147890187874E+009                  9.9408436053976535E-007                  8.8475955474952869E-020                 -3.0012883793494827E+000                  1.4324119704942913E+000                  1.6709725978541223E+000                  1.8214875956861130E+000 
                                     517                  2.9993169106494157E+000                  2.4106447195972150E-001                  5.9881260880997234E+000                 -2.8921830248949676E+000                  1.1227266482291226E+001                  6.9999999999760254E-001                  2.8000000000239761E-001                  1.9999999999999796E-002                  0.0000000000000000E+000                  3.7473390941072303E+008                  1.4701923086974872E+007                  1.2897580709971135E-012                  0.0000000000000000E+000                  0.0000000000000000E+000                  5.4128429340027360E+000                  9.6716351270912399E+009                  9.8858196119681641E-007                  8.7231061724160989E-020                 -3.0024936592197156E+000                  1.4351844262821316E+000                  1.6737450536419629E+000                  1.8242600514739535E+000 
                                     518                  2.9992919211728823E+000                  2.4030991425090675E-001                  5.9922160118514514E+000                 -2.8773742950658181E+000                  1.1246132932061705E+001                  6.9999999999760232E-001                  2.8000000000239783E-001                  1.9999999999999796E-002                  0.0000000000000000E+000                  3.7449989127544248E+008                  1.4771471840169542E+007                  1.4758969721932444E-012                  0.0000000000000000E+000                  0.0000000000000000E+000                  5.3943725630013928E+000                  9.7284005582596951E+009                  9.8335097220004399E-007                  5.8469498088061483E-020                 -3.0036457242552710E+000                  1.4379833226870211E+000                  1.6765439500468522E+000                  1.8270589478788428E+000 
                                     519                  2.9992659340364174E+000                  2.3954755378683143E-001                  5.9963435144816559E+000                 -2.8624749501217233E+000                  1.1265128090008938E+001                  6.9999999999760210E-001                  2.8000000000239811E-001                  1.9999999999999796E-002                  0.0000000000000000E+000                  3.7426990275548899E+008                  1.4841986158755181E+007                  1.6902415774117979E-012                  0.0000000000000000E+000                  0.0000000000000000E+000                  5.3753104411490549E+000                  9.7856353533290100E+009                  9.7838630279561052E-007                 -2.8049857450707536E-020                 -3.0047448179807357E+000                  1.4408001810044284E+000                  1.6793608083642595E+000                  1.8298758061962501E+000 
                                     520                  2.9992386846975037E+000                  2.3877100829218109E-001                  6.0004954663586023E+000                 -2.8475265095531368E+000                  1.1284197317928651E+001                  6.9999999999760187E-001                  2.8000000000239839E-001                  1.9999999999999796E-002                  0.0000000000000000E+000                  3.7404431113298434E+008                  1.4913249180455454E+007                  1.9364316142400853E-012                  2.3393416702343474E-038                  0.0000000000000000E+000                  5.3558368419199232E+000                  9.8437849915221100E+009                  9.7362355609897981E-007                  5.7761102673231358E-020                 -3.0058044636091865E+000                  1.4436578356323151E+000                  1.6822184629921462E+000                  1.8327334608241368E+000 
                                     521                  2.9992104932065899E+000                  2.3799061065271668E-001                  6.0046444582003238E+000                 -2.8326270141955261E+000                  1.1303215355306778E+001                  6.9999999999760154E-001                  2.8000000000239861E-001                  1.9999999999999796E-002                  0.0000000000000000E+000                  3.7382460487520081E+008                  1.4984793787658377E+007                  2.2173094681392352E-012                  3.7160706017466193E-038                  0.0000000000000000E+000                  5.3361423134537453E+000                  9.9020465991057606E+009                  9.6910058873913427E-007                  1.7136621918742885E-019                 -3.0068155712955158E+000                  1.4465176287208059E+000                  1.6850782560806370E+000                  1.8355932539126276E+000 
                                     522                  2.9991813274573396E+000                  2.3720624478809174E-001                  6.0087904918530786E+000                 -2.8177737246275352E+000                  1.1322184897257278E+001                  6.9999999999760110E-001                  2.8000000000239900E-001                  1.9999999999999907E-002                  0.0000000000000000E+000                  3.7361038990034062E+008                  1.5056621633958174E+007                  2.5376094383028683E-012                  5.8955787251406657E-038                  0.0000000000000000E+000                  5.3163043969719288E+000                  9.9604223957704468E+009                  9.6479335414149780E-007                 -9.2308648364683593E-022                 -3.0077828483884543E+000                  1.4493796468683724E+000                  1.6879402742282035E+000                  1.8384552720601941E+000 
                                     523                  2.9991511542689424E+000                  2.3641779747688546E-001                  6.0129336260227992E+000                 -2.8029640816906705E+000                  1.1341108521580811E+001                  6.9999999999760087E-001                  2.8000000000239939E-001                  1.9999999999999796E-002                  0.0000000000000000E+000                  3.7340130332900423E+008                  1.5128735444369711E+007                  2.9026959248138333E-012                  9.3367928383778740E-038                  0.0000000000000000E+000                  5.2963891422734317E+000                  1.0018904927877958E+010                  9.6067849427506028E-007                 -1.7142105992672360E-019                 -3.0087109656475084E+000                  1.4522440436665842E+000                  1.6908046710264155E+000                  1.8413196688584061E+000 
                                     524                  2.9991199393510408E+000                  2.3562515808731571E-001                  6.0170739666038955E+000                 -2.7881956893843185E+000                  1.1359988695236943E+001                  6.9999999999760054E-001                  2.8000000000239983E-001                  1.9999999999999574E-002                  0.0000000000000000E+000                  3.7319705163265711E+008                  1.5201138517078947E+007                  3.3186456760114049E-012                  1.4760738221266540E-037                  0.0000000000000000E+000                  5.2764531205872727E+000                  1.0077488056794962E+010                  9.5673569742590647E-007                  8.3511075808598824E-022                 -3.0096040107369597E+000                  1.4551109930104476E+000                  1.6936716203702786E+000                  1.8441866182022693E+000 
                                     525                  2.9990876472675398E+000                  2.3482821833457770E-001                  6.0212116584959858E+000                 -2.7734662998865462E+000                  1.1378827780402691E+001                  6.9999999999759988E-001                  2.8000000000240027E-001                  1.9999999999999796E-002                  0.0000000000000000E+000                  3.7299740803102982E+008                  1.5273834599048415E+007                  3.7923406155276797E-012                  2.3295352991908326E-037                  0.0000000000000000E+000                  5.2565445196823406E+000                  1.0136166761608603E+010                  9.5294718558593216E-007                  2.8619011986450185E-019                 -3.0104655841216510E+000                  1.4579806798245905E+000                  1.6965413071844215E+000                  1.8470563050164124E+000 
                                     526                  2.9990542413992713E+000                  2.3402687206125614E-001                  6.0253468784647000E+000                 -2.7587737996725563E+000                  1.1397628040148858E+001                  6.9999999999759932E-001                  2.8000000000240094E-001                  1.9999999999999796E-002                  0.0000000000000000E+000                  3.7280212046736038E+008                  1.5346828389167741E+007                  4.3315725787657569E-012                  3.6702390123237032E-037                  0.0000000000000000E+000                  5.2367041315733456E+000                  1.0194936963335306E+010                  9.4929757123791232E-007                  3.7119717895002513E-019                 -3.0112988151301852E+000                  1.4608533051741679E+000                  1.6994139325339990E+000                  1.8499289303659896E+000 
                                     527                  2.9990196839054710E+000                  2.3322101503916479E-001                  6.0294798289326330E+000                 -2.7441161973032835E+000                  1.1416391643762635E+001                  6.9999999999759854E-001                  2.8000000000240161E-001                  1.9999999999999796E-002                  0.0000000000000000E+000                  3.7261083821766281E+008                  1.5420126004475469E+007                  4.9451614585113136E-012                  5.7729404473525526E-037                  0.0000000000000000E+000                  5.2169662364590268E+000                  1.0253795367003130E+010                  9.4577387768241857E-007                  2.2798319687846544E-019                 -3.0121063426941563E+000                  1.4637290997072940E+000                  1.7022897270671251E+000                  1.8528047248991157E+000 
                                     528                  2.9989839356840307E+000                  2.3241054478984563E-001                  6.0336107325924431E+000                 -2.7294916134344773E+000                  1.1435120671741025E+001                  6.9999999999759777E-001                  2.8000000000240233E-001                  1.9999999999999907E-002                  0.0000000000000000E+000                  3.7242323229669201E+008                  1.5493734012040591E+007                  5.6430884423099671E-012                  9.0655042417791068E-037                  0.0000000000000000E+000                  5.1973593863881833E+000                  1.0312739336392876E+010                  9.4236520772104354E-007                 -4.5142000553590829E-022                 -3.0128903782424583E+000                  1.4666083163579784E+000                  1.7051689437178095E+000                  1.8556839415498003E+000 
                                     529                  2.9989469563305020E+000                  2.3159536042009615E-001                  6.0377398277472905E+000                 -2.7148982711367649E+000                  1.1453817120464597E+001                  6.9999999999759699E-001                  2.8000000000240316E-001                  1.9999999999999796E-002                  0.0000000000000000E+000                  3.7223901263766152E+008                  1.5567659230234822E+007                  6.4366462591924601E-012                  1.4213268003571238E-036                  0.0000000000000000E+000                  5.1779071183223637E+000                  1.0371766786988817E+010                  9.3906226267926075E-007                 -1.7147812783739122E-019                 -3.0136528058682313E+000                  1.4694912134180003E+000                  1.7080518407778313E+000                  1.8585668386098220E+000 
                                     530                  2.9989087040958542E+000                  2.3077536247331490E-001                  6.0418673642986684E+000                 -2.7003344871067947E+000                  1.1472482906558328E+001                  6.9999999999759599E-001                  2.8000000000240416E-001                  1.9999999999999796E-002                  0.0000000000000000E+000                  3.7205792698520958E+008                  1.5641908640479270E+007                  7.3386085695069629E-012                  2.2249395549192979E-036                  0.0000000000000000E+000                  5.1586285972250581E+000                  1.0430876082246523E+010                  9.3585711018135660E-007                 -1.7100497083031312E-019                 -3.0143952278729320E+000                  1.4723780504712245E+000                  1.7109386778310556E+000                  1.8614536756630462E+000 
                                     531                  2.9988691358429849E+000                  2.2995045279567156E-001                  6.0459936003173240E+000                 -2.6857986627423927E+000                  1.1491119870972270E+001                  6.9999999999759488E-001                  2.8000000000240521E-001                  1.9999999999999907E-002                  0.0000000000000000E+000                  3.7187973715066367E+008                  1.5716489332403187E+007                  8.3634209240106262E-012                  3.4776036785161073E-036                  0.0000000000000000E+000                  5.1395392064276857E+000                  1.0490065928466248E+010                  9.3274300834878861E-007                 -1.1407242587770909E-019                 -3.0151189988288629E+000                  1.4752690864401534E+000                  1.7138297137999847E+000                  1.8643447116319753E+000 
                                     532                  2.9988282070018863E+000                  2.2912053441641092E-001                  6.0501187991369525E+000                 -2.6712892770753855E+000                  1.1509729782818246E+001                  6.9999999999759366E-001                  2.8000000000240644E-001                  1.9999999999999907E-002                  0.0000000000000000E+000                  3.7170419678957117E+008                  1.5791408614392983E+007                  9.5274159732576235E-012                  5.4274376994928054E-036                  0.0000000000000000E+000                  5.1206510689179217E+000                  1.0549335280970585E+010                  9.2971429117032417E-007                 -1.4265011768457688E-019                 -3.0158252466003868E+000                  1.4781645803863122E+000                  1.7167252077461432E+000                  1.8672402055781339E+000 
                                     533                  2.9987858715234150E+000                  2.2828551143879822E-001                  6.0542432251543001E+000                 -2.6568048799149433E+000                  1.1528314342983080E+001                  6.9999999999759233E-001                  2.8000000000240793E-001                  1.9999999999999796E-002                  0.0000000000000000E+000                  3.7153106007695788E+008                  1.5866674021657690E+007                  1.0849055549661485E-011                  8.4581936630369709E-036                  0.0000000000000000E+000                  5.1019690084438594E+000                  1.0608683266904512E+010                  9.2676681400434715E-007                 -5.6660989905018798E-020                 -3.0165147629874429E+000                  1.4810647932049088E+000                  1.7196254205647399E+000                  1.8701404183967305E+000 
                                     534                  2.9987420818316282E+000                  2.2744528894152125E-001                  6.0583671341806467E+000                 -2.6423440782410044E+000                  1.1546875187534038E+001                  6.9999999999759077E-001                  2.8000000000240932E-001                  1.9999999999999907E-002                  0.0000000000000000E+000                  3.7136008589224195E+008                  1.5942293119570063E+007                  1.2349201652815921E-011                  1.3162638862440607E-035                  0.0000000000000000E+000                  5.0834805501272786E+000                  1.0668109020153225E+010                  9.2389963934994448E-007                  1.7121732356181938E-019                 -3.0171876012101579E+000                  1.4839699850915340E+000                  1.7225306124513651E+000                  1.8730456102833557E+000 
                                     535                  2.9986967887746303E+000                  2.2659977290403599E-001                  6.0624907661267269E+000                 -2.6279055251279728E+000                  1.1565413890928891E+001                  6.9999999999758888E-001                  2.8000000000241126E-001                  1.9999999999999796E-002                  0.0000000000000000E+000                  3.7119103999665862E+008                  1.6018273295130873E+007                  1.4051420898586300E-011                  2.0455237708350607E-035                  0.0000000000000000E+000                  5.0651717289380471E+000                  1.0727611454667929E+010                  9.2111430138188084E-007                  3.1320724287365748E-019                 -3.0178432373557844E+000                  1.4868804100702078E+000                  1.7254410374300388E+000                  1.8759560352620295E+000 
                                     536                  2.9986499415739032E+000                  2.2574887015172806E-001                  6.0666143458355402E+000                 -2.6134879163991100E+000                  1.1583931969041991E+001                  6.9999999999758689E-001                  2.8000000000241337E-001                  1.9999999999999796E-002                  0.0000000000000000E+000                  3.7102375248965830E+008                  1.6094621119209541E+007                  1.5982328516850531E-011                  3.1744986636992649E-035                  0.0000000000000000E+000                  5.0470311029917552E+000                  1.0787189153926224E+010                  9.1841213697679453E-007                  3.1288149370006376E-019                 -3.0184811928153743E+000                  1.4897963047879068E+000                  1.7283569321477379E+000                  1.8788719299797285E+000 
                                     537                  2.9986014877720475E+000                  2.2489248830636341E-001                  6.0707380854218984E+000                 -2.5990899904389950E+000                  1.1602430882019505E+001                  6.9999999999758455E-001                  2.8000000000241565E-001                  1.9999999999999796E-002                  0.0000000000000000E+000                  3.7085809037081468E+008                  1.6171342630293388E+007                  1.8171975836211467E-011                  4.9200209113586053E-035                  0.0000000000000000E+000                  5.0290494902788998E+000                  1.0846840388730331E+010                  9.1579372456731035E-007                  2.2732938541621477E-019                 -3.0191011683901436E+000                  1.4927178839448434E+000                  1.7312785113046745E+000                  1.8817935091366651E+000 
                                     538                  2.9985513731789100E+000                  2.2403053573566992E-001                  6.0748621863512122E+000                 -2.5847105285377840E+000                  1.1620912036975668E+001                  6.9999999999758200E-001                  2.8000000000241815E-001                  1.9999999999999796E-002                  0.0000000000000000E+000                  3.7069390628623420E+008                  1.6248443916017191E+007                  2.0654286293359226E-011                  7.6153776568115486E-035                  0.0000000000000000E+000                  5.0112197241463932E+000                  1.0906563178025909E+010                  9.1325913213659665E-007                  1.4200906034859496E-019                 -3.0197029881828774E+000                  1.4956453523376261E+000                  1.7342059796974572E+000                  1.8847209775294478E+000 
                                     539                  2.9984995418160327E+000                  2.2316292150087044E-001                  6.0789868412817523E+000                 -2.5703483542801195E+000                  1.1639376790527598E+001                  6.9999999999757923E-001                  2.8000000000242115E-001                  1.9999999999999574E-002                  0.0000000000000000E+000                  3.7053104281005800E+008                  1.6325931152026029E+007                  2.3467546042066518E-011                  1.1772253745395026E-034                  0.0000000000000000E+000                  4.9935364407715728E+000                  1.0966355342521982E+010                  9.1080810370479260E-007                  1.9893605543497618E-019                 -3.0202865570024162E+000                  1.4985789134941450E+000                  1.7371395408539760E+000                  1.8876545386859667E+000 
                                     540                  2.9984459358594653E+000                  2.2228955530527264E-001                  6.0831122356937923E+000                 -2.5560023327877279E+000                  1.1657826451160043E+001                  6.9999999999757578E-001                  2.8000000000242442E-001                  1.9999999999999796E-002                  0.0000000000000000E+000                  3.7036934153340530E+008                  1.6403810527192447E+007                  2.6654955911473985E-011                  1.8175316036576308E-034                  0.0000000000000000E+000                  4.9759958876930588E+000                  1.1026214542105930E+010                  9.0844009010643372E-007                  3.6907007428342065E-019                 -3.0208518541527143E+000                  1.5015187692600305E+000                  1.7400793966198618E+000                  1.8905943944518522E+000 
                                     541                  2.9983904955809364E+000                  2.2141034744471466E-001                  6.0872385493313237E+000                 -2.5416713693457154E+000                  1.1676262281439982E+001                  6.9999999999757190E-001                  2.8000000000242820E-001                  1.9999999999999907E-002                  0.0000000000000000E+000                  3.7020872306845748E+008                  1.6482087511737674E+007                  3.0265252354975954E-011                  2.8026486566609960E-034                  0.0000000000000000E+000                  4.9585957559377434E+000                  1.1086138300848917E+010                  9.0615410540024939E-007                  4.5371957870983987E-019                 -3.0213989688030694E+000                  1.5044651093366124E+000                  1.7430257366964437E+000                  1.8935407345284343E+000 
                                     542                  2.9983331592872635E+000                  2.2052520875974238E-001                  6.0913659574777208E+000                 -2.5273544088537929E+000                  1.1694685500109349E+001                  6.9999999999756768E-001                  2.8000000000243258E-001                  1.9999999999999796E-002                  0.0000000000000000E+000                  3.7004914105114198E+008                  1.6560767272185292E+007                  3.4353405847062077E-011                  4.3164775881211474E-034                  0.0000000000000000E+000                  4.9413350189402916E+000                  1.1146124032248947E+010                  9.0394868921922086E-007                  4.8177965220466174E-019                 -3.0219281103272491E+000                  1.5074181071552968E+000                  1.7459787345151279E+000                  1.8964937323471185E+000 
                                     543                  2.9982738632579284E+000                  2.1963405058735608E-001                  6.0954946320786032E+000                 -2.5130504353181173E+000                  1.1713097284068562E+001                  6.9999999999756291E-001                  2.8000000000243724E-001                  1.9999999999999796E-002                  0.0000000000000000E+000                  3.6989053684540766E+008                  1.6639855115863586E+007                  3.8981406338588555E-011                  6.6400905292750732E-034                  0.0000000000000000E+000                  4.9242137850153354E+000                  1.1206169073568447E+010                  9.0182213242509091E-007                  5.0971405950259804E-019                 -3.0224395552442989E+000                  1.5103779315102841E+000                  1.7489385588701152E+000                  1.8994535567021058E+000 
                                     544                  2.9982125416807652E+000                  2.1873678471222305E-001                  6.0996247427277925E+000                 -2.4987584709810107E+000                  1.1731498770259076E+001                  6.9999999999755746E-001                  2.8000000000244268E-001                  1.9999999999999796E-002                  0.0000000000000000E+000                  3.6973284297975749E+008                  1.6719356516142674E+007                  4.4219146575543806E-011                  1.0202614573335427E-033                  0.0000000000000000E+000                  4.9072331659125279E+000                  1.1266270714433792E+010                  8.9977261089917101E-007                  5.0933313252185004E-019                 -3.0229336154520814E+000                  1.5133447528909774E+000                  1.7519053802508084E+000                  1.9024203780827991E+000 
                                     545                  2.9981491265857021E+000                  2.1783332331788252E-001                  6.1037564580759263E+000                 -2.4844775759881790E+000                  1.1749891057452450E+001                  6.9999999999755136E-001                  2.8000000000244885E-001                  1.9999999999999796E-002                  0.0000000000000000E+000                  3.6957599301682335E+008                  1.6799277039661754E+007                  5.0145415914360220E-011                  1.5658532799344067E-033                  0.0000000000000000E+000                  4.8903964959243948E+000                  1.1326426226150234E+010                  8.9779802823476889E-007                  5.9389437679003664E-019                 -3.0234106763705575E+000                  1.5163187428636018E+000                  1.7548793702234331E+000                  1.9053943680554235E+000 
                                     546                  2.9980835477765018E+000                  2.1692357893682770E-001                  6.1078899497426331E+000                 -2.4702068506958246E+000                  1.1768275207952838E+001                  6.9999999999754436E-001                  2.8000000000245584E-001                  1.9999999999999796E-002                  0.0000000000000000E+000                  3.6941997781585711E+008                  1.6879621948942490E+007                  5.6849021057184883E-011                  2.4005009594126231E-033                  0.0000000000000000E+000                  4.8737142602204031E+000                  1.1386632931205246E+010                  8.9589511588788316E-007                  7.3469554012320216E-019                 -3.0238714155134541E+000                  1.5193000680707160E+000                  1.7578606954305473E+000                  1.9083756932625380E+000 
                                     547                  2.9980157327604409E+000                  2.1600746439370122E-001                  6.1120253956645998E+000                 -2.4559454374808718E+000                  1.1786652249220639E+001                  6.9999999999753670E-001                  2.8000000000246356E-001                  1.9999999999999796E-002                  0.0000000000000000E+000                  3.6926480383485866E+008                  1.6960396598976113E+007                  6.4430047893586748E-011                  3.6759802749045675E-033                  0.0000000000000000E+000                  4.8571977894516341E+000                  1.1446888300696207E+010                  8.9405956476016591E-007                  7.0576944065449041E-019                 -3.0243167731608129E+000                  1.5222888901925953E+000                  1.7608495175524264E+000                  1.9113645153844170E+000 
                                     548                  2.9979456066758634E+000                  2.1508489274227485E-001                  6.1161629796735468E+000                 -2.4416925187227294E+000                  1.1805023175417515E+001                  6.9999999999752771E-001                  2.8000000000247244E-001                  1.9999999999999796E-002                  0.0000000000000000E+000                  3.6911047194252408E+008                  1.7041606612444833E+007                  7.3001277677727416E-011                  5.6230801314616046E-033                  0.0000000000000000E+000                  4.8408567600412109E+000                  1.1507189995107052E+010                  8.9228728441688743E-007                  5.9243540509968675E-019                 -3.0247476479522146E+000                  1.5252853734510396E+000                  1.7638460008108707E+000                  1.9143609986428616E+000 
                                     549                  2.9978730922175920E+000                  2.1415577720468690E-001                  6.1203028900695005E+000                 -2.4274473138300965E+000                  1.1823388948850885E+001                  6.9999999999751783E-001                  2.8000000000248249E-001                  1.9999999999999685E-002                  0.0000000000000000E+000                  3.6895697985179794E+008                  1.7123257859903421E+007                  8.2689777983844454E-011                  8.5924020176286502E-033                  0.0000000000000000E+000                  4.8246993315275226E+000                  1.1567535840304100E+010                  8.9057474709505888E-007                  7.3312317252234743E-019                 -3.0251648118855541E+000                  1.5282896866011135E+000                  1.7668503139609446E+000                  1.9173653117929352E+000 
                                     550                  2.9977981095603288E+000                  2.1322003111728627E-001                  6.1244453183285366E+000                 -2.4132090766370036E+000                  1.1841750501321769E+001                  6.9999999999750651E-001                  2.8000000000249359E-001                  1.9999999999999907E-002                  0.0000000000000000E+000                  3.6880432915519583E+008                  1.7205356367091782E+007                  9.3638690866288877E-011                  1.3116063568387604E-032                  0.0000000000000000E+000                  4.8087322708984290E+000                  1.1627923792376654E+010                  8.8891892708176411E-007                  9.8606162459876654E-019                 -3.0255689232981307E+000                  1.5313020014419085E+000                  1.7698626288017398E+000                  1.9203776266337305E+000 
                                     551                  2.9977205762798387E+000                  2.1227756788052421E-001                  6.1285904579366077E+000                 -2.3989770930991274E+000                  1.1860108735406913E+001                  6.9999999999749396E-001                  2.8000000000250636E-001                  1.9999999999999685E-002                  0.0000000000000000E+000                  3.6865255063928598E+008                  1.7287908097077031E+007                  1.0600924242695865E-010                  2.0000938477313683E-032                  0.0000000000000000E+000                  4.7929610641581197E+000                  1.1688351908329197E+010                  8.8731719804859352E-007                  1.0415510118290361E-018                 -3.0259605504356037E+000                  1.5343224888832225E+000                  1.7728831162430536E+000                  1.9233981140750442E+000 
                                     552                  2.9976404072718230E+000                  2.1132830091167729E-001                  6.1327385033401303E+000                 -2.3847506785816424E+000                  1.1878464525684841E+001                  6.9999999999747953E-001                  2.8000000000252068E-001                  1.9999999999999796E-002                  0.0000000000000000E+000                  3.6850167874253207E+008                  1.7370919091941424E+007                  1.1998300110168640E-010                  3.0469436038435725E-032                  0.0000000000000000E+000                  4.7773900229390298E+000                  1.1748818312839304E+010                  8.8576728758303255E-007                  1.0971092528008784E-018                 -3.0263401813779174E+000                  1.5373513179578531E+000                  1.7759119453176841E+000                  1.9264269431496748E+000 
                                     553                  2.9975575146684168E+000                  2.1037214360157508E-001                  6.1368896490027565E+000                 -2.3705291755953994E+000                  1.1896818719907198E+001                  6.9999999999746365E-001                  2.8000000000253672E-001                  1.9999999999999574E-002                  0.0000000000000000E+000                  3.6835174483380848E+008                  1.7454395505688887E+007                  1.3576441492573878E-010                  4.6371886522093342E-032                  0.0000000000000000E+000                  4.7620223786487408E+000                  1.1809321163157698E+010                  8.8426729271878844E-007                  1.3774619547785995E-018                 -3.0267082191866801E+000                  1.5403886580844508E+000                  1.7789492854442819E+000                  1.9294642832762723E+000 
                                     554                  2.9974718077522522E+000                  2.0940900927450065E-001                  6.1410440885566109E+000                 -2.3563119517693920E+000                  1.1915172140118827E+001                  6.9999999999744511E-001                  2.8000000000255498E-001                  1.9999999999999907E-002                  0.0000000000000000E+000                  3.6820277967995942E+008                  1.7538343592376560E+007                  1.5358366187239142E-010                  7.0506697167540664E-032                  0.0000000000000000E+000                  4.7468603671759517E+000                  1.1869858620961481E+010                  8.8281566312473439E-007                  1.7135379038802553E-018                 -3.0270649850431974E+000                  1.5434346793445581E+000                  1.7819953067043892E+000                  1.9325103045363798E+000 
                                     555                  2.9973831928680235E+000                  2.0843881115087695E-001                  6.1452020140375065E+000                 -2.3420983982396688E+000                  1.1933525583730001E+001                  6.9999999999742468E-001                  2.8000000000257552E-001                  1.9999999999999796E-002                  0.0000000000000000E+000                  3.6805481604726171E+008                  1.7622769670746643E+007                  1.7369985141847750E-010                  1.0710259566420516E-031                  0.0000000000000000E+000                  4.7319053032570473E+000                  1.1930428831082592E+010                  8.8141116870907924E-007                  1.9368754094132176E-018                 -3.0274107253371527E+000                  1.5464895519017263E+000                  1.7850501792615574E+000                  1.9355651770935480E+000 
                                     556                  2.9972915733314762E+000                  2.0746146231185614E-001                  6.1493636151951732E+000                 -2.3278879281211426E+000                  1.1951879824543996E+001                  6.9999999999740148E-001                  2.8000000000259856E-001                  2.0000000000000018E-002                  0.0000000000000000E+000                  3.6790789537274778E+008                  1.7707680064697705E+007                  1.9640462019559184E-010                  1.6254447358395330E-031                  0.0000000000000000E+000                  4.7171576484441218E+000                  1.1991029905312860E+010                  8.8005285643682159E-007                  2.2160704218345727E-018                 -3.0277456215558938E+000                  1.5495534448500425E+000                  1.7881140722098738E+000                  1.9386290700418645E+000 
                                     557                  2.9971968493357557E+000                  2.0647687566573061E-001                  6.1535290823404267E+000                 -2.3136799780183956E+000                  1.1970235613728965E+001                  6.9999999999737561E-001                  2.8000000000262454E-001                  1.9999999999999796E-002                  0.0000000000000000E+000                  3.6776205994149214E+008                  1.7793081187838886E+007                  2.2202618464870371E-010                  2.4646511870069682E-031                  0.0000000000000000E+000                  4.7026252096326333E+000                  1.2051659947791382E+010                  8.7873897270755867E-007                  2.6350719023279768E-018                 -3.0280700559489651E+000                  1.5526265265281767E+000                  1.7911871538880078E+000                  1.9417021517199984E+000 
                                     558                  2.9970989178551917E+000                  2.0548496391075449E-001                  6.1576986313025603E+000                 -2.2994740332744383E+000                  1.1988593680702712E+001                  6.9999999999734630E-001                  2.8000000000265385E-001                  1.9999999999999796E-002                  0.0000000000000000E+000                  3.6761735868157560E+008                  1.7878980073208403E+007                  2.5093400572453508E-010                  3.7338690052322341E-031                  0.0000000000000000E+000                  4.6883664129566016E+000                  1.2112317452340103E+010                  8.7746027543361783E-007                  2.9975217910551698E-018                 -3.0283862679441698E+000                  1.5557089719427371E+000                  1.7942695993025684E+000                  1.9447845971345590E+000 
                                     559                  2.9969976725467093E+000                  2.0448563944176745E-001                  6.1618725327679948E+000                 -2.2852696579173353E+000                  1.2006954733968488E+001                  6.9999999999731322E-001                  2.8000000000268704E-001                  1.9999999999999796E-002                  0.0000000000000000E+000                  3.6747385787717223E+008                  1.7965385004798986E+007                  2.8354412797663720E-010                  5.6518986883826706E-031                  0.0000000000000000E+000                  4.6744567717571401E+000                  1.2173002105095789E+010                  8.7619868158118324E-007                  3.2195881673782446E-018                 -3.0286987023207885E+000                  1.5588009767278821E+000                  1.7973616040877132E+000                  1.9478766019197038E+000 
                                     560                  2.9968930036483661E+000                  2.0347881418176128E-001                  6.1660511172112482E+000                 -2.2710664993534513E+000                  1.2025319461956084E+001                  6.9999999999727591E-001                  2.8000000000272418E-001                  1.9999999999999907E-002                  0.0000000000000000E+000                  3.6733164367843747E+008                  1.8052305647368953E+007                  3.2032514705230603E-010                  8.5482020059099488E-031                  0.0000000000000000E+000                  4.6609681892918449E+000                  1.2233715316809361E+010                  8.7493460373284436E-007                  3.4414201834873112E-018                 -3.0290122033741858E+000                  1.5619027660780360E+000                  1.8004633934378671E+000                  1.9509783912698577E+000 
                                     561                  2.9967847978749691E+000                  2.0246439939416358E-001                  6.1702347706617795E+000                 -2.2568642830718009E+000                  1.2043688533861033E+001                  6.9999999999723406E-001                  2.8000000000276615E-001                  1.9999999999999796E-002                  0.0000000000000000E+000                  3.6719081950522351E+008                  1.8139752991440147E+007                  3.6180491694573948E-010                  1.2918606588660237E-030                  0.0000000000000000E+000                  4.6479693595200180E+000                  1.2294460270215788E+010                  8.7364970486615459E-007                  3.9146765464169227E-018                 -3.0293313327323190E+000                  1.5650145951353691E+000                  1.8035752224952002E+000                  1.9540902203271908E+000 
                                     562                  2.9966729383107751E+000                  2.0144230549918146E-001                  6.1744239309447542E+000                 -2.2426628073343950E+000                  1.2062062600476191E+001                  6.9999999999718687E-001                  2.8000000000281333E-001                  1.9999999999999796E-002                  0.0000000000000000E+000                  3.6705149994724023E+008                  1.8227739311606504E+007                  4.0857813333656607E-010                  1.9508964201676887E-030                  0.0000000000000000E+000                  4.6355262164582358E+000                  1.2355241825376499E+010                  8.7232676101807767E-007                  4.6390058627490646E-018                 -3.0296604020721802E+000                  1.5681367472661580E+000                  1.8066973746259891E+000                  1.9572123724579797E+000 
                                     563                  2.9965573042991931E+000                  2.0041244189450316E-001                  6.1786190843982647E+000                 -2.2284619388268521E+000                  1.2080442295015642E+001                  6.9999999999713358E-001                  2.8000000000286668E-001                  1.9999999999999796E-002                  0.0000000000000000E+000                  3.6691380998040199E+008                  1.8316278122471292E+007                  4.6131491061125368E-010                  2.9440767630932578E-030                  0.0000000000000000E+000                  4.6237023732732219E+000                  1.2416066434617178E+010                  8.7094952279263508E-007                  5.3626410427640167E-018                 -3.0300035072308806E+000                  1.5712695325071593E+000                  1.8098301598669904E+000                  1.9603451576989810E+000 
                                     564                  2.9964377713294281E+000                  1.9937471677840343E-001                  6.1828207630447842E+000                 -2.2142616088778979E+000                  1.2098828233931592E+001                  6.9999999999707363E-001                  2.8000000000292657E-001                  1.9999999999999796E-002                  0.0000000000000000E+000                  3.6677788843626595E+008                  1.8405384134677991E+007                  5.2077048810867775E-010                  4.4399761783305304E-030                  0.0000000000000000E+000                  4.6125595552477110E+000                  1.2476942075813852E+010                  8.6950257847360929E-007                  6.0018591043251718E-018                 -3.0303645628885985E+000                  1.5744132860186515E+000                  1.8129739133784826E+000                  1.9634889112104732E+000 
                                     565                  2.9963142109199850E+000                  1.9832903697399532E-001                  6.1870295421925352E+000                 -2.2000618106736822E+000                  1.2117221017712270E+001                  6.9999999999700602E-001                  2.8000000000299413E-001                  1.9999999999999796E-002                  0.0000000000000000E+000                  3.6664389709324479E+008                  1.8495073165442914E+007                  5.8779621905939348E-010                  6.6919134528711234E-030                  0.0000000000000000E+000                  4.6021580236703041E+000                  1.2537878205098974E+010                  8.6797120790408416E-007                  6.5289708062765078E-018                 -3.0307473404392713E+000                  1.5775683660480593E+000                  1.8161289934078904E+000                  1.9666439912398810E+000 
                                     566                  2.9961864904991411E+000                  1.9727530775388263E-001                  6.1912460384379759E+000                 -2.1858625961510287E+000                  1.2135621231608061E+001                  6.9999999999692997E-001                  2.8000000000307029E-001                  1.9999999999999796E-002                  0.0000000000000000E+000                  3.6651201217166680E+008                  1.8585362156971857E+007                  6.6335201984446408E-010                  1.0080474020802274E-029                  0.0000000000000000E+000                  4.5925570042654185E+000                  1.2598885715934536E+010                  8.6634124931135469E-007                  7.0834757185059163E-018                 -3.0311555034712714E+000                  1.5807351526467415E+000                  1.8192957800065728E+000                  1.9698107778385634E+000 
                                     567                  2.9960544732829364E+000                  1.9621343267086791E-001                  6.1954709080663504E+000                 -2.1716640731930363E+000                  1.2154029446325069E+001                  6.9999999999684448E-001                  2.8000000000315584E-001                  1.9999999999999685E-002                  0.0000000000000000E+000                  3.6638241533415341E+008                  1.8676269215145454E+007                  7.4852048188363200E-010                  1.5177371055403458E-029                  0.0000000000000000E+000                  4.5838151153553630E+000                  1.2659976894416584E+010                  8.6459899705093740E-007                  7.9999056141829981E-018                 -3.0315926362954095E+000                  1.5839140479141254E+000                  1.8224746752739567E+000                  1.9729896731059473E+000 
                                     568                  2.9959180181496361E+000                  1.9514331338541110E-001                  6.1997048458518647E+000                 -2.1574664035993436E+000                  1.2172446218762895E+001                  6.9999999999674800E-001                  2.8000000000325226E-001                  1.9999999999999796E-002                  0.0000000000000000E+000                  3.6625529341543227E+008                  1.8767813608301207E+007                  8.4452287670182835E-010                  2.2841371008533956E-029                  0.0000000000000000E+000                  4.5759907928126768E+000                  1.2721165388645138E+010                  8.6273109631117476E-007                  9.1387701326424656E-018                 -3.0320622739769090E+000                  1.5871054760179506E+000                  1.8256661033777817E+000                  1.9761811012097723E+000 
                                     569                  2.9957769795105156E+000                  1.9406484948772021E-001                  6.2039485732899271E+000                 -2.1432697901354514E+000                  1.2190872092776173E+001                  6.9999999999663920E-001                  2.8000000000336100E-001                  1.9999999999999796E-002                  0.0000000000000000E+000                  3.6613084003340977E+008                  1.8860015527603954E+007                  9.5273713079902421E-010                  3.4362403038226221E-029                  0.0000000000000000E+000                  4.5691182630361737E+000                  1.2782466028104595E+010                  8.6072771759313729E-007                  1.0221145982273421E-017                 -3.0325671057183263E+000                  1.5903098800371094E+000                  1.8288705073969405E+000                  1.9793855052289311E+000 
                                     570                  2.9956312071771594E+000                  1.9297793834412352E-001                  6.2082027731337135E+000                 -2.1290744078179404E+000                  1.2209307599935281E+001                  6.9999999999651685E-001                  2.8000000000348341E-001                  1.9999999999999796E-002                  0.0000000000000000E+000                  3.6600924764999366E+008                  1.8952894631943822E+007                  1.0747170683601328E-009                  5.1677860291395162E-029                  0.0000000000000000E+000                  4.5631124963156617E+000                  1.2843893653064960E+010                  8.5859868153749863E-007                  1.1497555101480074E-017                 -3.0331048913789238E+000                  1.5935277023484522E+000                  1.8320883297082831E+000                  1.9826033275402739E+000 
                                     571                  2.9954805462252030E+000                  1.9188247511039641E-001                  6.2124680202765488E+000                 -2.1148803301778605E+000                  1.2227753260257760E+001                  6.9999999999637907E-001                  2.8000000000362113E-001                  1.9999999999999796E-002                  0.0000000000000000E+000                  3.6589068353070039E+008                  1.9046468477404393E+007                  1.2122134026120337E-009                  7.7697086831395619E-029                  0.0000000000000000E+000                  4.5578566226343025E+000                  1.2905461016132225E+010                  8.5637464166454657E-007                  1.3107293683356612E-017                 -3.0336681005978434E+000                  1.5967593499953805E+000                  1.8353199773552116E+000                  1.9858349751872022E+000 
                                     572                  2.9953248368544312E+000                  1.9077835293419204E-001                  6.2167447719061304E+000                 -2.1006875180962861E+000                  1.2246209582878549E+001                  6.9999999999622375E-001                  2.8000000000377634E-001                  1.9999999999999907E-002                  0.0000000000000000E+000                  3.6577528464400047E+008                  1.9140752247884709E+007                  1.3671979349197411E-009                  1.1678823454469532E-028                  0.0000000000000000E+000                  4.5532395089296624E+000                  1.2967177492864521E+010                  8.5408941375499311E-007                  1.4855332018672400E-017                 -3.0342483305409229E+000                  1.6000051741062313E+000                  1.8385658014660626E+000                  1.9890807992980533E+000 
                                     573                  2.9951639142451949E+000                  1.8966546319628760E-001                  6.2210333751249909E+000                 -2.0864958273275822E+000                  1.2264677066606394E+001                  6.9999999999604912E-001                  2.8000000000395103E-001                  1.9999999999999796E-002                  0.0000000000000000E+000                  3.6566315956835461E+008                  1.9235758873123024E+007                  1.5418909461855993E-009                  1.7550855002161678E-028                  0.0000000000000000E+000                  4.5491549215556386E+000                  1.3029048975714989E+010                  8.5177475421773506E-007                  1.6713732272200779E-017                 -3.0348376180705632E+000                  1.6032654691770296E+000                  1.8418260965368607E+000                  1.9923410943688513E+000 
                                     574                  2.9949976084119072E+000                  1.8854369575013219E-001                  6.2253340736975895E+000                 -2.0723050156256502E+000                  1.2283156200350694E+001                  6.9999999999585216E-001                  2.8000000000414793E-001                  1.9999999999999907E-002                  0.0000000000000000E+000                  3.6555438520902169E+008                  1.9331499234467283E+007                  1.7387918564208167E-009                  2.6369930742714376E-028                  0.0000000000000000E+000                  4.5455007965443182E+000                  1.3091078038510162E+010                  8.4946062443644503E-007                  1.8738183385271902E-017                 -3.0354283737219552E+000                  1.6065404778015804E+000                  1.8451011051614115E+000                  1.9956161029934021E+000 
                                     575                  2.9948257440532520E+000                  1.8741293915735871E-001                  6.2296470140677256E+000                 -2.0581147491283267E+000                  1.2301647463527802E+001                  6.9999999999563045E-001                  2.8000000000436953E-001                  2.0000000000000018E-002                  0.0000000000000000E+000                  3.6544900618865538E+008                  1.9427982331939377E+007                  1.9607135215538442E-009                  3.9612684999813426E-028                  0.0000000000000000E+000                  4.5421786113543865E+000                  1.3153264087504341E+010                  8.4717543395801962E-007                  2.1039760287364385E-017                 -3.0360133231046520E+000                  1.6098303958580285E+000                  1.8483910232178598E+000                  1.9989060210498504E+000 
                                     576                  2.9946481403975906E+000                  1.8627308091117928E-001                  6.2339722507621937E+000                 -2.0439246069542367E+000                  1.2320151326484837E+001                  6.9999999999538121E-001                  2.8000000000461900E-001                  1.9999999999999796E-002                  0.0000000000000000E+000                  3.6534704829005420E+008                  1.9525215146094467E+007                  2.2108205753663324E-009                  5.9494083654023186E-028                  0.0000000000000000E+000                  4.5390928516543871E+000                  1.3215603479594145E+010                  8.4494619624374402E-007                  2.3701962936572379E-017                 -3.0365854723999424E+000                  1.6131353737957053E+000                  1.8516960011555363E+000                  2.0022109989875272E+000 
                                     577                  2.9944646110441271E+000                  1.8512400765668530E-001                  6.2383097512670771E+000                 -2.0297340858663460E+000                  1.2338668250895541E+001                  6.9999999999510032E-001                  2.8000000000489977E-001                  1.9999999999999907E-002                  0.0000000000000000E+000                  3.6524852099014020E+008                  1.9623202675067447E+007                  2.4926722560876582E-009                  8.9335472355334147E-028                  0.0000000000000000E+000                  4.5361505659357606E+000                  1.3278089618705400E+010                  8.4279863722496733E-007                  2.6696943902437811E-017                 -3.0371380876509502E+000                  1.6164555163742924E+000                  1.8550161437341235E+000                  2.0055311415661143E+000 
                                     578                  2.9942749637997821E+000                  1.8396560540840917E-001                  6.2426594004612248E+000                 -2.0155426046295859E+000                  1.2357198690124841E+001                  6.9999999999478435E-001                  2.8000000000521591E-001                  1.9999999999999796E-002                  0.0000000000000000E+000                  3.6515341674235624E+008                  1.9721948010723580E+007                  2.8102702056354088E-009                  1.3411527984879604E-027                  0.0000000000000000E+000                  4.5332609985673882E+000                  1.3340713051686199E+010                  8.4075732208395192E-007                  3.0163500743664825E-017                 -3.0376646708815906E+000                  1.6197908848229974E+000                  1.8583515121828287E+000                  2.0088665100148191E+000 
                                     579                  2.9940790005116695E+000                  1.8279775976556520E-001                  6.2470210046802519E+000                 -2.0013495085092301E+000                  1.2375743089563667E+001                  6.9999999999442852E-001                  2.8000000000557163E-001                  1.9999999999999796E-002                  0.0000000000000000E+000                  3.6506169143565059E+008                  1.9821452650121495E+007                  3.1681117720566692E-009                  2.0129244589662330E-027                  0.0000000000000000E+000                  4.5303352913872574E+000                  1.3403461564802937E+010                  8.3884581238348440E-007                  3.4102092312667464E-017                 -3.0381589295885383E+000                  1.6231415019358708E+000                  1.8617021292957019E+000                  2.0122171271276925E+000 
                                     580                  2.9938765168950408E+000                  1.8162035612445321E-001                  6.2513942958737241E+000                 -1.9871540732490134E+000                  1.2394301886923111E+001                  6.9999999999402795E-001                  2.8000000000597219E-001                  1.9999999999999796E-002                  0.0000000000000000E+000                  3.6497327397016758E+008                  1.9921716481191568E+007                  3.5712494320257254E-009                  3.0203672601116502E-027                  0.0000000000000000E+000                  4.5272871122465679E+000                  1.3466320277366711E+010                  8.3708667092445094E-007                  3.8262982915732523E-017                 -3.0386147866810718E+000                  1.6265073561476897E+000                  1.8650679835075208E+000                  2.0155829813395112E+000 
                                     581                  2.9936673023568523E+000                  1.8043327989071367E-001                  6.2557789622097904E+000                 -1.9729555364753224E+000                  1.2412875512481802E+001                  6.9999999999357754E-001                  2.8000000000642256E-001                  1.9999999999999907E-002                  0.0000000000000000E+000                  3.6488808887326086E+008                  2.0022738251057714E+007                  4.0253588317395916E-009                  4.5306638795712633E-027                  0.0000000000000000E+000                  4.5240887656207081E+000                  1.3529272157176207E+010                  8.3549350048598443E-007                  4.2840370302102873E-017                 -3.0390284621217107E+000                  1.6298884070633954E+000                  1.8684490344232265E+000                  2.0189640322552171E+000 
                                     582                  2.9934511398147587E+000                  1.7923641661487247E-001                  6.2601747206885703E+000                 -1.9587531734516406E+000                  1.2431464389322361E+001                  6.9999999999307072E-001                  2.8000000000692954E-001                  1.9999999999999796E-002                  0.0000000000000000E+000                  3.6480607378898108E+008                  2.0124517236440223E+007                  4.5368189622851927E-009                  6.7939396396062722E-027                  0.0000000000000000E+000                  4.5208043387434795E+000                  1.3592299669431686E+010                  8.3405829019488924E-007                  4.8362361889579017E-017                 -3.0394017982870269E+000                  1.6332846090081197E+000                  1.8718452363679507E+000                  2.0223602341999412E+000 
                                     583                  2.9932278055110326E+000                  1.7802965192054371E-001                  6.2645813633516143E+000                 -1.9445463452572607E+000                  1.2450068933607676E+001                  6.9999999999250040E-001                  2.8000000000749981E-001                  1.9999999999999796E-002                  0.0000000000000000E+000                  3.6472718273196930E+008                  2.0227054444243632E+007                  5.1128026314401176E-009                  1.0184272589228430E-026                  0.0000000000000000E+000                  4.5175029477962401E+000                  1.3655386724135500E+010                  8.3275918511253993E-007                  5.4747025427576935E-017                 -3.0397402842288144E+000                  1.6366959422587257E+000                  1.8752565696185570E+000                  2.0257715674505476E+000 
                                     584                  2.9929970688212348E+000                  1.7681287129082118E-001                  6.2689987561511469E+000                 -1.9303344975710506E+000                  1.2468689554920118E+001                  6.9999999999185902E-001                  2.8000000000814118E-001                  1.9999999999999796E-002                  0.0000000000000000E+000                  3.6465136504990327E+008                  2.0330352878095906E+007                  5.7613758200930857E-009                  1.5260905253883088E-026                  0.0000000000000000E+000                  4.5142503653135408E+000                  1.3718519454815752E+010                  8.3157460699641208E-007                  6.1578410173325323E-017                 -3.0400493903880039E+000                  1.6401224285184328E+000                  1.8786830558782641E+000                  2.0291980537102545E+000 
                                     585                  2.9927586920574019E+000                  1.7558595984441575E-001                  6.2734268338865853E+000                 -1.9161171545755211E+000                  1.2487326656667776E+001                  6.9999999999113760E-001                  2.8000000000886260E-001                  1.9999999999999796E-002                  0.0000000000000000E+000                  3.6457858833558184E+008                  2.0434417187501673E+007                  6.4916093174627818E-009                  2.2859592485865105E-026                  0.0000000000000000E+000                  4.5111093161011562E+000                  1.3781686158197412E+010                  8.3048442922520984E-007                  6.9078936785881816E-017                 -3.0403342528675594E+000                  1.6435641293366547E+000                  1.8821247566964858E+000                  2.0326397545284762E+000 
                                     586                  2.9925124302654549E+000                  1.7434880211466955E-001                  6.2778655955657507E+000                 -1.9018939133982131E+000                  1.2505980636634884E+001                  6.9999999999032603E-001                  2.8000000000967412E-001                  1.9999999999999796E-002                  0.0000000000000000E+000                  3.6450884436811000E+008                  2.0539253519240145E+007                  7.3137044829926805E-009                  3.4228890919293934E-026                  0.0000000000000000E+000                  4.5081397713582376E+000                  1.3844877164970673E+010                  8.2946980280875659E-007                  7.7611306632472558E-017                 -3.0405997100110347E+000                  1.6470211400115926E+000                  1.8855817673714237E+000                  2.0360967652034141E+000 
                                     587                  2.9922580310144697E+000                  1.7310128181974918E-001                  6.2823151002042472E+000                 -1.8876644389005734E+000                  1.2524651887756121E+001                  6.9999999998941331E-001                  2.8000000001058689E-001                  1.9999999999999796E-002                  0.0000000000000000E+000                  3.6444214362721050E+008                  2.0644869478672042E+007                  8.2391349682003088E-009                  5.1233458910032341E-026                  0.0000000000000000E+000                  4.5053992422437767E+000                  1.3908084725495371E+010                  8.2851303611894709E-007                  8.7149444359449257E-017                 -3.0408503269234783E+000                  1.6504935869852295E+000                  1.8890542143450606E+000                  2.0395692121770512E+000 
                                     588                  2.9919952341768843E+000                  1.7184328162145013E-001                  6.2867754630012529E+000                 -1.8734284589848209E+000                  1.2543340798884126E+001                  6.9999999998838702E-001                  2.8000000001161313E-001                  1.9999999999999796E-002                  0.0000000000000000E+000                  3.6437847578239596E+008                  2.0751274523591034E+007                  9.2808064616725434E-009                  7.6657264534526253E-026                  0.0000000000000000E+000                  4.5029430734688489E+000                  1.3971302908754431E+010                  8.2759756839838796E-007                  9.7889145324562822E-017                 -3.0410903970122822E+000                  1.6539816309690802E+000                  1.8925422583289113E+000                  2.0430572561609019E+000 
                                     589                  2.9917237717056384E+000                  1.7057468290250888E-001                  6.2912468518545674E+000                 -1.8591857603404904E+000                  1.2562047755416115E+001                  6.9999999998723272E-001                  2.8000000001276742E-001                  1.9999999999999796E-002                  0.0000000000000000E+000                  3.6431781595203370E+008                  2.0858479845053159E+007                  1.0453236798987191E-008                  1.1465574239029218E-025                  0.0000000000000000E+000                  4.5008247391768599E+000                  1.4034527510392092E+010                  8.2670792968993864E-007                  1.1027739834566228E-016                 -3.0413239483240919E+000                  1.6574854692466279E+000                  1.8960460966064590E+000                  2.0465610944384496E+000 
                                     590                  2.9914433674059104E+000                  1.6929536554936817E-001                  6.2957294842399838E+000                 -1.8449361844545649E+000                  1.2580773139908633E+001                  6.9999999998593498E-001                  2.8000000001406511E-001                  1.9999999999999907E-002                  0.0000000000000000E+000                  3.6426016310284466E+008                  2.0966497869888611E+007                  1.1772759107943137E-008                  1.7143001247255637E-025                  0.0000000000000000E+000                  4.4990961427278746E+000                  1.4097755966681118E+010                  8.2582953954744946E-007                  1.2442894877064015E-016                 -3.0415547933335816E+000                  1.6610053286112880E+000                  1.8995659559711191E+000                  2.0500809538031097E+000 
                                     591                  2.9911537367003640E+000                  1.6800520773545166E-001                  6.3002236244566570E+000                 -1.8306796240499119E+000                  1.2599517332717964E+001                  6.9999999998447593E-001                  2.8000000001552433E-001                  1.9999999999999796E-002                  0.0000000000000000E+000                  3.6420554189417344E+008                  2.1075342213290405E+007                  1.3257751013679172E-008                  2.5623217879914483E-025                  0.0000000000000000E+000                  4.4978079166360949E+000                  1.4160987276787403E+010                  8.2494851780731807E-007                  1.4023613909966671E-016                 -3.0417865767128189E+000                  1.6645414591123591E+000                  1.9031020864721901E+000                  2.0536170843041810E+000 
                                     592                  2.9908545863875653E+000                  1.6670408570318465E-001                  6.3047295658322202E+000                 -1.8164160034761081E+000                  1.2618280712804262E+001                  6.9999999998283524E-001                  2.8000000001716491E-001                  1.9999999999999796E-002                  0.0000000000000000E+000                  3.6415396160427397E+008                  2.1185027670481984E+007                  1.4928889544170370E-008                  3.8286382830437141E-025                  0.0000000000000000E+000                  4.4969777702475149E+000                  1.4224221668640182E+010                  8.2405627035910190E-007                  1.5784174604716665E-016                 -3.0420215658310128E+000                  1.6680941330735926E+000                  1.9066547604334239E+000                  2.0571697582654145E+000 
                                     593                  2.9905456143888811E+000                  1.6539187357458424E-001                  6.3092475601810758E+000                 -1.8021452034580632E+000                  1.2637063658867330E+001                  6.9999999998099083E-001                  2.8000000001900932E-001                  1.9999999999999796E-002                  0.0000000000000000E+000                  3.6410531650562000E+008                  2.1295569417761676E+007                  1.6809421972147572E-008                  5.7190697913535787E-025                  0.0000000000000000E+000                  4.4965131437021890E+000                  1.4287459085924131E+010                  8.2316558862218733E-007                  1.7747336329331973E-016                 -3.0422563964939644E+000                  1.6716636365646154E+000                  1.9102242639244464E+000                  2.0607392617564368E+000 
                                     594                  2.9902265094810550E+000                  1.6406844335576173E-001                  6.3137777537541702E+000                 -1.7878669936303619E+000                  1.2655866550400578E+001                  6.9999999997891738E-001                  2.8000000002108277E-001                  1.9999999999999796E-002                  0.0000000000000000E+000                  3.6405947182088244E+008                  2.1406980280248415E+007                  1.8925461783649687E-008                  8.5404287341334823E-025                  0.0000000000000000E+000                  4.4963005649386449E+000                  1.4350696862515278E+010                  8.2230886576200071E-007                  1.9935915735310513E-016                 -3.0424825136745306E+000                  1.6752502334469357E+000                  1.9138108608067668E+000                  2.0643258586387572E+000 
                                     595                  2.9898969510275557E+000                  1.6273366518282947E-001                  6.3183201814875964E+000                 -1.7735810260111926E+000                  1.2674689768352019E+001                  6.9999999997658713E-001                  2.8000000002341302E-001                  1.9999999999999796E-002                  0.0000000000000000E+000                  3.6401628821943778E+008                  2.1519270228512727E+007                  2.1306328521495638E-008                  1.2749881781996822E-024                  0.0000000000000000E+000                  4.4962296060564046E+000                  1.4413928482365479E+010                  8.2152053053178224E-007                  2.2403474088081694E-016                 -3.0426907893431574E+000                  1.6788541325724953E+000                  1.9174147599323264E+000                  2.0679297577643170E+000 
                                     596                  2.9895566087051346E+000                  1.6138740761551448E-001                  6.3228747732732336E+000                 -1.7592868409980422E+000                  1.2693533695577623E+001                  6.9999999997396811E-001                  2.8000000002603209E-001                  1.9999999999999796E-002                  0.0000000000000000E+000                  3.6397561370514500E+008                  2.1632446563512444E+007                  2.3984928950489710E-008                  1.9028313013245387E-024                  0.0000000000000000E+000                  4.4961924220316147E+000                  1.4477143526072906E+010                  8.2083342405238958E-007                  2.5206641181917017E-016                 -3.0428724837757475E+000                  1.6824754855852173E+000                  1.9210361129450484E+000                  2.0715511107770390E+000 
                                     597                  2.9892051422239669E+000                  1.6002953793408162E-001                  6.3274413596639585E+000                 -1.7449838716464334E+000                  1.2712398717151311E+001                  6.9999999997102513E-001                  2.8000000002897479E-001                  2.0000000000000018E-002                  0.0000000000000000E+000                  3.6393717216564971E+008                  2.1746515180363800E+007                  2.6998181147802332E-008                  2.8389268357365000E-024                  0.0000000000000000E+000                  4.4960833818010784E+000                  1.4540327793720291E+010                  8.2027918911544742E-007                  2.8363259141385727E-016                 -3.0430191532864268E+000                  1.6861144024462578E+000                  1.9246750298060888E+000                  2.0751900276380795E+000 
                                     598                  2.9888422010412117E+000                  1.5865992244418950E-001                  6.3320196771245119E+000                 -1.7306714495071793E+000                  1.2731285220646658E+001                  6.9999999996771922E-001                  2.8000000003228082E-001                  2.0000000000000018E-002                  0.0000000000000000E+000                  3.6390059363277769E+008                  2.1861480386624362E+007                  3.0387485762809674E-008                  4.2340597236769486E-024                  0.0000000000000000E+000                  4.4957987603535265E+000                  1.4603463427898947E+010                  8.1988857400624955E-007                  3.1882892913322389E-016                 -3.0431225829437425E+000                  1.6897709632350042E+000                  1.9283315905948353E+000                  2.0788465884268259E+000 
                                     599                  2.9884674240637907E+000                  1.5727842676930520E-001                  6.3366093729255590E+000                 -1.7163488104943594E+000                  1.2750193596515327E+001                  6.9999999996400586E-001                  2.8000000003599440E-001                  1.9999999999999796E-002                  0.0000000000000000E+000                  3.6386549987328637E+008                  2.1977344107679356E+007                  3.4199249271940514E-008                  6.3124052244573173E-024                  0.0000000000000000E+000                  4.4952365014774216E+000                  1.4666529069815931E+010                  8.1969133898190483E-007                  3.5819928177194071E-016                 -3.0431748268645453E+000                  1.6934452090849990E+000                  1.9320058364448300E+000                  2.0825208342768207E+000 
                                     600                  2.9880804393388232E+000                  1.5588491612668257E-001                  6.3412100097075017E+000                 -1.7020150993772836E+000                  1.2769124238369953E+001                  6.9999999995983531E-001                  2.8000000004016484E-001                  1.9999999999999796E-002                  0.0000000000000000E+000                  3.6383151006599015E+008                  2.2094105883170869E+007                  3.8485464499028434E-008                  9.4070075262228574E-024                  0.0000000000000000E+000                  4.4942960617986953E+000                  1.4729499998850674E+010                  8.1971617876025960E-007                  4.0248738075505732E-016                 -3.0431682465734613E+000                  1.6971371349805355E+000                  1.9356977623403666E+000                  2.0862127601723572E+000 
                                     601                  2.9876808637396493E+000                  1.5447925562171319E-001                  6.3458210697511763E+000                 -1.6876693729323287E+000                  1.2788077543011919E+001                  6.9999999995515227E-001                  2.8000000004484754E-001                  2.0000000000000240E-002                  0.0000000000000000E+000                  3.6379825433364129E+008                  2.2211762583368942E+007                  4.3304354069601262E-008                  1.4012254860074270E-023                  0.0000000000000000E+000                  4.4928783348652193E+000                  1.4792348226018501E+010                  8.1999073817694545E-007                  4.5230123436072068E-016                 -3.0430955264797031E+000                  1.7008466879418480E+000                  1.9394073153016791E+000                  2.0899223131336697E+000 
                                     602                  2.9872683026461511E+000                  1.5306131055923353E-001                  6.3504419590334580E+000                 -1.6733106032261651E+000                  1.2807053910266646E+001                  6.9999999994989626E-001                  2.8000000005010395E-001                  1.9999999999999796E-002                  0.0000000000000000E+000                  3.6376535982982516E+008                  2.2330308475326281E+007                  4.8721082830119396E-008                  2.0861398245604372E-023                  0.0000000000000000E+000                  4.4908856392044045E+000                  1.4855042565204521E+010                  8.2054163215137861E-007                  5.0833699608902203E-016                 -3.0429496895388843E+000                  1.7045737658534805E+000                  1.9431343932133116E+000                  2.0936493910453020E+000 
                                     603                  2.9868423496191601E+000                  1.5163094677012126E-001                  6.3550720091693558E+000                 -1.6589376821667525E+000                  1.2826053742643154E+001                  6.9999999994399731E-001                  2.8000000005600284E-001                  1.9999999999999796E-002                  0.0000000000000000E+000                  3.6373241175998265E+008                  2.2449736005271055E+007                  5.4808543728967938E-008                  3.1040909563380955E-023                  0.0000000000000000E+000                  4.4882178368808612E+000                  1.4917548727510887E+010                  8.2139520619719251E-007                  5.7115681907618903E-016                 -3.0427239180458954E+000                  1.7083182266174937E+000                  1.9468788539773247E+000                  2.0973938518093154E+000 
                                     604                  2.9864025860692496E+000                  1.5018803094967259E-001                  6.3597104733458414E+000                 -1.6445494180728477E+000                  1.2845077444819918E+001                  6.9999999993737949E-001                  2.8000000006262077E-001                  1.9999999999999796E-002                  0.0000000000000000E+000                  3.6369895251882118E+008                  2.2570035665369600E+007                  6.1648219411630164E-008                  4.6158922348676402E-023                  0.0000000000000000E+000                  4.4847645509834706E+000                  1.4979829299464251E+010                  8.2257947317582227E-007                  6.4129899475553908E-016                 -3.0424110660845254E+000                  1.7120798953492735E+000                  1.9506405227091046E+000                  2.1011555205410950E+000 
                                     605                  2.9859485809204083E+000                  1.4873243103532388E-001                  6.3643565232625026E+000                 -1.6301445328082786E+000                  1.2864125423064539E+001                  6.9999999992995676E-001                  2.8000000007004339E-001                  1.9999999999999796E-002                  0.0000000000000000E+000                  3.6366454538888228E+008                  2.2691195042689633E+007                  6.9331129390461243E-008                  6.8592931033998851E-023                  0.0000000000000000E+000                  4.4804151196724868E+000                  1.5041843593083761E+010                  8.2412370809198354E-007                  7.1992533794184464E-016                 -3.0420037960269490E+000                  1.7158585546595120E+000                  1.9544191820193431E+000                  2.1049341798513335E+000 
                                     606                  2.9854798902635533E+000                  1.4726401660679059E-001                  6.3690092525139903E+000                 -1.6157216646672929E+000                  1.2883198084682013E+001                  6.9999999992163475E-001                  2.8000000007836545E-001                  1.9999999999999796E-002                  0.0000000000000000E+000                  3.6362899175198168E+008                  2.2813196022738617E+007                  7.7958876327602900E-008                  1.0185343671329572E-022                  0.0000000000000000E+000                  4.4750611505742990E+000                  1.5103547606448973E+010                  8.2605593694129051E-007                  8.0826520739484217E-016                 -3.0414952715683761E+000                  1.7196539099744705E+000                  1.9582145373343016E+000                  2.1087295351662925E+000 
                                     607                  2.9849960569999028E+000                  1.4578265929151357E-001                  6.3736676812510744E+000                 -1.6012793745857736E+000                  1.2902295837401850E+001                  6.9999999991230677E-001                  2.8000000008769355E-001                  1.9999999999999685E-002                  0.0000000000000000E+000                  3.6359210901600379E+008                  2.2936017578366965E+007                  8.7644796603918798E-008                  1.5111683678409859E-022                  0.0000000000000000E+000                  4.4685968693142080E+000                  1.5164894145041601E+010                  8.2840253766617571E-007                  9.0716391322037103E-016                 -3.0408792896957091E+000                  1.7234655903606511E+000                  1.9620262177204821E+000                  2.1125412155524730E+000 
                                     608                  2.9844966104777710E+000                  1.4428823317607514E-001                  6.3783307609272883E+000                 -1.5868161523039301E+000                  1.2921419088621850E+001                  6.9999999990185591E-001                  2.8000000009814446E-001                  1.9999999999999574E-002                  0.0000000000000000E+000                  3.6355364380494249E+008                  2.3059636979665194E+007                  9.8515223254194595E-008                  2.2400481294438741E-022                  0.0000000000000000E+000                  4.4609195323926745E+000                  1.5225833003366117E+010                  8.3118887255152100E-007                  1.0176735149237039E-015                 -3.0401501397404895E+000                  1.7272931882481737E+000                  1.9658538156080048E+000                  2.1163688134399954E+000 
                                     609                  2.9839810661235027E+000                  1.4278061522492561E-001                  6.3829973791610275E+000                 -1.5723304225425072E+000                  1.2940568244488079E+001                  6.9999999989015094E-001                  2.8000000010984938E-001                  1.9999999999999685E-002                  0.0000000000000000E+000                  3.6351329350369358E+008                  2.3184029676679902E+007                  1.1071087052738492E-007                  3.3172187939877616E-022                  0.0000000000000000E+000                  4.4519298969080161E+000                  1.5286311148937824E+010                  8.3443941071706837E-007                  1.1411977203607943E-015                 -3.0393025961469755E+000                  1.7311362705586624E+000                  1.9696968979184937E+000                  2.1202118957504843E+000 
                                     610                  2.9834489250678442E+000                  1.4125968570889788E-001                  6.3876663647183678E+000                 -1.5578205523575150E+000                  1.2959743708738465E+001                  6.9999999987704697E-001                  2.8000000012295323E-001                  1.9999999999999796E-002                  0.0000000000000000E+000                  3.6347092282576287E+008                  2.3309166888126623E+007                  1.2438834959937111E-007                  4.9071207533451997E-022                  0.0000000000000000E+000                  4.4415327308664851E+000                  1.5346272929033794E+010                  8.3817722507135898E-007                  1.2794385836267791E-015                 -3.0383320719898204E+000                  1.7349943557824192E+000                  1.9735549831422505E+000                  2.1240699809742409E+000 
                                     611                  2.9828996737718789E+000                  1.3972532864923790E-001                  6.3923364926735236E+000                 -1.5432848571693369E+000                  1.2978945881454775E+001                  6.9999999986238282E-001                  2.8000000013761733E-001                  1.9999999999999796E-002                  0.0000000000000000E+000                  3.6342651176105267E+008                  2.3435016175633319E+007                  1.3972182657497403E-007                  7.2506623204684470E-022                  0.0000000000000000E+000                  4.4296373730475125E+000                  1.5405660277333246E+010                  8.4242359292166195E-007                  1.4342316944339230E-015                 -3.0372347393988144E+000                  1.7388668974033012E+000                  1.9774275247631321E+000                  2.1279425225951227E+000 
                                     612                  2.9823327836421409E+000                  1.3817743224997964E-001                  6.3970064898086187E+000                 -1.5287216067869911E+000                  1.2998175157913405E+001                  6.9999999984597971E-001                  2.8000000015402049E-001                  1.9999999999999796E-002                  0.0000000000000000E+000                  3.6338000453743386E+008                  2.3561543255949043E+007                  1.5690483394179673E-007                  1.0700114144093576E-021                  0.0000000000000000E+000                  4.4161583206322046E+000                  1.5464412905421087E+010                  8.4719832273919905E-007                  1.6072081126074926E-015                 -3.0360074563522161E+000                  1.7427533071717087E+000                  1.9813139345315400E+000                  2.1318289323635304E+000 
                                     613                  2.9817477106345862E+000                  1.3661588931834584E-001                  6.4016750409990557E+000                 -1.5141290333326654E+000                  1.3017431927439837E+001                  6.9999999982763916E-001                  2.8000000017236093E-001                  1.9999999999999907E-002                  0.0000000000000000E+000                  3.6333130332175374E+008                  2.3688712249342628E+007                  1.7615224915274813E-007                  1.5769564273142215E-021                  0.0000000000000000E+000                  4.4010173391020455E+000                  1.5522468537398205E+010                  8.5251977996397077E-007                  1.8002481237346556E-015                 -3.0346477679099322E+000                  1.7466529750630568E+000                  1.9852136024228879E+000                  2.1357286002548785E+000 
                                     614                  2.9811438948522162E+000                  1.3504059767928819E-001                  6.4063408344721919E+000                 -1.4995053813450718E+000                  1.3036716572175974E+001                  6.9999999980714112E-001                  2.8000000019285898E-001                  1.9999999999999907E-002                  0.0000000000000000E+000                  3.6328029466933763E+008                  2.3816486980125125E+007                  1.9770256699769408E-007                  2.3207748730371402E-021                  0.0000000000000000E+000                  4.3842181420160315E+000                  1.5579763942350075E+010                  8.5839299399552164E-007                  2.0154821465234491E-015                 -3.0331569178192246E+000                  1.7505652835320069E+000                  1.9891259108918382E+000                  2.1396409087238286E+000 
                                     615                  2.9805207601370696E+000                  1.3345146042904710E-001                  6.4110026602114152E+000                 -1.4848490125662339E+000                  1.3056029465740998E+001                  6.9999999978424154E-001                  2.8000000021575866E-001                  1.9999999999999796E-002                  0.0000000000000000E+000                  3.6322690672687763E+008                  2.3944833412389182E+007                  2.2182062218157228E-007                  3.4103084410449990E-021                  0.0000000000000000E+000                  4.3658757316447652E+000                  1.5636237721961113E+010                  8.6479307684341468E-007                  2.2460558685718147E-015                 -3.0315438979066149E+000                  1.7544896413347622E+000                  1.9930502686945932E+000                  2.1435652665265836E+000 
                                     616                  2.9798777136599113E+000                  1.3184838582108610E-001                  6.4144819996296034E+000                 -1.4738121408266540E+000                  1.3070540646575301E+001                  6.9999999976509275E-001                  2.8000000023490740E-001                  1.9999999999999796E-002                  0.0000000000000000E+000                  3.6318151211260891E+008                  2.4041063591545761E+007                  2.4172464512746997E-007                  4.5424817026812146E-021                  0.0000000000000000E+000                  4.3517062057154030E+000                  1.5691116104118958E+010                  8.7154609421611629E-007                  2.4669106176454166E-015                 -3.0298548195183415E+000                  1.7584263594067278E+000                  1.9969869867665591E+000                  2.1475019845985495E+000 
                                     617                  2.9795459295859676E+000                  1.3103526331987778E-001                  6.4168088794697642E+000                 -1.4664580749157001E+000                  1.3080218520836196E+001                  6.9999999975157046E-001                  2.8000000024842986E-001                  1.9999999999999685E-002                  0.0000000000000000E+000                  3.6315300053001988E+008                  2.4105633867463518E+007                  2.5598189541243256E-007                  5.4999041087615003E-021                  0.0000000000000000E+000                  4.3414903483036626E+000                  1.5718420161274504E+010                  8.7511907030830605E-007                  2.6626731134013112E-015                 -3.0289664260261517E+000                  1.7604143699217207E+000                  1.9989749972815518E+000                  2.1494899951135422E+000 
                                     618                  2.9792141455120240E+000                  1.3023131611290381E-001                  6.4203109422656039E+000                 -1.4554329206078729E+000                  1.3094741579507565E+001                  6.9999999973012095E-001                  2.8000000026987926E-001                  1.9999999999999796E-002                  0.0000000000000000E+000                  3.6311307908186215E+008                  2.4203139306075942E+007                  2.7897176665351055E-007                  7.3293234636790114E-021                  0.0000000000000000E+000                  4.3250142525789004E+000                  1.5745785107077513E+010                  8.7887664956038806E-007                  2.8787402942769493E-015                 -3.0280360369650450E+000                  1.7623733672934108E+000                  2.0009339946532418E+000                  2.1514489924852325E+000 
                                     619                  2.9785294282864698E+000                  1.2860010907530661E-001                  6.4249550985893764E+000                 -1.4406702528039612E+000                  1.3114141343719602E+001                  6.9999999969826798E-001                  2.8000000030173217E-001                  1.9999999999999796E-002                  0.0000000000000000E+000                  3.6305253449179256E+008                  2.4333030544037770E+007                  3.1269190628074903E-007                  1.0717908077977750E-020                  0.0000000000000000E+000                  4.3027397478524225E+000                  1.5800215501091652E+010                  8.8675122939319135E-007                  3.1700165526310767E-015                 -3.0260991003745508E+000                  1.7663303154425580E+000                  2.0048909428023891E+000                  2.1554059406343797E+000 
                                     620                  2.9778229166514727E+000                  1.2695471722634236E-001                  6.4295919416366392E+000                 -1.4258699938077088E+000                  1.3133570738946652E+001                  6.9999999966273863E-001                  2.8000000033726158E-001                  1.9999999999999796E-002                  0.0000000000000000E+000                  3.6298956325618762E+008                  2.4463394255994130E+007                  3.5036621833000348E-007                  1.5646458868617020E-020                  0.0000000000000000E+000                  4.2793692648555721E+000                  1.5852891667839657E+010                  8.9485552533509960E-007                  3.5317297342542665E-015                 -3.0241235379926197E+000                  1.7702982641084379E+000                  2.0088588914682690E+000                  2.1593738893002596E+000 
                                     621                  2.9770939469188411E+000                  1.2529506617894431E-001                  6.4342209549358085E+000                 -1.4110312962001936E+000                  1.3153030076465082E+001                  6.9999999962312265E-001                  2.8000000037687750E-001                  1.9999999999999796E-002                  0.0000000000000000E+000                  3.6292412824833906E+008                  2.4594215085039571E+007                  3.9244169961924833E-007                  2.2801890659835688E-020                  0.0000000000000000E+000                  4.2550019337519585E+000                  1.5904518581696335E+010                  9.0329974392411561E-007                  3.9246617972211316E-015                 -3.0220840564427167E+000                  1.7742763497264866E+000                  2.0128369770863177E+000                  2.1633519749183083E+000 
                                     622                  2.9763418366084897E+000                  1.2362108512071980E-001                  6.4376734348272109E+000                 -1.3998529517508091E+000                  1.3167653464618226E+001                  6.9999999959016712E-001                  2.8000000040983308E-001                  1.9999999999999796E-002                  0.0000000000000000E+000                  3.6286957637256986E+008                  2.4692223361396939E+007                  4.2710540301907012E-007                  3.0180092718164653E-020                  0.0000000000000000E+000                  4.2366702083119767E+000                  1.5954332778349028E+010                  9.1193169266146633E-007                  4.2945418588025543E-015                 -3.0200188454252670E+000                  1.7782652249005129E+000                  2.0168258522603439E+000                  2.1673408500923346E+000 
                                     623                  2.9759538603131621E+000                  1.2277213526629986E-001                  6.4399815881073623E+000                 -1.3924040790321131E+000                  1.3177405787503769E+001                  6.9999999956709991E-001                  2.8000000043290046E-001                  1.9999999999999574E-002                  0.0000000000000000E+000                  3.6283500625540143E+008                  2.4757960630598284E+007                  4.5190322564904494E-007                  3.6385223767845326E-020                  0.0000000000000000E+000                  4.2238281036676817E+000                  1.5979014489839842E+010                  9.1638925761559911E-007                  4.6267568597251719E-015                 -3.0189600052376164E+000                  1.7802789070253022E+000                  2.0188395343851333E+000                  2.1693545322171239E+000 
                                     624                  2.9755658840178350E+000                  1.2193274158682700E-001                  6.4434544408796137E+000                 -1.3812362024367630E+000                  1.3192039875492490E+001                  6.9999999953030878E-001                  2.8000000046969142E-001                  1.9999999999999796E-002                  0.0000000000000000E+000                  3.6278605251361459E+008                  2.4857192974300563E+007                  4.9183820712390175E-007                  4.8174190126234819E-020                  0.0000000000000000E+000                  4.2036320443724673E+000                  1.6003774659919136E+010                  9.2097233851101781E-007                  5.0153350865594921E-015                 -3.0178767068410073E+000                  1.7822631206199744E+000                  2.0208237479798052E+000                  2.1713387458117963E+000 
                                     625                  2.9747653677932910E+000                  1.2022990010128404E-001                  6.4480578542330376E+000                 -1.3662783144679878E+000                  1.3211590732780509E+001                  6.9999999947496239E-001                  2.8000000052503776E-001                  1.9999999999999796E-002                  0.0000000000000000E+000                  3.6271327801546121E+008                  2.4989318047394346E+007                  5.5031650007922604E-007                  6.9836213388570974E-020                  0.0000000000000000E+000                  4.1768198786489794E+000                  1.6052840789049978E+010                  9.3040587869152189E-007                  5.5387220315941355E-015                 -3.0156637771088368E+000                  1.7862700840066159E+000                  2.0248307113664468E+000                  2.1753457091984374E+000 
                                     626                  2.9739395464945360E+000                  1.1851253536211312E-001                  6.4526523529173376E+000                 -1.3512797948982500E+000                  1.3231172609733802E+001                  6.9999999941394597E-001                  2.8000000058605429E-001                  1.9999999999999796E-002                  0.0000000000000000E+000                  3.6263795440244138E+008                  2.5121866839112133E+007                  6.1552983442189047E-007                  1.0106079328071706E-019                  0.0000000000000000E+000                  4.1493529090919239E+000                  1.6100006001133606E+010                  9.3994682423192219E-007                  6.1637604671024663E-015                 -3.0134483575596631E+000                  1.7902874181028066E+000                  2.0288480454626376E+000                  2.1793630432946283E+000 
                                     627                  2.9730876581557699E+000                  1.1678058859367707E-001                  6.4572378193243347E+000                 -1.3362403048183042E+000                  1.3250785728348104E+001                  6.9999999934603285E-001                  2.8000000065396741E-001                  1.9999999999999796E-002                  0.0000000000000000E+000                  3.6256004096731669E+008                  2.5254835988552764E+007                  6.8822854230171739E-007                  1.4598964138537969E-019                  0.0000000000000000E+000                  4.1212262046652288E+000                  1.6146008805325047E+010                  9.4972348875512972E-007                  6.8328740153896454E-015                 -3.0112014104017852E+000                  1.7943144961909372E+000                  2.0328751235507680E+000                  2.1833901213827591E+000 
                                     628                  2.9722089198449924E+000                  1.1503400373542494E-001                  6.4606571242524993E+000                 -1.3249086907607521E+000                  1.3265526601057012E+001                  6.9999999928961532E-001                  2.8000000071038500E-001                  1.9999999999999685E-002                  0.0000000000000000E+000                  3.6249600035068446E+008                  2.5354429469543796E+007                  7.4803236834738904E-007                  1.9196431180301593E-019                  0.0000000000000000E+000                  4.1001997428001546E+000                  1.6190086924650990E+010                  9.5963212093340144E-007                  7.4676709035025566E-015                 -3.0089476118492584E+000                  1.7983521265220350E+000                  2.0369127538818659E+000                  2.1874277517138569E+000 
                                     629                  2.9717557235368921E+000                  1.1414840883805835E-001                  6.4629428061555316E+000                 -1.3173578051467554E+000                  1.3275356722458012E+001                  6.9999999925017298E-001                  2.8000000074982728E-001                  1.9999999999999796E-002                  0.0000000000000000E+000                  3.6245505201707059E+008                  2.5421219873905886E+007                  7.9076446419991668E-007                  2.3041737144903261E-019                  0.0000000000000000E+000                  4.0855860235702002E+000                  1.6211843019099335E+010                  9.6472705761939417E-007                  8.0376295684022463E-015                 -3.0077977703418863E+000                  1.8003902076934692E+000                  2.0389508350533005E+000                  2.1894658328852912E+000 
                                     630                  2.9713025272287918E+000                  1.1327276783674606E-001                  6.4663813874488625E+000                 -1.3060372472369834E+000                  1.3290106600394120E+001                  6.9999999918735045E-001                  2.8000000081264981E-001                  1.9999999999999796E-002                  0.0000000000000000E+000                  3.6239636015065491E+008                  2.5522027152750872E+007                  8.5949806062184896E-007                  3.0305756738540842E-019                  0.0000000000000000E+000                  4.0627261343190915E+000                  1.6233716710396687E+010                  9.6994599252414102E-007                  8.7026918983652087E-015                 -3.0066262234863292E+000                  1.8023986646271033E+000                  2.0409592919869342E+000                  2.1914742898189248E+000 
                                     631                  2.9703676541481316E+000                  1.1149675030475195E-001                  6.4709383988738765E+000                 -1.2908723588399469E+000                  1.3309814551406495E+001                  6.9999999909299737E-001                  2.8000000090700283E-001                  1.9999999999999796E-002                  0.0000000000000000E+000                  3.6231010704285651E+008                  2.5656219470322046E+007                  9.5999607707513116E-007                  4.3547792927807362E-019                  0.0000000000000000E+000                  4.0322577851929502E+000                  1.6276894804505072E+010                  9.8070972008097157E-007                  9.6008778302596657E-015                 -3.0042297601339087E+000                  1.8064541960649911E+000                  2.0450148234248222E+000                  2.1955298212568128E+000 
                                     632                  2.9694034521929011E+000                  1.0970594695026666E-001                  6.4754852572807939E+000                 -1.2756646861687229E+000                  1.3329554414909243E+001                  6.9999999898916754E-001                  2.8000000101083267E-001                  1.9999999999999796E-002                  0.0000000000000000E+000                  3.6222064929706037E+008                  2.5790802432165686E+007                  1.0718640102912766E-006                  6.2464230672854155E-019                  0.0000000000000000E+000                  4.0009071821284463E+000                  1.6318066653300594E+010                  9.9167690500345245E-007                  1.0671901288278357E-014                 -3.0018149004299586E+000                  1.8105199055347736E+000                  2.0490805328946045E+000                  2.1995955307265951E+000 
                                     633                  2.9684090502770379E+000                  1.0790031689469141E-001                  6.4800215167699289E+000                 -1.2604136652549254E+000                  1.3349326298031656E+001                  6.9999999887382802E-001                  2.8000000112617224E-001                  1.9999999999999796E-002                  0.0000000000000000E+000                  3.6212780065335405E+008                  2.5925763295510814E+007                  1.1963389707972513E-006                  8.9436097782663008E-019                  0.0000000000000000E+000                  3.9686342104430836E+000                  1.6357975736325171E+010                  1.0030080694032359E-006                  1.1817127559322749E-014                 -2.9993477864891922E+000                  1.8145950441291558E+000                  2.0531556714889869E+000                  2.2036706693209775E+000 
                                     634                  2.9673835542153535E+000                  1.0607982421774775E-001                  6.4834027411706607E+000                 -1.2489203618272435E+000                  1.3364188079542727E+001                  6.9999999877816366E-001                  2.8000000122183655E-001                  1.9999999999999796E-002                  0.0000000000000000E+000                  3.6205191525508678E+008                  2.6026808069794793E+007                  1.2985714066725088E-006                  1.1681776872151570E-018                  0.0000000000000000E+000                  3.9443469049417765E+000                  1.6395839165648420E+010                  1.0145955886419903E-006                  1.2899750406242384E-014                 -2.9968535151412832E+000                  1.8186802310844588E+000                  2.0572408584442896E+000                  2.2077558562762802E+000 
                                     635                  2.9668548002610953E+000                  1.0515697147196534E-001                  6.4856623579032933E+000                 -1.2412617209993049E+000                  1.3374098076307590E+001                  6.9999999871137109E-001                  2.8000000128862906E-001                  1.9999999999999796E-002                  0.0000000000000000E+000                  3.6200273457912272E+008                  2.6094554396742646E+007                  1.3715270193213577E-006                  1.3958884242704330E-018                  0.0000000000000000E+000                  3.9274909126929383E+000                  1.6414419272991579E+010                  1.0205841803472285E-006                  1.3805257265241476E-014                 -2.9955755838852718E+000                  1.8207419187446399E+000                  2.0593025461044712E+000                  2.2098175439364618E+000 
                                     636                  2.9663260463068370E+000                  1.0424448424419430E-001                  6.4879194742133501E+000                 -1.2335918946040552E+000                  1.3384016581725678E+001                  6.9999999864079065E-001                  2.8000000135920944E-001                  1.9999999999999907E-002                  0.0000000000000000E+000                  3.6195263052169824E+008                  2.6162400344701715E+007                  1.4484587472262388E-006                  1.6672644652347422E-018                  0.0000000000000000E+000                  3.9103746804913526E+000                  1.6432767910046530E+010                  1.0266551034901315E-006                  1.4717310853975492E-014                 -2.9942877148167724E+000                  1.8227740934480887E+000                  2.0613347208079196E+000                  2.2118497186399102E+000 
                                     637                  2.9657808156178715E+000                  1.0331413102539561E-001                  6.4913302896896345E+000                 -1.2220341206815333E+000                  1.3398972797217416E+001                  6.9999999852717143E-001                  2.8000000147282872E-001                  1.9999999999999796E-002                  0.0000000000000000E+000                  3.6187901389925891E+008                  2.6265262152534675E+007                  1.5726535034362573E-006                  2.1793605350365069E-018                  0.0000000000000000E+000                  3.8835511041884510E+000                  1.6451454323141418E+010                  1.0329972567377961E-006                  1.5901598644593417E-014                 -2.9929504159029290E+000                  1.8248395431620021E+000                  2.0634001705218332E+000                  2.2139151683538238E+000 
                                     638                  2.9646733945332668E+000                  1.0145631542122747E-001                  6.4958251072128013E+000                 -1.2066265021777862E+000                  1.3418857162272774E+001                  6.9999999836001747E-001                  2.8000000163998268E-001                  1.9999999999999796E-002                  0.0000000000000000E+000                  3.6177214171732754E+008                  2.6401424974986706E+007                  1.7530199307536119E-006                  3.1001265547674568E-018                  0.0000000000000000E+000                  3.8478171378112598E+000                  1.6487494266401119E+010                  1.0459205093810583E-006                  1.7525262566156769E-014                 -2.9902506604346568E+000                  1.8289456360765690E+000                  2.0675062634364001E+000                  2.2180212612683907E+000 
                                     639                  2.9635315587050948E+000                  9.9583557346610146E-002                  6.5003067555568643E+000                 -1.1911727648412753E+000                  1.3438773678051641E+001                  6.9999999817377534E-001                  2.8000000182622486E-001                  1.9999999999999796E-002                  0.0000000000000000E+000                  3.6166057355365771E+008                  2.6537892084179241E+007                  1.9533305858979963E-006                  4.4014429084396458E-018                  0.0000000000000000E+000                  3.8110519160152583E+000                  1.6521380435071913E+010                  1.0591609045077518E-006                  1.9445057756790963E-014                 -2.9875190290909281E+000                  1.8330608093878114E+000                  2.0716214367476424E+000                  2.2221364345796331E+000 
                                     640                  2.9623543049172172E+000                  9.7695848447131931E-002                  6.5047745884528974E+000                 -1.1756723021250217E+000                  1.3458722288915592E+001                  6.9999999796962697E-001                  2.8000000203037329E-001                  1.9999999999999796E-002                  0.0000000000000000E+000                  3.6154407728307015E+008                  2.6674643131883927E+007                  2.1756913628721979E-006                  6.2368170260686597E-018                  0.0000000000000000E+000                  3.7732805521512591E+000                  1.6553851752325060E+010                  1.0728725555888730E-006                  2.1565366467079621E-014                 -2.9847259319768265E+000                  1.8371842190944376E+000                  2.0757448464542687E+000                  2.2262598442862593E+000 
                                     641                  2.9611406046420830E+000                  9.5793187429001600E-002                  6.5092280365172686E+000                 -1.1601246198775250E+000                  1.3478702905783875E+001                  6.9999999774511212E-001                  2.8000000225488803E-001                  1.9999999999999796E-002                  0.0000000000000000E+000                  3.6142246433636546E+008                  2.6811659133562092E+007                  2.4224202832563349E-006                  8.8200818246360244E-018                  0.0000000000000000E+000                  3.7346406156343082E+000                  1.6584881727319908E+010                  1.0870389173523328E-006                  2.3973214923339090E-014                 -2.9818774536749686E+000                  1.8413155910580761E+000                  2.0798762184179069E+000                  2.2303912162498976E+000 
                                     642                  2.9598894036476233E+000                  9.3875579917746366E-002                  6.5136666787191286E+000                 -1.1445294140801949E+000                  1.3498715405172792E+001                  6.9999999749309672E-001                  2.8000000250690354E-001                  1.9999999999999796E-002                  0.0000000000000000E+000                  3.6129556470404929E+008                  2.6948925692060724E+007                  2.6960707413316790E-006                  1.2448521077071660E-017                  0.0000000000000000E+000                  3.6952826542241932E+000                  1.6614449292849257E+010                  1.1016192675278803E-006                  2.6703781747084788E-014                 -2.9789842383963263E+000                  1.8454546979709610E+000                  2.0840153253307920E+000                  2.2345303231627827E+000 
                                     643                  2.9585996216154733E+000                  9.1943037956384352E-002                  6.5180902404203653E+000                 -1.1288865700798685E+000                  1.3518759628410139E+001                  6.9999999721468831E-001                  2.8000000278531190E-001                  1.9999999999999796E-002                  0.0000000000000000E+000                  3.6116323037467128E+008                  2.7086433100004435E+007                  2.9994554768066512E-006                  1.7534629878355839E-017                  0.0000000000000000E+000                  3.6553460884742228E+000                  1.6642540270764877E+010                  1.1165724706581824E-006                  2.9544101300567036E-014                 -2.9760565419901650E+000                  1.8496013856307814E+000                  2.0881620129906122E+000                  2.2386770108226028E+000 
                                     644                  2.9572701517618740E+000                  8.9995579461028902E-002                  6.5213674561836372E+000                 -1.1171539309508720E+000                  1.3533751676621673E+001                  6.9999999698889481E-001                  2.8000000301110539E-001                  1.9999999999999796E-002                  0.0000000000000000E+000                  3.6105699188500774E+008                  2.7188760171242040E+007                  3.2465594791295978E-006                  2.2592889506580250E-017                  0.0000000000000000E+000                  3.6257946460815997E+000                  1.6668366405380594E+010                  1.1317363899110842E-006                  3.2338962529563981E-014                 -2.9731273597801962E+000                  1.8537562971528296E+000                  2.0923169245126605E+000                  2.2428319223446511E+000 
                                     645                  2.9565953548657551E+000                  8.9023701760693269E-002                  6.5246807853337891E+000                 -1.1053928079613511E+000                  1.3548809220602370E+001                  6.9999999674674618E-001                  2.8000000325325408E-001                  1.9999999999999796E-002                  0.0000000000000000E+000                  3.6095497307607204E+008                  2.7292623778480079E+007                  3.5157583227663586E-006                  2.9167594769191307E-017                  0.0000000000000000E+000                  3.5947778754404980E+000                  1.6681026945936777E+010                  1.1394363501108002E-006                  3.5189628885273570E-014                 -2.9716549649336472E+000                  1.8558204240210852E+000                  2.0943810513809162E+000                  2.2448960492129069E+000 
                                     646                  2.9552043660196428E+000                  8.7053952384246652E-002                  6.5290663354192411E+000                 -1.0896314894321735E+000                  1.3568931870193651E+001                  6.9999999639063337E-001                  2.8000000360936678E-001                  1.9999999999999796E-002                  0.0000000000000000E+000                  3.6080902248745155E+008                  2.7430710623088691E+007                  3.9075807410983490E-006                  4.0882082597041582E-017                  0.0000000000000000E+000                  3.5539377311433182E+000                  1.6706197995036777E+010                  1.1552986516787650E-006                  3.8727509315538042E-014                 -2.9686528667559706E+000                  1.8599852132856978E+000                  2.0985458406455288E+000                  2.2490608384775195E+000 
                                     647                  2.9537708074795077E+000                  8.5069352732867393E-002                  6.5334367862664555E+000                 -1.0738233916702249E+000                  1.3589085414769560E+001                  6.9999999599959728E-001                  2.8000000400040292E-001                  1.9999999999999796E-002                  0.0000000000000000E+000                  3.6065792990622020E+008                  2.7569025677093618E+007                  4.3414085985138048E-006                  5.7189928129973644E-017                  0.0000000000000000E+000                  3.5129265158422425E+000                  1.6729103424338058E+010                  1.1712835722594189E-006                  4.3033209679894365E-014                 -2.9656689739163071E+000                  1.8641579611559689E+000                  2.1027185885158000E+000                  2.2532335863477906E+000 
                                     648                  2.9522934767553988E+000                  8.3069937103787433E-002                  6.5377923480940261E+000                 -1.0579690661945740E+000                  1.3609269536845664E+001                  6.9999999555929959E-001                  2.8000000444070056E-001                  1.9999999999999796E-002                  0.0000000000000000E+000                  3.6050184664477247E+008                  2.7707571933955740E+007                  4.8215814050819673E-006                  7.9849461781592858E-017                  0.0000000000000000E+000                  3.4718405517931310E+000                  1.6750541463926487E+010                  1.1874980305682154E-006                  4.7969786597852238E-014                 -2.9626835509837859E+000                  1.8683381657670659E+000                  2.1068987931268968E+000                  2.2574137909588874E+000 
                                     649                  2.9507711431102526E+000                  8.1055743391991897E-002                  6.5421333081149360E+000                 -1.0420691793801957E+000                  1.3629483884961642E+001                  6.9999999507738075E-001                  2.8000000492261951E-001                  1.9999999999999796E-002                  0.0000000000000000E+000                  3.6034089449083656E+008                  2.7846355760990862E+007                  5.3528767342505495E-006                  1.1127666610578971E-016                  0.0000000000000000E+000                  3.4307683664669071E+000                  1.6770527294058943E+010                  1.2039178624580623E-006                  5.3281319918842441E-014                 -2.9597015709485874E+000                  1.8725259174555970E+000                  2.1110865448154281E+000                  2.2616015426474187E+000 
                                     650                  2.9492025471273791E+000                  7.9026812582819198E-002                  6.5464600219774347E+000                 -1.0261245024821433E+000                  1.3649728074808207E+001                  6.9999999454498663E-001                  2.8000000545501358E-001                  1.9999999999999796E-002                  0.0000000000000000E+000                  3.6017532713243562E+008                  2.7985384421193242E+007                  5.9405540607620435E-006                  1.5478589473314479E-016                  0.0000000000000000E+000                  3.3897913662036747E+000                  1.6789079960841452E+010                  1.2205208698937909E-006                  5.8792407213749685E-014                 -2.9567273950540720E+000                  1.8767213348797807E+000                  2.1152819622396115E+000                  2.2657969600716021E+000 
                                     651                  2.9475864002894996E+000                  7.6983188276629394E-002                  6.5496828835979777E+000                 -1.0141072071158770E+000                  1.3664946710034215E+001                  6.9999999411035962E-001                  2.8000000588964069E-001                  1.9999999999999685E-002                  0.0000000000000000E+000                  3.6004474085798419E+008                  2.8089393207544442E+007                  6.4209180559084273E-006                  1.9785992704845337E-016                  0.0000000000000000E+000                  3.3596751700619465E+000                  1.6805448932155365E+010                  1.2371773428114651E-006                  6.4261961851646473E-014                 -2.9537840210488073E+000                  1.8809252211623237E+000                  2.1194858485221548E+000                  2.2700008463541455E+000 
                                     652                  2.9467538924275396E+000                  7.5948256298024902E-002                  6.5518358321643939E+000                 -1.0061019341099671E+000                  1.3675090833307204E+001                  6.9999999379927302E-001                  2.8000000620072724E-001                  1.9999999999999796E-002                  0.0000000000000000E+000                  3.5995884605907267E+008                  2.8159093692047399E+007                  6.7624039548805826E-006                  2.3304035728442243E-016                  0.0000000000000000E+000                  3.3393273990266321E+000                  1.6813167124141876E+010                  1.2456196752555010E-006                  6.9291566263868176E-014                 -2.9523072702314450E+000                  1.8830457184487974E+000                  2.1216063458086283E+000                  2.2721213436406189E+000 
                                     653                  2.9459213845655796E+000                  7.4924977749230418E-002                  6.5550726956565120E+000                 -9.9410450594058453E-001                  1.3690304384190059E+001                  6.9999999330770890E-001                  2.8000000669229125E-001                  1.9999999999999796E-002                  0.0000000000000000E+000                  3.5983194523283094E+008                  2.8264217982065521E+007                  7.3088232908371961E-006                  2.9788466384354635E-016                  0.0000000000000000E+000                  3.3084014281045233E+000                  1.6821206151498646E+010                  1.2540832338477127E-006                  7.4680103189266895E-014                 -2.9508368191525047E+000                  1.8851362860083418E+000                  2.1236969133681729E+000                  2.2742119112001635E+000 
                                     654                  2.9442061519849636E+000                  7.2852105507118972E-002                  6.5593593270976100E+000                 -9.7803095761259873E-001                  1.3710635466129192E+001                  6.9999999259102763E-001                  2.8000000740897268E-001                  1.9999999999999685E-002                  0.0000000000000000E+000                  3.5965476810456038E+008                  2.8404035092905961E+007                  8.1027726919282870E-006                  4.1216033198593092E-016                  0.0000000000000000E+000                  3.2680992464747090E+000                  1.6836394214595711E+010                  1.2712421650267249E-006                  8.1682842826881102E-014                 -2.9478858553615002E+000                  1.8893549720638563E+000                  2.1279155994236874E+000                  2.2784305972556780E+000 
                                     655                  2.9424393241967808E+000                  7.0764681938421448E-002                  6.5636336014611745E+000                 -9.6191649335611507E-001                  1.3730994548553998E+001                  6.9999999180009298E-001                  2.8000000819990728E-001                  1.9999999999999796E-002                  0.0000000000000000E+000                  3.5947434730788326E+008                  2.8544139543479465E+007                  8.9799917410530683E-006                  5.6931428555168513E-016                  0.0000000000000000E+000                  3.2281020016232129E+000                  1.6849466028635340E+010                  1.2884100622354702E-006                  9.0314776694892962E-014                 -2.9449729460412475E+000                  1.8935824665478762E+000                  2.1321430939077071E+000                  2.2826580917396977E+000 
                                     656                  2.9406194920358963E+000                  6.8662756997506985E-002                  6.5678960340707429E+000                 -9.4576219675187001E-001                  1.3751381101789416E+001                  6.9999999092900511E-001                  2.8000000907099509E-001                  1.9999999999999796E-002                  0.0000000000000000E+000                  3.5929099983916664E+008                  2.8684544688878801E+007                  9.9489640985473340E-006                  7.8509919183542386E-016                  0.0000000000000000E+000                  3.1884387797641360E+000                  1.6861241250653543E+010                  1.3057004808319440E-006                  1.0030982664895145E-013                 -2.9420782179778180E+000                  1.8978184305228210E+000                  2.1363790578826523E+000                  2.2868940557146429E+000 
                                     657                  2.9387452150925655E+000                  6.6546381465968016E-002                  6.5721471442834414E+000                 -9.2956918029735847E-001                  1.3771794571354645E+001                  6.9999998996479862E-001                  2.8000001003520164E-001                  1.9999999999999796E-002                  0.0000000000000000E+000                  3.5910506662398374E+008                  2.8825263957470734E+007                  1.1019018998617050E-005                  1.0809412839854412E-015                  0.0000000000000000E+000                  3.1491349445938961E+000                  1.6871751533927929E+010                  1.3231099419344616E-006                  1.1149286900009509E-013                 -2.9392020336161249E+000                  1.9020630525816837E+000                  2.1406236799415148E+000                  2.2911386777735054E+000 
                                     658                  2.9368150212869613E+000                  6.4415606710382656E-002                  6.5763874526239654E+000                 -9.1333858033630888E-001                  1.3792234379389091E+001                  6.9999998890316339E-001                  2.8000001109683681E-001                  1.9999999999999796E-002                  0.0000000000000000E+000                  3.5891688983739007E+008                  2.8966311009900529E+007                  1.2200413902065003E-005                  1.4859463931697897E-015                  0.0000000000000000E+000                  3.1102123891674034E+000                  1.6881029263112457E+010                  1.3406356727961129E-006                  1.2386987444937911E-013                 -2.9363446143522496E+000                  1.9063165187057363E+000                  2.1448771460655673E+000                  2.2953921438975580E+000 
                                     659                  2.9348274064353261E+000                  6.2270484443138374E-002                  6.5806174781966380E+000                 -8.9707155284107265E-001                  1.3812699926141832E+001                  6.9999998773260852E-001                  2.8000001226739180E-001                  1.9999999999999685E-002                  0.0000000000000000E+000                  3.5872680057032853E+008                  2.9107699779029328E+007                  1.3504425026290602E-005                  2.0396032355064322E-015                  0.0000000000000000E+000                  3.0716897703769823E+000                  1.6889107393011135E+010                  1.3582756139779285E-006                  1.3757436390501215E-013                 -2.9335060482071662E+000                  1.9105790140296586E+000                  2.1491396413894894E+000                  2.2996546392214801E+000 
                                     660                  2.9327808338120827E+000                  6.0111066489075597E-002                  6.5848377363197921E+000                 -8.8076927006369243E-001                  1.3833190591400616E+001                  6.9999998644223826E-001                  2.8000001355776194E-001                  1.9999999999999796E-002                  0.0000000000000000E+000                  3.5853508834157759E+008                  2.9249444883872766E+007                  1.4943446463335995E-005                  2.7954224398127681E-015                  0.0000000000000000E+000                  3.0335827279768157E+000                  1.6896019321539192E+010                  1.3760284625880193E-006                  1.5280090638099992E-013                 -2.9306862914016074E+000                  1.9148507264025820E+000                  2.1534113537624129E+000                  2.3039263515944035E+000 
                                     661                  2.9306737337259272E+000                  5.7937404573752287E-002                  6.5890487363559860E+000                 -8.6443291783145682E-001                  1.3853705735849891E+001                  6.9999998502009153E-001                  2.8000001497990873E-001                  1.9999999999999796E-002                  0.0000000000000000E+000                  3.5834198426707244E+008                  2.9391561990189359E+007                  1.6531098664746578E-005                  3.8258302486505596E-015                  0.0000000000000000E+000                  2.9959040903233558E+000                  1.6901798790720577E+010                  1.3938937741991605E-006                  1.6971495936422219E-013                 -2.9278851608367078E+000                  1.9191318522426928E+000                  2.1576924796025239E+000                  2.3082074774345145E+000 
                                     662                  2.9285045030952319E+000                  5.5749550114257237E-002                  6.5932509797590919E+000                 -8.4806369085235556E-001                  1.3874244702531245E+001                  6.9999998345303893E-001                  2.8000001654696133E-001                  1.9999999999999796E-002                  0.0000000000000000E+000                  3.5814772927076864E+008                  2.9534066631392576E+007                  1.8282347251475864E-005                  5.2287427185823090E-015                  0.0000000000000000E+000                  2.9586640778467288E+000                  1.6906479762549768E+010                  1.4118718212996677E-006                  1.8848841228461725E-013                 -2.9251023647543919E+000                  1.9234225906406635E+000                  2.1619832180004943E+000                  2.3124982158324854E+000 
                                     663                  2.9262715050018167E+000                  5.3547554002671527E-002                  6.5974449583175119E+000                 -8.3166278906918023E-001                  1.3894806818378546E+001                  6.9999998172667455E-001                  2.8000001827332555E-001                  1.9999999999999907E-002                  0.0000000000000000E+000                  3.5795257712580049E+008                  2.9676973980031606E+007                  2.0213633002569142E-005                  7.1363891638919259E-015                  0.0000000000000000E+000                  2.9218704917881007E+000                  1.6910096281178272E+010                  1.4299633517512111E-006                  2.0932457462449019E-013                 -2.9223375464199774E+000                  1.9277231330670772E+000                  2.1662837604269081E+000                  2.3167987582588987E+000 
                                     664                  2.9239730682449672E+000                  5.1331466401916770E-002                  6.6016311523306248E+000                 -8.1523141426712642E-001                  1.3915391395683871E+001                  6.9999997982519890E-001                  2.8000002017480136E-001                  1.9999999999999796E-002                  0.0000000000000000E+000                  3.5775678777247423E+008                  2.9820298827695064E+007                  2.2343013972119231E-005                  9.7271421891767591E-015                  0.0000000000000000E+000                  2.8855285838881919E+000                  1.6912682361804428E+010                  1.4481696177322242E-006                  2.3244764955185490E-013                 -2.9195902840794505E+000                  1.9320336619046683E+000                  2.1705942892644994E+000                  2.3211092870964900E+000 
                                     665                  2.9216074869018769E+000                  4.9101336559267850E-002                  6.6058100202720711E+000                 -7.9877075831331834E-001                  1.3935997733639832E+001                  6.9999997773128630E-001                  2.8000002226871368E-001                  2.0000000000000018E-002                  0.0000000000000000E+000                  3.5756057591485381E+008                  2.9964056046318214E+007                  2.4690318199796653E-005                  1.3241357309209635E-014                  0.0000000000000000E+000                  2.8496292322220613E+000                  1.6914271722392887E+010                  1.4664958133825195E-006                  2.5810546181636380E-013                 -2.9168595862624320E+000                  1.9363543539846597E+000                  2.1749149813444908E+000                  2.3254299791764814E+000 
                                     666                  2.9191730198545396E+000                  4.6857212644193229E-002                  6.6099819785742344E+000                 -7.8228198081517475E-001                  1.3956625120049219E+001                  6.9999997542594861E-001                  2.8000002457405138E-001                  2.0000000000000018E-002                  0.0000000000000000E+000                  3.5736409485145736E+008                  3.0108260171472494E+007                  2.7277305912465088E-005                  1.8002546211787660E-014                  0.0000000000000000E+000                  2.8141475528031230E+000                  1.6914897154888655E+010                  1.4849552924774740E-006                  2.8657301512625703E-013                 -2.9141433107230852E+000                  1.9406853812895934E+000                  2.1792460086494243E+000                  2.3297610064814149E+000 
                                     667                  2.9166678902938519E+000                  4.4599141682456704E-002                  6.6141473925515131E+000                 -7.6576619747763031E-001                  1.3977272833015157E+001                  6.9999997288837879E-001                  2.8000002711162125E-001                  2.0000000000000018E-002                  0.0000000000000000E+000                  3.5716749402773643E+008                  3.0252924040853210E+007                  3.0127847419364286E-005                  2.4445655619116380E-014                  0.0000000000000000E+000                  2.7790604296792019E+000                  1.6914589912486563E+010                  1.5035655431055676E-006                  3.1815464499077205E-013                 -2.9114388177396147E+000                  1.9450268984357182E+000                  2.1835875257955490E+000                  2.3341025236275397E+000 
                                     668                  2.9140902852212927E+000                  4.2327169556681775E-002                  6.6183065808926980E+000                 -7.4922448300966393E-001                  1.3997940142658033E+001                  6.9999997009578308E-001                  2.8000002990421685E-001                  2.0000000000000018E-002                  0.0000000000000000E+000                  3.5697092527284491E+008                  3.0398058807116501E+007                  3.3268120492166199E-005                  3.3154807487321085E-014                  0.0000000000000000E+000                  2.7443475097980232E+000                  1.6913379595341021E+010                  1.5223428996154879E-006                  3.5318616819900804E-013                 -2.9087437570159875E+000                  1.9493790332755037E+000                  2.1879396606353345E+000                  2.3384546584673251E+000 
                                     669                  2.9114383549092611E+000                  4.0041340965544993E-002                  6.6224598207001595E+000                 -7.3265787445793751E-001                  1.4018626313029488E+001                  6.9999996702319944E-001                  2.8000003297680071E-001                  1.9999999999999796E-002                  0.0000000000000000E+000                  3.5677454644909459E+008                  3.0543674093935736E+007                  3.6726825867295585E-005                  4.4913603129099848E-014                  0.0000000000000000E+000                  2.7099909545222185E+000                  1.6911294330772633E+010                  1.5413022777827585E-006                  3.9203898141663669E-013                 -2.9060560898882799E+000                  1.9537418887625757E+000                  2.1923025161224068E+000                  2.3428175139543974E+000 
                                     670                  2.9087102123088275E+000                  3.7741699333042486E-002                  6.6266073521633713E+000                 -7.1606737425772526E-001                  1.4039330604154200E+001                  6.9999996364329486E-001                  2.8000003635670523E-001                  1.9999999999999907E-002                  0.0000000000000000E+000                  3.5657848073312104E+008                  3.0689778770707082E+007                  4.0535422194622460E-005                  6.0772100644247066E-014                  0.0000000000000000E+000                  2.6759752180131420E+000                  1.6908360961259836E+010                  1.5604573795413796E-006                  4.3512429605981500E-013                 -2.9033740443172573E+000                  1.9581155501818239E+000                  2.1966761775416548E+000                  2.3471911753736454E+000 
                                     671                  2.9059039324207205E+000                  3.5428286686257610E-002                  6.6307493829047983E+000                 -6.9945395269528798E-001                  1.4060052274152060E+001                  6.9999995992615216E-001                  2.8000004007384804E-001                  1.9999999999999796E-002                  0.0000000000000000E+000                  3.5638281466367191E+008                  3.0836381083898276E+007                  4.4728382183810304E-005                  8.2135897032006313E-014                  0.0000000000000000E+000                  2.6422868514365860E+000                  1.6904605218368395E+010                  1.5798208804470005E-006                  4.8289619477823782E-013                 -2.9006960752073581E+000                  1.9625000921588553E+000                  2.2010607195186864E+000                  2.3515757173506771E+000 
                                     672                  2.9030175516145262E+000                  3.3101143494683169E-002                  6.6348860920621995E+000                 -6.8281854970893396E-001                  1.4080790581542445E+001                  6.9999995583902930E-001                  2.8000004416097080E-001                  1.9999999999999907E-002                  0.0000000000000000E+000                  3.5618763111984015E+008                  3.0983488303620212E+007                  4.9343471871353459E-005                  1.1088448160872300E-013                  0.0000000000000000E+000                  2.6089143305834974E+000                  1.6900051876050747E+010                  1.5994044087407964E-006                  5.3585681648210258E-013                 -2.8980208555945532E+000                  1.9668955775718620E+000                  2.2054562049316928E+000                  2.3559712027636834E+000 
                                     673                  2.9000490668712855E+000                  3.0760308458165735E-002                  6.6390176341607239E+000                 -6.6616207633417890E-001                  1.4101544787805915E+001                  6.9999995134610304E-001                  2.8000004865389710E-001                  1.9999999999999796E-002                  0.0000000000000000E+000                  3.5599301834666443E+008                  3.1131106787705079E+007                  5.4422055084162541E-005                  1.4952831155402103E-013                  0.0000000000000000E+000                  2.5758479034868329E+000                  1.6894724890561796E+010                  1.6192185040580096E-006                  5.9415193006019404E-013                 -2.8953472708970591E+000                  1.9713020559959011E+000                  2.2098626833557322E+000                  2.3603776811877228E+000 
                                     674                  2.8969964349351938E+000                  2.8405818239738454E-002                  6.6431441428061220E+000                 -6.4948541570353180E-001                  1.4122314160188497E+001                  6.9999994640818153E-001                  2.8000005359181840E-001                  2.0000000000000018E-002                  0.0000000000000000E+000                  3.5579906586733419E+008                  3.1279242102347344E+007                  6.0009425406233813E-005                  2.0141706145654966E-013                  0.0000000000000000E+000                  2.5430794566971113E+000                  1.6888647531902761E+010                  1.6392726453997300E-006                  6.5680339786397281E-013                 -2.8926744040734524E+000                  1.9757195655922808E+000                  2.2142801929521116E+000                  2.3647951907841023E+000 
                                     675                  2.8938575713704053E+000                  2.6037707148931787E-002                  6.6467402184540720E+000                 -6.3487442709692532E-001                  1.4140491383823225E+001                  6.9999994170654256E-001                  2.8000005829345742E-001                  2.0000000000000018E-002                  0.0000000000000000E+000                  3.5562849797559637E+008                  3.1408903198596284E+007                  6.5345195255210443E-005                  2.6099034945221053E-013                  0.0000000000000000E+000                  2.5148810412565488E+000                  1.6881452179309736E+010                  1.6595227512686240E-006                  7.2220827444986019E-013                 -2.8900083946217561E+000                  1.9801484509474609E+000                  2.2187090783072918E+000                  2.3692240761392824E+000 
                                     676                  2.8914455565096491E+000                  2.4252739568152881E-002                  6.6498287694586278E+000                 -6.2234185512124285E-001                  1.4156087205771778E+001                  6.9999993734176214E-001                  2.8000006265823785E-001                  2.0000000000000018E-002                  0.0000000000000000E+000                  3.5548403407547808E+008                  3.1520693505871199E+007                  7.0293706907216939E-005                  3.2586330512525164E-013                  0.0000000000000000E+000                  2.4906810087176368E+000                  1.6875597579899616E+010                  1.6748748501814371E-006                  7.8717477946129594E-013                 -2.8880088193601945E+000                  1.9834773288251812E+000                  2.2220379561850123E+000                  2.3725529540170029E+000 
                                     677                  2.8889829279229011E+000                  2.2460141089217327E-002                  6.6529146429797787E+000                 -6.0979916596774564E-001                  1.4171690496437158E+001                  6.9999993263794902E-001                  2.8000006736205102E-001                  2.0000000000000018E-002                  0.0000000000000000E+000                  3.5534003288466978E+008                  3.1632781721169058E+007                  7.5607207077407884E-005                  4.0661470593780653E-013                  0.0000000000000000E+000                  2.4666426842349387E+000                  1.6869646497203863E+010                  1.6904157950035035E-006                  8.5279510927595498E-013                 -2.8860032289756190E+000                  1.9868122606422474E+000                  2.2253728880020782E+000                  2.3758878858340688E+000 
                                     678                  2.8864687585065525E+000                  2.0659922846255070E-002                  6.6559978855170057E+000                 -5.9724670282034886E-001                  1.4187300965223205E+001                  6.9999992763344610E-001                  2.8000007236655378E-001                  2.0000000000000129E-002                  0.0000000000000000E+000                  3.5519651943035156E+008                  3.1745170038570017E+007                  8.1311898336855094E-005                  5.0707153204688770E-013                  0.0000000000000000E+000                  2.4427763440930299E+000                  1.6863317289856607E+010                  1.7061006573175512E-006                  9.2182572396677536E-013                 -2.8839976748527136E+000                  1.9901534520374147E+000                  2.2287140793972458E+000                  2.3792290772292364E+000 
                                     679                  2.8839021068278643E+000                  1.8852094730349687E-002                  6.6590785572250324E+000                 -5.8468481655552607E-001                  1.4202918327751705E+001                  6.9999992225278251E-001                  2.8000007774721725E-001                  2.0000000000000240E-002                  0.0000000000000000E+000                  3.5505352013790858E+008                  3.1857861164548583E+007                  8.7435827583255227E-005                  6.3196954779664048E-013                  0.0000000000000000E+000                  2.4190945121419651E+000                  1.6856619775017496E+010                  1.7219225502942218E-006                  1.0019127829384034E-012                 -2.8819931932054916E+000                  1.9935009216310573E+000                  2.2320615489908886E+000                  2.3825765468228792E+000 
                                     680                  2.8812820168110327E+000                  1.7036665219982230E-002                  6.6632060452698214E+000                 -5.6792999847555581E-001                  1.4223767761621465E+001                  6.9999991442097642E-001                  2.8000008557902339E-001                  2.0000000000000240E-002                  0.0000000000000000E+000                  3.5486691118917036E+008                  3.2009475562575869E+007                  9.6335787135970165E-005                  8.4806043809090703E-013                  0.0000000000000000E+000                  2.3873223886440291E+000                  1.6850151863048557E+010                  1.7379497520693470E-006                  1.0999385237077803E-012                 -2.8799813920548591E+000                  1.9968542394039357E+000                  2.2354148667637666E+000                  2.3859298645957572E+000 
                                     681                  2.8767938039239693E+000                  1.3993931799027661E-002                  6.6678042250122314E+000                 -5.4904868990622213E-001                  1.4247209299528880E+001                  6.9999990471316431E-001                  2.8000009528683523E-001                  2.0000000000000462E-002                  0.0000000000000000E+000                  3.5465278786993217E+008                  3.2179213906155638E+007                  1.0734950589559224E-004                  1.1763240150510091E-012                  0.0000000000000000E+000                  2.3528816677921376E+000                  1.6838096897569040E+010                  1.7648755449044601E-006                  1.2225760473420417E-012                 -2.8766429573383459E+000                  2.0024578635094650E+000                  2.2410184908692963E+000                  2.3915334887012869E+000 
                                     682                  2.8730913292454123E+000                  1.1544631078881717E-002                  6.6718991875033353E+000                 -5.3225424367479557E-001                  1.4268065424424455E+001                  6.9999989522214101E-001                  2.8000010477785819E-001                  2.0000000000000795E-002                  0.0000000000000000E+000                  3.5446523736212432E+008                  3.2331133935642350E+007                  1.1818312444713898E-004                  1.5728362463567945E-012                  0.0000000000000000E+000                  2.3224414263765412E+000                  1.6827028375654345E+010                  1.7865186841365747E-006                  1.3580193026403517E-012                 -2.8739962187050270E+000                  2.0069539761678281E+000                  2.2455146035276594E+000                  2.3960296013596500E+000 
                                     683                  2.8692867796077874E+000                  9.0818438300699147E-003                  6.6759905409631735E+000                 -5.1544644477561963E-001                  1.4288931432476749E+001                  6.9999988478918884E-001                  2.8000011521081020E-001                  2.0000000000000906E-002                  0.0000000000000000E+000                  3.5427887662504733E+008                  3.2483633483694371E+007                  1.3008183366893528E-004                  2.1009219287682910E-012                  0.0000000000000000E+000                  2.2924226758641053E+000                  1.6815793900593754E+010                  1.8083920151340606E-006                  1.5074167043972846E-012                 -2.8713537096197097E+000                  2.0114614056167341E+000                  2.2500220329765654E+000                  2.4005370308085561E+000 
                                     684                  2.8653776956516426E+000                  6.6055659347366569E-003                  6.6800786294754078E+000                 -4.9862619776173911E-001                  1.4309806781591847E+001                  6.9999987334318381E-001                  2.8000012665681473E-001                  2.0000000000001461E-002                  0.0000000000000000E+000                  3.5409378002866948E+008                  3.2636727267171696E+007                  1.4314799488675644E-004                  2.8036019594107989E-012                  0.0000000000000000E+000                  2.2628442691098316E+000                  1.6804038213154343E+010                  1.8304222510384418E-006                  1.6717261717337267E-012                 -2.8687243567351444E+000                  2.0159805712552599E+000                  2.2545411986150907E+000                  2.4050561964470814E+000 
                                     685                  2.8613615643331545E+000                  4.1157853812897284E-003                  6.6841638332675890E+000                 -4.8179440933391304E-001                  1.4330690964013172E+001                  6.9999986078774490E-001                  2.8000013921225331E-001                  2.0000000000001794E-002                  0.0000000000000000E+000                  3.5391002683739114E+008                  3.2790431597319391E+007                  1.5749369728064420E-004                  3.7377807925456881E-012                  0.0000000000000000E+000                  2.2337230367267304E+000                  1.6791793548579447E+010                  1.8525914861733113E-006                  1.8530486754648728E-012                 -2.8661101680685985E+000                  2.0205116705606518E+000                  2.2590722979204831E+000                  2.4095872957524738E+000 
                                     686                  2.8572358172019054E+000                  1.6124816204973614E-003                  6.6882465665790383E+000                 -4.6495198444406766E-001                  1.4351583507895299E+001                  6.9999984701740603E-001                  2.8000015298259162E-001                  2.0000000000002349E-002                  0.0000000000000000E+000                  3.5372769471254599E+008                  3.2944764339942068E+007                  1.7324168701261889E-004                  4.9786785256303382E-012                  0.0000000000000000E+000                  2.2050738512034722E+000                  1.6779093294240395E+010                  1.8748819123069161E-006                  2.0536900066597829E-012                 -2.8635130403544022E+000                  2.0250549269001463E+000                  2.2636155542599772E+000                  2.4141305520919678E+000 
                                     687                  2.8529978287445519E+000                 -9.0437497903358087E-004                  6.6923272754088350E+000                 -4.4809982339387794E-001                  1.4372483977946736E+001                  6.9999983191676751E-001                  2.8000016808322920E-001                  2.0000000000003348E-002                  0.0000000000000000E+000                  3.5354685877042967E+008                  3.3099744881672248E+007                  1.9052638604420889E-004                  6.6256663299053344E-012                  0.0000000000000000E+000                  2.1769096807081700E+000                  1.6765971865311241E+010                  1.8972758269580783E-006                  2.2758837183061604E-012                 -2.8609347632805351E+000                  2.0296105891568588E+000                  2.2681712165166901E+000                  2.4186862143486807E+000 
                                     688                  2.8486449148656003E+000                 -3.4348235475748523E-003                  6.6964064351564971E+000                 -4.3123881953384524E-001                  1.4393391975322329E+001                  6.9999981535958988E-001                  2.8000018464040544E-001                  2.0000000000004681E-002                  0.0000000000000000E+000                  3.5336759667363364E+008                  3.3255394061942149E+007                  2.0949500937735431E-004                  8.8099472178792424E-012                  0.0000000000000000E+000                  2.1492416337576685E+000                  1.6752464587651836E+010                  1.9197556588241395E-006                  2.5219272775972477E-012                 -2.8583770217881126E+000                  2.0341789310471738E+000                  2.2727395584070047E+000                  2.4232545562389953E+000 
                                     689                  2.8441743314167796E+000                 -5.9789130692862969E-003                  6.7004845482008992E+000                 -4.1436985718594443E-001                  1.4414307137184755E+001                  6.9999979720782046E-001                  2.8000020279217352E-001                  2.0000000000006013E-002                  0.0000000000000000E+000                  3.5318998462244391E+008                  3.3411734115788098E+007                  2.3030879043761755E-004                  1.1704662985325781E-011                  0.0000000000000000E+000                  2.1220789815702568E+000                  1.6738607582258133E+010                  1.9423040088965718E-006                  2.7943543829906986E-012                 -2.8558413967265994E+000                  2.0387602502513738E+000                  2.2773208776112051E+000                  2.4278358754431957E+000 
                                     690                  2.8395832727334747E+000                 -8.5367027056010483E-003                  6.7045621310362318E+000                 -3.9749379908219912E-001                  1.4435229135967914E+001                  6.9999977731055041E-001                  2.8000022268944169E-001                  2.0000000000007900E-002                  0.0000000000000000E+000                  3.5301409328465229E+008                  3.3568788196349397E+007                  2.5314429558947414E-004                  1.5538181394074475E-011                  0.0000000000000000E+000                  2.0954181194704486E+000                  1.6724437443609089E+010                  1.9649086675704473E-006                  3.0959574874749392E-012                 -2.8533288157974610E+000                  2.0433548649338653E+000                  2.2819154922936966E+000                  2.4324304901256872E+000 
                                     691                  2.8348688702310354E+000                 -1.1108261997926635E-002                  6.7086396726829731E+000                 -3.8061144456484142E-001                  1.4456157678314954E+001                  6.9999975550288152E-001                  2.8000024449710820E-001                  2.0000000000010232E-002                  0.0000000000000000E+000                  3.5283998618279815E+008                  3.3726578742360711E+007                  2.7819476293105573E-004                  2.0611524432305246E-011                  0.0000000000000000E+000                  2.0692240521140337E+000                  1.6709990150589531E+010                  1.9875768509829194E-006                  3.4298146765870976E-012                 -2.8508380350307019E+000                  2.0479631001299534E+000                  2.2865237274897847E+000                  2.4370387253217753E+000 
                                     692                  2.8300281910388647E+000                 -1.3693670788257071E-002                  6.7127176009116845E+000                 -3.6372349648068986E-001                  1.4477092503577841E+001                  6.9999973160468021E-001                  2.8000026839530595E-001                  2.0000000000013785E-002                  0.0000000000000000E+000                  3.5266771582749879E+008                  3.3885126151271030E+007                  3.0567153763507858E-004                  2.7321216898423139E-011                  0.0000000000000000E+000                  2.0434588180894622E+000                  1.6695299601639210E+010                  2.0103325899648980E-006                  3.7993173558435876E-012                 -2.8483660434197127E+000                  2.0525852686630977E+000                  2.2911458960229290E+000                  2.4416608938549196E+000 
                                     693                  2.8250582367561012E+000                 -1.6293018857576325E-002                  6.7167962813061690E+000                 -3.4683056249364719E-001                  1.4498033381658079E+001                  6.9999970541921519E-001                  2.8000029458076653E-001                  2.0000000000018225E-002                  0.0000000000000000E+000                  3.5249731920119321E+008                  3.4044448706580877E+007                  3.3580570495947171E-004                  3.6189257433336591E-011                  0.0000000000000000E+000                  2.0180872066096796E+000                  1.6680396989883459E+010                  2.0332014892911232E-006                  4.2082039972792483E-012                 -2.8459097904273483E+000                  2.0572216622010799E+000                  2.2957822895609108E+000                  2.4462972873929014E+000 
                                     694                  2.8199559423713043E+000                 -1.8906405467153199E-002                  6.7208760222313417E+000                 -3.2993316262203648E-001                  1.4518980110697223E+001                  6.9999967673166763E-001                  2.8000032326830826E-001                  2.0000000000024110E-002                  0.0000000000000000E+000                  3.5232882012599695E+008                  3.4204562719048873E+007                  3.6884988315408326E-004                  4.7902394917963500E-011                  0.0000000000000000E+000                  1.9930770398588429E+000                  1.6665310948999857E+010                  2.0562078319136005E-006                  4.6605979145982064E-012                 -2.8434664954970521E+000                  2.0618725518646603E+000                  2.3004331792244916E+000                  2.4509481770564823E+000 
                                     695                  2.8147181751041703E+000                 -2.1533938972984661E-002                  6.7249570799977372E+000                 -3.1303173673848239E-001                  1.4539932514966424E+001                  6.9999964530751679E-001                  2.8000035469245138E-001                  2.0000000000031770E-002                  0.0000000000000000E+000                  3.5216223629832965E+008                  3.4365482657527670E+007                  4.0508017636476680E-004                  6.3363560632059603E-011                  0.0000000000000000E+000                  1.9683990017395887E+000                  1.6650067816618843E+010                  2.0793743793935458E-006                  5.1610440077665303E-012                 -2.8410336557029283E+000                  2.0665381902312761E+000                  2.3050988175911074E+000                  2.4556138154230980E+000 
                                     696                  2.8093417332560184E+000                 -2.4175736468147524E-002                  6.7290396635081260E+000                 -2.9612665161533236E-001                  1.4560890442627285E+001                  6.9999961089077956E-001                  2.8000038910917840E-001                  2.0000000000041984E-002                  0.0000000000000000E+000                  3.5199757665800345E+008                  3.4527221287702702E+007                  4.4479829858254968E-004                  8.3759171066504116E-011                  0.0000000000000000E+000                  1.9440262689575547E+000                  1.6634691887447901E+010                  2.1027224869254363E-006                  5.7145504913215066E-012                 -2.8386090204209240E+000                  2.0712188132893261E+000                  2.3097794406491574E+000                  2.4602944384811480E+000 
                                     697                  2.8038233451442629E+000                 -2.6831923416533260E-002                  6.7331239384302757E+000                 -2.7921820803735692E-001                  1.4581853763073582E+001                  6.9999957320210071E-001                  2.8000042679784370E-001                  2.0000000000055529E-002                  0.0000000000000000E+000                  3.5183483951551062E+008                  3.4689789829723477E+007                  4.8833388230088651E-004                  1.1064713697217819E-010                  0.0000000000000000E+000                  1.9199344524532536E+000                  1.6619205648998873E+010                  2.1262721801365571E-006                  6.3266364874658762E-012                 -2.8361905715137499E+000                  2.0759146424963033E+000                  2.3144752698561346E+000                  2.4649902676881252E+000 
                                     698                  2.7981596682227603E+000                 -2.9502633236326084E-002                  6.7372100312609273E+000                 -2.6230664799244252E-001                  1.4602822364031143E+001                  6.9999953193667097E-001                  2.8000046806325596E-001                  2.0000000000073070E-002                  0.0000000000000000E+000                  3.5167401774380076E+008                  3.4853198076711886E+007                  5.3604698912090322E-004                  1.4607186967442587E-010                  0.0000000000000000E+000                  1.8961015441245030E+000                  1.6603630008662977E+010                  2.1500420717027438E-006                  7.0033838716974178E-012                 -2.8337765208957837E+000                  2.0806258865815468E+000                  2.3191865139413776E+000                  2.4697015117733683E+000 
                                     699                  2.7923472882351019E+000                 -3.2188006916045134E-002                  6.7412980333961352E+000                 -2.4539216150874221E-001                  1.4623796148975257E+001                  6.9999948676194068E-001                  2.8000051323796332E-001                  2.0000000000095941E-002                  0.0000000000000000E+000                  3.5151509977629459E+008                  3.5017454524361983E+007                  5.8833084097351107E-004                  1.9271446166327416E-010                  0.0000000000000000E+000                  1.8725078589435726E+000                  1.6587984514926420E+010                  2.1740492658563572E-006                  7.7514995919011962E-012                 -2.8313653093228530E+000                  2.0853527431527805E+000                  2.3239133705126114E+000                  2.4744283683446024E+000 
                                     700                  2.7863827182728342E+000                 -3.4888192722483974E-002                  6.7453880051868147E+000                 -2.2847489316109912E-001                  1.4644775034789754E+001                  6.9999943731507830E-001                  2.8000056268479551E-001                  2.0000000000126139E-002                  0.0000000000000000E+000                  3.5135806743261933E+008                  3.5182566495661356E+007                  6.4561479135286787E-004                  2.5408866323167215E-010                  0.0000000000000000E+000                  1.8491359722935228E+000                  1.6572287571906914E+010                  2.1983092548112603E-006                  8.5783874466496527E-012                 -2.8289556058628857E+000                  2.0900954004108350E+000                  2.3286560277706658E+000                  2.4791710256026565E+000 
                                     701                  2.7802623978967422E+000                 -3.7603345924603300E-002                  6.7494799798968943E+000                 -2.1155494866713687E-001                  1.4665758949271753E+001                  6.9999938320014443E-001                  2.8000061679968991E-001                  2.0000000000165663E-002                  0.0000000000000000E+000                  3.5120289883476466E+008                  3.5348540260755725E+007                  7.0836755647809039E-004                  3.3479644082188530E-010                  0.0000000000000000E+000                  1.8259706524739723E+000                  1.6556556648826719E+010                  2.2228358123345734E-006                  9.4922275578290020E-012                 -2.8265463074337918E+000                  2.0948540387608485E+000                  2.3334146661206794E+000                  2.4839296639526700E+000 
                                     702                  2.7739826923875803E+000                 -4.0333628509282286E-002                  6.7535739732657349E+000                 -1.9463240766326168E-001                  1.4686747828320172E+001                  6.9999932398488474E-001                  2.8000067601489759E-001                  2.0000000000217621E-002                  0.0000000000000000E+000                  3.5104957238783109E+008                  3.5515381425179265E+007                  7.7710077565935919E-004                  4.4086113618343263E-010                  0.0000000000000000E+000                  1.8030040405339625E+000                  1.6540808600689976E+010                  2.2476377705815642E-006                  1.0502068811001618E-011                 -2.8241368391923496E+000                  2.0996288339605402E+000                  2.3381894613203711E+000                  2.4887044591523622E+000 
                                     703                  2.7675398921893235E+000                 -4.3079208908480479E-002                  6.7576700263367186E+000                 -1.7770737044652304E-001                  1.4707741613194370E+001                  6.9999925919726003E-001                  2.8000074080245491E-001                  2.0000000000285123E-002                  0.0000000000000000E+000                  3.5089806771997386E+008                  3.5683096699418537E+007                  8.5237320691168377E-004                  5.8016258301538777E-010                  0.0000000000000000E+000                  1.7802601276618106E+000                  1.6525060747425211E+010                  2.2727003699872222E-006                  1.1617925854618548E-011                 -2.8217289086748485E+000                  2.1044199701397974E+000                  2.3429805974996287E+000                  2.4934955953316194E+000 
                                     704                  2.7609302122901322E+000                 -4.5840262074907379E-002                  6.7617682523168803E+000                 -1.6078000838421611E-001                  1.4728740248192912E+001                  6.9999918832164509E-001                  2.8000081167798130E-001                  2.0000000000373608E-002                  0.0000000000000000E+000                  3.5074837073690319E+008                  3.5851695871299706E+007                  9.3479549924796717E-004                  7.6300556886817771E-010                  0.0000000000000000E+000                  1.7577720472829201E+000                  1.6509332645369333E+010                  2.2979815196981193E-006                  1.2850872691883323E-011                 -2.8193267341087669E+000                  2.1092276625366679E+000                  2.3477882898964992E+000                  2.4983032877284899E+000 
                                     705                  2.7541497916170443E+000                 -4.8616969910753011E-002                  6.7658688448043280E+000                 -1.4385057438837895E-001                  1.4749743678537909E+001                  6.9999911079472688E-001                  2.8000088920478400E-001                  2.0000000000489182E-002                  0.0000000000000000E+000                  3.5060047994904268E+008                  3.6021192183671504E+007                  1.0250351997992079E-003                  1.0028611851289651E-009                  0.0000000000000000E+000                  1.7355701158412786E+000                  1.6493647140827116E+010                  2.3234318162844441E-006                  1.4213147391650091E-011                 -2.8169350339286683E+000                  2.1140521716731149E+000                  2.3526127990329457E+000                  2.5031277968649364E+000 
                                     706                  2.7471946925245314E+000                 -5.1409521775689762E-002                  6.7699720722789127E+000                 -1.2691939932567950E-001                  1.4770751848220204E+001                  6.9999902600102415E-001                  2.8000097399833568E-001                  2.0000000000640172E-002                  0.0000000000000000E+000                  3.5045440404262596E+008                  3.6191602183640718E+007                  1.1238221381721721E-003                  1.3173336547724965E-009                  0.0000000000000000E+000                  1.7136819012860676E+000                  1.6478030394658226E+010                  2.3490019548346675E-006                  1.5718274778996780E-011                 -2.8145583109016279E+000                  2.1188938043604888E+000                  2.3574544317203201E+000                  2.5079694295523107E+000 
                                     707                  2.7400609004743983E+000                 -5.4218114951616214E-002                  6.7740782727045445E+000                 -1.0998688870052541E-001                  1.4791764697752068E+001                  6.9999893326798035E-001                  2.8000106673118225E-001                  2.0000000000837348E-002                  0.0000000000000000E+000                  3.5031015607609785E+008                  3.6362945608831830E+007                  1.2319543295522550E-003                  1.7294215402084185E-009                  0.0000000000000000E+000                  1.6921323265756907E+000                  1.6462511647970146E+010                  2.3746427581721586E-006                  1.7381199301158140E-011                 -2.8122008582457076E+000                  2.1237529116379736E+000                  2.3623135389978049E+000                  2.5128285368297956E+000 
                                     708                  2.7327443238754050E+000                 -5.7042955085208152E-002                  6.7781878483602469E+000                 -9.3053519329954176E-002                  1.4812782162154644E+001                  6.9999883186058842E-001                  2.8000116813831671E-001                  2.0000000001094920E-002                  0.0000000000000000E+000                  3.5016775465925723E+008                  3.6535245236079924E+007                  1.3503044492837019E-003                  2.2691630493743200E-009                  0.0000000000000000E+000                  1.6709437876496245E+000                  1.6447122999191109E+010                  2.4003051788898459E-006                  1.9218431816527966E-011                 -2.8098667689187855E+000                  2.1286298867387257E+000                  2.3671905140985570E+000                  2.5177055119305476E+000 
                                     709                  2.7252407939176835E+000                 -5.9884256676551388E-002                  6.7823012609384268E+000                 -7.6119835996390897E-002                  1.4833804169246063E+001                  6.9999872097549909E-001                  2.8000127902307037E-001                  2.0000000001430540E-002                  0.0000000000000000E+000                  3.5002722597336131E+008                  3.6708526731553130E+007                  1.4798269360169942E-003                  2.9757826117538682E-009                  0.0000000000000000E+000                  1.6501362830538397E+000                  1.6431899192589331E+010                  2.4259402808221187E-006                  2.1248215020825889E-011                 -2.8075599471651933E+000                  2.1335251629606962E+000                  2.3720857903205275E+000                  2.5226007881525181E+000 
                                     710                  2.7175460645215588E+000                 -6.2742243567758316E-002                  6.7864190269171614E+000                 -5.9186448079021202E-002                  1.4854830638142898E+001                  6.9999859973456902E-001                  2.8000140026356246E-001                  2.0000000001868523E-002                  0.0000000000000000E+000                  3.4988860013775432E+008                  3.6882818502340250E+007                  1.6215657860670077E-003                  3.9004918238497460E-009                  0.0000000000000000E+000                  1.6297275531438011E+000                  1.6416877417928007E+010                  2.4514991987739526E-006                  2.3490701447356389E-011                 -2.8052841221793496E+000                  2.1384392116008253E+000                  2.3769998389606566E+000                  2.5275148367926472E+000 
                                     711                  2.7096558123348906E+000                 -6.5617149459024943E-002                  6.7905417131718835E+000                 -4.2254026569910473E-002                  1.4875861477709229E+001                  6.9999846717783354E-001                  2.8000153281972678E-001                  2.0000000002439622E-002                  0.0000000000000000E+000                  3.4975191006505585E+008                  3.7058151572696306E+007                  1.7766631056258661E-003                  5.1101449068240355E-009                  0.0000000000000000E+000                  1.6097332268771731E+000                  1.6402097123503799E+010                  2.4769330841306812E-006                  2.5968138699845117E-011                 -2.8030428629939901E+000                  2.1433725401488357E+000                  2.3819331675086670E+000                  2.5324481653406576E+000 
                                     712                  2.7015656370528931E+000                 -6.8509218356652829E-002                  6.7946699328107725E+000                 -2.5323301622988240E-002                  1.4896896584782738E+001                  6.9999832225595460E-001                  2.8000167774086149E-001                  2.0000000003183915E-002                  0.0000000000000000E+000                  3.4961719363989073E+008                  3.7234559473743424E+007                  1.9463684944835730E-003                  6.6920104267454504E-009                  0.0000000000000000E+000                  1.5901669746844773E+000                  1.6387599846828640E+010                  2.5021930471833244E-006                  2.8705057705651140E-011                 -2.8008395935059056E+000                  2.1483256906624102E+000                  2.3868863180222415E+000                  2.5374013158542321E+000 
                                     713                  2.6932710619511857E+000                 -7.1418705005522942E-002                  6.7988043413402357E+000                 -8.3950601052119201E-003                  1.4917935842647456E+001                  6.9999816382220259E-001                  2.8000183617364349E-001                  2.0000000004153917E-002                  0.0000000000000000E+000                  3.4948449077296442E+008                  3.7412078139764465E+007                  2.1320493482070548E-003                  8.7600018503790771E-009                  0.0000000000000000E+000                  1.5710406658378251E+000                  1.6373429059908224E+010                  2.5272300854525709E-006                  3.1728463833601106E-011                 -2.7986776085031262E+000                  2.1532992382840734E+000                  2.3918598656439047E+000                  2.5423748634758954E+000 
                                     714                  2.6847675344210655E+000                 -7.4345875385452620E-002                  6.8029456295338981E+000                  8.5298605515614218E-003                  1.4938979119826330E+001                  6.9999799062397983E-001                  2.8000200937060260E-001                  2.0000000005417573E-002                  0.0000000000000000E+000                  3.4935384035746634E+008                  3.7590745653364189E+007                  2.3352020859618377E-003                  1.1462813192921165E-008                  0.0000000000000000E+000                  1.5523616866279639E+000                  1.6359629956727365E+010                  2.5519972579359066E-006                  3.5068044376598999E-011                 -2.7965598982951758E+000                  2.1582937890606630E+000                  2.3968544164204943E+000                  2.5473694142524850E+000 
                                     715                  2.6760504266603018E+000                 -7.7291007192788808E-002                  6.8070944806097673E+000                  2.5450615087200212E-002                  1.4960026268924135E+001                  6.9999780129371514E-001                  2.8000219869922111E-001                  2.0000000007063701E-002                  0.0000000000000000E+000                  3.4922527949970835E+008                  3.7770600383012585E+007                  2.5574635159273046E-003                  1.4994517292908650E-008                  0.0000000000000000E+000                  1.5341084653592998E+000                  1.6346248489907509E+010                  2.5764722927880368E-006                  3.8756412406146728E-011                 -2.7944872617759078E+000                  2.1633099677719261E+000                  2.4018705951317569E+000                  2.5523855929637476E+000 
                                     716                  2.6671150365764897E+000                 -8.0254390038383083E-002                  6.8112515126539126E+000                  4.2366408005286099E-002                  1.4981077125315428E+001                  6.9999759433887487E-001                  2.8000240565191770E-001                  2.0000000009207430E-002                  0.0000000000000000E+000                  3.4909883851464063E+008                  3.7951678460238472E+007                  2.8006224368962683E-003                  1.9608354337258595E-008                  0.0000000000000000E+000                  1.5162454521514903E+000                  1.6333329469957411E+010                  2.6006685581757538E-006                  4.2805954707927136E-011                 -2.7924574964371214E+000                  2.1683483927492166E+000                  2.4069090201090479E+000                  2.5574240179410386E+000 
                                     717                  2.6579565890026062E+000                 -8.3236325215251275E-002                  6.8154172622765934E+000                  5.9276508797425818E-002                  1.5002131505695564E+001                  6.9999736813091518E-001                  2.8000263185708640E-001                  2.0000000011998420E-002                  0.0000000000000000E+000                  3.4897453491504288E+008                  3.8134013027973264E+007                  3.0666328746317612E-003                  2.5634701287362414E-008                  0.0000000000000000E+000                  1.4987399615181201E+000                  1.6320915226049849E+010                  2.6246109164208471E-006                  4.7178748674602392E-011                 -2.7904675345815324E+000                  2.1734096571388757E+000                  2.4119702844987070E+000                  2.5624852823306976E+000 
                                     718                  2.6485702370882231E+000                 -8.6237125360047379E-002                  6.8190613547146208E+000                  7.4075928421740170E-002                  1.5020556448943255E+001                  6.9999715339657242E-001                  2.8000284658831448E-001                  2.0000000015113040E-002                  0.0000000000000000E+000                  3.4886663336204714E+008                  3.8294235562444359E+007                  3.3195281257420643E-003                  3.2387959028147483E-008                  0.0000000000000000E+000                  1.4837903188141037E+000                  1.6308659331678041E+010                  2.6482735942877200E-006                  5.1847558971741889E-011                 -2.7885185748821186E+000                  2.1784946379651813E+000                  2.4170552653250126E+000                  2.5675702631570032E+000 
                                     719                  2.6413779556420218E+000                 -8.8500240863694526E-002                  6.8227296733100067E+000                  8.8853418700347062E-002                  1.5038984479555612E+001                  6.9999692050741047E-001                  2.8000307947353081E-001                  2.0000000019058772E-002                  0.0000000000000000E+000                  3.4876216551361716E+008                  3.8456212849663459E+007                  3.5936673897549350E-003                  4.0948728726200849E-008                  0.0000000000000000E+000                  1.4688769218392357E+000                  1.6300144208371748E+010                  2.6659131008996822E-006                  5.6756294754729174E-011                 -2.7870770055583853E+000                  2.1823237457992990E+000                  2.4208843731591303E+000                  2.5713993709911209E+000 
                                     720                  2.6315808983853564E+000                 -9.1534839399744911E-002                  6.8269215687118692E+000                  1.0574453141774455E-001                  1.5060047428202868E+001                  6.9999663170040349E-001                  2.8000336827477662E-001                  2.0000000024819942E-002                  0.0000000000000000E+000                  3.4864375306597555E+008                  3.8642151473639779E+007                  3.9341239384934161E-003                  5.3497758850277986E-008                  0.0000000000000000E+000                  1.4522082926752755E+000                  1.6289700854787603E+010                  2.6893179917607643E-006                  6.2397645213451375E-011                 -2.7851789213312830E+000                  2.1874503773311318E+000                  2.4260110046909631E+000                  2.5765260025229537E+000 
                                     721                  2.6215422515688305E+000                 -9.4589219090878099E-002                  6.8311235753228754E+000                  1.2262765758963884E-001                  1.5081113024297483E+001                  6.9999631610353807E-001                  2.8000368386414659E-001                  2.0000000032315279E-002                  0.0000000000000000E+000                  3.4852746853079128E+008                  3.8829447665442795E+007                  4.3065012417904409E-003                  6.9877181671363389E-008                  0.0000000000000000E+000                  1.4357978919974241E+000                  1.6279516353110620E+010                  2.7124871733733728E-006                  6.8782778136750993E-011                 -2.7833161534005244E+000                  2.1926021257399397E+000                  2.4311627530997710E+000                  2.5816777509317617E+000 
                                     722                  2.6112569149412743E+000                 -9.7663733029914448E-002                  6.8353359252462953E+000                  1.3950227129620399E-001                  1.5102180977231557E+001                  6.9999597125874424E-001                  2.8000402869919017E-001                  2.0000000042065591E-002                  0.0000000000000000E+000                  3.4841329335045153E+008                  3.9018123034421153E+007                  4.7137652309453540E-003                  9.1252204062385116E-008                  0.0000000000000000E+000                  1.4196245405465922E+000                  1.6270008072966209E+010                  2.7354864777794095E-006                  7.5937669446290866E-011                 -2.7814827138558496E+000                  2.1977791967440274E+000                  2.4363398241038583E+000                  2.5868548219358489E+000 
                                     723                  2.6007197259100270E+000                 -1.0075874471328215E-001                  6.8395588013426352E+000                  1.5636787026447116E-001                  1.5123250969808423E+001                  6.9999559448694038E-001                  2.8000440545831407E-001                  2.0000000054745559E-002                  0.0000000000000000E+000                  3.4830120616123056E+008                  3.9208197261849239E+007                  5.1591525457938573E-003                  1.1914118527841743E-007                  0.0000000000000000E+000                  1.4036689594416496E+000                  1.6261207821438496E+010                  2.7583263788168342E-006                  8.3857036677523209E-011                 -2.7796771736245232E+000                  2.2029820595775993E+000                  2.4415426869374302E+000                  2.5920576847694208E+000 
                                     724                  2.5899254621341639E+000                 -1.0387462798604380E-001                  6.8437923416530246E+000                  1.7322397028761136E-001                  1.5144322657166377E+001                  6.9999518286856999E-001                  2.8000481706019692E-001                  2.0000000071233037E-002                  0.0000000000000000E+000                  3.4819118056990522E+008                  3.9399688259178743E+007                  5.6461946225850835E-003                  1.5552218461193965E-007                  0.0000000000000000E+000                  1.3879136196476420E+000                  1.6253146518412140E+010                  2.7810150058455505E-006                  9.2589661272570557E-011                 -2.7778983338781793E+000                  2.2082111701743821E+000                  2.4467717975342134E+000                  2.5972867953662040E+000 
                                     725                  2.5788688441880483E+000                 -1.0701176708186326E-001                  6.8480366435387419E+000                  1.9007010006168429E-001                  1.5165395665837590E+001                  6.9999473322222039E-001                  2.8000526668511372E-001                  2.0000000092665893E-002                  0.0000000000000000E+000                  3.4808318619797140E+008                  3.9592612293995641E+007                  6.1787438820951153E-003                  2.0297147484117267E-007                  0.0000000000000000E+000                  1.3723426018428471E+000                  1.6245854432829597E+010                  2.8035581388947697E-006                  1.0221714516435386E-010                 -2.7761452166367873E+000                  2.2134669733095853E+000                  2.4520276006694166E+000                  2.6025425985014072E+000 
                                     726                  2.5675445385228102E+000                 -1.1017055669192008E-001                  6.8522917683086595E+000                  2.0690579533883441E-001                  1.5186469592722696E+001                  6.9999424208101446E-001                  2.8000575779846415E-001                  2.0000000120521388E-002                  0.0000000000000000E+000                  3.4797719110432678E+008                  3.9786984165988676E+007                  6.7610022524547293E-003                  2.6484354564989262E-007                  0.0000000000000000E+000                  1.3569419932736571E+000                  1.6239361423723585E+010                  2.8259586400933460E-006                  1.1282917202952938E-010                 -2.7744170993241752E+000                  2.2187499048016490E+000                  2.4573105321614803E+000                  2.6078255299934709E+000 
                                     727                  2.5559471607402631E+000                 -1.1335140207035448E-001                  6.8565577608238168E+000                  2.2373057793391263E-001                  1.5207544004167245E+001                  6.9999370566669050E-001                  2.8000629417659245E-001                  2.0000000156717102E-002                  0.0000000000000000E+000                  3.4787316362487066E+008                  3.9982818083449386E+007                  7.3975532996009121E-003                  3.4550521352965894E-007                  0.0000000000000000E+000                  1.3417091524337588E+000                  1.6233697478179838E+010                  2.8482055109427307E-006                  1.2440041200278691E-010                 -2.7727143387942155E+000                  2.2240603977345059E+000                  2.4626210250943372E+000                  2.6131360229263279E+000 
                                     728                  2.5440712789962494E+000                 -1.1655471934603069E-001                  6.8608346807480904E+000                  2.4054392342902597E-001                  1.5228618435548382E+001                  6.9999311986141344E-001                  2.8000687993484691E-001                  2.0000000203739710E-002                  0.0000000000000000E+000                  3.4777107276056284E+008                  4.0180129108657435E+007                  8.0933986376928949E-003                  4.5064029153478120E-007                  0.0000000000000000E+000                  1.3266502620426648E+000                  1.6228893742117115E+010                  2.8702645670207995E-006                  1.3659901906664272E-010                 -2.7710390351344665E+000                  2.2293988956012991E+000                  2.4679595229611304E+000                  2.6184745207931210E+000 
                                     729                  2.5319114172808539E+000                 -1.1978093620388430E-001                  6.8640357497856579E+000                  2.5316312107267269E-001                  1.5244426857578841E+001                  6.9999264643784809E-001                  2.8000735331433130E-001                  2.0000000247820671E-002                  0.0000000000000000E+000                  3.4769435720333230E+008                  4.0328445321683027E+007                  8.6563799172828249E-003                  5.4954715534999830E-007                  0.0000000000000000E+000                  1.3156102728843253E+000                  1.6224200878855011E+010                  2.8919771152395825E-006                  1.4896080224804805E-010                 -2.7694025740090318E+000                  2.2347665252860609E+000                  2.4733271526458922E+000                  2.6238421504778828E+000 
                                     730                  2.5257232714709863E+000                 -1.2140269003738577E-001                  6.8672708478982498E+000                  2.6574101781594384E-001                  1.5260228943705204E+001                  6.9999213861319887E-001                  2.8000786108491293E-001                  2.0000000301888199E-002                  0.0000000000000000E+000                  3.4762151916616613E+008                  4.0478906454751000E+007                  9.2604269985544618E-003                  6.7100669049211887E-007                  0.0000000000000000E+000                  1.3043986685373756E+000                  1.6222601802380392E+010                  2.9027891945589799E-006                  1.6042898445120592E-010                 -2.7685922511100030E+000                  2.2374607480340734E+000                  2.4760213753939047E+000                  2.6265363732258953E+000 
                                     731                  2.5131270845031892E+000                 -1.2466408507702345E-001                  6.8704845504465357E+000                  2.7834630749464212E-001                  1.5276036693008187E+001                  6.9999159846307113E-001                  2.8000840116980769E-001                  2.0000000367121240E-002                  0.0000000000000000E+000                  3.4754693849530149E+008                  4.0628925576133527E+007                  9.9037342028751429E-003                  8.1809839357937238E-007                  0.0000000000000000E+000                  1.2935622754648597E+000                  1.6220096248612558E+010                  2.9241869505389660E-006                  1.7240494038040985E-010                 -2.7669974326505193E+000                  2.2428714161943764E+000                  2.4814320435542072E+000                  2.6319470413861983E+000 
                                     732                  2.5067176507337314E+000                 -1.2630368176855555E-001                  6.8726397558457135E+000                  2.8673401715439523E-001                  1.5286572490926758E+001                  6.9999121732596636E-001                  2.8000878225557263E-001                  2.0000000418461061E-002                  0.0000000000000000E+000                  3.4749873223740369E+008                  4.0729849266866818E+007                  1.0357840382744831E-002                  9.3403014515712541E-007                  0.0000000000000000E+000                  1.2863066611299150E+000                  1.6218827492496935E+010                  2.9346982861625685E-006                  1.8297542385300772E-010                 -2.7662182707840191E+000                  2.2455880720242738E+000                  2.4841486993841047E+000                  2.6346636972160953E+000 
                                     733                  2.5002330584015984E+000                 -1.2794934212123213E-001                  6.8747978045619433E+000                  2.9511824459906943E-001                  1.5297107783893450E+001                  6.9999081909899308E-001                  2.8000918042405060E-001                  2.0000000476956270E-002                  0.0000000000000000E+000                  3.4745098900599593E+008                  4.0831159382466324E+007                  1.0832554934778594E-002                  1.0663365365148896E-006                  0.0000000000000000E+000                  1.2790984574140525E+000                  1.6218200176422888E+010                  2.9451765467490275E-006                  1.9294331740847523E-010                 -2.7654443332939933E+000                  2.2483119234995326E+000                  2.4868725508593639E+000                  2.6373875486913545E+000 
                                     734                  2.4936726064152688E+000                 -1.2960112595229537E-001                  6.8769587175955813E+000                  3.0349889324076657E-001                  1.5307642496655143E+001                  6.9999040302577253E-001                  2.8000959643062634E-001                  2.0000000543601182E-002                  0.0000000000000000E+000                  3.4740370650956285E+008                  4.0932858563237824E+007                  1.1328804423880260E-002                  1.2173232393708904E-006                  0.0000000000000000E+000                  1.2719379570368492E+000                  1.6217829575874372E+010                  2.9555563045161747E-006                  2.0276392405412400E-010                 -2.7646803813773468E+000                  2.2510433475145937E+000                  2.4896039748744245E+000                  2.6401189727064152E+000 
                                     735                  2.4870355919828970E+000                 -1.3125909406197481E-001                  6.8791225170963450E+000                  3.1187586352393076E-001                  1.5318176552161725E+001                  6.9998996831693228E-001                  2.8001003106354044E-001                  2.0000000619527336E-002                  0.0000000000000000E+000                  3.4735688255941010E+008                  4.1034949521874540E+007                  1.1847557066113682E-002                  1.3896197011622576E-006                  0.0000000000000000E+000                  1.2648254083576560E+000                  1.6217721005899837E+010                  2.9658322960719426E-006                  2.1291682965239055E-010                 -2.7639267049663081E+000                  2.2537824158178377E+000                  2.4923430431776690E+000                  2.6428580410096596E+000 
                                     736                  2.4803213107435438E+000                 -1.3292330826659865E-001                  6.8812892263085965E+000                  3.2024905300203921E-001                  1.5328709871593913E+001                  6.9998951414868338E-001                  2.8001048514529264E-001                  2.0000000706023924E-002                  0.0000000000000000E+000                  3.4731051539959031E+008                  4.1137435040464856E+007                  1.2389824665802879E-002                  1.5862245203058921E-006                  0.0000000000000000E+000                  1.2577610178043133E+000                  1.6217879911976725E+010                  2.9759989234922697E-006                  2.2356865326188394E-010                 -2.7631836151117102E+000                  2.2565292017296352E+000                  2.4950898290894665E+000                  2.6456048269214572E+000 
                                     737                  2.4735290569008286E+000                 -1.3459383143273743E-001                  6.8834588695207346E+000                  3.2861835643026482E-001                  1.5339242374393841E+001                  6.9998903966128834E-001                  2.8001095953415378E-001                  2.0000000804557883E-002                  0.0000000000000000E+000                  3.4726460353302366E+008                  4.1240317968159579E+007                  1.2956664658725935E-002                  1.8105571599889639E-006                  0.0000000000000000E+000                  1.2507449522498939E+000                  1.6218311869461821E+010                  2.9860504212108304E-006                  2.3474328582842253E-010                 -2.7624514316161535E+000                  2.2592837801399699E+000                  2.4978444074998012E+000                  2.6483594053317918E+000 
                                     738                  2.4666581233588931E+000                 -1.3627072751239938E-001                  6.8856314720184661E+000                  3.3698366584991868E-001                  1.5349773978297398E+001                  6.9998854395786236E-001                  2.8001145512533826E-001                  2.0000000916799321E-002                  0.0000000000000000E+000                  3.4721914555907995E+008                  4.1343601220369197E+007                  1.3549182269549875E-002                  2.0665168852210864E-006                  0.0000000000000000E+000                  1.2437773413111362E+000                  1.6219022583059252E+010                  2.9959809966912660E-006                  2.4646571622378892E-010                 -2.7617304728324630E+000                  2.2620462275191144E+000                  2.5006068548789453E+000                  2.6511218527109359E+000 
                                     739                  2.4597078018620020E+000                 -1.3795406157897733E-001                  6.8878070600446444E+000                  3.4534487067669462E-001                  1.5360304599381530E+001                  6.9998802610241861E-001                  2.8001197285293078E-001                  2.0000001044650606E-002                  0.0000000000000000E+000                  3.4717414009047395E+008                  4.1447287778732270E+007                  1.4168532794907970E-002                  2.3585499674615496E-006                  0.0000000000000000E+000                  1.2368582795622609E+000                  1.6220017886714672E+010                  3.0057848278059656E-006                  2.5876210178138695E-010                 -2.7610210560264576E+000                  2.2648166219406325E+000                  2.5033772493004633E+000                  2.6538922471324540E+000 
                                     740                  2.4526773831185573E+000                 -1.3964389986866427E-001                  6.8899856607671621E+000                  3.5370185780448182E-001                  1.5370834152133856E+001                  6.9998748511824460E-001                  2.8001251369147961E-001                  2.0000001190275785E-002                  0.0000000000000000E+000                  3.4712958574574172E+008                  4.1551380690305538E+007                  1.4815924023799412E-002                  2.6917262713556544E-006                  0.0000000000000000E+000                  1.2299878286685351E+000                  1.6221303743797018E+010                  3.0154560600920386E-006                  2.7165980114590288E-010                 -2.7603234977481632E+000                  2.2675950431110481E+000                  2.5061556704708794E+000                  2.6566706683028700E+000 
                                     741                  2.4455661569176033E+000                 -1.4134030982516077E-001                  6.8921673022491037E+000                  3.6205451170150382E-001                  1.5381362549516846E+001                  6.9998691998634888E-001                  2.8001307865751202E-001                  2.0000001356139108E-002                  0.0000000000000000E+000                  3.4708548114443958E+008                  4.1655883066809222E+007                  1.5492618807117877E-002                  3.0718265374521123E-006                  0.0000000000000000E+000                  1.2231660194577116E+000                  1.6222886247487700E+010                  3.0249888037248120E-006                  2.8518740094777949E-010                 -2.7596381142230340E+000                  2.2703815723998226E+000                  2.5089421997596539E+000                  2.6594571975916446E+000 
                                     742                  2.4383734122653955E+000                 -1.4304336014116134E-001                  6.8943520134194358E+000                  3.7040271449176337E-001                  1.5391889703018185E+001                  6.9998632964361485E-001                  2.8001366881133966E-001                  2.0000001545045443E-002                  0.0000000000000000E+000                  3.4704182491015220E+008                  4.1760798083862521E+007                  1.6199937791479383E-002                  3.5054419114215548E-006                  0.0000000000000000E+000                  1.2163928539341418E+000                  1.6224771621399082E+010                  3.0343771304633236E-006                  2.9937477644714043E-010                 -2.7589652217448766E+000                  2.2731762928647985E+000                  2.5117369202246298E+000                  2.6622519180566204E+000 
                                     743                  2.4310984375264031E+000                 -1.4475312080049144E-001                  6.8965398240469398E+000                  3.7874634602607476E-001                  1.5402415522700682E+001                  6.9998571298095646E-001                  2.8001428525885574E-001                  2.0000001760187791E-002                  0.0000000000000000E+000                  3.4699861590162361E+008                  4.1866128979627073E+007                  1.6939262334426924E-002                  4.0000873446044993E-006                  0.0000000000000000E+000                  1.2096683072204972E+000                  1.6226966220556728E+010                  3.0436150704554219E-006                  3.1425315177057364E-010                 -2.7583051370788456E+000                  2.2759792892759014E+000                  2.5145399166357327E+000                  2.6650549144677234E+000 
                                     744                  2.4237405205672031E+000                 -1.4646966312139917E-001                  6.8987307647175689E+000                  3.8708528395592079E-001                  1.5412939917253141E+001                  6.9998506884139999E-001                  2.8001492915339909E-001                  2.0000002005200912E-002                  0.0000000000000000E+000                  3.4695585326172459E+008                  4.1971879054201245E+007                  1.7712037622397141E-002                  4.5643308546203449E-006                  0.0000000000000000E+000                  1.2029923294411400E+000                  1.6229476532633574E+010                  3.0526966089887039E-006                  3.2985514774849336E-010                 -2.7576581778685787E+000                  2.2787906481410349E+000                  2.5173512755008662E+000                  2.6678662733328569E+000 
                                     745                  2.4162989489033486E+000                 -1.4819305980097261E-001                  6.9009248668112857E+000                  3.9541940381765905E-001                  1.5423462794041248E+001                  6.9998439601810036E-001                  2.8001560169767892E-001                  2.0000002284220719E-002                  0.0000000000000000E+000                  3.4691353614213359E+008                  4.2078051669991508E+007                  1.8519776015128081E-002                  5.2079409073535575E-006                  0.0000000000000000E+000                  1.1963648433335041E+000                  1.6232309179062359E+010                  3.0616156894377001E-006                  3.4621483846802272E-010                 -2.7570246626045498E+000                  2.2816104577422318E+000                  2.5201710851020627E+000                  2.6706860829340533E+000 
                                     746                  2.4087730098499933E+000                 -1.4992338496055932E-001                  6.9031221623567331E+000                  4.0374857924378510E-001                  1.5433984059167219E+001                  6.9998369325227561E-001                  2.8001630414576817E-001                  2.0000002601956224E-002                  0.0000000000000000E+000                  3.4687166373971522E+008                  4.2184650244277298E+007                  1.9364060621246945E-002                  5.9420542733654065E-006                  0.0000000000000000E+000                  1.1897856100194151E+000                  1.6235470913814939E+010                  3.0703664108815438E-006                  3.6336781087660923E-010                 -2.7564048968333190E+000                  2.2844388081374016E+000                  2.5229994354972329E+000                  2.6735144333292236E+000 
                                     747                  2.4011619906632431E+000                 -1.5166071419465021E-001                  6.9053226837567898E+000                  4.1207268231650696E-001                  1.5444503617541505E+001                  6.9998295923106013E-001                  2.8001703780517428E-001                  2.0000002963765584E-002                  0.0000000000000000E+000                  3.4683023528876853E+008                  4.2291678236013658E+007                  2.0246549131357969E-002                  6.7793673657146374E-006                  0.0000000000000000E+000                  1.1832542226737572E+000                  1.6238968617613977E+010                  3.0789432441786465E-006                  3.8135121718905141E-010                 -2.7557991583037125E+000                  2.2872757910970503E+000                  2.5258364184568816E+000                  2.6763514162888722E+000 
                                     748                  2.3934651786792474E+000                 -1.5340512462107295E-001                  6.9075264636699147E+000                  4.2039158375650060E-001                  1.5455021372950634E+001                  6.9998219258536964E-001                  2.8001780403888221E-001                  2.0000003375748143E-002                  0.0000000000000000E+000                  3.4678924997075832E+008                  4.2399139141565166E+007                  2.1168977991930332E-002                  7.7343542886808588E-006                  0.0000000000000000E+000                  1.1767702875040869E+000                  1.6242809292899914E+010                  3.0873407964293439E-006                  4.0020383365950858E-010                 -2.7552077141155142E+000                  2.2901215000600414E+000                  2.5286821274198723E+000                  2.6791971252518629E+000 
                                     749                  2.3856818614663799E+000                 -1.5515669492960291E-001                  6.9097335350672209E+000                  4.2870515292550626E-001                  1.5465537228116791E+001                  6.9998139188750108E-001                  2.8001860426765357E-001                  2.0000003844845349E-002                  0.0000000000000000E+000                  3.4674870691429275E+008                  4.2507036497902267E+007                  2.2133166975896328E-002                  8.8235153248527822E-006                  0.0000000000000000E+000                  1.1703334341379033E+000                  1.6247000065329935E+010                  3.0955535340871066E-006                  4.1996612538647879E-010                 -2.7546308404778421E+000                  2.2929760301721829E+000                  2.5315366575320137E+000                  2.6820516553640044E+000 
                                     750                  2.3778113269818419E+000                 -1.5691550543185712E-001                  6.9119439312991346E+000                  4.3701325781621908E-001                  1.5476051084755916E+001                  6.9998055564879091E-001                  2.8001943997225198E-001                  2.0000004378957104E-002                  0.0000000000000000E+000                  3.4670860524487710E+008                  4.2615373886103787E+007                  2.3141024179243335E-002                  1.0065660296478548E-005                  0.0000000000000000E+000                  1.1639433146080225E+000                  1.6251548188944168E+010                  3.1035757659859225E-006                  4.4068030683277926E-010                 -2.7540688239715854E+000                  2.2958394783663452E+000                  2.5344001057261765E+000                  2.6849151035581671E+000 
                                     751                  2.3698528637321643E+000                 -1.5868163811266531E-001                  6.9141576861611318E+000                  4.4531576503431930E-001                  1.5486562843634827E+001                  6.9997968231720076E-001                  2.8002031269572569E-001                  2.0000004987073550E-002                  0.0000000000000000E+000                  3.4666894436577207E+008                  4.2724154934142649E+007                  2.4194551502634481E-002                  1.1482231307380824E-005                  0.0000000000000000E+000                  1.1575996023575956E+000                  1.6256461051793686E+010                  3.1114016428221617E-006                  4.6239040034210801E-010                 -2.7535219616583713E+000                  2.2987119434415186E+000                  2.5372725708013499E+000                  2.6877875686333406E+000 
                                     752                  2.3618057609378473E+000                 -1.6045517668303014E-001                  6.9163748339585656E+000                  4.5361253979577926E-001                  1.5497072404627151E+001                  6.9997877027478939E-001                  2.8002122404578350E-001                  2.0000005679427169E-002                  0.0000000000000000E+000                  3.4662972378720808E+008                  4.2833383321098760E+007                  2.5295850696409439E-002                  1.3097670784849946E-005                  0.0000000000000000E+000                  1.1513019912875411E+000                  1.6261746181509750E+010                  3.1190251568303027E-006                  4.8514228811265737E-010                 -2.7529905611901162E+000                  2.3015935261465201E+000                  2.5401541535063510E+000                  2.6906691513383416E+000 
                                     753                  2.3536693087021687E+000                 -1.6223620663464225E-001                  6.9185954095713251E+000                  4.6190344592520344E-001                  1.5507579666771289E+001                  6.9997781783513535E-001                  2.8002217569720339E-001                  2.0000006467661313E-002                  0.0000000000000000E+000                  3.4659094299183953E+008                  4.2943062781291611E+007                  2.6447130055732900E-002                  1.4939840813332425E-005                  0.0000000000000000E+000                  1.1450501948246943E+000                  1.6267411250709246E+010                  3.1264401417917069E-006                  5.0898376375274373E-010                 -2.7524749409102416E+000                  2.3044843292714350E+000                  2.5430449566312663E+000                  2.6935599544632569E+000 
                                     754                  2.3454427981794890E+000                 -1.6402481529706198E-001                  6.9208194485184729E+000                  4.7018834585212865E-001                  1.5518084528331062E+001                  6.9997682324069421E-001                  2.8002316939427807E-001                  2.0000007365027717E-002                  0.0000000000000000E+000                  3.4655260144079614E+008                  4.3053197108009137E+007                  2.7650711872286182E-002                  1.7040501087737536E-005                  0.0000000000000000E+000                  1.1388439450053272E+000                  1.6273464082624384E+010                  3.1336402730144515E-006                  5.3396459060270361E-010                 -2.7519754299725712E+000                  2.3073844577389502E+000                  2.5459450850987815E+000                  2.6964600829307721E+000 
                                     755                  2.3371255217466933E+000                 -1.6582109189686825E-001                  6.9230469870220182E+000                  4.7846710060717401E-001                  1.5528586886854688E+001                  6.9997578466010635E-001                  2.8002420695328789E-001                  2.0000008386605761E-002                  0.0000000000000000E+000                  3.4651469863271582E+008                  4.3163790156483427E+007                  2.8909040768847753E-002                  1.9435853796672112E-005                  0.0000000000000000E+000                  1.1326829915807151E+000                  1.6279912656925425E+010                  3.1406190670969191E-006                  5.6013655079391619E-010                 -2.7514923684913710E+000                  2.3102940186912062E+000                  2.5488546460510371E+000                  2.6993696438830277E+000 
                                     756                  2.3287167731805241E+000                 -1.6762512761822787E-001                  6.9252780620696690E+000                  4.8673956981661487E-001                  1.5539086639231504E+001                  6.9997470018546004E-001                  2.8002529026498402E-001                  2.0000009549555942E-002                  0.0000000000000000E+000                  3.4647723413248324E+008                  4.3274845847255155E+007                  3.0224693064767296E-002                  2.2167164377492330E-005                  0.0000000000000000E+000                  1.1265671011429790E+000                  1.6286765115663700E+010                  3.1473698816610207E-006                  5.8755348557247518E-010                 -2.7510261077100826E+000                  2.3132131215755800E+000                  2.5517737489354113E+000                  2.7022887467674019E+000 
                                     757                  2.3202158478398798E+000                 -1.6943701566522198E-001                  6.9275127114767363E+000                  4.9500561169457791E-001                  1.5549583681746725E+001                  6.9997356782951337E-001                  2.8002642129707961E-001                  2.0000010873407081E-002                  0.0000000000000000E+000                  3.4644020750594956E+008                  4.3386368170934267E+007                  3.1600387354308333E-002                  2.5281469496687713E-005                  0.0000000000000000E+000                  1.1204960562680333E+000                  1.6294029769377220E+010                  3.1538859156242432E-006                  6.1627132957811815E-010                 -2.7505770101501907E+000                  2.3161418782407206E+000                  2.5547025056005515E+000                  2.7052175034325421E+000 
                                     758                  2.3116220428533367E+000                 -1.7125685132594978E-001                  6.9297509739471819E+000                  5.0326508303233752E-001                  1.5560077910134428E+001                  6.9997238552277974E-001                  2.8002760209683919E-001                  2.0000012380381071E-002                  0.0000000000000000E+000                  3.4640361839299691E+008                  4.3498361191840470E+007                  3.3038996507485721E-002                  2.8832383437479343E-005                  0.0000000000000000E+000                  1.1144696546741499E+000                  1.6301715103401056E+010                  3.1601602096107855E-006                  6.4634810690017157E-010                 -2.7501454497689322E+000                  2.3190804030351986E+000                  2.5576410303950299E+000                  2.7081560282270205E+000 
                                     759                  2.3029346573121234E+000                 -1.7308473203855182E-001                  6.9319928891338334E+000                  5.1151783918035931E-001                  1.5570569219628636E+001                  6.9997115111117858E-001                  2.8002883479305407E-001                  2.0000014095767349E-002                  0.0000000000000000E+000                  3.4636746673775244E+008                  4.3610829051138736E+007                  3.4543561350831392E-002                  3.2881017951381117E-005                  0.0000000000000000E+000                  1.1084877083955706E+000                  1.6309829784477638E+010                  3.1661856460364043E-006                  6.7784393316026518E-010                 -2.7497318121585828E+000                  2.3220288128993398E+000                  2.5605894402591707E+000                  2.7111044380911613E+000 
                                     760                  2.2941529924689394E+000                 -1.7492075745910654E-001                  6.9342384976978266E+000                  5.1976373404759146E-001                  1.5581057505012572E+001                  6.9996986235318170E-001                  2.8003012159847501E-001                  2.0000016048343339E-002                  0.0000000000000000E+000                  3.4633175257147372E+008                  4.3723775971309073E+007                  3.6117306330964521E-002                  3.7497029981663979E-005                  0.0000000000000000E+000                  1.1025500429861390E+000                  1.6318382667299282E+010                  3.1719549495847075E-006                  7.1082107547653571E-010                 -2.7493364947386461E+000                  2.3249872274624801E+000                  2.5635478548223114E+000                  2.7140628526543020E+000 
                                     761                  2.2852763519422630E+000                 -1.7676502953163539E-001                  6.9364878413677609E+000                  5.2800262009550625E-001                  1.5591542660668157E+001                  6.9996851691649398E-001                  2.8003146481264934E-001                  2.0000018270856623E-002                  0.0000000000000000E+000                  3.4629647594209099E+008                  4.3837206260208376E+007                  3.7763657529824968E-002                  4.2759816838279052E-005                  0.0000000000000000E+000                  1.0966564967208960E+000                  1.6327382800986153E+010                  3.1774606880134087E-006                  7.4534394322772948E-010                 -2.7489599069462947E+000                  2.3279557691463451E+000                  2.5665163965061764E+000                  2.7170313943381670E+000 
                                     762                  2.2763040419235012E+000                 -1.7861765256080753E-001                  6.9387409629985859E+000                  5.3623434832945382E-001                  1.5602024580626102E+001                  6.9996711237613785E-001                  2.8003286682328771E-001                  2.0000020800574392E-002                  0.0000000000000000E+000                  3.4626163691985619E+008                  4.3951124314973414E+007                  3.9486263452140784E-002                  4.8759877657608473E-005                  0.0000000000000000E+000                  1.0908069198109949E+000                  1.6336839435925545E+010                  3.1826952728201056E-006                  7.8147897845587225E-010                 -2.7486024704582732E+000                  2.3309345632678484E+000                  2.5694951906276797E+000                  2.7200101884596704E+000 
                                     763                  2.2672353713894826E+000                 -1.8047873328701647E-001                  6.9409979066298577E+000                  5.4445876828924489E-001                  1.5612503158614270E+001                  6.9996564621182589E-001                  2.8003433010826967E-001                  2.0000023679904499E-002                  0.0000000000000000E+000                  3.4622723560457665E+008                  4.4065534625909850E+007                  4.1289019114499982E-002                  5.5600366489744663E-005                  0.0000000000000000E+000                  1.0850011736296103E+000                  1.6346762030859987E+010                  3.1876516942792798E-006                  8.2002884847088049E-010                 -2.7482645694090566E+000                  2.3339237381427780E+000                  2.5724843655026093E+000                  2.7229993633345999E+000 
                                     764                  2.2580696523214674E+000                 -1.8234838096369316E-001                  6.9432587175432090E+000                  5.5267572803856835E-001                  1.5622978288104008E+001                  6.9996411580563700E-001                  2.8003585723725472E-001                  2.0000026957108341E-002                  0.0000000000000000E+000                  3.4619327218218720E+008                  4.4180441779702492E+007                  4.3176094040866093E-002                  6.3398861615310842E-005                  0.0000000000000000E+000                  1.0792391299484216E+000                  1.6357160260168802E+010                  3.1923249887222480E-006                  8.6399892025715408E-010                 -2.7479464512633762E+000                  2.3369234251877296E+000                  2.5754840525475609E+000                  2.7259990503795515E+000 
                                     765                  2.2488061999310780E+000                 -1.8422670743690389E-001                  6.9466692986699732E+000                  5.6496414358019820E-001                  1.5638673866753125E+001                  6.9996169006440423E-001                  2.8003827717313001E-001                  2.0000032762465758E-002                  0.0000000000000000E+000                  3.4614436225269610E+008                  4.4354360647415355E+007                  4.6178531650434687E-002                  7.7232442181994167E-005                  0.0000000000000000E+000                  1.0705858693661638E+000                  1.6368452954825548E+010                  3.1967660446126662E-006                  9.1717435243273517E-010                 -2.7476445732078596E+000                  2.3399333929050843E+000                  2.5784940202649156E+000                  2.7290090180969062E+000 
                                     766                  2.2299833735863359E+000                 -1.8801006897685968E-001                  6.9506386236927922E+000                  5.7931815167420431E-001                  1.5656993144808244E+001                  6.9995866355321734E-001                  2.8004129536454736E-001                  2.0000041082235298E-002                  0.0000000000000000E+000                  3.4608641879646033E+008                  4.4557635894630179E+007                  4.9949687750257037E-002                  9.7133434142475001E-005                  0.0000000000000000E+000                  1.0607754888059606E+000                  1.6392110375381113E+010                  3.2046387435899049E-006                  9.8247438451038664E-010                 -2.7471104605309686E+000                  2.3459864449416266E+000                  2.5845470723014574E+000                  2.7350620701334480E+000 
                                     767                  2.2156046640932492E+000                 -1.9087115471556593E-001                  6.9534815719649963E+000                  5.8955594132424871E-001                  1.5670071259629211E+001                  6.9995635866247641E-001                  2.8004359304589571E-001                  2.0000048291627825E-002                  0.0000000000000000E+000                  3.4604586371339083E+008                  4.4703803980844669E+007                  5.2840145916284144E-002                  1.1441290082330877E-004                  0.0000000000000000E+000                  1.0538494209458475E+000                  1.6410294397319025E+010                  3.2095805549785845E-006                  1.0480471064010063E-009                 -2.7467758598973666E+000                  2.3505559280838395E+000                  2.5891165554436708E+000                  2.7396315532756614E+000 
                                     768                  2.2058930360300626E+000                 -1.9278999573580349E-001                  6.9557645375128621E+000                  5.9772908886983611E-001                  1.5680525527498215E+001                  6.9995442358884807E-001                  2.8004552144238243E-001                  2.0000054968769554E-002                  0.0000000000000000E+000                  3.4601431912078106E+008                  4.4821531198956877E+007                  5.5281412695541432E-002                  1.3044474859005896E-004                  0.0000000000000000E+000                  1.0483317048767220E+000                  1.6423288060370594E+010                  3.2124905947020520E-006                  1.1076787372145907E-009                 -2.7465790675774029E+000                  2.3536161149499049E+000                  2.5921767423097362E+000                  2.7426917401417263E+000 
                                     769                  2.1960799767649601E+000                 -1.9471818089151260E-001                  6.9580517188177007E+000                  6.0589373107378131E-001                  1.5690975650935142E+001                  6.9995240476665288E-001                  2.8004753266504734E-001                  2.0000062568299781E-002                  0.0000000000000000E+000                  3.4598321864038396E+008                  4.4939788747716695E+007                  5.7843678537885024E-002                  1.4872051242705540E-004                  0.0000000000000000E+000                  1.0428640065823955E+000                  1.6437030656380327E+010                  3.2150599928216385E-006                  1.1634258585334399E-009                 -2.7464054593779195E+000                  2.3566875807811996E+000                  2.5952482081410309E+000                  2.7457632059730215E+000 
                                     770                  2.1861648284706074E+000                 -1.9665584110389259E-001                  6.9603431900845738E+000                  6.1404968631698098E-001                  1.5701421522832367E+001                  6.9995029881093562E-001                  2.8004962997133687E-001                  2.0000071217727511E-002                  0.0000000000000000E+000                  3.4595256479403877E+008                  4.5058583005498916E+007                  6.0534719211233691E-002                  1.6955428281064311E-004                  0.0000000000000000E+000                  1.0374488503935781E+000                  1.6451330226529617E+010                  3.2172441337367020E-006                  1.2189164292734695E-009                 -2.7462579911666993E+000                  2.3597706690848601E+000                  2.5983312964446914E+000                  2.7488462942766820E+000 
                                     771                  2.1761469384680883E+000                 -1.9860311065749825E-001                  6.9626390328576067E+000                  6.2219676564790782E-001                  1.5711863036170366E+001                  6.9994810224144055E-001                  2.8005181669631152E-001                  2.0000081062247932E-002                  0.0000000000000000E+000                  3.4592236066031599E+008                  4.5177920786178492E+007                  6.3363134764302748E-002                  1.9330422507223390E-004                  0.0000000000000000E+000                  1.0320886853547271E+000                  1.6466199394068914E+010                  3.2190255708614010E-006                  1.2763838197611156E-009                 -2.7461377867053609E+000                  2.3628655527718054E+000                  2.6014261801316367E+000                  2.7519411779636274E+000 
                                     772                  2.1660256595214888E+000                 -2.0056012733303555E-001                  6.9649393359486131E+000                  6.3033477289279549E-001                  1.5722300084054938E+001                  6.9994581148892421E-001                  2.8005409624386129E-001                  2.0000092267214553E-002                  0.0000000000000000E+000                  3.4589260990902126E+008                  4.5297809340383291E+007                  6.6338478625388636E-002                  2.2037879809648430E-004                  0.0000000000000000E+000                  1.0267858896386490E+000                  1.6481651289434086E+010                  3.2203850051280204E-006                  1.3363093714970875E-009                 -2.7460461021012645E+000                  2.3659724118858576E+000                  2.6045330392456885E+000                  2.7550480370776791E+000 
                                     773                  2.1558003501414933E+000                 -2.0252703254436297E-001                  6.9672441953761828E+000                  6.3846350475210001E-001                  1.5732732559756332E+001                  6.9994342290369538E-001                  2.8005647207534445E-001                  2.0000105020960168E-002                  0.0000000000000000E+000                  3.4586331682013553E+008                  4.5418256358489923E+007                  6.9471409187011321E-002                  2.5124386096636234E-004                  0.0000000000000000E+000                  1.0215427750538775E+000                  1.6497699555061037E+010                  3.2213026155020680E-006                  1.3987577915751605E-009                 -2.7459842373931087E+000                  2.3690914337073088E+000                  2.6076520610671396E+000                  2.7581670588991307E+000 
                                     774                  2.1454703748969983E+000                 -2.0450397148013935E-001                  6.9695537143154844E+000                  6.4658275088299833E-001                  1.5743160356749536E+001                  6.9994093276696212E-001                  2.8005894769502404E-001                  2.0000119538013839E-002                  0.0000000000000000E+000                  3.4583448640775996E+008                  4.5539269973519206E+007                  7.2773867408723297E-002                  2.8643079329852139E-004                  0.0000000000000000E+000                  1.0163615916467530E+000                  1.6514358351201982E+010                  3.2217584635105296E-006                  1.4637870361934778E-009                 -2.7459535109615936E+000                  2.3722228128689222E+000                  2.6107834402287535E+000                  2.7612984380607442E+000 
                                     775                  2.1350351047380345E+000                 -2.0649109324985560E-001                  6.9718680030587423E+000                  6.5469229398665707E-001                  1.5753583368753796E+001                  6.9993833730658006E-001                  2.8006152663064143E-001                  2.0000136062778506E-002                  0.0000000000000000E+000                  3.4580612423912311E+008                  4.5660858765380241E+007                  7.6259284255197263E-002                  3.2654577324154406E-004                  0.0000000000000000E+000                  1.0112445324197703E+000                  1.6531642362358536E+010                  3.2217324855074507E-006                  1.5314462913042119E-009                 -2.7459552618918699E+000                  2.3753667514817893E+000                  2.6139273788416202E+000                  2.7644423766736113E+000 
                                     776                  2.1244939173308515E+000                 -2.0848855103438099E-001                  6.9741871789868650E+000                  6.6279190987544945E-001                  1.5764001489772076E+001                  6.9993563271375370E-001                  2.8006421241251905E-001                  2.0000154873727194E-002                  0.0000000000000000E+000                  3.4577823640054673E+008                  4.5783031765403181E+007                  7.9942822232622182E-002                  3.7228038768408536E-004                  0.0000000000000000E+000                  1.0061937381456949E+000                  1.6549566804452414E+010                  3.2212044842834324E-006                  1.6017736080849099E-009                 -2.7459908524959094E+000                  2.3785234592730049E+000                  2.6170840866328362E+000                  2.7675990844648268E+000 
                                     777                  2.1138461974049401E+000                 -2.1049650224139221E-001                  6.9765113665520202E+000                  6.7088136752120808E-001                  1.5774414614127251E+001                  6.9993281516704120E-001                  2.8006700854475991E-001                  2.0000176288198945E-002                  0.0000000000000000E+000                  3.4575082950391179E+008                  4.5905798461547174E+007                  8.3841655008982399E-002                  4.2442375866021028E-004                  0.0000000000000000E+000                  1.0012113022893931E+000                  1.6568147433167416E+010                  3.2201541193605559E-006                  1.6747929478266333E-009                 -2.7460616710486558E+000                  2.3816931537323729E+000                  2.6202537810922037E+000                  2.7707687789241944E+000 
                                     778                  2.1030913371186304E+000                 -2.1251510866494341E-001                  6.9788406972685122E+000                  6.7896042907737642E-001                  1.5784822636482058E+001                  6.9992988086046870E-001                  2.8006991847165280E-001                  2.0000200667878554E-002                  0.0000000000000000E+000                  3.4572391069600058E+008                  4.6029168804196581E+007                  8.7975289272384488E-002                  4.8387641174115555E-004                  0.0000000000000000E+000                  9.9629927605150048E-001                  1.6587400553338238E+010                  3.2185608962836286E-006                  1.7505107682720808E-009                 -2.7461691347278516E+000                  2.3848760602689598E+000                  2.6234366876287907E+000                  2.7739516854607813E+000 
                                     779                  2.0922287364663426E+000                 -2.1454453664523332E-001                  6.9811753097154652E+000                  6.8702884988433244E-001                  1.5795225451856295E+001                  6.9992682603736156E-001                  2.8007294553780998E-001                  2.0000228424828403E-002                  0.0000000000000000E+000                  3.4569748767310297E+008                  4.6153153212750219E+007                  9.2365932301434722E-002                  5.5166614150879353E-004                  0.0000000000000000E+000                  9.9145967353341902E-001                  1.6607343029340086E+010                  3.2164041551543109E-006                  1.8289123564077635E-009                 -2.7463146927532551E+000                  2.3880724123716170E+000                  2.6266330397314479E+000                  2.7771480375634385E+000 
                                     780                  2.0812578036787439E+000                 -2.1658495723827079E-001                  6.9835153495559092E+000                  6.9508637847121291E-001                  1.5805622955660048E+001                  6.9992364703099741E-001                  2.8007609294465746E-001                  2.0000260024345184E-002                  0.0000000000000000E+000                  3.4567156873951149E+008                  4.6277762582787454E+007                  9.7038907552923978E-002                  6.2896615798361307E-004                  0.0000000000000000E+000                  9.8669447702371871E-001                  1.6627992296628098E+010                  3.2136630581796496E-006                  1.9099578095231435E-009                 -2.7464998297546384E+000                  2.3912824517865707E+000                  2.6298430791464016E+000                  2.7803580769783922E+000 
                                     781                  2.0701779556265336E+000                 -2.1863654639375493E-001                  6.9858609695704521E+000                  7.0313275654804486E-001                  1.5816015043732742E+001                  6.9992034031190087E-001                  2.8007936367644098E-001                  2.0000296011658092E-002                  0.0000000000000000E+000                  3.4564616282953393E+008                  4.6403008294692092E+007                  1.0202311878115014E-001                  7.1711584028149396E-004                  0.0000000000000000E+000                  9.8200564242308741E-001                  1.6649366374426964E+010                  3.2103165758602518E-006                  1.9935771914014120E-009                 -2.7467260694097062E+000                  2.3945064287116908E+000                  2.6330670560715217E+000                  2.7835820539035123E+000 
                                     782                  2.0589886182383079E+000                 -2.2069948513968760E-001                  6.9882123297049885E+000                  7.1116771897200903E-001                  1.5826401612383055E+001                  6.9991690254239314E-001                  2.8008276046977160E-001                  2.0000336987835210E-002                  0.0000000000000000E+000                  3.4562127960449940E+008                  4.6528902223780729E+007                  1.0735156010505972E-001                  8.1764451934661950E-004                  0.0000000000000000E+000                  9.7739510481186542E-001                  1.6671483879780579E+010                  3.2063434725456072E-006                  2.0796655258253670E-009                 -2.7469949783207408E+000                  2.3977446020098583E+000                  2.6363052293696896E+000                  2.7868202272016802E+000 
                                     783                  2.0476892269329277E+000                 -2.2277395977416489E-001                  6.9905695971331987E+000                  7.1919099370557682E-001                  1.5836782558430864E+001                  6.9991333064094707E-001                  2.8008628573078370E-001                  2.0000383628269169E-002                  0.0000000000000000E+000                  3.4559692950295216E+008                  4.6655456751125179E+007                  1.1306186469050879E-001                  9.3229867471170938E-004                  0.0000000000000000E+000                  9.7286478418842148E-001                  1.6694364042899038E+010                  3.2017222921409731E-006                  2.1680785236670350E-009                 -2.7473081700967339E+000                  2.4009972394382881E+000                  2.6395578667981194E+000                  2.7900728646301101E+000 
                                     784                  2.0362792270647043E+000                 -2.2486016206519988E-001                  6.9929329463304422E+000                  7.2720230175985534E-001                  1.5847157779234026E+001                  6.9990962185148786E-001                  2.8008994139439597E-001                  2.0000436754116224E-002                  0.0000000000000000E+000                  3.4557312363231301E+008                  4.6782684775443867E+007                  1.1919687901210299E-001                  1.0630730210074530E-003                  0.0000000000000000E+000                  9.6841659140384329E-001                  1.6718026723384706E+010                  3.1964313431450284E-006                  2.2586279724532762E-009                 -2.7476673097185280E+000                  2.4042646178935594E+000                  2.6428252452533907E+000                  2.7933402430853813E+000 
                                     785                  2.0247580744231621E+000                 -2.2695828945143681E-001                  6.9953025591591738E+000                  7.3520135708851619E-001                  1.5857527172697873E+001                  6.9990577382036967E-001                  2.8009372893006473E-001                  2.0000497249565541E-002                  0.0000000000000000E+000                  3.4554987379861724E+008                  4.6910599726150073E+007                  1.2580524037874408E-001                  1.2122462314609948E-003                  0.0000000000000000E+000                  9.6405243428256537E-001                  1.6742492427797638E+010                  3.1904486826921637E-006                  2.3510766967296615E-009                 -2.7480741182339834E+000                  2.4075470236641059E+000                  2.6461076510239372E+000                  2.7966226488559278E+000 
                                     786                  2.0131252357535518E+000                 -2.2906854525079468E-001                  6.9976786249743563E+000                  7.4318786648910695E-001                  1.5867890637302144E+001                  6.9990178467895325E-001                  2.8009764912746560E-001                  2.0000566193581149E-002                  0.0000000000000000E+000                  3.4552719254146618E+008                  4.7039215577090457E+007                  1.3294192438644323E-001                  1.3824216458907369E-003                  0.0000000000000000E+000                  9.5977422395555956E-001                  1.6767782328701334E+010                  3.1837521016547176E-006                  2.4451354193400959E-009                 -2.7485303776711336E+000                  2.4108447526971037E+000                  2.6494053800569346E+000                  2.7999203778889257E+000 
                                     787                  2.0013801892578269E+000                 -2.3119113888486062E-001                  7.0000613407502490E+000                  7.5116152948636083E-001                  1.5878248072148859E+001                  6.9989765312699304E-001                  2.8010170216742680E-001                  2.0000644705580162E-002                  0.0000000000000000E+000                  3.4550509318127400E+008                  4.7168546862625137E+007                  1.4066871525089930E-001                  1.5763486540192686E-003                  9.6931448372102649E-055                  9.5558388125934590E-001                  1.6793918285287067E+010                  3.1763191126632008E-006                  2.5404629609738134E-009                 -2.7490379360716592E+000                  2.4141581108947974E+000                  2.6527187382546287E+000                  2.8032337360866193E+000 
                                     788                  1.9895224251079981E+000                 -2.3332628611389153E-001                  7.0024509096740681E+000                  7.5912203980789350E-001                  1.5888599377015636E+001                  6.9989337851208477E-001                  2.8010588725881297E-001                  2.0000734229102202E-002                  0.0000000000000000E+000                  3.4548358974594343E+008                  4.7298608608562686E+007                  1.4905453270795249E-001                  1.7978427993339250E-003                  1.3650492670907172E-054                  9.5148208546604762E-001                  1.6820922834526478E+010                  3.1681298431445285E-006                  2.6366684355045842E-009                 -2.7495985137613452E+000                  2.4174874140395226E+000                  2.6560480413993539E+000                  2.8065630392313445E+000 
                                     789                  1.9775514459743662E+000                 -2.3547420927461796E-001                  7.0048475339573102E+000                  7.6706909271695300E-001                  1.5898944452413156E+001                  6.9988896089900532E-001                  2.8011020285162935E-001                  2.0000836249365328E-002                  0.0000000000000000E+000                  3.4546269648847550E+008                  4.7429415946554527E+007                  1.5817552341574151E-001                  2.0505933676144010E-003                  1.9373878262603746E-054                  9.4746489953811552E-001                  1.6848819038704844E+010                  3.1591779656840631E-006                  2.7333179872150518E-009                 -2.7502129541671554E+000                  2.4208329858886755E+000                  2.6593936132485068E+000                  2.8099086110804974E+000 
                                     790                  1.9654667675682296E+000                 -2.3763513749187890E-001                  7.0072514078404113E+000                  7.7500239218433531E-001                  1.5909283199641450E+001                  6.9988440111333772E-001                  2.8011464636311895E-001                  2.0000952523543392E-002                  0.0000000000000000E+000                  3.4544242731793642E+008                  4.7560983731608219E+007                  1.6811482288239743E-001                  2.3390389155362704E-003                  2.7504708293380003E-054                  9.4352741389442418E-001                  1.6877630224752871E+010                  3.1494706077670975E-006                  2.8299509735983421E-009                 -2.7508812201603283E+000                  2.4241951548379057E+000                  2.6627557821977366E+000                  2.8132707800297272E+000 
                                     791                  1.9532679192054745E+000                 -2.3980930686239835E-001                  7.0096627164967478E+000                  7.8292165203606967E-001                  1.5919615520835448E+001                  6.9987970075371897E-001                  2.8011921419150387E-001                  2.0001085054777157E-002                  0.0000000000000000E+000                  3.4542279578026819E+008                  4.7693326478121273E+007                  1.7896188199491650E-001                  2.6682510419642150E-003                  3.9059594837001113E-054                  9.3966482905171478E-001                  1.6907379844983747E+010                  3.1390174791100384E-006                  2.9261033275296530E-009                 -2.7516031329973978E+000                  2.4275742520744954E+000                  2.6661348794343267E+000                  2.8166498772663173E+000 
                                     792                  1.9409544444007292E+000                 -2.4199696063829954E-001                  7.0120816362948934E+000                  7.9082659573496317E-001                  1.5929941319007819E+001                  6.9987486215448913E-001                  2.8012390171144141E-001                  2.0001236134069456E-002                  0.0000000000000000E+000                  3.4540381516678500E+008                  4.7826458368567050E+007                  1.9081123099141103E-001                  3.0440244091797428E-003                  5.5486338420082764E-054                  9.3587244516526880E-001                  1.6938091480808884E+010                  3.1278283687180403E-006                  3.0213379522353228E-009                 -2.7523785428578353E+000                  2.4309706115474463E+000                  2.6695312389072772E+000                  2.8200462367392678E+000 
                                     793                  1.9285259014637617E+000                 -2.4419834942252747E-001                  7.0145083350404258E+000                  7.9871695622553041E-001                  1.5940260498097539E+001                  6.9986988828274266E-001                  2.8012870334065582E-001                  2.0001408376601582E-002                  0.0000000000000000E+000                  3.4538549840429813E+008                  4.7960393260403857E+007                  2.0376056270120910E-001                  3.4729793419044893E-003                  7.8847684027402342E-054                  9.3214565218549683E-001                  1.6969788872302977E+010                  3.1159132202503611E-006                  3.1152868338811625E-009                 -2.7532073230753489E+000                  2.4343845702775582E+000                  2.6729451976373895E+000                  2.8234601954693801E+000 
                                     794                  1.9159818641075370E+000                 -2.4641373137477771E-001                  7.0169429721977208E+000                  8.0659247582047011E-001                  1.5950572963018599E+001                  6.9986478255138163E-001                  2.8013361268493586E-001                  2.0001604763682512E-002                  0.0000000000000000E+000                  3.4536785801833862E+008                  4.8095144690214634E+007                  2.1790804739854736E-001                  3.9626786437903403E-003                  1.1208377709215140E-053                  9.2847992056476236E-001                  1.7002495946587692E+010                  3.1032822170531600E-006                  3.2077051801623842E-009                 -2.7540893636201660E+000                  2.4378164686561359E+000                  2.6763770960159667E+000                  2.8268920938479574E+000 
                                     795                  1.9033219220722084E+000                 -2.4864337242751380E-001                  7.0193856990930028E+000                  8.1445290613741661E-001                  1.5960878619706955E+001                  6.9985954853198395E-001                  2.8013862276752199E-001                  2.0001828700494051E-002                  0.0000000000000000E+000                  3.4535090608840883E+008                  4.8230725874912880E+007                  2.3334884752876209E-001                  4.5217604293035125E-003                  1.5938719543329538E-053                  9.2487079247613768E-001                  1.7036236845207840E+010                  3.0899458747007364E-006                  3.2985359300247744E-009                 -2.7550245639323521E+000                  2.4412666507271328E+000                  2.6798272780869641E+000                  2.8303422759189547E+000 
                                     796                  1.8905456817656034E+000                 -2.5088754651234518E-001                  7.0218366591005070E+000                  8.2229800808992459E-001                  1.5971177375166203E+001                  6.9985418955288881E-001                  2.8014372637418122E-001                  2.0002084072930026E-002                  0.0000000000000000E+000                  3.4533465417609239E+008                  4.8367149709851436E+007                  2.5017089096654316E-001                  5.1600890378775081E-003                  2.2673908067682910E-053                  9.2131387350551031E-001                  1.7071035950276007E+010                  3.0759151389484297E-006                  3.3879825909454797E-009                 -2.7560128252016898E+000                  2.4447354644521533E+000                  2.6832960918119846E+000                  2.8338110896439752E+000 
                                     797                  1.8776527669205312E+000                 -2.5314653579703206E-001                  7.0242959878156910E+000                  8.3012755194006482E-001                  1.5981469137520424E+001                  6.9984870817562439E-001                  2.8014891650820267E-001                  2.0002375316172882E-002                  0.0000000000000000E+000                  3.4531911325384879E+008                  4.8504428763568737E+007                  2.6845008381508900E-001                  5.8889262154258821E-003                  3.2267592620676793E-053                  9.1780482478134673E-001                  1.7106917909345297E+010                  3.0612014846354698E-006                  3.4765861955396158E-009                 -2.7570540423582068E+000                  2.4482232619566822E+000                  2.6867838893165130E+000                  2.8372988871485036E+000 
                                     798                  1.8646428192468691E+000                 -2.5542063093735157E-001                  7.0267638132169417E+000                  8.3794131740855538E-001                  1.5991753816072109E+001                  6.9984310555289286E-001                  2.8015418695584476E-001                  2.0002707491262317E-002                  0.0000000000000000E+000                  3.4530429353744662E+008                  4.8642575270040169E+007                  2.8824529032153845E-001                  6.7211249760321303E-003                  4.5938674878865305E-053                  9.1433935551699119E-001                  1.7143907659149282E+010                  3.0458170089504286E-006                  3.5653000102835649E-009                 -2.7581480961976794E+000                  2.4517303997667734E+000                  2.6902910271266047E+000                  2.8408060249585949E+000 
                                     799                  1.8515154991065672E+000                 -2.5771013133921522E-001                  7.0292402558141740E+000                  8.4573909382310775E-001                  1.6002031321350142E+001                  6.9983738068465262E-001                  2.8015953294292639E-001                  2.0003086372420986E-002                  0.0000000000000000E+000                  3.4529020428853422E+008                  4.8781601118119776E+007                  3.0959355789960852E-001                  7.6713487084145464E-003                  6.5428369874480644E-053                  9.1091321595038099E-001                  1.7182030448395603E+010                  3.0297745105471357E-006                  3.6555536180297946E-009                 -2.7592948462223075E+000                  2.4552572390329566E+000                  2.6938178663927879E+000                  2.8443328642247785E+000 
                                     800                  1.8382704862212083E+000                 -2.6001534542990140E-001                  7.0317254287867108E+000                  8.5352068029371531E-001                  1.6012301565149883E+001                  6.9983152960431572E-001                  2.8016495184986340E-001                  2.0003518545820942E-002                  0.0000000000000000E+000                  3.4527685362022501E+008                  4.8921517838641129E+007                  3.3250618804515419E-001                  8.7563182413047964E-003                  9.3225140205413229E-053                  9.0752219066755724E-001                  1.7221311860043510E+010                  3.0130875449993499E-006                  3.7492970141505636E-009                 -2.7604941248772623E+000                  2.4588041457413143E+000                  2.6973647731011456E+000                  2.8478797709331363E+000 
                                     801                  1.8249074803997780E+000                 -2.6233659094109235E-001                  7.0342194381134391E+000                  8.6128588589862987E-001                  1.6022564460570671E+001                  6.9982554454408097E-001                  2.8017044393331397E-001                  2.0004011522605003E-002                  0.0000000000000000E+000                  3.4526424832222259E+008                  4.9062336590375379E+007                  3.5696630904996879E-001                  9.9950896577081592E-003                  1.3288697660761105E-052                  9.0416209230235989E-001                  1.7261777833819984E+010                  2.9957704476933369E-006                  3.8490158034696607E-009                 -2.7617457338573663E+000                  2.4623714909231040E+000                  2.7009321182829349E+000                  2.8514471161149255E+000 
                                     802                  1.8114262022868750E+000                 -2.6467419520439484E-001                  7.0367223826966150E+000                  8.6903452985955121E-001                  1.6032819922050074E+001                  6.9981941313380025E-001                  2.8017601300073131E-001                  2.0004573865468389E-002                  0.0000000000000000E+000                  3.4525239373629016E+008                  4.9204068145893261E+007                  3.8292856435812317E-001                  1.1409365678343341E-002                  1.8950335566986188E-052                  9.0082875561376075E-001                  1.7303454689858456E+010                  2.9778383172847226E-006                  3.9577103605152317E-009                 -2.7630494430530499E+000                  2.4659596508735957E+000                  2.7045202782334270E+000                  2.8550352760654176E+000 
                                     803                  1.7978263941338395E+000                 -2.6702849545979263E-001                  7.0392343544819580E+000                  8.7676644170322704E-001                  1.6043067865401436E+001                  6.9981311770369969E-001                  2.8018166696502428E-001                  2.0005215331275972E-002                  0.0000000000000000E+000                  3.4524129350666559E+008                  4.9346722879109405E+007                  4.1032135013383159E-001                  1.3023843307419819E-002                  2.7035769668694999E-052                  8.9751803196230828E-001                  1.7346369154096375E+010                  2.9593069571983640E-006                  4.0788355252783651E-009                 -2.7644049924275675E+000                  2.4695690073926189E+000                  2.7081296347524502E+000                  2.8586446325844408E+000 
                                     804                  1.7841078205746714E+000                 -2.6939983918107008E-001                  7.0417554385773169E+000                  8.8448146137564820E-001                  1.6053308207860990E+001                  6.9980663475032856E-001                  2.8018741821621973E-001                  2.0005947033451710E-002                  0.0000000000000000E+000                  3.4523094943221253E+008                  4.9490310755456753E+007                  4.3905174599854330E-001                  1.4866600126548573E-002                  3.8587774285565353E-052                  8.9422578418456355E-001                  1.7390548386508930E+010                  2.9401927784342048E-006                  4.2162033485305498E-009                 -2.7658120967215671E+000                  2.4731999480636282E+000                  2.7117605754234595E+000                  2.8622755732554501E+000 
                                     805                  1.7702702694070147E+000                 -2.7178858441941484E-001                  7.0442857133658539E+000                  8.9217943928403742E-001                  1.6063540868128271E+001                  6.9979993461116796E-001                  2.8019328376552027E-001                  2.0006781623311820E-002                  0.0000000000000000E+000                  3.4522136142734993E+008                  4.9634841325362250E+007                  4.6901290440568227E-001                  1.6969521124609175E-002                  5.5099957971722280E-052                  8.9094788189137952E-001                  1.7436020013295956E+010                  2.9205126728433281E-006                  4.3738574108238775E-009                 -2.7672704524532858E+000                  2.4768528665797995E+000                  2.7154134939396304E+000                  2.8659284917716215E+000 
                                     806                  1.7563135524228561E+000                 -2.7419510015881471E-001                  7.0468252506111932E+000                  8.9986023625500688E-001                  1.6073765766391318E+001                  6.9979298137365287E-001                  2.8019928513172171E-001                  2.0007733494625368E-002                  0.0000000000000000E+000                  3.4521252749030459E+008                  4.9780323721693762E+007                  5.0009326743757310E-001                  1.9368767019413705E-002                  7.8712612773944726E-052                  8.8768019721364333E-001                  1.7482812163355976E+010                  2.9002838713140744E-006                  4.5559320023208564E-009                 -2.7687797462726338E+000                  2.4805281631136022E+000                  2.7190887904734331E+000                  2.8696037883054237E+000 
                                     807                  1.7422375062688518E+000                 -2.7661976668828969E-001                  7.0493741155558221E+000                  9.0752372341850152E-001                  1.6083982824346123E+001                  6.9978573301402147E-001                  2.8020544797335362E-001                  2.0008819012624857E-002                  0.0000000000000000E+000                  3.4520444372275758E+008                  4.9926766661118366E+007                  5.3218665661356135E-001                  2.2105283708285059E-002                  1.1249403373436003E-051                  8.8441860101014536E-001                  1.7530953509290276E+010                  2.8795238045110786E-006                  4.7665129064496794E-009                 -2.7703396634420026E+000                  2.4842262447388275E+000                  2.7227868720986583E+000                  2.8733018699306490E+000 
                                     808                  1.7280419933338493E+000                 -2.7906297599292057E-001                  7.0519323676139596E+000                  9.1516978141851613E-001                  1.6094191965211749E+001                  6.9977814173271391E-001                  2.8021180149909286E-001                  2.0010056768193230E-002                  0.0000000000000000E+000                  3.4519710446923959E+008                  5.0074178483466662E+007                  5.6520210862808340E-001                  2.5225351177933491E-002                  1.6084478105491181E-051                  8.8115938180792008E-001                  1.7580473325248322E+010                  2.8582488138545097E-006                  5.0095174995761294E-009                 -2.7719499840320427E+000                  2.4879475260532020E+000                  2.7265081534130333E+000                  2.8770231512450239E+000 
                                     809                  1.7137269026651176E+000                 -2.8152513216858677E-001                  7.0545000662690214E+000                  9.2279829428569382E-001                  1.6104393113741899E+001                  6.9977015442690704E-001                  2.8021837771119595E-001                  2.0011467861897003E-002                  0.0000000000000000E+000                  3.4519050289793396E+008                  5.0222567495949127E+007                  5.9907240073935508E-001                  2.8781172963142383E-002                  2.3007899170677012E-051                  8.7790244031162301E-001                  1.7631401669000854E+010                  2.8364639171187504E-006                  5.2886096214309591E-009                 -2.7736113683792518E+000                  2.4916924313015438E+000                  2.7302530586613747E+000                  2.8807680564933653E+000 
                                     810                  1.6992921509119256E+000                 -2.8400665189295982E-001                  7.0570772791148926E+000                  9.3040914111877937E-001                  1.6114586196241493E+001                  6.9976171322338143E-001                  2.8022521055874977E-001                  2.0013076217868742E-002                  0.0000000000000000E+000                  3.4518463176602691E+008                  5.0371942449070312E+007                  6.3376036573546513E-001                  3.2831499290998677E-002                  3.2926080463136721E-051                  8.7464949499412947E-001                  1.7683769718768742E+010                  2.8141585047631347E-006                  5.6071597040369075E-009                 -2.7753257224973069E+000                  2.4954613984137795E+000                  2.7340220257736108E+000                  2.8845370236056014E+000 
                                     811                  1.6847376832850505E+000                 -2.8650796497124431E-001                  7.0596640846930425E+000                  9.3800219307222876E-001                  1.6124771140588834E+001                  6.9975275598920283E-001                  2.8023233508649292E-001                  2.0014908924304242E-002                  0.0000000000000000E+000                  3.4517948377524048E+008                  5.0522312717023686E+007                  6.6926237738407723E-001                  3.7442263774134947E-002                  4.7140838570834023E-051                  8.7140224916620102E-001                  1.7737610049611572E+010                  2.7913163946620001E-006                  5.9682542080592853E-009                 -2.7770954668026357E+000                  2.4992548823580454E+000                  2.7378155097178762E+000                  2.8883305075498669E+000 
                                     812                  1.6700634745567178E+000                 -2.8902951492625284E-001                  7.0622605726343233E+000                  9.4557731311838633E-001                  1.6134947876257648E+001                  6.9974321674431605E-001                  2.8023978664941446E-001                  2.0016996606269544E-002                  0.0000000000000000E+000                  3.4517505170005065E+008                  5.0673688321685970E+007                  7.0560888448851544E-001                  4.2687213613179620E-002                  6.7522800988318589E-051                  8.6816238027129111E-001                  1.7792956749941940E+010                  2.7679211371408791E-006                  6.3747513735792335E-009                 -2.7789231439198607E+000                  2.5030733565447556E+000                  2.7416339839045869E+000                  2.8921489817365775E+000 
                                     813                  1.6552695300997791E+000                 -2.9157175961983162E-001                  7.0648668437907709E+000                  9.5313435587454531E-001                  1.6145116334342294E+001                  6.9973302591243158E-001                  2.8024760026260592E-001                  2.0019373824962550E-002                  0.0000000000000000E+000                  3.4517132853629619E+008                  5.0826079953272171E+007                  7.4286228626144768E-001                  4.8648506760456151E-002                  9.6761302194860401E-051                  8.6493154387339355E-001                  1.7849845483973030E+010                  2.7439561640344011E-006                  6.8293735079679441E-009                 -2.7808114154822849E+000                  2.5069173135598364E+000                  2.7454779409196677E+000                  2.8959929387516583E+000 
                                     814                  1.6403558869626746E+000                 -2.9413517190817173E-001                  7.0674830103807746E+000                  9.6067316749128429E-001                  1.6155276447588282E+001                  6.9972211037986776E-001                  2.8025581011903916E-001                  2.0022079501093026E-002                  0.0000000000000000E+000                  3.4516830750692046E+008                  5.0979498988133855E+007                  7.8111272267266851E-001                  5.5417235325389586E-002                  1.3872471882896634E-050                  8.6171137774675899E-001                  1.7908313554874916E+010                  2.7194049180465339E-006                  7.3348216880729169E-009                 -2.7827630606821012E+000                  2.5107872659019641E+000                  2.7493478932617954E+000                  2.8998628910937860E+000 
                                     815                  1.6253226149817308E+000                 -2.9672024033286315E-001                  7.0701091961496330E+000                  9.6819358560628943E-001                  1.6165428150428379E+001                  6.9971039334578111E-001                  2.8026444929750199E-001                  2.0025157356716949E-002                  0.0000000000000000E+000                  3.4516598197766477E+008                  5.1133957503698155E+007                  8.2047253708829859E-001                  6.3093819039993670E-002                  1.9898036947844677E-050                  8.5850350604806425E-001                  1.7968399968832222E+010                  2.6942509875719094E-006                  7.8938972132572929E-009                 -2.7847809746405567E+000                  2.5146837467281564E+000                  2.7532443740879877E+000                  2.9037593719199783E+000 
                                     816                  1.6101698179320916E+000                 -2.9932746984970410E-001                  7.0727455365472309E+000                  9.7569543934450187E-001                  1.6175571379022429E+001                  6.9969779398007215E-001                  2.8027354965652213E-001                  2.0028656363405783E-002                  0.0000000000000000E+000                  3.4516434538283736E+008                  5.1289468290896840E+007                  8.6107020887763275E-001                  7.1788193165801983E-002                  2.8554514775917323E-050                  8.5530954355002342E-001                  1.8030145500478275E+010                  2.6684782303260899E-006                  8.5096139114221706E-009                 -2.7868681679287572E+000                  2.5186073106118685E+000                  2.7571679379716998E+000                  2.9076829358036904E+000 
                                     817                  1.5948976347265091E+000                 -3.0195738259622823E-001                  7.0753921789255427E+000                  9.8317854935402560E-001                  1.6185706071301134E+001                  6.9968422692363430E-001                  2.8028314189322950E-001                  2.0032631183136251E-002                  0.0000000000000000E+000                  3.4516339111595041E+008                  5.1446044864902556E+007                  9.0304448049186503E-001                  8.1619689958527336E-002                  4.0996996287888215E-050                  8.5213109992615210E-001                  1.8093592760457813E+010                  2.6420708705012771E-006                  9.1852865973424420E-009                 -2.7890277685585447E+000                  2.5225585343194550E+000                  2.7611191616792858E+000                  2.9116341595112765E+000 
                                     818                  1.5795062406559257E+000                 -3.0461051870172778E-001                  7.0780492827598991E+000                  9.9064272786014629E-001                  1.6195832167019169E+001                  6.9966960168440917E-001                  2.8029325573375230E-001                  2.0037142581838530E-002                  0.0000000000000000E+000                  3.4516311239767730E+008                  5.1603701475521989E+007                  9.4653924745321549E-001                  9.2716482175373899E-002                  5.8890747732486385E-050                  8.4896978407473045E-001                  1.8158786266047482E+010                  2.6150135569252251E-006                  9.9245833331173032E-009                 -2.7912630276464307E+000                  2.5265380176186434E+000                  2.7650986449784747E+000                  2.9156136428104653E+000 
                                     819                  1.5639958486675398E+000                 -3.0728743714368423E-001                  7.0807170198968725E+000                  9.9808777871052778E-001                  1.6205949607817669E+001                  6.9965382199579007E-001                  2.8030392022182432E-001                  2.0042257782385553E-002                  0.0000000000000000E+000                  3.4516350214035511E+008                  5.1762453118842147E+007                  9.9169958085167753E-001                  1.0521442062241271E-001                  8.4638026187161832E-050                  8.4582720847172599E-001                  1.8225772516114876E+010                  2.5872913720969326E-006                  1.0731531403509214E-008                 -2.7935773298689637E+000                  2.5305463841357101E+000                  2.7691070114955414E+000                  2.9196220093275320E+000 
                                     820                  1.5483667106885128E+000                 -3.0998871665271915E-001                  7.0833955748309014E+000                  1.0055134973794801E+000                  1.6216058337294122E+001                  6.9963678521406136E-001                  2.8031516406575402E-001                  2.0048050720184563E-002                  0.0000000000000000E+000                  3.4516455284860265E+008                  5.1922315552127957E+007                  1.0386690456928471E+000                  1.1925505317619059E-001                  1.2170648509859052E-049                  8.4270499354411488E-001                  1.8294600071874035E+010                  2.5588897839776565E-006                  1.1610468738683528E-008                 -2.7959742097803515E+000                  2.5345842822780273E+000                  2.7731449096378586E+000                  2.9236599074698493E+000 
                                     821                  1.5326191189978560E+000                 -3.1271495666964577E-001                  7.0860851450126088E+000                  1.0129196708971941E+000                  1.6226158301080691E+001                  6.9961838184142089E-001                  2.8032701601026577E-001                  2.0054602148313339E-002                  0.0000000000000000E+000                  3.4516625656039160E+008                  5.2083305313948028E+007                  1.0875882957584608E+000                  1.3498256150273177E-001                  1.7510497709357736E-049                  8.3960477205521455E-001                  1.8365319645127201E+010                  2.5297945334718061E-006                  1.2565933665251362E-008                 -2.7984573751043840E+000                  2.5386523862418371E+000                  2.7772130136016684E+000                  2.9277280114336590E+000 
                                     822                  1.5167534076473195E+000                 -3.1546677835904152E-001                  7.0887859411907153E+000                  1.0203060776643078E+000                  1.6236249446927722E+001                  6.9959849526628215E-001                  2.8033950521101753E-001                  2.0061999522700269E-002                  0.0000000000000000E+000                  3.4516860481295460E+008                  5.2245439751419678E+007                  1.1385947899672657E+000                  1.5253929963211435E-001                  2.5207355655072448E-049                  8.3652819348173157E-001                  1.8437984195879051E+010                  2.4999914502245246E-006                  1.3602485843923480E-008                 -2.8010307382893131E+000                  2.5427513971253202E+000                  2.7813120244851515E+000                  2.9318270223171421E+000 
                                     823                  1.5007699539461279E+000                 -3.1824482568193985E-001                  7.0914981877889431E+000                  1.0276724871046603E+000                  1.6246331724787030E+001                  6.9957700182512839E-001                  2.8035266159281019E-001                  2.0070336582061366E-002                  0.0000000000000000E+000                  3.4517158873663735E+008                  5.2408737057938769E+007                  1.1918233853432678E+000                  1.7205956146498014E-001                  3.6308494306588939E-049                  8.3347692837379916E-001                  1.8512649041379730E+010                  2.4694661881779514E-006                  1.4724449926914304E-008                 -2.8036984579013007E+000                  2.5468820441698257E+000                  2.7854426715296570E+000                  2.9359576693616476E+000 
                                     824                  1.4846691800200595E+000                 -3.2104976653163658E-001                  7.0942221233244176E+000                  1.0350186591158534E+000                  1.6256405086906991E+001                  6.9955377130401208E-001                  2.8036651618186248E-001                  2.0079712514125436E-002                  0.0000000000000000E+000                  3.4517519928919148E+008                  5.2573216324574567E+007                  1.2474075293840070E+000                  1.9366115467549538E-001                  5.2329910470824279E-049                  8.3045267267738521E-001                  1.8589371978992138E+010                  2.4382038703350084E-006                  1.5935571742732083E-008                 -2.8064649918404037E+000                  2.5510450861577345E+000                  2.7896057135175654E+000                  2.9401207113495560E+000 
                                     825                  1.4684515544042491E+000                 -3.2388229394637447E-001                  7.0969580008738511E+000                  1.0423443432672852E+000                  1.6266469487948484E+001                  6.9952866801508529E-001                  2.8038110140913014E-001                  2.0090230575784629E-002                  0.0000000000000000E+000                  3.4517942766786897E+008                  5.2738897609003991E+007                  1.3054807908596326E+000                  2.1743433453609282E-001                  7.5467843846088873E-049                  8.2745715199195047E-001                  1.8668213425891033E+010                  2.4061886308603953E-006                  1.7238576191324130E-008                 -2.8093351647801672E+000                  2.5552413130099656E+000                  2.7938019403697965E+000                  2.9443169382017875E+000 
                                     826                  1.4521175936900590E+000                 -3.2674312740303657E-001                  7.0997060885905690E+000                  1.0496492776762227E+000                  1.6276524885115577E+001                  6.9950155260049429E-001                  2.8039645138732849E-001                  2.0101996012177215E-002                  0.0000000000000000E+000                  3.4518426594574851E+008                  5.2905802026222438E+007                  1.3661785087551406E+000                  2.4342764995826841E-001                  1.0890655962244586E-048                  8.2449212573737629E-001                  1.8749236578760086E+010                  2.3734030441038209E-006                  1.8634617647943837E-008                 -2.8123142524743381E+000                  2.5594715476161416E+000                  2.7980321749759729E+000                  2.9485471728079635E+000 
                                     827                  1.4356678642333804E+000                 -3.2963301419931662E-001                  7.1024666692565912E+000                  1.0569331885290036E+000                  1.6286571238301224E+001                  6.9947228472539613E-001                  2.8041260217090996E-001                  2.0115113103693849E-002                  0.0000000000000000E+000                  3.4518970791444975E+008                  5.3073951803396255E+007                  1.4296394070163572E+000                  2.7163032116741326E-001                  1.5726675964699748E-048                  8.2155877217095952E-001                  1.8832507574508354E+010                  2.3398294079818502E-006                  2.0122617983556965E-008                 -2.8154079024643393E+000                  2.5637366476834944E+000                  2.8022972750433253E+000                  2.9528122728753159E+000 
                                     828                  1.4191029839267608E+000                 -3.3255273092696391E-001                  7.1052400341567123E+000                  1.0641957949703884E+000                  1.6296608510248742E+001                  6.9944072682769398E-001                  2.8042959201145473E-001                  2.0129681160851343E-002                  0.0000000000000000E+000                  3.4519574980981243E+008                  5.3243370013125718E+007                  1.4960069851289819E+000                  3.0195086896675566E-001                  2.2725921976896158E-048                  8.1865487422661964E-001                  1.8918095528394409E+010                  2.3054599962919519E-006                  2.1698494517521241E-008                 -2.8186212045688253E+000                  2.5680375062089893E+000                  2.8065981335688202E+000                  2.9571131314008108E+000 
                                     829                  1.4024236240409174E+000                 -3.3550308500588688E-001                  7.1080264758829621E+000                  1.0714368146107920E+000                  1.6306636666719381E+001                  6.9940674908042488E-001                  2.8044746162230860E-001                  2.0145789297266514E-002                  0.0000000000000000E+000                  3.4520239121784848E+008                  5.3414080264521293E+007                  1.5654306821587283E+000                  3.3419211002716587E-001                  3.2863866236284338E-048                  8.1577704571392173E-001                  1.9006072450553600E+010                  2.2702982359454062E-006                  2.3354290955541946E-008                 -2.8219585441528370E+000                  2.5723750505433101E+000                  2.8109356779031414E+000                  2.9614506757351320E+000 
                                     830                  1.3856305111630407E+000                 -3.3848491627514210E-001                  7.1108262868478427E+000                  1.0786559627081387E+000                  1.6316655676668507E+001                  6.9937023570142187E-001                  2.8046625446204365E-001                  2.0163509836534477E-002                  0.0000000000000000E+000                  3.4520963687300581E+008                  5.3586106774053231E+007                  1.6380669386628581E+000                  3.6802320332171079E-001                  4.7559690125112811E-048                  8.1292190093374628E-001                  1.9096513294700844E+010                  2.2343467434532141E-006                  2.5077241340882673E-008                 -2.8254247143830362E+000                  2.5767502429194065E+000                  2.8153108702792373E+000                  2.9658258681112279E+000 
                                     831                  1.3687244291951752E+000                 -3.4149909869680944E-001                  7.1136397598388053E+000                  1.0858529487391428E+000                  1.6326665512444233E+001                  6.9933109267832561E-001                  2.8048601704810222E-001                  2.0182890273572118E-002                  0.0000000000000000E+000                  3.4521749906480575E+008                  5.3759474599080019E+007                  1.7140801588346082E+000                  4.0295012641917621E-001                  6.8880012858173594E-048                  8.1008605036343984E-001                  1.9189496210445427E+010                  2.1976024699323761E-006                  2.6848824730810310E-008                 -2.8290254327371858E+000                  2.5811640833111871E+000                  2.8197247106710179E+000                  2.9702397085030090E+000 
                                     832                  1.3517062214166264E+000                 -3.4454654220022357E-001                  7.1164671886400095E+000                  1.0930274723817377E+000                  1.6336666150008064E+001                  6.9928925686695964E-001                  2.8050679930387229E-001                  2.0203943829168125E-002                  0.0000000000000000E+000                  3.4522600046555352E+008                  5.3934209913831957E+007                  1.7936435809977958E+000                  4.3828702457246066E-001                  9.9837046594689472E-048                  8.0726609594091037E-001                  1.9285102877862896E+010                  2.1600557464196071E-006                  2.8643908179767115E-008                 -2.8327675202462914E+000                  2.5856176132377073E+000                  2.8241782405975386E+000                  2.9746932384295293E+000 
                                     833                  1.3345767926258918E+000                 -3.4762819468020639E-001                  7.1193088687341461E+000                  1.1001792189898076E+000                  1.6346657569177836E+001                  6.9924470622375834E-001                  2.8052865494764939E-001                  2.0226638828592325E-002                  0.0000000000000000E+000                  3.4523517730984169E+008                  5.4110340323791340E+007                  1.8769401042793770E+000                  4.7313230937466183E-001                  1.4482546117594371E-047                  8.0445862705559357E-001                  1.9383418880512321E+010                  2.1216895443271933E-006                  3.0430124231857384E-008                 -2.8366590819066690E+000                  2.5901119200058340E+000                  2.8286725473656653E+000                  2.9791875451976559E+000 
                                     834                  1.3173371113661081E+000                 -3.5074504416599872E-001                  7.1221650980995008E+000                  1.1073078547475965E+000                  1.6356639753898239E+001                  6.9919747066918847E-001                  2.8055164192977439E-001                  2.0250887401037199E-002                  0.0000000000000000E+000                  3.4524508278185230E+008                  5.4287895208052143E+007                  1.9641631104245894E+000                  5.0635503990294872E-001                  2.1026316587364643E-047                  8.0166021723840342E-001                  1.9484534112564411E+010                  2.0824791492079115E-006                  3.2167681025231121E-008                 -2.8407096691332838E+000                  2.5946481413427565E+000                  2.8332087687025873E+000                  2.9837237665345779E+000 
                                     835                  1.2999882122378073E+000                 -3.5389812117800884E-001                  7.1250361781144571E+000                  1.1144130218302153E+000                  1.6366612692542262E+001                  6.9914764273020247E-001                  2.8057582291788702E-001                  2.0276534351910458E-002                  0.0000000000000000E+000                  3.4525579037996095E+008                  5.4466906070457838E+007                  2.0555173091485184E+000                  5.3659886048656247E-001                  3.0553214586877639E-047                  7.9886742150745327E-001                  1.9588543210222668E+010                  2.0423925019388013E-006                  3.3809851245300853E-008                 -2.8449303962945636E+000                  2.5992274703110549E+000                  2.8377880976708862E+000                  2.9883030955028769E+000 
                                     836                  1.2825311983105374E+000                 -3.5708850128750003E-001                  7.1279224145770712E+000                  1.1214943340677630E+000                  1.6376576378248984E+001                  6.9909538668820415E-001                  2.8060126583077782E-001                  2.0303347481018030E-002                  0.0000000000000000E+000                  3.4526739680554616E+008                  5.4647406867519468E+007                  2.1512196294231067E+000                  5.6231221879936744E-001                  4.4436150321676874E-047                  7.9607677428320278E-001                  1.9695545990384251E+010                  2.0013914970102808E-006                  3.5304416862498521E-008                 -2.8493339748321533E+000                  2.6038511603136687E+000                  2.8424117876734996E+000                  2.9929267855054902E+000 
                                     837                  1.2649672436332109E+000                 -3.6031730789448918E-001                  7.1308241188403896E+000                  1.1285513737979591E+000                  1.6386530809307629E+001                  6.9904094451741638E-001                  2.8062804441618611E-001                  2.0331011066397453E-002                  0.0000000000000000E+000                  3.4528002391024029E+008                  5.4829434270802937E+007                  2.2515001670030474E+000                  5.8181411170502195E-001                  6.4686289898361715E-047                  7.9328478774677735E-001                  1.9805647871112980E+010                  1.9594345249948441E-006                  3.6596337617860200E-008                 -2.8539346220022335E+000                  2.6085205299104066E+000                  2.8470811572702379E+000                  2.9975961551022285E+000 
                                     838                  1.2472975958399379E+000                 -3.6358571523615113E-001                  7.1337416090513903E+000                  1.1355836907523678E+000                  1.6396475989594443E+001                  6.9898463651650278E-001                  2.8065623886441510E-001                  2.0359124619082181E-002                  0.0000000000000000E+000                  3.4529381909023070E+008                  5.5013027809501827E+007                  2.3566031891597015E+000                  5.9340334465587063E-001                  9.4252958474991068E-047                  7.9048795049009435E-001                  1.9918960239912868E+010                  1.9164804766412129E-006                  3.7631834674453831E-008                 -2.8587478002919986E+000                  2.6132369670845623E+000                  2.8517975944443936E+000                  3.0023125922763843E+000 
                                     839                  1.2295235788624506E+000                 -3.6689495163017105E-001                  7.1366752114653931E+000                  1.1425908039071409E+000                  1.6406411929065690E+001                  6.9892685434800061E-001                  2.8068593645221118E-001                  2.0387209199788203E-002                  0.0000000000000000E+000                  3.4530895342363465E+008                  5.5198229831188284E+007                  2.4667881917180003E+000                  5.9551521548482567E-001                  1.3746606797566665E-046                  7.8768272631190850E-001                  2.0035600728932854E+010                  1.8724948830023980E-006                  3.8364533007424369E-008                 -2.8637896802152780E+000                  2.6180019325220911E+000                  2.8565625598819224E+000                  3.0070775577139131E+000 
                                     840                  1.2116465957552820E+000                 -3.7024630295168626E-001                  7.1396252617906475E+000                  1.1495722071676813E+000                  1.6416338644309782E+001                  6.9886804440322747E-001                  2.8071723220377731E-001                  2.0414723392995215E-002                  0.0000000000000000E+000                  3.4532561692171574E+008                  5.5385085221258700E+007                  2.5823309969026469E+000                  5.8692171018208616E-001                  2.0068962810389267E-046                  7.8486555307673267E-001                  2.0155693354342705E+010                  1.8274560400197217E-006                  3.8761478479397784E-008                 -2.8690765306615171E+000                  2.6228169614523926E+000                  2.8613775888122239E+000                  3.0118925866442146E+000 
                                     841                  1.1936681316403086E+000                 -3.7364111633538949E-001                  7.1425921064966751E+000                  1.1565273849200632E+000                  1.6426256159161056E+001                  6.9880866540212772E-001                  2.8075023585430642E-001                  2.0441098743565922E-002                  0.0000000000000000E+000                  3.4534400629932380E+008                  5.5573640489594027E+007                  2.7035248010101767E+000                  5.6692421194316456E-001                  2.9328833207984949E-046                  7.8203283939390367E-001                  2.0279368355814140E+010                  1.7813601784669188E-006                  3.8808043747090256E-008                 -2.8746241301881561E+000                  2.6276836623196425E+000                  2.8662442896794733E+000                  3.0167592875114639E+000 
                                     842                  1.1755897567743669E+000                 -3.7708080404543293E-001                  7.1455761040400985E+000                  1.1634558045504872E+000                  1.6436164505370645E+001                  6.9874920949236086E-001                  2.8078504787039876E-001                  2.0465742637240325E-002                  0.0000000000000000E+000                  3.4536433067608261E+008                  5.5763944321811996E+007                  2.8306816176270098E+000                  5.3571865205590374E-001                  4.2905895091749763E-046                  7.7918097322448343E-001                  2.0406762366867348E+010                  1.7342307721263209E-006                  3.8516917111856713E-008                 -2.8804465559695647E+000                  2.6326037189359672E+000                  2.8711643462957981E+000                  3.0216793441277887E+000 
                                     843                  1.1574131297436792E+000                 -3.8056684771611493E-001                  7.1485776258658928E+000                  1.1703569696585086E+000                  1.6446063723343595E+001                  6.9869006023716529E-001                  2.8082179996576628E-001                  2.0488139797068428E-002                  0.0000000000000000E+000                  3.4538677065770042E+008                  5.5956044234962508E+007                  2.9641329417731463E+000                  4.9435538314239896E-001                  6.2835349083159786E-046                  7.7630630749328533E-001                  2.0538017697853237E+010                  1.6861265908594798E-006                  3.7935502043809407E-008                 -2.8865549112827216E+000                  2.6375788836398462E+000                  2.8761395109996775E+000                  3.0266545088316681E+000 
                                     844                  1.1391400008062844E+000                 -3.8410080249762701E-001                  7.1515970573315544E+000                  1.1772304101042241E+000                  1.6455953862906512E+001                  6.9863152280198570E-001                  2.8086061906388882E-001                  2.0507858134125478E-002                  0.0000000000000000E+000                  3.4541148624283504E+008                  5.6149987250243284E+007                  3.1042313368526977E+000                  4.4498853252653087E-001                  9.2123211758276885E-046                  7.7340524716439774E-001                  2.0673281718326515E+010                  1.6371399531185348E-006                  3.7143835527796210E-008                 -2.8929570963755613E+000                  2.6426109709659080E+000                  2.8811715983257393E+000                  3.0316865961577300E+000 
                                     845                  1.1207722153858852E+000                 -3.8768430162158291E-001                  7.1546348011721781E+000                  1.1840757143101281E+000                  1.6465834984120693E+001                  6.9857373102507203E-001                  2.8090165359085328E-001                  2.0524615384074685E-002                  0.0000000000000000E+000                  3.4543859031805283E+008                  5.6345817838619784E+007                  3.2513514886551951E+000                  3.9070089324129781E-001                  1.3521536570442097E-045                  7.7047562922797974E-001                  2.0812706708147049E+010                  1.5873874384434385E-006                  3.6249749483962042E-008                 -2.8996585303710827E+000                  2.6477018570008357E+000                  2.8862624843606666E+000                  3.0367774821926572E+000 
                                     846                  1.1023117177243731E+000                 -3.9131906107111603E-001                  7.1576912832424551E+000                  1.1908925309251581E+000                  1.6475707158122052E+001                  6.9851663178690138E-001                  2.8094506444519624E-001                  2.0538303767902333E-002                  0.0000000000000000E+000                  3.4546814424647886E+008                  5.6543577817133814E+007                  3.4058918206613589E+000                  3.3527901760635970E-001                  1.9869641854778955E-045                  7.6751659700390085E-001                  2.0956449469989185E+010                  1.5370087365009268E-006                  3.5391531913187950E-008                 -2.9066618319614608E+000                  2.6528534759202684E+000                  2.8914141032800997E+000                  3.0419291011120904E+000 
                                     847                  1.0837605547031581E+000                 -3.9500688462582567E-001                  7.1599973550105442E+000                  1.1959965309140479E+000                  1.6483116845388341E+001                  6.9847410123056053E-001                  2.8097930154864559E-001                  2.0546597220793883E-002                  0.0000000000000000E+000                  3.4549175855633223E+008                  5.6693262192470811E+007                  3.5270451448147768E+000                  2.9543227729635640E-001                  2.6545077277636756E-045                  7.6528064813030583E-001                  2.1104377407487064E+010                  1.4866799099963189E-006                  3.5269605660655941E-008                 -2.9138912636497110E+000                  2.6580681592895790E+000                  2.8966287866494103E+000                  3.0471437844814009E+000 
                                     848                  1.0744516423795367E+000                 -3.9687124969226545E-001                  7.1623121165551886E+000                  1.2010636848176695E+000                  1.6490498722137364E+001                  6.9843154631149384E-001                  2.8101514440753034E-001                  2.0553309280975762E-002                  0.0000000000000000E+000                  3.4551703451485312E+008                  5.6843915785382532E+007                  3.6525474503132229E+000                  2.5876637553812121E-001                  3.5474986900511762E-045                  7.6302092472070349E-001                  2.1180219972732384E+010                  1.4714427784765375E-006                  4.5371794678278836E-008                 -2.9161283110482681E+000                  2.6606994470834047E+000                  2.8992600744432355E+000                  3.0497750722752262E+000 
                                     849                  1.0557685536293691E+000                 -4.0064225653121882E-001                  7.1654174716136483E+000                  1.2078133164948817E+000                  1.6500348919183043E+001                  6.9835925157271528E-001                  2.8108074635622693E-001                  2.0560002071057792E-002                  0.0000000000000000E+000                  3.4554855866619354E+008                  5.7046324872415297E+007                  3.8274462505197104E+000                  2.1610878975340381E-001                  5.2300962639074129E-045                  7.5998159583132763E-001                  2.1335643457436352E+010                  1.4697537203193807E-006                  9.4809946283988127E-008                 -2.9163777159140114E+000                  2.6660101443495385E+000                  2.9045707717093694E+000                  3.0550857695413600E+000 
                                     850                  1.0370003924499058E+000                 -4.0447121185435231E-001                  7.1685431682654102E+000                  1.2146082455858431E+000                  1.6510190513977218E+001                  6.9806346733127456E-001                  2.8137348228361536E-001                  2.0563050385110082E-002                  0.0000000000000000E+000                  3.4552358705956060E+008                  5.7245873763820589E+007                  4.0097620301211858E+000                  1.7331772271020152E-001                  7.7419600676860791E-045                  7.5686973035553651E-001                  2.1493700929340229E+010                  1.5230810487231278E-006                  1.9966939413863186E-007                 -2.9086384928242079E+000                  2.6713692640259254E+000                  2.9099298913857563E+000                  3.0604448892177469E+000 
                                     851                  1.0181495976750579E+000                 -4.0835959382451947E-001                  7.1709025865343685E+000                  1.2197916628776198E+000                  1.6517578374207776E+001                  6.9755460822808557E-001                  2.8188395568246755E-001                  2.0561436089446827E-002                  0.0000000000000000E+000                  3.4543062252749234E+008                  5.7390652829812035E+007                  4.1506961633867201E+000                  1.4450186178777250E-001                  1.0437903854145191E-044                  7.5446484154132332E-001                  2.1651550213311638E+010                  1.5727849045355373E-006                  3.0091677300583803E-007                 -2.9016653339079213E+000                  2.6767477541684386E+000                  2.9153083815282694E+000                  3.0658233793602601E+000 
                                     852                  1.0086940081036073E+000                 -4.1032628776763885E-001                  7.1732705198425037E+000                  1.2249333466267978E+000                  1.6524936781318047E+001                  6.9705607987187879E-001                  2.8238553937003019E-001                  2.0558380758091022E-002                  0.0000000000000000E+000                  3.4534213459802103E+008                  5.7536591815689899E+007                  4.2967686591004730E+000                  1.3358187673979394E-001                  1.4074598713180967E-044                  7.5203818871276584E-001                  2.1731091650303272E+010                  1.5566091423845745E-006                  3.1056447194851688E-007                 -2.9039102115756705E+000                  2.6794477862702704E+000                  2.9180084136301017E+000                  3.0685234114620923E+000 
                                     853                  9.8972410440219949E-001                 -4.1430627142220083E-001                  7.1764487528320924E+000                  1.2316788415788700E+000                  1.6534757000659283E+001                  6.9668325382414975E-001                  2.8276098149887013E-001                  2.0555764676980059E-002                  0.0000000000000000E+000                  3.4530335254550588E+008                  5.7739644513427608E+007                  4.5029131257291324E+000                  1.4300129449633747E-001                  2.0923226211914226E-044                  7.4882744038573568E-001                  2.1897173620757977E+010                  1.4188638548577031E-006                  2.2532055238148395E-007                 -2.9240296373384496E+000                  2.6849276614105877E+000                  2.9234882887704190E+000                  3.0740032866024096E+000 
                                     854                  9.7067820972824514E-001                 -4.1835118211400374E-001                  7.1796491985598934E+000                  1.2383239479791373E+000                  1.6544568738097365E+001                  6.9651719395518563E-001                  2.8292805850924513E-001                  2.0554747535569184E-002                  0.0000000000000000E+000                  3.4532193276375389E+008                  5.7949512092549555E+007                  4.7216180504650467E+000                  1.6482464815435915E-001                  3.1069409644825195E-044                  7.4561733175934708E-001                  2.2072837424383163E+010                  1.2664757087121635E-006                  1.2666910915103249E-007                 -2.9487015678295063E+000                  2.6905254585182070E+000                  2.9290860858780383E+000                  3.0796010837100289E+000 
                                     855                  9.5155921289914158E-001                 -4.2246423236108066E-001                  7.1824698951645374E+000                  1.2440964424276011E+000                  1.6553155449104874E+001                  6.9643973893305233E-001                  2.8300577168382940E-001                  2.0554489383118213E-002                  0.0000000000000000E+000                  3.4535841622090578E+008                  5.8136649975826994E+007                  4.9232609728007750E+000                  1.8915135314780110E-001                  4.3936434325799221E-044                  7.4278981216605977E-001                  2.2256663900954144E+010                  1.1540663826717538E-006                  6.8932848470253611E-008                 -2.9688846047760746E+000                  2.6962266675805369E+000                  2.9347872949403682E+000                  3.0853022927723588E+000 
                                     856                  9.3717169285397428E-001                 -4.2559597225821655E-001                  7.1853059763546163E+000                  1.2498287528361403E+000                  1.6561720299744309E+001                  6.9636992104860396E-001                  2.8307575966694343E-001                  2.0554319284452616E-002                  0.0000000000000000E+000                  3.4539934288848197E+008                  5.8325594436521441E+007                  5.1341460320628780E+000                  2.1765180732220954E-001                  6.2176407850230245E-044                  7.3993202626619692E-001                  2.2399257180561893E+010                  1.1030150528336065E-006                  5.9344597647773397E-008                 -2.9787092803538098E+000                  2.7005625839556560E+000                  2.9391232113154868E+000                  3.0896382091474779E+000 
                                     857                  9.1793224787217087E-001                 -4.2983542413392734E-001                  7.1885712845734400E+000                  1.2563565517630813E+000                  1.6571509586648975E+001                  6.9628939777438914E-001                  2.8315645236345999E-001                  2.0554149862150872E-002                  0.0000000000000000E+000                  3.4544877046333355E+008                  5.8543886915681243E+007                  5.3875470496282425E+000                  2.5596097147143432E-001                  9.2618318519549118E-044                  7.3662776090857573E-001                  2.2595178451812119E+010                  1.2870557417406882E-006                  2.9916500772171013E-007                 -2.9452013218057087E+000                  2.7064183157294472E+000                  2.9449789430892785E+000                  3.0954939409212692E+000 
                                     858                  8.9862839352363610E-001                 -4.3415126858422642E-001                  7.1918614529272089E+000                  1.2629524122762954E+000                  1.6581291163482533E+001                  6.9590684936138281E-001                  2.8354188308810807E-001                  2.0551267550509067E-002                  0.0000000000000000E+000                  3.4542159685275185E+008                  5.8757832578603856E+007                  5.6518848921658353E+000                  3.0237980104904172E-001                  1.3870136519762567E-043                  7.3322514714135878E-001                  2.2794921083926731E+010                  2.5018900405397425E-006                  1.5700475251243486E-006                 -2.8008658908537196E+000                  2.7123375286500080E+000                  2.9508981560098393E+000                  3.1014131538418299E+000 
                                     859                  8.7926357815642298E-001                 -4.3854571421474142E-001                  7.1951747746430090E+000                  1.2714797207649668E+000                  1.6591065212706539E+001                  6.8967797576124124E-001                  2.8982431452523921E-001                  2.0497709713519496E-002                  0.0000000000000000E+000                  3.4385164811862785E+008                  5.8841030622499943E+007                  5.8722701153664234E+000                  3.8053399812642413E-001                  2.2327221024846759E-043                  7.2871849666906241E-001                  2.2946667528792988E+010                  5.1330962736037375E-006                  4.2517476433226023E-006                 -2.6448102951341070E+000                  2.7178315139286369E+000                  2.9563921412884682E+000                  3.1069071391204588E+000 
                                     860                  8.5984141493143706E-001                 -4.4300162087521788E-001                  7.1985043481958080E+000                  1.2839999898326742E+000                  1.6600830118044286E+001                  6.7162964326209362E-001                  3.0801274881823676E-001                  2.0357607919669674E-002                  0.0000000000000000E+000                  3.3915700777452970E+008                  5.8653457086514965E+007                  5.9788151686198194E+000                  5.2854408891653493E-001                  4.1186518460008266E-043                  7.2206897947885418E-001                  2.2947363840418198E+010                  7.3764364322306143E-006                  6.5292838135184485E-006                 -2.5660766979225609E+000                  2.7219031980638317E+000                  2.9604638254236630E+000                  3.1109788232556537E+000 
                                     861                  8.4036568916850940E-001                 -4.4747887183944013E-001                  7.2018466027808996E+000                  1.2948222662266431E+000                  1.6610580455018102E+001                  6.5866492185247649E-001                  3.2106462391139573E-001                  2.0270454236127833E-002                  0.0000000000000000E+000                  3.3580692716574836E+008                  5.8579871593914799E+007                  6.0951016554788406E+000                  7.3198219954314581E-001                  7.1149815949315618E-043                  7.1634375279977403E-001                  2.2899437010542313E+010                  6.9403473383666584E-006                  6.1231634783588844E-006                 -2.5793093970952481E+000                  2.7254134453145369E+000                  2.9639740726743682E+000                  3.1144890705063588E+000 
                                     862                  8.2084036613490974E-001                 -4.5199518219009138E-001                  7.2043681639086383E+000                  1.3008149373291125E+000                  1.6617896829997932E+001                  6.5513308274690063E-001                  3.2461925848862305E-001                  2.0247658764476317E-002                  0.0000000000000000E+000                  3.3493369072733665E+008                  5.8668246466411583E+007                  5.8436592747214648E+000                  9.1818933977648209E-001                  1.0003629706252186E-042                  7.1312620485818468E-001                  2.2980409940076496E+010                  4.5319828654664026E-006                  3.7603343005868305E-006                 -2.6718558703936690E+000                  2.7300929566739600E+000                  2.9686535840337913E+000                  3.1191685818657819E+000 
                                     863                  8.1105498271304033E-001                 -4.5428071039965012E-001                  7.2060539662370369E+000                  1.3043954528407005E+000                  1.6622757827380511E+001                  6.5392141911409196E-001                  3.2583881092402450E-001                  2.0239769961883480E-002                  0.0000000000000000E+000                  3.3465498453319544E+008                  5.8754138865692638E+007                  5.2031542442203094E+000                  1.0439632778833208E+000                  1.2399045509518590E-042                  7.1116829601871845E-001                  2.3071503417909752E+010                  2.5233941629223804E-006                  1.7803804268910158E-006                 -2.7990074529394304E+000                  2.7329147392921787E+000                  2.9714753666520100E+000                  3.1219903644840006E+000 
                                     864                  8.0126959929117114E-001                 -4.5658368290185186E-001                  7.2077459194505051E+000                  1.3077492809916800E+000                  1.6627613651436732E+001                  6.5333352438577008E-001                  3.2643059135508679E-001                  2.0235884259143133E-002                  0.0000000000000000E+000                  3.3454227060429710E+008                  5.8855152646121547E+007                  4.4688980485396916E+000                  1.1642401728659000E+000                  1.5269374533626581E-042                  7.0930724330194328E-001                  2.3181016222684353E+010                  1.5349525501061713E-006                  8.2269878787017634E-007                 -2.9069525226489570E+000                  2.7359080559061240E+000                  2.9744686832659548E+000                  3.1249836810979454E+000 
                                     865                  7.9146366918296573E-001                 -4.5891065238334317E-001                  7.2094445105221947E+000                  1.3109826195895034E+000                  1.6632464581298059E+001                  6.5306063581628748E-001                  3.2670531500019012E-001                  2.0234049183522451E-002                  0.0000000000000000E+000                  3.3451391629296833E+008                  5.8964174467247501E+007                  3.9738993090627086E+000                  1.2809938912277132E+000                  1.8747465049099061E-042                  7.0748808841979383E-001                  2.3301667959507351E+010                  1.0720486111061295E-006                  3.9191227262959176E-007                 -2.9848927607467632E+000                  2.7390103209114640E+000                  2.9775709482712949E+000                  3.1280859461032855E+000 
                                     866                  7.8165773907476011E-001                 -4.6125795277728610E-001                  7.2120008749920794E+000                  1.3157202679625104E+000                  1.6639715225312326E+001                  6.5287658544614724E-001                  3.2689062460386220E-001                  2.0232789949990559E-002                  0.0000000000000000E+000                  3.3453293606960881E+008                  5.9133959365749471E+007                  3.6276260761766244E+000                  1.4604789607198845E+000                  2.5449135644908545E-042                  7.0477604452081299E-001                  2.3429128770007133E+010                  8.1865983877252147E-007                  1.7135441934144912E-007                 -3.0434482571976087E+000                  2.7421754292631650E+000                  2.9807360566229963E+000                  3.1312510544549870E+000 
                                     867                  7.6200934227127803E-001                 -4.6602585435192961E-001                  7.2154401792874561E+000                  1.3219405913342521E+000                  1.6649386547437310E+001                  6.5283050333498271E-001                  3.2693703246568206E-001                  2.0232464199335221E-002                  0.0000000000000000E+000                  3.3461489566066903E+008                  5.9367911170701295E+007                  3.6532696710577555E+000                  1.7178690427985226E+000                  3.8256207544010446E-042                  7.0114213249891666E-001                  2.3696554915265026E+010                  6.4242979001356666E-007                  6.1882846444766303E-008                 -3.0960871643297105E+000                  2.7486334980083598E+000                  2.9871941253681911E+000                  3.1377091232001817E+000 
                                     868                  7.4232918201266873E-001                 -4.7089283896892459E-001                  7.2184765511355788E+000                  1.3273366933445849E+000                  1.6657841354593536E+001                  6.5282345115959295E-001                  3.2694413598448369E-001                  2.0232412855923365E-002                  0.0000000000000000E+000                  3.3469919221870154E+008                  5.9576013516840152E+007                  3.7960945402100541E+000                  1.9759095526500323E+000                  5.4734893900532238E-042                  6.9791942258943263E-001                  2.3976457034308445E+010                  5.2929257865092039E-007                  1.6166723338030047E-008                 -3.1381520976610342E+000                  2.7552263364679517E+000                  2.9937869638277825E+000                  3.1443019616597732E+000 
                                     869                  7.2755193124484119E-001                 -4.7461088660280498E-001                  7.2208781523189520E+000                  1.3315453973785110E+000                  1.6664471018992071E+001                  6.5282200496463294E-001                  3.2694559293262049E-001                  2.0232402102746572E-002                  0.0000000000000000E+000                  3.3476907417839742E+008                  5.9741220617084928E+007                  3.9334056353062308E+000                  2.2055541459704817E+000                  7.2594849239154288E-042                  6.9535721781239856E-001                  2.4194048853274166E+010                  4.6540889429998402E-007                  3.0784574429846590E-009                 -3.1660826606444408E+000                  2.7602515017813460E+000                  2.9988121291411769E+000                  3.1493271269731680E+000 
                                     870                  7.1522287073899937E-001                 -4.7775676452447996E-001                  7.2230731609993919E+000                  1.3353469647463434E+000                  1.6670485809815073E+001                  6.5282158452160011E-001                  3.2694601655645950E-001                  2.0232398921940398E-002                  0.0000000000000000E+000                  3.3483484771192873E+008                  5.9892634347670056E+007                  4.0693362565327247E+000                  2.4378597827642796E+000                  9.3907395764069613E-042                  6.9300522232699902E-001                  2.4380686622044685E+010                  4.2056837665940906E-007                  6.9677876415229944E-010                 -3.1880816929273714E+000                  2.7644939922193417E+000                  3.0030546195791725E+000                  3.1535696174111636E+000 
                                     871                  7.0289381023315767E-001                 -4.8094418990034371E-001                  7.2252806198997206E+000                  1.3391273588198893E+000                  1.6676492284154886E+001                  6.5282145217087739E-001                  3.2694614992595039E-001                  2.0232397903172217E-002                  0.0000000000000000E+000                  3.3490268732353765E+008                  6.0045297053203069E+007                  4.2137313123228068E+000                  2.6954243966229203E+000                  1.2157529095282464E-041                  6.9063058290891011E-001                  2.4572077874612427E+010                  3.7755437022868790E-007                  2.0430749453629064E-010                 -3.2115102491829211E+000                  2.7687836051464845E+000                  3.0073442325063158E+000                  3.1578592303383064E+000 
                                     872                  6.9055272737386386E-001                 -4.8417799999270994E-001                  7.2283866038229494E+000                  1.3443715099101348E+000                  1.6684869023444975E+001                  6.5282139474166467E-001                  3.2694620780502492E-001                  2.0232397453310402E-002                  0.0000000000000000E+000                  3.3500103678921169E+008                  6.0260755183191113E+007                  4.4284768472330809E+000                  3.1032254855438537E+000                  1.7464479057518027E-041                  6.8727318998205500E-001                  2.4768765288604771E+010                  3.3479379589816737E-007                  6.2238999134625513E-011                 -3.2376112992822739E+000                  2.7731262377898145E+000                  3.0116868651496458E+000                  3.1622018629816364E+000 
                                     873                  6.6833334679044787E-001                 -4.9011523445498378E-001                  7.2313077990085519E+000                  1.3492308267033426E+000                  1.6692674938922455E+001                  6.5282138849617555E-001                  3.2694621410103980E-001                  2.0232397402784708E-002                  0.0000000000000000E+000                  3.3509647083423096E+008                  6.0464094487232953E+007                  4.6431819689485669E+000                  3.5413797156319822E+000                  2.4524915765376948E-041                  6.8410236361007681E-001                  2.5135363511262970E+010                  2.5789913508824250E-007                  1.6714796257975967E-011                 -3.2942750571726624E+000                  2.7810761946240556E+000                  3.0196368219838869E+000                  3.1701518198158776E+000 
                                     874                  6.5845504906632579E-001                 -4.9280453313494771E-001                  7.2338994714880025E+000                  1.3534754023825886E+000                  1.6699534054240242E+001                  6.5282138639535803E-001                  3.2694621621910624E-001                  2.0232397385535728E-002                  0.0000000000000000E+000                  3.3518376473327136E+008                  6.0645064620406725E+007                  4.8444097188193975E+000                  3.9801931523505467E+000                  3.3113570691144464E-041                  6.8127619749343227E-001                  2.5303943091513069E+010                  2.2367623470503618E-007                  3.6072011663258138E-012                 -3.3251900783243884E+000                  2.7846670590407618E+000                  3.0232276864005931E+000                  3.1737426842325838E+000 
                                     875                  6.3993069644213552E-001                 -4.9793514033050235E-001                  7.2374283825255059E+000                  1.3591609460274401E+000                  1.6708780130372002E+001                  6.5282138594391326E-001                  3.2694621667436541E-001                  2.0232397381721334E-002                  0.0000000000000000E+000                  3.3530650320379913E+008                  6.0892342175280072E+007                  5.1360919053564951E+000                  4.6639287231452702E+000                  4.9766883155694068E-041                  6.7741273300648130E-001                  2.5630440859686035E+010                  1.5947539222426233E-007                  6.8724037066382615E-013                 -3.3986531605218961E+000                  2.7914998073377935E+000                  3.0300604346976243E+000                  3.1805754325296149E+000 
                                     876                  6.2017475438126934E-001                 -5.0353963139955960E-001                  7.2411096502173535E+000                  1.3649742919554844E+000                  1.6718308347407206E+001                  6.5282138588024041E-001                  3.2694621673859359E-001                  2.0232397381166001E-002                  0.0000000000000000E+000                  3.3543947898171204E+008                  6.1151359037973486E+007                  5.4641033914337767E+000                  5.4990472096969292E+000                  7.5988452432001812E-041                  6.7336508674983719E-001                  2.5993365565022491E+010                  9.0975247350969440E-008                  1.5672989285379312E-013                 -3.5205383774723193E+000                  2.7989383647847412E+000                  3.0374989921445721E+000                  3.1880139899765632E+000 
                                     877                  6.0042879523145876E-001                 -5.0928781902448905E-001                  7.2439037757833651E+000                  1.3693064713819065E+000                  1.6725460588998558E+001                  6.5282138587392458E-001                  3.2694621674496654E-001                  2.0232397381108935E-002                  0.0000000000000000E+000                  3.3554386091408777E+008                  6.1348683450159341E+007                  5.7308325749448166E+000                  6.2285933236444100E+000                  1.0464964046009129E-040                  6.7028274671559018E-001                  2.6372306840973633E+010                  2.2531154124755325E-008                  2.3183307008841632E-014                 -3.8236082808097427E+000                  2.8065405827437142E+000                  3.0451012101035455E+000                  3.1956162079355361E+000 
                                     878                  5.9056431981021529E-001                 -5.1221758250990312E-001                  7.2457703968251064E+000                  1.3721721749710856E+000                  1.6730210416532188E+001                  6.5282138587241179E-001                  3.2694621674649316E-001                  2.0232397381095057E-002                  0.0000000000000000E+000                  3.3561500285891932E+008                  6.1480857966488913E+007                  5.9184041680599684E+000                  6.7678509525750208E+000                  1.2952720254039738E-040                  6.6822358345318844E-001                  2.6568088432882011E+010                 -7.9175114911992162E-015                  3.6896464573419318E-015                 -9.8999999999999986E+001                  2.8104035433772174E+000                  3.0489641707370483E+000                  3.1994791685690389E+000 
                                     879                  5.8069984438897193E-001                 -5.1518799605640830E-001                  7.2476349254210382E+000                  1.3750350144125854E+000                  1.6734955328547802E+001                  6.5282138587132021E-001                  3.2694621674759483E-001                  2.0232397381084954E-002                  0.0000000000000000E+000                  3.3568655640131694E+008                  6.1613167568702713E+007                  6.1140859910668546E+000                  7.3524037537081073E+000                  1.6023052780256316E-040                  6.6617645157195904E-001                  2.6768167885946648E+010                 -2.7545635642505473E-014                  1.2517068754434305E-015                 -9.8999999999999986E+001                  2.8143083897884646E+000                  3.0528690171482955E+000                  3.2033840149802861E+000 
                                     880                  5.7084756118174262E-001                 -5.1819674195231413E-001                  7.2494975500162759E+000                  1.3778952602559820E+000                  1.6739695786186040E+001                  6.5282138587035488E-001                  3.2694621674856950E-001                  2.0232397381075629E-002                  0.0000000000000000E+000                  3.3575853037193125E+008                  6.1745625333754189E+007                  6.3183525308858277E+000                  7.9860027031473875E+000                  1.9810727143400389E-040                  6.6414128924071414E-001                  2.6972007250716248E+010                 -4.0743781532187364E-014                  9.2545615884001076E-016                 -9.8999999999999986E+001                  2.8182499834489323E+000                  3.0568106108087636E+000                  3.2073256086407542E+000 
                                     881                  5.6099527797451332E-001                 -5.2124896658732811E-001                  7.2513581066903212E+000                  1.3807526846476199E+000                  1.6744431396346329E+001                  6.5282138586945804E-001                  3.2694621674947522E-001                  2.0232397381066747E-002                  0.0000000000000000E+000                  3.3583091883537108E+008                  6.1878219316057123E+007                  6.5316695444434147E+000                  8.6725764560079277E+000                  2.4480423416355068E-040                  6.6211839948327145E-001                  2.7180016700637901E+010                 -5.1904393446487065E-014                  8.2697669336377566E-016                 -9.8999999999999986E+001                  2.8222347229923450E+000                  3.0607953503521759E+000                  3.2113103481841669E+000 
                                     882                  5.5115906109676915E-001                 -5.2434116030130085E-001                  7.2532167906208080E+000                  1.3836075623243682E+000                  1.6749162631190281E+001                  6.5282138586860350E-001                  3.2694621675033819E-001                  2.0232397381058309E-002                  0.0000000000000000E+000                  3.3590373118625951E+008                  6.2010963139116995E+007                  6.7545727132141389E+000                  9.4164954964692065E+000                  3.0235067443833122E-040                  6.6010715837160172E-001                  2.7392021464917534E+010                 -6.1886878789075534E-014                  7.7562040327034939E-016                 -9.8999999999999986E+001                  2.8262576777984898E+000                  3.0648183051583211E+000                  3.2153333029903117E+000 
                                     883                  5.4132284421902499E-001                 -5.2747991946804951E-001                  7.2550739540888189E+000                  1.3864604603103632E+000                  1.6753890413613860E+001                  6.5282138586777716E-001                  3.2694621675117275E-001                  2.0232397381050093E-002                  0.0000000000000000E+000                  3.3597698178528386E+008                  6.2143881803290673E+007                  6.9876548331752257E+000                  1.0222565519507246E+001                  3.7324533362471541E-040                  6.5810651319645619E-001                  2.7608541949058586E+010                 -7.1057133394778657E-014                  7.4255703308279764E-016                 -9.8999999999999986E+001                  2.8303270665950886E+000                  3.0688876939549194E+000                  3.2194026917869101E+000 
                                     884                  5.3150120583342075E-001                 -5.3066222815605923E-001                  7.2569287534903779E+000                  1.3893100690725253E+000                  1.6758612582788913E+001                  6.5282138586697103E-001                  3.2694621675198726E-001                  2.0232397381041656E-002                  0.0000000000000000E+000                  3.3605063885099518E+008                  6.2276914655927181E+007                  7.2313898380405242E+000                  1.1095423562044960E+001                  4.6049847572874976E-040                  6.5611668092578690E-001                  2.7829442261065121E+010                 -7.9590639339715070E-014                  7.1840236578823038E-016                 -9.8999999999999986E+001                  2.8344385986893696E+000                  3.0729992260492005E+000                  3.2235142238811911E+000 
                                     885                  5.2169068669275742E-001                 -5.3389084777207307E-001                  7.2587816293592020E+000                  1.3921570699899743E+000                  1.6763330265117531E+001                  6.5282138586617855E-001                  3.2694621675278801E-001                  2.0232397381033440E-002                  0.0000000000000000E+000                  3.3612472067455953E+008                  6.2410092925775886E+007                  7.4864480207404656E+000                  1.2040648792955530E+001                  5.6785131373886902E-040                  6.5413650334377904E-001                  2.8054988731960255E+010                 -8.7605386604698086E-014                  7.0187687974138147E-016                 -9.8999999999999986E+001                  2.8385954691428035E+000                  3.0771560965026348E+000                  3.2276710943346254E+000 
                                     886                  5.1189237067560778E-001                 -5.3716716900482597E-001                  7.2606325944122982E+000                  1.3950014836275813E+000                  1.6768043494310149E+001                  6.5282138586539595E-001                  3.2694621675357899E-001                  2.0232397381025002E-002                  0.0000000000000000E+000                  3.3619922884587318E+008                  6.2543417261188291E+007                  7.7534855960940101E+000                  1.3064064658044330E+001                  6.9986595877067283E-040                  6.5216528418379949E-001                  2.8285357807184250E+010                 -9.5180158073188635E-014                  6.8979899593316227E-016                 -9.8999999999999986E+001                  2.8427990753321888E+000                  3.0813597026920196E+000                  3.2318747005240103E+000 
                                     887                  5.0210736966985081E-001                 -5.4049264572385303E-001                  7.2624816611057463E+000                  1.3978433301578712E+000                  1.6772752303421630E+001                  6.5282138586462046E-001                  3.2694621675436325E-001                  2.0232397381016343E-002                  0.0000000000000000E+000                  3.3627416497340679E+008                  6.2676888297635391E+007                  8.0331995367941591E+000                  1.4171949135559167E+001                  8.6212458621257206E-040                  6.5020232874399164E-001                  2.8520735466112465E+010                 -1.0237427709668155E-013                  6.7629757276663825E-016                 -9.8999999999999986E+001                  2.8470508775707426E+000                  3.0856115049305739E+000                  3.2361265027625641E+000 
                                     888                  4.9233682450259525E-001                 -5.4386879887317541E-001                  7.2643288416300926E+000                  1.4006826293544130E+000                  1.6777456724839631E+001                  6.5282138586384919E-001                  3.2694621675514318E-001                  2.0232397381007683E-002                  0.0000000000000000E+000                  3.3634953069414759E+008                  6.2810506656974196E+007                  8.3263300395926265E+000                  1.5371069126108660E+001                  1.0614541211980398E-039                  6.4824694369541258E-001                  2.8761317791773945E+010                 -1.0922775031061731E-013                  6.6049474717161214E-016                 -9.8999999999999986E+001                  2.8513524031128439E+000                  3.0899130304726752E+000                  3.2404280283046658E+000 
                                     889                  4.8258190591566630E-001                 -5.4729722066945963E-001                  7.2661741479051836E+000                  1.4035194005827696E+000                  1.6782156790271333E+001                  6.5282138586308069E-001                  3.2694621675592050E-001                  2.0232397380998801E-002                  0.0000000000000000E+000                  3.3642532764551103E+008                  6.2944272947469600E+007                  8.6336631288393626E+000                  1.6668717360647118E+001                  1.3061997105311908E-039                  6.4629843693305544E-001                  2.9007311689041615E+010                 -1.1576566529592037E-013                  6.4668267101062164E-016                 -9.8999999999999986E+001                  2.8557052503511917E+000                  3.0942658777110230E+000                  3.2447808755430136E+000 
                                     890                  4.7284381558974092E-001                 -5.5077957913367803E-001                  7.2680175915743543E+000                  1.4063536627914208E+000                  1.6786852530728595E+001                  6.5282138586231331E-001                  3.2694621675669677E-001                  2.0232397380989919E-002                  0.0000000000000000E+000                  3.3650155746228987E+008                  6.3078187763237424E+007                  8.9560333992025782E+000                  1.8072751946824219E+001                  1.6065571522155471E-039                  6.4435611746955102E-001                  2.9258935666253994E+010                 -1.2200871716313785E-013                  6.3663661144670281E-016                 -9.8999999999999986E+001                  2.8601110933481104E+000                  3.0986717207079417E+000                  3.2491867185399324E+000 
                                     891                  4.6312378722058856E-001                 -5.5431762298853871E-001                  7.2698591839979310E+000                  1.4091854345016719E+000                  1.6791543976511246E+001                  6.5282138586154614E-001                  3.2694621675747321E-001                  2.0232397380980593E-002                  0.0000000000000000E+000                  3.3657822177608013E+008                  6.3212251683577575E+007                  9.2943269121175636E+000                  1.9591638831687007E+001                  1.9749771196254436E-039                  6.4241929536996578E-001                  2.9516420686939701E+010                 -1.2797808313531852E-013                  6.2657153433972743E-016                 -9.8999999999999986E+001                  2.8645716867302640E+000                  3.1031323140900953E+000                  3.2536473119220859E+000 
                                     892                  4.5342308765030909E-001                 -5.5791318695791736E-001                  7.2716989362460094E+000                  1.4120147337963915E+000                  1.6796231157188529E+001                  6.5282138586077809E-001                  3.2694621675825081E-001                  2.0232397380971046E-002                  0.0000000000000000E+000                  3.3665532221465921E+008                  6.3346465272250541E+007                  9.6494842527743305E+000                  2.1234497383480520E+001                  2.4266565710110730E-039                  6.4048728172654168E-001                  2.9780011099267769E+010                 -1.3368732558210221E-013                  6.1649710039718988E-016                 -9.8999999999999986E+001                  2.8690888709848963E+000                  3.1076494983447276E+000                  3.2581644961767182E+000 
                                     893                  4.4374301805821564E-001                 -5.6156819750830211E-001                  7.2735368590902878E+000                  1.4148415783073727E+000                  1.6800914101578154E+001                  6.5282138586000815E-001                  3.2694621675903035E-001                  2.0232397380961498E-002                  0.0000000000000000E+000                  3.3673286040130711E+008                  6.3480829076673381E+007                  1.0022503744537357E+001                  2.3011149183360295E+001                  2.9801351649912418E-039                  6.3855938867249495E-001                  3.0049965651727600E+010                 -1.3914400949892126E-013                  6.0945176240398148E-016                 -9.8999999999999986E+001                  2.8736645781976726E+000                  3.1122252055575035E+000                  3.2627402033894941E+000 
                                     894                  4.3408491521592368E-001                 -5.6528467907711399E-001                  7.2753729629948873E+000                  1.4176659852011200E+000                  1.6805592837722795E+001                  6.5282138585923599E-001                  3.2694621675981267E-001                  2.0232397380951284E-002                  0.0000000000000000E+000                  3.3681083795406377E+008                  6.3615343627034321E+007                  1.0414444838510736E+001                  2.4932170375583610E+001                  3.6580193313099383E-039                  6.3663492943385058E-001                  3.0326558604653126E+010                 -1.4435925765449048E-013                  6.0259341743113123E-016                 -9.8999999999999986E+001                  2.8783008382769064E+000                  3.1168614656367377E+000                  3.2673764634687283E+000 
                                     895                  4.2445015281100701E-001                 -5.6906476083844248E-001                  7.2767501477674053E+000                  1.4197875993958891E+000                  1.6809105339110726E+001                  6.5282138585865435E-001                  3.2694621676040214E-001                  2.0232397380943512E-002                  0.0000000000000000E+000                  3.3686957496816385E+008                  6.3716424047284268E+007                  1.0721858801436040E+001                  2.6476175550094688E+001                  4.2651078193466799E-039                  6.3519311810746037E-001                  3.0609973868543987E+010                 -1.4933838307288511E-013                  5.9644901764660136E-016                 -9.8999999999999986E+001                  2.8829999079223572E+000                  3.1215605352821880E+000                  3.2720755331141786E+000 
                                     896                  4.1964358973143029E-001                 -5.7097867912250855E-001                  7.2776668588032027E+000                  1.4211979879346732E+000                  1.6811441588190352E+001                  6.5282138585826588E-001                  3.2694621676079594E-001                  2.0232397380938183E-002                  0.0000000000000000E+000                  3.3690889599672711E+008                  6.3783795978196122E+007                  1.0933077619327380E+001                  2.7555657436690694E+001                  4.7236024082159889E-039                  6.3423280513814118E-001                  3.0754327527168041E+010                 -1.5173519783937486E-013                  5.9864706488480965E-016                 -9.8999999999999986E+001                  2.8853728182154210E+000                  3.1239334455752523E+000                  3.2744484434072425E+000 
                                     897                  4.1484014284431953E-001                 -5.7291064797487690E-001                  7.2789256210556852E+000                  1.4231327947991923E+000                  1.6814647756027163E+001                  6.5282138585773064E-001                  3.2694621676133839E-001                  2.0232397380930967E-002                  0.0000000000000000E+000                  3.3696316345134848E+008                  6.3876421926555164E+007                  1.1232040693336403E+001                  2.9108770996005418E+001                  5.4338283863868932E-039                  6.3291344911534664E-001                  3.0900723508877464E+010                 -1.5407927498414579E-013                  5.9867297149480748E-016                 -9.8999999999999986E+001                  2.8877637562992660E+000                  3.1263243836590973E+000                  3.2768393814910879E+000 
                                     898                  4.0645390053739966E-001                 -5.7633124326308327E-001                  7.2806414785185751E+000                  1.4257723026058153E+000                  1.6819020339109443E+001                  6.5282138585699745E-001                  3.2694621676208174E-001                  2.0232397380920863E-002                  0.0000000000000000E+000                  3.3703747651938361E+008                  6.4002899385371029E+007                  1.1657080978497023E+001                  3.1365769735105317E+001                  6.5755934662379721E-039                  6.3111527136913870E-001                  3.1161396475378342E+010                 -1.5805323386831592E-013                  5.8936848269216999E-016                 -9.8999999999999986E+001                  2.8919866113310335E+000                  3.1305472386908644E+000                  3.2810622365228550E+000 
                                     899                  3.9689430658809116E-001                 -5.8030705015277728E-001                  7.2824706145329552E+000                  1.4285873977597556E+000                  1.6823682986547354E+001                  6.5282138585621086E-001                  3.2694621676287972E-001                  2.0232397380909428E-002                  0.0000000000000000E+000                  3.3711717120157480E+008                  6.4138001785317726E+007                  1.2133591219774043E+001                  3.3961889487225811E+001                  8.0558334190241908E-039                  6.2919766828555879E-001                  3.1466656069500004E+010                 -1.6238390952609172E-013                  5.7992917778681739E-016                 -9.8999999999999986E+001                  2.8968786510753186E+000                  3.1354392784351499E+000                  3.2859542762671405E+000 
                                     900                  3.8736375346479757E-001                 -5.8435584001631480E-001                  7.2842979774025585E+000                  1.4314001310620457E+000                  1.6828341549265360E+001                  6.5282138585541960E-001                  3.2694621676368263E-001                  2.0232397380897771E-002                  0.0000000000000000E+000                  3.3719731308697206E+008                  6.4273257196213864E+007                  1.2635185890487419E+001                  3.6766712713715883E+001                  9.8644540760307068E-039                  6.2728017127139479E-001                  3.1780129714448780E+010                 -1.6648654586301869E-013                  5.7590644500397071E-016                 -9.8999999999999986E+001                  2.9018428103414591E+000                  3.1404034377012899E+000                  3.2909184355332806E+000 
                                     901                  3.7786381645296396E-001                 -5.8848037099388495E-001                  7.2861235755076121E+000                  1.4342105165190040E+000                  1.6832996050043665E+001                  6.5282138585462324E-001                  3.2694621676449115E-001                  2.0232397380885558E-002                  0.0000000000000000E+000                  3.3727790380158061E+008                  6.4408666020503648E+007                  1.3163362033514048E+001                  3.9796522896954777E+001                  1.2073233906058199E-038                  6.2536210297466366E-001                  3.2102239083745922E+010                 -1.7036667015895486E-013                  5.7278692272841137E-016                 -9.8999999999999986E+001                  2.9068818211977066E+000                  3.1454424485575379E+000                  3.2959574463895285E+000 
                                     902                  3.6839611722474080E-001                 -5.9268356006016643E-001                  7.2879474168186889E+000                  1.4370185675138303E+000                  1.6837646510626190E+001                  6.5282138585382132E-001                  3.2694621676530533E-001                  2.0232397380873346E-002                  0.0000000000000000E+000                  3.3735894495894170E+008                  6.4544228634102672E+007                  1.3719706419831050E+001                  4.3068834828330459E+001                  1.4769405900715305E-038                  6.2344278845711820E-001                  3.2433405358599571E+010                 -1.7402899288996258E-013                  5.6602491490563979E-016                 -9.8999999999999986E+001                  2.9119986048924993E+000                  3.1505592322523306E+000                  3.3010742300843212E+000 
                                     903                  3.5896232580253096E-001                 -5.9696849546653286E-001                  7.2897695088744303E+000                  1.4398242967722217E+000                  1.6842292951663634E+001                  6.5282138585301397E-001                  3.2694621676612562E-001                  2.0232397380860467E-002                  0.0000000000000000E+000                  3.3744043815856981E+008                  6.4679945384433515E+007                  1.4305900587411278E+001                  4.6602484690504298E+001                  1.8058935604043432E-038                  6.2152155551803578E-001                  3.2774078931282177E+010                 -1.7746993555785440E-013                  5.5873812690471385E-016                 -9.8999999999999986E+001                  2.9171962537471008E+000                  3.1557568811069321E+000                  3.3062718789389227E+000 
                                     904                  3.4956416264846291E-001                 -6.0133845042523115E-001                  7.2915898587566010E+000                  1.4426277163237080E+000                  1.6846935392649488E+001                  6.5282138585220095E-001                  3.2694621676695235E-001                  2.0232397380846701E-002                  0.0000000000000000E+000                  3.3752238498422658E+008                  6.4815816588234678E+007                  1.4923726124793948E+001                  5.0417726409144215E+001                  2.2070483493359889E-038                  6.1959773504985982E-001                  3.3124742065816906E+010                 -1.8068538241091166E-013                  5.5401776772108092E-016                 -9.8999999999999986E+001                  2.9224780448286114E+000                  3.1610386721884427E+000                  3.3115536700204333E+000 
                                     905                  3.4020340089025897E-001                 -6.0579689818754057E-001                  7.2934084730624402E+000                  1.4454288374589872E+000                  1.6851573851849384E+001                  6.5282138585138150E-001                  3.2694621676778562E-001                  2.0232397380832934E-002                  0.0000000000000000E+000                  3.3760478700201225E+008                  6.4951842529147923E+007                  1.5575070201460049E+001                  5.4536334577246528E+001                  2.6960188425106454E-038                  6.1767066142512472E-001                  3.3485911861176781E+010                 -1.8367583028170875E-013                  5.4983475268862565E-016                 -9.8999999999999986E+001                  2.9278474550156246E+000                  3.1664080823754555E+000                  3.3169230802074461E+000 
                                     906                  3.3088186869228547E-001                 -6.1034752869152020E-001                  7.2952253578737825E+000                  1.4482276706820632E+000                  1.6856208346221958E+001                  6.5282138585055582E-001                  3.2694621676862579E-001                  2.0232397380818390E-002                  0.0000000000000000E+000                  3.3768764575825840E+008                  6.5088023455036454E+007                  1.6261931388038875E+001                  5.8981714843849417E+001                  3.2917449990333416E-038                  6.1573967291441922E-001                  3.3858143558659660E+010                 -1.8644081457399721E-013                  5.4466183914939399E-016                 -9.8999999999999986E+001                  2.9333081776323051E+000                  3.1718688049921364E+000                  3.3223838028241266E+000 
                                     907                  3.2160145179038996E-001                 -6.1499426697675330E-001                  7.2970405187219338E+000                  1.4510242256560548E+000                  1.6860838891329077E+001                  6.5282138584972371E-001                  3.2694621676947289E-001                  2.0232397380803402E-002                  0.0000000000000000E+000                  3.3777096277715272E+008                  6.5224359574948952E+007                  1.6986425740473440E+001                  6.3779021750535072E+001                  4.0171904564846691E-038                  6.1380411213593034E-001                  3.4242034241519806E+010                 -1.8897751095990508E-013                  5.3890145095557589E-016                 -9.8999999999999986E+001                  2.9388641408475720E+000                  3.1774247682074033E+000                  3.3279397660393939E+000 
                                     908                  3.1236409620589101E-001                 -6.1974129359597219E-001                  7.2988539605478691E+000                  1.4538185111416180E+000                  1.6865465501233928E+001                  6.5282138584888472E-001                  3.2694621677032731E-001                  2.0232397380787970E-002                  0.0000000000000000E+000                  3.3785473955807585E+008                  6.5360851055700809E+007                  1.7750793169613683E+001                  6.8955284645336675E+001                  4.9001837941956534E-038                  6.1186332653629183E-001                  3.4638226983063148E+010                 -1.9128129469749663E-013                  5.3436918329316177E-016                 -9.8999999999999986E+001                  2.9445195280690104E+000                  3.1830801554288417E+000                  3.3335951532608323E+000 
                                     909                  3.0317181115421826E-001                 -6.2459306728984254E-001                  7.3006656876579976E+000                  1.4566105261061451E+000                  1.6870088188385868E+001                  6.5282138584803906E-001                  3.2694621677118918E-001                  2.0232397380771761E-002                  0.0000000000000000E+000                  3.3793898352606487E+008                  6.5497498685621545E+007                  1.8557403752936995E+001                  7.4539541030323178E+001                  5.9744338877993291E-038                  6.0991667563376939E-001                  3.5047415867012543E+010                 -1.9334907109714738E-013                  5.3097982954833220E-016                 -9.8999999999999986E+001                  2.9502788028189788E+000                  3.1888394301788101E+000                  3.3393544280108007E+000 
                                     910                  2.9402667216689549E-001                 -6.2955435033548124E-001                  7.3024757037111740E+000                  1.4593998623600837E+000                  1.6874706963494404E+001                  6.5282138584718619E-001                  3.2694621677205882E-001                  2.0232397380754996E-002                  0.0000000000000000E+000                  3.3802397636818391E+008                  6.5634334007575773E+007                  1.9408746608239131E+001                  8.0562903038701563E+001                  7.2807385489869973E-038                  6.0796384816084403E-001                  3.5470367924427917E+010                 -1.9518012889205132E-013                  5.2588152436418827E-016                 -9.8999999999999986E+001                  2.9561468363249777E+000                  3.1947074636848085E+000                  3.3452224615167991E+000 
                                     911                  2.8493082444815387E-001                 -6.3463024156542014E-001                  7.3042840118222427E+000                  1.4621855992010033E+000                  1.6879321835590620E+001                  6.5282138584632643E-001                  3.2694621677293623E-001                  2.0232397380737344E-002                  0.0000000000000000E+000                  3.3811034620015126E+008                  6.5771427652693793E+007                  2.0307427991629382E+001                  8.7058658128672832E+001                  8.8684383275546329E-038                  6.0600501350831870E-001                  3.5907950042821342E+010                 -1.9677041478588183E-013                  5.1915413670560110E-016                 -9.8999999999999986E+001                  2.9621290664505464E+000                  3.2006896938103777E+000                  3.3512046916423683E+000 
                                     912                  2.7588648649015474E-001                 -6.3982621477557722E-001                  7.3060906147278146E+000                  1.4649668851564162E+000                  1.6883932812355972E+001                  6.5282138584545912E-001                  3.2694621677382152E-001                  2.0232397380719358E-002                  0.0000000000000000E+000                  3.3819867543294066E+008                  6.5908845468904398E+007                  2.1256201830536416E+001                  9.4062517709084403E+001                  1.0797192170644820E-037                  6.0404041132933872E-001                  3.6361116863893753E+010                 -1.9811388317303770E-013                  5.1253680813488278E-016                 -9.8999999999999986E+001                  2.9682314160109544E+000                  3.2067920433707853E+000                  3.3573070412027759E+000 
                                     913                  2.6689595397394122E-001                 -6.4514815481367560E-001                  7.3078955148975995E+000                  1.4677429791117484E+000                  1.6888539900451221E+001                  6.5282138584458460E-001                  3.2694621677471497E-001                  2.0232397380700373E-002                  0.0000000000000000E+000                  3.3828947292386395E+008                  6.6046645354111373E+007                  2.2257979635684830E+001                  1.0161279725257160E+002                  1.3139099293889189E-037                  6.0207031486928209E-001                  3.6830893366874977E+010                 -1.9920536001144234E-013                  5.0665814195813881E-016                 -9.8999999999999986E+001                  2.9744601732117832E+000                  3.2130208005716145E+000                  3.3635357984036052E+000 
                                     914                  2.5796160398677087E-001                 -6.5060239767031691E-001                  7.3096987146346253E+000                  1.4705132452506591E+000                  1.6893143105824283E+001                  6.5282138584370242E-001                  3.2694621677561675E-001                  2.0232397380680833E-002                  0.0000000000000000E+000                  3.3838317732062852E+008                  6.6184877575879060E+007                  2.3315838952174538E+001                  1.0975060152028216E+002                  1.5981252439988590E-037                  6.0009502839314510E-001                  3.7318381741315506E+010                 -2.0004078939180808E-013                  5.0081311960361483E-016                 -9.8999999999999986E+001                  2.9808220228756834E+000                  3.2193826502355147E+000                  3.3698976480675054E+000 
                                     915                  2.4908589959074434E-001                 -6.5619577577603161E-001                  7.3115002161681453E+000                  1.4732771480535867E+000                  1.6897742433997017E+001                  6.5282138584281280E-001                  3.2694621677652691E-001                  2.0232397380660294E-002                  0.0000000000000000E+000                  3.3848016028208339E+008                  6.6323585104303963E+007                  2.4433032219975161E+001                  1.1852002231248208E+002                  1.9428804349612445E-037                  5.9811488476189723E-001                  3.7824771331776062E+010                 -2.0061743076735277E-013                  4.9279116854289261E-016                 -9.8999999999999986E+001                  2.9873240944278185E+000                  3.2258847217876498E+000                  3.3763997196196405E+000 
                                     916                  2.4027139478247000E-001                 -6.6193566932811410E-001                  7.3133000217394741E+000                  1.4760342473515551E+000                  1.6902337890331594E+001                  6.5282138584191529E-001                  3.2694621677744545E-001                  2.0232397380639311E-002                  0.0000000000000000E+000                  3.3858072974810517E+008                  6.6462803929558165E+007                  2.5612996102032930E+001                  1.2796835010703441E+002                  2.3608650685507821E-037                  5.9613024315477781E-001                  3.8351350008758713E+010                 -2.0092910361221256E-013                  4.8363533137775884E-016                 -9.8999999999999986E+001                  2.9939740158730217E+000                  3.2325346432328526E+000                  3.3830496410648432E+000 
                                     917                  2.3152073988947733E-001                 -6.6783006462703942E-001                  7.3150981336812002E+000                  1.4787841934350663E+000                  1.6906929480276684E+001                  6.5282138584101024E-001                  3.2694621677837271E-001                  2.0232397380617106E-002                  0.0000000000000000E+000                  3.3868513322555006E+008                  6.6602563375282772E+007                  2.6859361341729514E+001                  1.3814630109772449E+002                  2.8673857788263138E-037                  5.9414148693460234E-001                  3.8899517218516975E+010                 -2.0096659710520322E-013                  4.7728376483034585E-016                 -9.8999999999999986E+001                  3.0007799746897335E+000                  3.2393406020495643E+000                  3.3898555998815549E+000 
                                     918                  2.2283668745477028E-001                 -6.7388762059416196E-001                  7.3168945544899273E+000                  1.4815267222206387E+000                  1.6911517209594152E+001                  6.5282138584009719E-001                  3.2694621677930868E-001                  2.0232397380594125E-002                  0.0000000000000000E+000                  3.3879356099000669E+008                  6.6742886413743585E+007                  2.8175963086570249E+001                  1.4910825920311481E+002                  3.4808969304376983E-037                  5.9214902165387262E-001                  3.9470799017467361E+010                 -2.0072441664330836E-013                  4.7380841502483106E-016                 -9.8999999999999986E+001                  3.0077507868701630E+000                  3.2463114142299938E+000                  3.3968264120619844E+000 
                                     919                  2.1422209866930642E-001                 -6.8011774487705223E-001                  7.3186892868913231E+000                  1.4842616504667370E+000                  1.6916101084566137E+001                  6.5282138583917637E-001                  3.2694621678025326E-001                  2.0232397380570366E-002                  0.0000000000000000E+000                  3.3890614891286612E+008                  6.6883790029297613E+007                  2.9566851831578170E+001                  1.6091253604495327E+002                  4.2236382653617925E-037                  5.9015327319781552E-001                  4.0066865463617363E+010                 -2.0020238132000633E-013                  4.6785361276421303E-016                 -9.8999999999999986E+001                  3.0148959756851657E+000                  3.2534566030449970E+000                  3.4039716008769876E+000 
                                     920                  2.0567995042364676E-001                 -6.8653068123788996E-001                  7.3204823338984104E+000                  1.4869888710446368E+000                  1.6920681112182134E+001                  6.5282138583824756E-001                  3.2694621678120683E-001                  2.0232397380545608E-002                  0.0000000000000000E+000                  3.3902298187192333E+008                  6.7025285490971506E+007                  3.1036304913666854E+001                  1.7362164845390114E+002                  5.1223992083476857E-037                  5.8815468606091614E-001                  4.0689550820152878E+010                 -1.9939802717657713E-013                  4.5624961229602901E-016                 -9.8999999999999986E+001                  3.0222258615645465E+000                  3.2607864889243778E+000                  3.4113014867563685E+000 
                                     921                  1.9721334305912189E-001                 -6.9313761028266319E-001                  7.3222736988651071E+000                  1.4897083482630520E+000                  1.6925257300306658E+001                  6.5282138583731097E-001                  3.2694621678216934E-001                  2.0232397380519629E-002                  0.0000000000000000E+000                  3.3914409717430031E+008                  6.7167378624785766E+007                  3.2588838642009996E+001                  1.8730261546144652E+002                  6.2094351179785283E-037                  5.8615372174920977E-001                  4.1340877130796516E+010                 -1.9830253595853103E-013                  4.4210613941620694E-016                 -9.8999999999999986E+001                  3.0297516649988481E+000                  3.2683122923586789E+000                  3.4188272901906696E+000 
                                     922                  1.8882550891225458E-001                 -6.9995076604059159E-001                  7.3240633855311312E+000                  1.4924201132499084E+000                  1.6929829657827177E+001                  6.5282138583636651E-001                  3.2694621678314068E-001                  2.0232397380492761E-002                  0.0000000000000000E+000                  3.3926948682536972E+008                  6.7310070237518087E+007                  3.4229221140512259E+001                  2.0202727675478570E+002                  7.5235667741618681E-037                  5.8415085731092564E-001                  4.2023081859363258E+010                 -1.9690706586084514E-013                  4.2850257785848654E-016                 -9.8999999999999986E+001                  3.0374856257608926E+000                  3.2760462531207240E+000                  3.4265612509527146E+000 
                                     923                  1.8051982176268339E-001                 -7.0698357147165836E-001                  7.3258513980584539E+000                  1.4951242593722123E+000                  1.6934398194782382E+001                  6.5282138583541438E-001                  3.2694621678412100E-001                  2.0232397380464562E-002                  0.0000000000000000E+000                  3.3939910099473065E+008                  6.7453356369626731E+007                  3.5962485823713990E+001                  2.1787263200148956E+002                  9.1114956501483694E-037                  5.8214658398441976E-001                  4.2738650456265282E+010                 -1.9520204617094221E-013                  4.1922285254598913E-016                 -9.8999999999999986E+001                  3.0454411409613273E+000                  3.2840017683211582E+000                  3.4345167661531488E+000 
                                     924                  1.7229980731436018E-001                 -7.1425079670122649E-001                  7.3276377410623095E+000                  1.4978209377216789E+000                  1.6938962922470392E+001                  6.5282138583445426E-001                  3.2694621678511016E-001                  2.0232397380435585E-002                  0.0000000000000000E+000                  3.3953285092784321E+008                  6.7597228604182601E+007                  3.7793945734224195E+001                  2.3492120554081501E+002                  1.1029382313916569E-036                  5.8014140596182373E-001                  4.3490354931614250E+010                 -1.9318356175931055E-013                  4.1239096688368487E-016                 -9.8999999999999986E+001                  3.0536329254394712E+000                  3.2921935527993025E+000                  3.4427085506312931E+000 
                                     925                  1.6416915486360595E-001                 -7.2176874470093910E-001                  7.3294224196383420E+000                  1.5005103526521786E+000                  1.6943523853536060E+001                  6.5282138583348659E-001                  3.2694621678610825E-001                  2.0232397380405165E-002                  0.0000000000000000E+000                  3.3967061254205066E+008                  6.7741674272272035E+007                  3.9729208601433882E+001                  2.5326143488291748E+002                  1.3344733858653494E-036                  5.7813583925599932E-001                  4.4281299797058701E+010                 -1.9085402812528393E-013                  3.9984377789022574E-016                 -9.8999999999999986E+001                  3.0620771994247731E+000                  3.3006378267846044E+000                  3.4511528246165950E+000 
                                     926                  1.5613173033674485E-001                 -7.2955547031983614E-001                  7.3312054393763555E+000                  1.5031927573634396E+000                  1.6948081002036833E+001                  6.5282138583251126E-001                  3.2694621678711488E-001                  2.0232397380373857E-002                  0.0000000000000000E+000                  3.3981222751312000E+008                  6.7886677050379261E+007                  4.1774192823027974E+001                  2.7298808726835671E+002                  1.6138665393679208E-036                  5.7613041067863247E-001                  4.5114977109752556E+010                 -1.8820121037549165E-013                  3.8813642146634992E-016                 -9.8999999999999986E+001                  3.0707919104631638E+000                  3.3093525378229951E+000                  3.4598675356549857E+000 
                                     927                  1.4819159091592024E-001                 -7.3763104010709013E-001                  7.3329868063651382E+000                  1.5058684495286614E+000                  1.6952634383485538E+001                  6.5282138583152827E-001                  3.2694621678813041E-001                  2.0232397380341327E-002                  0.0000000000000000E+000                  3.3995750787582445E+008                  6.8032216995565861E+007                  4.3935144345858902E+001                  2.9420270477622228E+002                  1.9508606872125791E-036                  5.7412565691553019E-001                  4.5995332838874939E+010                 -1.8521246771535496E-013                  3.8434781671871760E-016                 -9.8999999999999986E+001                  3.0797969955447937E+000                  3.3183576229046245E+000                  3.4688726207366156E+000 
                                     928                  1.4035300151637714E-001                 -7.4601784238007818E-001                  7.3347665271935849E+000                  1.5085377669812798E+000                  1.6957184014868101E+001                  6.5282138583053828E-001                  3.2694621678915436E-001                  2.0232397380307354E-002                  0.0000000000000000E+000                  3.4010623864375216E+008                  6.8178270900545463E+007                  4.6218654494042120E+001                  3.1701407956996957E+002                  2.3571539437359684E-036                  5.7212212368854831E-001                  4.6926847423126976E+010                 -1.8189192261003082E-013                  3.7896053729641921E-016                 -9.8999999999999986E+001                  3.0891146926990340E+000                  3.3276753200588653E+000                  3.4781903178908555E+000 
                                     929                  1.3262045343432630E-001                 -7.5474095965069388E-001                  7.3365446089409101E+000                  1.5112010834646012E+000                  1.6961729914633636E+001                  6.5282138582954141E-001                  3.2694621679018671E-001                  2.0232397380271827E-002                  0.0000000000000000E+000                  3.4025818095412278E+008                  6.8324812535658091E+007                  4.8631678928148226E+001                  3.4153876355144445E+002                  2.8467873061265841E-036                  5.7012036501137808E-001                  4.7914634260233795E+010                 -1.7823451108526679E-013                  3.7187214810244422E-016                 -9.8999999999999986E+001                  3.0987699155879636E+000                  3.3373305429477944E+000                  3.4878455407797850E+000 
                                     930                  1.2499868555497279E-001                 -7.6382861907306088E-001                  7.3383210591473613E+000                  1.5138588043891099E+000                  1.6966272102653082E+001                  6.5282138582853777E-001                  3.2694621679122704E-001                  2.0232397380235190E-002                  0.0000000000000000E+000                  3.4041307220515817E+008                  6.8471813335544363E+007                  5.1181557559050603E+001                  3.6790161034234694E+002                  3.4366075586472721E-036                  5.6812094278839176E-001                  4.8964561060071838E+010                 -1.7422357987386927E-013                  3.7486757167700687E-016                 -9.8999999999999986E+001                  3.1087907071703542E+000                  3.3473513345301851E+000                  3.4978663323621757E+000 
                                     931                  1.1749270860055631E-001                 -7.7331274136795636E-001                  7.3400958857728531E+000                  1.5165113626539171E+000                  1.6970810600140599E+001                  6.5282138582752758E-001                  3.2694621679227520E-001                  2.0232397380197220E-002                  0.0000000000000000E+000                  3.4057063158223695E+008                  6.8619242272797942E+007                  5.3876035792177248E+001                  3.9623635728906493E+002                  4.1468220104593436E-036                  5.6612443540137347E-001                  5.0083400622224426E+010                 -1.6986482916159439E-013                  3.7775929056288379E-016                 -9.8999999999999986E+001                  3.1192087906196977E+000                  3.3577694179795285E+000                  3.5082844158115192E+000 
                                     932                  1.1010783301296476E-001                 -7.8322961522284440E-001                  7.3418690971486260E+000                  1.5191592145015027E+000                  1.6975345429530837E+001                  6.5282138582651150E-001                  3.2694621679333058E-001                  2.0232397380157918E-002                  0.0000000000000000E+000                  3.4073056379524636E+008                  6.8767066060002938E+007                  5.6723286844748174E+001                  4.2668624385027482E+002                  5.0016604850002782E-036                  5.6413144003030447E-001                  5.1279019870902382E+010                 -1.6517668138685890E-013                  3.5811876464059257E-016                 -9.8999999999999986E+001                  3.1300602442017391E+000                  3.3686208715615700E+000                  3.5191358693935606E+000 
                                     933                  1.0284970121527924E-001                 -7.9362073321864735E-001                  7.3436407019001813E+000                  1.5218028354268582E+000                  1.6979876614300217E+001                  6.5282138582548999E-001                  3.2694621679439306E-001                  2.0232397380116951E-002                  0.0000000000000000E+000                  3.4089255850163019E+008                  6.8915249844233111E+007                  5.9731935505444042E+001                  4.5940467446673000E+002                  6.0301680188328546E-036                  5.6214256110903604E-001                  5.2560619190918030E+010                 -1.6014606901784009E-013                  3.2560371256014170E-016                 -9.8999999999999986E+001                  3.1413863402921827E+000                  3.3799469676520135E+000                  3.5304619654840041E+000 
                                     934                  9.5724325194064569E-002                 -8.0453383802783274E-001                  7.3454107088307010E+000                  1.5244427160444087E+000                  1.6984404178718425E+001                  6.5282138582446336E-001                  3.2694621679546204E-001                  2.0232397380074651E-002                  0.0000000000000000E+000                  3.4105629352309036E+008                  6.9063757513691932E+007                  6.2911083088819176E+001                  4.9455592283483213E+002                  7.2671513360054179E-036                  5.6015840859984800E-001                  5.3939038710514580E+010                 -1.5474753174437876E-013                  3.0299848054405165E-016                 -9.8999999999999986E+001                  3.1532345949640566E+000                  3.3917952223238879E+000                  3.5423102201558785E+000 
                                     935                  8.8738130605982554E-002                 -8.1602424570601295E-001                  7.3471791267742335E+000                  1.5270793580189808E+000                  1.6988928147505227E+001                  6.5282138582343263E-001                  3.2694621679653663E-001                  2.0232397380030687E-002                  0.0000000000000000E+000                  3.4122143940687990E+008                  6.9212551619353235E+007                  6.6270333874650845E+001                  5.3231588403833837E+002                  8.7543107422089354E-036                  5.5817959704436371E-001                  5.5427154865558517E+010                 -1.4898067912216095E-013                  2.8891910385634183E-016                 -9.8999999999999986E+001                  3.1656600922355085E+000                  3.4042207195953398E+000                  3.5547357174273304E+000 
                                     936                  8.1898008964935362E-002                 -8.2815653906272191E-001                  7.3489459644137467E+000                  1.5297132699611227E+000                  1.6993448545361325E+001                  6.5282138582239801E-001                  3.2694621679761632E-001                  2.0232397379985612E-002                  0.0000000000000000E+000                  3.4138766285923785E+008                  6.9361593514796436E+007                  6.9819822957815475E+001                  5.7287287479975737E+002                  1.0541592855240220E-035                  5.5620674464101172E-001                  5.7040400500097755E+010                 -1.4285168777819732E-013                  2.7651673889520006E-016                 -9.8999999999999986E+001                  3.1787271779359729E+000                  3.4172878052958038E+000                  3.5678028031277944E+000 
                                     937                  7.5211379948387724E-002                 -8.4100676267228991E-001                  7.3507112300091668E+000                  1.5323449632981163E+000                  1.6997965396319795E+001                  6.5282138582136096E-001                  3.2694621679870012E-001                  2.0232397379938982E-002                  0.0000000000000000E+000                  3.4155462441615492E+008                  6.9510844401336655E+007                  7.3570245453573932E+001                  6.1642848289260394E+002                  1.2688806225046422E-035                  5.5424046877791466E-001                  5.8797456750126511E+010                 -1.3636022489647453E-013                  2.6679700325267730E-016                 -9.8999999999999986E+001                  3.1925116588310924E+000                  3.4310722861909237E+000                  3.5815872840229144E+000 
                                     938                  6.8686266531918616E-002                 -8.5466530910363647E-001                  7.3524749310125461E+000                  1.5349749479868215E+000                  1.7002478722842625E+001                  6.5282138582032234E-001                  3.2694621679978697E-001                  2.0232397379890688E-002                  0.0000000000000000E+000                  3.4172198449674261E+008                  6.9660265082135469E+007                  7.7532887100174861E+001                  6.6319846899381707E+002                  1.5267553719087143E-035                  5.5228124847027271E-001                  6.0721188092881973E+010                 -1.2951063163852185E-013                  2.5772655306937651E-016                 -9.8999999999999986E+001                  3.2071036917562759E+000                  3.4456643191161072E+000                  3.5961793169480978E+000 
                                     939                  6.2331386609788306E-002                 -8.6924077518848297E-001                  7.3542370735425022E+000                  1.5376037281435320E+000                  1.7006988544538054E+001                  6.5282138581928328E-001                  3.2694621680087571E-001                  2.0232397379841061E-002                  0.0000000000000000E+000                  3.4188940564596796E+008                  6.9809816210772753E+007                  8.1719655939680734E+001                  7.1341371677021380E+002                  1.8363537900764720E-035                  5.5032937905906198E-001                  6.2839928503675865E+010                 -1.2231053916647875E-013                  2.4597651226229480E-016                 -9.8999999999999986E+001                  3.2226116405078824E+000                  3.4611722678677133E+000                  3.6116872656997039E+000 
                                     940                  5.6156266128975306E-002                 -8.8486520787045531E-001                  7.3559976616336797E+000                  1.5402317973719559E+000                  1.7011494876299611E+001                  6.5282138581824523E-001                  3.2694621680196484E-001                  2.0232397379789990E-002                  0.0000000000000000E+000                  3.4205655819665575E+008                  6.9959458069650754E+007                  8.6143115083792580E+001                  7.6732123552626479E+002                  2.2079319653635409E-035                  5.4838513712401671E-001                  6.5189286024575691E+010                 -1.1476743818068112E-013                  2.3081728893849291E-016                 -9.8999999999999986E+001                  3.2391673226186879E+000                  3.4777279499785192E+000                  3.6282429478105098E+000 
                                     941                  5.0171380785822284E-002                 -9.0170138743643946E-001                  7.3577566961009726E+000                  1.5428596336195539E+000                  1.7015997725556019E+001                  6.5282138581721005E-001                  3.2694621680305253E-001                  2.0232397379737366E-002                  0.0000000000000000E+000                  3.4222311340340602E+008                  7.0109152131547928E+007                  9.0816515480308837E+001                  8.2518519920273093E+002                  2.6537605763209092E-035                  5.4644879155642656E-001                  6.7814732352685455E+010                 -1.0688987679658014E-013                  2.1349832741186974E-016                 -9.8999999999999986E+001                  3.2569332981081764E+000                  3.4954939254680073E+000                  3.6460089232999979E+000 
                                     942                  4.4388336344123626E-002                 -9.1995317834066770E-001                  7.3595141727917532E+000                  1.5454876931579089E+000                  1.7020497088000059E+001                  6.5282138581617943E-001                  3.2694621680413677E-001                  2.0232397379683853E-002                  0.0000000000000000E+000                  3.4238875456799847E+008                  7.0258859847034186E+007                  9.5753828079274655E+001                  8.8728801844101440E+002                  3.1885181383229872E-035                  5.4452060358028231E-001                  7.0775415926869446E+010                 -9.8691285398579150E-014                  1.9414400925471410E-016                 -9.8999999999999986E+001                  3.2761132231786223E+000                  3.5146738505384536E+000                  3.6651888483704442E+000 
                                     943                  3.8820102683169662E-002                 -9.3988064089947687E-001                  7.3612700798142585E+000                  1.5481164032038561E+000                  1.7024992940762047E+001                  6.5282138581511351E-001                  3.2694621680525987E-001                  2.0232397379626565E-002                  0.0000000000000000E+000                  3.4255317502112192E+008                  7.0408543442929730E+007                  1.0096977256307535E+002                  9.5393140451371141E+002                  3.8297588447045420E-035                  5.4260082801924170E-001                  7.1350086983882736E+010                 -9.0189112610843979E-014                  1.7354988951276154E-016                 -9.8999999999999986E+001                  3.2969669637527663E+000                  3.5355275911125972E+000                  3.6860425889445878E+000 
                                     944                  3.3481323931581389E-002                 -9.6182280132336950E-001                  7.3630243929698445E+000                  1.5507461520111872E+000                  1.7029485231131122E+001                  6.5282138581400162E-001                  3.2694621680643310E-001                  2.0232397379565281E-002                  0.0000000000000000E+000                  3.4271608489441490E+008                  7.0558164988277823E+007                  1.0647983984466082E+002                  1.0254373818731738E+003                  4.5984708650654889E-035                  5.4068971661687748E-001                  7.1287237518231491E+010                 -8.1393362718064181E-014                  1.6587254484926143E-016                 -9.8999999999999986E+001                  3.3198333700210871E+000                  3.5583939973809180E+000                  3.7089089952129086E+000 
                                     945                  2.8388740332894589E-002                 -9.8623326737765382E-001                  7.3645672119383931E+000                  1.5530635462862121E+000                  1.7033437899843619E+001                  6.5282138581297866E-001                  3.2694621680751407E-001                  2.0232397379507328E-002                  0.0000000000000000E+000                  3.4285794208059341E+008                  7.0689783644257382E+007                  1.1158657372385649E+002                  1.0926778736114045E+003                  5.4004399154515178E-035                  5.3901529852119034E-001                  7.1223829156648499E+010                 -7.2334329413011588E-014                  1.7236800958370641E-016                 -9.8999999999999986E+001                  3.3451660125881335E+000                  3.5837266399479644E+000                  3.7342416377799550E+000 
                                     946                  2.4751604096864506E-002                 -1.0064735672347069E+000                  7.3660861030784295E+000                  1.5553449891801052E+000                  1.7037326529539708E+001                  6.5282138581193483E-001                  3.2694621680861852E-001                  2.0232397379446709E-002                  0.0000000000000000E+000                  3.4299632100869423E+008                  7.0819370528238267E+007                  1.1686402644880377E+002                  1.1631093594749907E+003                  6.3257455597610097E-035                  5.3737155976030415E-001                  7.1176161506899490E+010                 -6.5426138257377451E-014                  1.6761203187102227E-016                 -9.8999999999999986E+001                  3.3660942302837227E+000                  3.6046548576435540E+000                  3.7551698554755446E+000 
                                     947                  2.0139600747151223E-002                 -1.0368508636150571E+000                  7.3678350139019182E+000                  1.5579780398390588E+000                  1.7041806484002375E+001                  6.5282138581067106E-001                  3.2694621680995734E-001                  2.0232397379371658E-002                  0.0000000000000000E+000                  3.4315363129020494E+008                  7.0968569088419706E+007                  1.2326561904494646E+002                  1.2497716668611934E+003                  7.5884118887435872E-035                  5.3548636595407062E-001                  7.1112009048821823E+010                 -5.6085024799917602E-014                  1.3251490420016361E-016                 -9.8999999999999986E+001                  3.3973891337322017E+000                  3.6359497610920331E+000                  3.7864647589240237E+000 
                                     948                  1.5836760298259176E-002                 -1.0721733321736899E+000                  7.3695816067703435E+000                  1.5606124023684991E+000                  1.7046281090968982E+001                  6.5282138580933891E-001                  3.2694621681137109E-001                  2.0232397379289946E-002                  0.0000000000000000E+000                  3.4330844948838812E+008                  7.1117529659090668E+007                  1.3002440472212822E+002                  1.3426699595123059E+003                  9.0999623578602531E-035                  5.3361128342690889E-001                  7.1047118585102798E+010                 -4.6638757060061888E-014                  1.0375442829282527E-016                 -9.8999999999999986E+001                  3.4336269027105408E+000                  3.6721875300703717E+000                  3.8227025279023623E+000 
                                     949                  1.1876045248094996E-002                 -1.1143672943861784E+000                  7.3713252142161059E+000                  1.5632473694864837E+000                  1.7050748684084631E+001                  6.5282138580792703E-001                  3.2694621681287173E-001                  2.0232397379201239E-002                  0.0000000000000000E+000                  3.4346052665234363E+008                  7.1266171864190623E+007                  1.3715716603119887E+002                  1.4421981562949757E+003                  1.0908243634720938E-034                  5.3174715105999670E-001                  7.0981524214733124E+010                 -3.7163851627939115E-014                  9.7582271780562809E-017                 -9.8999999999999986E+001                  3.4767338537697201E+000                  3.7152944811295510E+000                  3.8658094789615420E+000 
                                     950                  8.3001612395179405E-003                 -1.1667604183984088E+000                  7.3730643094694708E+000                  1.5658809162686231E+000                  1.7055205428303999E+001                  6.5282138580641991E-001                  3.2694621681447622E-001                  2.0232397379103872E-002                  0.0000000000000000E+000                  3.4360957514550436E+008                  7.1414344930487588E+007                  1.4467729908731201E+002                  1.5487132482164070E+003                  1.3068792281249884E-034                  5.2989569342826148E-001                  7.0915141805483582E+010                 -2.7807106463897917E-014                  9.6853293610098671E-017                 -9.8999999999999986E+001                  3.5300380567144733E+000                  3.7685986840743042E+000                  3.9191136819062948E+000 
                                     951                  5.1680231222649333E-003                 -1.2358833521769144E+000                  7.3747945547591138E+000                  1.5685067713272824E+000                  1.7059640368600743E+001                  6.5282138580479387E-001                  3.2694621681621006E-001                  2.0232397378996070E-002                  0.0000000000000000E+000                  3.4375511127103019E+008                  7.1561662624972776E+007                  1.5258455030022159E+002                  1.6623828391970103E+003                  1.5642070196061055E-034                  5.2806157783707819E-001                  7.0847829790633301E+010                 -1.8781353738477419E-014                  8.0487323699667399E-017                 -9.8999999999999986E+001                  3.6000713410703158E+000                  3.8386319684301466E+000                  3.9891469662621373E+000 
                                     952                  2.5698168458671727E-003                 -1.3375718006915882E+000                  7.3762165182581265E+000                  1.5706714540306781E+000                  1.7063288082850285E+001                  6.5282138580330773E-001                  3.2694621681779767E-001                  2.0232397378894595E-002                  0.0000000000000000E+000                  3.4387248603226209E+008                  7.1682646713664860E+007                  1.5941854991666577E+002                  1.7619423269666008E+003                  1.8131719903573662E-034                  5.2656079471618078E-001                  7.0779074651354111E+010                 -1.0396929529012524E-014                  5.1599407844222684E-017                 -9.8999999999999986E+001                  3.7026737759545578E+000                  3.9412344033143887E+000                  4.0917494011463793E+000 
                                     953                  1.4180948997978974E-003                 -1.4239351995012355E+000                  7.3770669190353475E+000                  1.5719664611777286E+000                  1.7065468393766874E+001                  6.5282138580234250E-001                  3.2694621681882968E-001                  2.0232397378827871E-002                  0.0000000000000000E+000                  3.4394180803108281E+008                  7.1754961288522825E+007                  1.6365570041203307E+002                  1.8242656783793936E+003                  1.9805920066735786E-034                  5.2566546884980758E-001                  7.0741145302458023E+010                 -6.2239296067535867E-015                  3.7606306496657048E-017                 -9.8999999999999986E+001                  3.7895356518476078E+000                  4.0280962792074382E+000                  4.1786112770394288E+000 
                                     954                  7.2404911970243107E-004                 -1.5214702684587835E+000                  7.3776656888245888E+000                  1.5728790563538262E+000                  1.7067003598289578E+001                  6.5282138580160121E-001                  3.2694621681962266E-001                  2.0232397378776135E-002                  0.0000000000000000E+000                  3.4399019482995427E+008                  7.1805859966112599E+007                  1.6670880785620352E+002                  1.8694477673831825E+003                  2.1076624362855056E-034                  5.2503620954580454E-001                  7.0712842609737900E+010                 -3.4577037761183337E-015                  2.9890573319868888E-017                 -9.8999999999999986E+001                  3.8874406555246708E+000                  4.1260012828845012E+000                  4.2765162807164927E+000 
                                     955                  3.7702622965469807E-004                 -1.6160742862862589E+000                  7.3780372687038689E+000                  1.5734455917008134E+000                  1.7067956201601540E+001                  6.5282138580110305E-001                  3.2694621682015601E-001                  2.0232397378740941E-002                  0.0000000000000000E+000                  3.4402005259183341E+008                  7.1837438310915187E+007                  1.6863297433299823E+002                  1.8980393534696332E+003                  2.1905843583753500E-034                  5.2464615435655637E-001                  7.0695171891859100E+010                 -1.9453954205450430E-015                  2.2224706272699643E-017                 -9.8999999999999986E+001                  3.9822746091285435E+000                  4.2208352364883748E+000                  4.3713502343203654E+000 
                                     956                  2.0351478463083152E-004                 -1.7054181668066959E+000                  7.3782652415696264E+000                  1.5737932507684020E+000                  1.7068540606117825E+001                  6.5282138580077409E-001                  3.2694621682050817E-001                  2.0232397378717737E-002                  0.0000000000000000E+000                  3.4403830589470655E+008                  7.1856809422440886E+007                  1.6982481884607284E+002                  1.9157938624653248E+003                  2.2430652620225816E-034                  5.2440701529113287E-001                  7.0684254922210022E+010                 -1.1329179979382419E-015                  9.8660132535431624E-018                 -9.8999999999999986E+001                  4.0717601953667373E+000                  4.3103208227265686E+000                  4.4608358205585592E+000 
                                     957                  1.1675906211889824E-004                 -1.7859049527500186E+000                  7.3784023442278359E+000                  1.5740023599175377E+000                  1.7068892051176299E+001                  6.5282138580056304E-001                  3.2694621682073405E-001                  2.0232397378702860E-002                  0.0000000000000000E+000                  3.4404925959950006E+008                  7.1868458107379839E+007                  1.7054577225711714E+002                  1.9265501340854021E+003                  2.2752307474792531E-034                  5.2426325897110171E-001                  7.0677622661424789E+010                 -7.0052479514797829E-016                 -1.1547901393173440E-018                 -9.8999999999999986E+001                  4.1523329416965700E+000                  4.3908935690564004E+000                  4.5414085668883910E+000 
                                     958                  7.3381200862931588E-005                 -1.8531706434057962E+000                  7.3784823472905048E+000                  1.5741243897964299E+000                  1.7069097123085097E+001                  6.5282138580043325E-001                  3.2694621682087316E-001                  2.0232397378693534E-002                  0.0000000000000000E+000                  3.4405564312896788E+008                  7.1875255049311414E+007                  1.7096792485664179E+002                  1.9328541847943702E+003                  2.2942128477455074E-034                  5.2417939463452623E-001                  7.0673696171762054E+010                 -4.6724634922244368E-016                 -3.6504677649222861E-018                 -9.8999999999999986E+001                  4.2196494782968603E+000                  4.4582101056566916E+000                  4.6087251034886823E+000 
                                     959                  5.1692270234781742E-005                 -1.9039076761201654E+000                  7.3785422772703670E+000                  1.5742158022213664E+000                  1.7069250734856183E+001                  6.5282138580033211E-001                  3.2694621682098157E-001                  2.0232397378686318E-002                  0.0000000000000000E+000                  3.4406042120213270E+008                  7.1880346429169014E+007                  1.7128486163333349E+002                  1.9375898214613712E+003                  2.3085358870665475E-034                  5.2411658147466633E-001                  7.0671450206358322E+010                 -3.4012285097064046E-016                 -2.6391419117579518E-019                 -9.8999999999999986E+001                  4.2704155826735466E+000                  4.5089762100333779E+000                  4.6594912078653685E+000 
                                     960                  3.0003339606793219E-005                 -1.9826799526836103E+000                  7.3786030345978340E+000                  1.5743084866823844E+000                  1.7069406471067651E+001                  6.5282138580022286E-001                  3.2694621682109848E-001                  2.0232397378678657E-002                  0.0000000000000000E+000                  3.4406526147770476E+008                  7.1885507937675357E+007                  1.7160679451949272E+002                  1.9424025373832185E+003                  2.3231480028053976E-034                  5.2405291170434409E-001                  7.0668836586066284E+010                 -2.0747747029130987E-016                  2.3091450881046808E-018                 -9.8999999999999986E+001                  4.3492216745608951E+000                  4.5877823019207256E+000                  4.7382972997527162E+000 
                                     961                  1.5001669798736337E-005                 -2.0830407067606322E+000                  7.3786499747492655E+000                  1.5743800989948755E+000                  1.7069526791847899E+001                  6.5282138580013171E-001                  3.2694621682119618E-001                  2.0232397378672107E-002                  0.0000000000000000E+000                  3.4406899847370297E+008                  7.1889495526152134E+007                  1.7185594301211214E+002                  1.9461288464507813E+003                  2.3345004282944267E-034                  5.2400372842081622E-001                  7.0666608479833633E+010                 -1.0966299316732715E-016                  3.7371390176536657E-018                 -9.8999999999999986E+001                  4.4496112389682700E+000                  4.6881718663281013E+000                  4.8386868641600920E+000 
                                     962                  7.5008349005365727E-006                 -2.1833950108784408E+000                  7.3786795417418940E+000                  1.5744252079771908E+000                  1.7069602579737168E+001                  6.5282138580006965E-001                  3.2694621682126257E-001                  2.0232397378667777E-002                  0.0000000000000000E+000                  3.4407135126755220E+008                  7.1892007207990468E+007                  1.7201306979832850E+002                  1.9484796168215735E+003                  2.3416796376238203E-034                  5.2397275131728860E-001                  7.0665204636775970E+010                 -5.6735368805380470E-017                  4.5412204182449042E-018                 -9.8999999999999986E+001                  4.5499836885159537E+000                  4.7885443158757850E+000                  4.9390593137077756E+000 
                                     963                  3.7504174516032217E-006                 -2.2837452503902269E+000                  7.3786981664106319E+000                  1.5744536232882307E+000                  1.7069650319363443E+001                  6.5282138580002746E-001                  3.2694621682130781E-001                  2.0232397378664668E-002                  0.0000000000000000E+000                  3.4407283290187716E+008                  7.1893589332260624E+007                  1.7211212219882725E+002                  1.9499618373033570E+003                  2.3462132552137687E-034                  5.2395323951429273E-001                  7.0664320222000854E+010                 -2.9242439700057297E-017                  3.8613803621700089E-018                 -9.8999999999999986E+001                  4.6503453573071534E+000                  4.8889059846669847E+000                  5.0394209824989753E+000 
                                     964                  1.8752087269700142E-006                 -2.3840929255690293E+000                  7.3787098986724562E+000                  1.5744715231892341E+000                  1.7069680391952442E+001                  6.5282138579999871E-001                  3.2694621682133862E-001                  2.0232397378662670E-002                  0.0000000000000000E+000                  3.4407376605205810E+008                  7.1894585955176517E+007                  1.7217454857912546E+002                  1.9508961049812649E+003                  2.3490736287537877E-034                  5.2394094886111564E-001                  7.0663763056171021E+010                 -1.4708233261292956E-017                  3.1731029739658362E-018                 -9.8999999999999986E+001                  4.7507002318391516E+000                  4.9892608591989820E+000                  5.1397758570309726E+000 
                                     965                  9.3760436448687685E-007                 -2.4844389773514854E+000                  7.3787172893171977E+000                  1.5744827991712171E+000                  1.7069699335901639E+001                  6.5282138579997917E-001                  3.2694621682135960E-001                  2.0232397378661227E-002                  0.0000000000000000E+000                  3.4407435381781280E+008                  7.1895213766038880E+007                  1.7221388555325336E+002                  1.9514848659955646E+003                  2.3508772886546673E-034                  5.2393320663769594E-001                  7.0663412056018906E+010                 -8.0947869472942674E-018                  1.5631151695197805E-018                 -9.8999999999999986E+001                  4.8510508186725625E+000                  5.0896114460323938E+000                  5.2401264438643844E+000 
                                     966                  4.6880218341184165E-007                 -2.5847839902847340E+000                  7.3787219450441190E+000                  1.5744899024941506E+000                  1.7069711269602923E+001                  6.5282138579996407E-001                  3.2694621682137581E-001                  2.0232397378660116E-002                  0.0000000000000000E+000                  3.4407472406044495E+008                  7.1895609252627194E+007                  1.7223867056609714E+002                  1.9518558451639499E+003                  2.3520142129205564E-034                  5.2392832950397650E-001                  7.0663190936779556E+010                 -5.9614252463857360E-018                 -7.4539077456897398E-019                 -9.8999999999999986E+001                  4.9513986884016647E+000                  5.1899593157614961E+000                  5.3404743135934867E+000 
                                     967                  2.3440109252244344E-007                 -2.6851283166935573E+000                  7.3787258555566577E+000                  1.5744958688333039E+000                  1.7069721293121884E+001                  6.5282138579995208E-001                  3.2694621682138864E-001                  2.0232397378659339E-002                  0.0000000000000000E+000                  3.4407503502205366E+008                  7.1895941435881853E+007                  1.7225949122909731E+002                  1.9521674975541600E+003                  2.3529695812801063E-034                  5.2392423306134694E-001                  7.0663051640144012E+010                 -5.9664308946618968E-018                 -3.1494643754338264E-018                 -9.8999999999999986E+001                  5.0517448144363009E+000                  5.2903054417961322E+000                  5.4408204396281228E+000 
