                                       1                                        2                                        3                                        4                                        5                                        6                                        7                                        8                                        9                                       10                                       11                                       12                                       13                                       14                                       15                                       16                                       17                                       18                                       19                                       20                                       21                                       22                                       23                                       24                                       25                                       26                                       27                                       28                                       29                                       30                                       31                                       32                                       33                                       34                                       35                                       36                                       37                                       38                                       39                                       40                                       41                                       42                                       43                                       44                                       45                                       46                                       47                                       48                                       49 
                            model_number                                num_zones                             initial_mass                                initial_z                                 star_age                                time_step                                     Teff                            photosphere_L                            photosphere_r                               center_eta                                center_h1                               center_he3                               center_he4                               center_c12                               center_n14                               center_o16                              center_ne20                                star_mass                                star_mdot                             star_mass_h1                            star_mass_he3                            star_mass_he4                            star_mass_c12                            star_mass_n14                            star_mass_o16                           star_mass_ne20                             he_core_mass                             co_core_mass                             fe_core_mass                   neutron_rich_core_mass                             dynamic_time                             kh_timescale                            nuc_timescale                           power_nuc_burn                             power_h_burn                            power_he_burn                                power_neu                                burn_min1                                burn_min2                             time_seconds                           version_number                                 compiler                                    build                         MESA_SDK_version                             math_backend                                     date                                     msun                                     rsun                                     lsun 
                                     120                                      999                  3.0000000000000000E+000                  2.0000000000000000E-002                  3.9039873243125212E+008                  2.0439946357130324E+004                  9.5908945879373678E+003                  1.9486170402770853E+002                  5.0558964828267516E+000                 -3.4451681197688684E+000                  5.8471226089934589E-004                  1.0766516468138983E-014                  9.7997766898751570E-001                  1.6631278116162202E-004                  1.2601670086405319E-002                  5.0738963085625712E-004                  2.0850244238814963E-003                  2.9989477061772978E+000                 -1.3091318218973536E-011                  1.6630177208699153E+000                  3.6116493424407866E-004                  1.2756433156301068E+000                  5.5505970004876117E-003                  1.4572437891643610E-002                  2.1322215585154888E-002                  6.2528792133102265E-003                  4.1964436877954719E-001                  0.0000000000000000E+000                  0.0000000000000000E+000                  0.0000000000000000E+000                  6.5700680833931387E+004                  2.1497800312223437E+005                  1.5390133844620693E+008                  1.6231245885334786E+002                  1.6231245885334786E+002                  5.5563635525535270E-025                  1.0972177548007298E+001                  5.0000000000000000E+001                  1.0000000000000000E+003                  1.2320047038572482E+016                               "r25.12.1"                               "gfortran"                                 "13.3.0"                   "x86_64-linux-25.12.1"                                 "CRMATH"                               "20260218"                  1.9884098706980504E+033                  6.9570000000000000E+010                  3.8280000000000003E+033 

                                       1                                        2                                        3                                        4                                        5                                        6                                        7                                        8                                        9                                       10                                       11                                       12                                       13                                       14                                       15                                       16                                       17                                       18                                       19                                       20                                       21                                       22                                       23 
                                    zone                                     mass                                     logR                                     logT                                   logRho                                     logP                        x_mass_fraction_H                       y_mass_fraction_He                   z_mass_fraction_metals                                 velocity                                       cp                                   csound                                       pp                                      cno                                tri_alpha                                  opacity                        mlt_mixing_length                                 brunt_N2                brunt_N2_composition_term                              log_brunt_N                             log_lamb_Sl1                             log_lamb_Sl2                             log_lamb_Sl3 
                                       1                  2.9989477061772978E+000                  7.0379817338402850E-001                  3.9825737518258122E+000                 -9.5601045663421793E+000                  2.4682645382146400E+000                  6.9999999999759288E-001                  2.8000000000240727E-001                  1.9999999999999796E-002                  0.0000000000000000E+000                  4.3149970172946377E+009                  1.0815083041997650E+006                  4.0377266006735637E-029                  0.0000000000000000E+000                  0.0000000000000000E+000                  7.6710279153798879E+000                  6.6368030021063244E+008                 -1.4678996554256549E-006                  0.0000000000000000E+000                 -9.8999999999999986E+001                 -1.5985518881466318E-001                  7.8705438545167927E-002                  2.2922043637715861E-001 
                                       2                  2.9989477061754983E+000                  7.0378785385169429E-001                  3.9847280067604185E+000                 -9.5479862648167018E+000                  2.4843706378908910E+000                  6.9999999999759288E-001                  2.8000000000240727E-001                  1.9999999999999796E-002                  0.0000000000000000E+000                  4.2361368266160531E+009                  1.0874896096773187E+006                  4.1519814680027391E-029                  0.0000000000000000E+000                  0.0000000000000000E+000                  7.9720263157031015E+000                  6.6572751186044037E+008                 -1.5277292605612814E-006                  0.0000000000000000E+000                 -9.8999999999999986E+001                 -1.5904498129240499E-001                  7.9515646067426116E-002                  2.3003064389941674E-001 
                                       3                  2.9989477061718994E+000                  7.0376778061991585E-001                  3.9877332764917459E+000                 -9.5327273447835736E+000                  2.5053788759881890E+000                  6.9999999999759288E-001                  2.8000000000240727E-001                  1.9999999999999796E-002                  0.0000000000000000E+000                  4.1202722702152100E+009                  1.0961096987021442E+006                  4.3004566778658591E-029                  0.0000000000000000E+000                  0.0000000000000000E+000                  8.3837650088075488E+000                  6.7415838143137264E+008                 -1.7525604645634212E-006                  0.0000000000000000E+000                 -9.8999999999999986E+001                 -1.5574669213690029E-001                  8.2813935222930832E-002                  2.3332893305492150E-001 
                                       4                  2.9989477061681509E+000                  7.0374759009816801E-001                  3.9908671861879959E+000                 -9.5184266082934261E+000                  2.5258207870639264E+000                  6.9999999999759288E-001                  2.8000000000240727E-001                  1.9999999999999796E-002                  0.0000000000000000E+000                  3.9926124241010084E+009                  1.1053637070491342E+006                  4.4444246982186254E-029                  0.0000000000000000E+000                  0.0000000000000000E+000                  8.8019591062817781E+000                  6.8348165984917998E+008                 -1.9582989106368506E-006                  0.0000000000000000E+000                 -9.8999999999999986E+001                 -1.5215101618480142E-001                  8.6409611175029627E-002                  2.3692460900702025E-001 
                                       5                  2.9989477061644023E+000                  7.0372805091519275E-001                  3.9958030098256403E+000                 -9.4983158356586976E+000                  2.5557236830992673E+000                  6.9999999999759288E-001                  2.8000000000240727E-001                  1.9999999999999796E-002                  0.0000000000000000E+000                  3.7793243114915686E+009                  1.1203183858942692E+006                  4.6550748405484017E-029                  0.0000000000000000E+000                  0.0000000000000000E+000                  9.4340268516585493E+000                  6.9339416821370065E+008                 -2.1306509176770948E-006                  0.0000000000000000E+000                 -9.8999999999999986E+001                 -1.4841847547007378E-001                  9.0142151889757327E-002                  2.4065714972174790E-001 
                                       6                  2.9989477061565295E+000                  7.0368886743513548E-001                  4.0008916992818264E+000                 -9.4804932615004383E+000                  2.5837093930614974E+000                  6.9999999999759288E-001                  2.8000000000240727E-001                  1.9999999999999796E-002                  0.0000000000000000E+000                  3.5460222978721128E+009                  1.1361739881449516E+006                  4.8500872583331338E-029                  0.0000000000000000E+000                  0.0000000000000000E+000                  1.0033494156688693E+001                  7.1517352485375679E+008                 -2.3834032541204655E-006                  0.0000000000000000E+000                 -9.8999999999999986E+001                 -1.4029037483605863E-001                  9.8270252523772486E-002                  2.4878525035576315E-001 
                                       7                  2.9989477061527809E+000                  7.0367095532377821E-001                  4.0041912358780083E+000                 -9.4698541508884837E+000                  2.6008551816360312E+000                  6.9999999999759288E-001                  2.8000000000240727E-001                  1.9999999999999796E-002                  0.0000000000000000E+000                  3.3900770929351768E+009                  1.1465732432048360E+006                  4.9703715073663272E-029                  0.0000000000000000E+000                  0.0000000000000000E+000                  1.0392995369302534E+001                  7.2584419823350728E+008                 -2.4512064747714026E-006                  0.0000000000000000E+000                 -9.8999999999999986E+001                 -1.3633000015638030E-001                  1.0223062720345075E-001                  2.5274562503544135E-001 
                                       8                  2.9989477061490324E+000                  7.0365347454570670E-001                  4.0083242031964197E+000                 -9.4573505724846605E+000                  2.6213804875707232E+000                  6.9999999999759288E-001                  2.8000000000240727E-001                  1.9999999999999796E-002                  0.0000000000000000E+000                  3.1916930010364637E+009                  1.1597125331457530E+006                  5.1155537672694611E-029                  0.0000000000000000E+000                  0.0000000000000000E+000                  1.0808038262484498E+001                  7.3670214053665888E+008                 -2.4841432537859586E-006                  0.0000000000000000E+000                 -9.8999999999999986E+001                 -1.3235235510510812E-001                  1.0620827225472289E-001                  2.5672327008671358E-001 
                                       9                  2.9989477061434093E+000                  7.0362799375609630E-001                  4.0132795909958325E+000                 -9.4433201202168870E+000                  2.6448005432525807E+000                  6.9999999999759288E-001                  2.8000000000240727E-001                  1.9999999999999796E-002                  0.0000000000000000E+000                  2.9528738707983279E+009                  1.1756193601925452E+006                  5.2835200702810553E-029                  0.0000000000000000E+000                  0.0000000000000000E+000                  1.1252198042330146E+001                  7.5296800011733639E+008                 -2.4797120811762140E-006                  0.0000000000000000E+000                 -9.8999999999999986E+001                 -1.2639625283320097E-001                  1.1216437452663007E-001                  2.6267937235862071E-001 
                                      10                  2.9989477061377867E+000                  7.0360331872756898E-001                  4.0173793638195514E+000                 -9.4322651831095961E+000                  2.6634006202388125E+000                  6.9999999999759288E-001                  2.8000000000240727E-001                  1.9999999999999796E-002                  0.0000000000000000E+000                  2.7579819072422981E+009                  1.1888899512519615E+006                  5.4197406258039302E-029                  0.0000000000000000E+000                  0.0000000000000000E+000                  1.1576226762563056E+001                  7.6897011860406673E+008                 -2.4236743056071473E-006                  0.0000000000000000E+000                 -9.8999999999999986E+001                 -1.2049194549293764E-001                  1.1806868186689347E-001                  2.6858367969888414E-001 
                                      11                  2.9989477061340382E+000                  7.0358727990295489E-001                  4.0206274524747450E+000                 -9.4237559362002070E+000                  2.6777296837207119E+000                  6.9999999999759288E-001                  2.8000000000240727E-001                  1.9999999999999796E-002                  0.0000000000000000E+000                  2.6074557147670174E+009                  1.1994713829986344E+006                  5.5269802003885073E-029                  0.0000000000000000E+000                  0.0000000000000000E+000                  1.1805759358300350E+001                  7.7943876344140661E+008                 -2.3631071160075118E-006                  0.0000000000000000E+000                 -9.8999999999999986E+001                 -1.1660411778066472E-001                  1.2195650957916636E-001                  2.7247150741115700E-001 
                                      12                  2.9989477061302892E+000                  7.0357155054688603E-001                  4.0242388730123180E+000                 -9.4144790391863431E+000                  2.6933064305623673E+000                  6.9999999999759288E-001                  2.8000000000240727E-001                  1.9999999999999796E-002                  0.0000000000000000E+000                  2.4457234504588432E+009                  1.2113098609913520E+006                  5.6463134108432321E-029                  0.0000000000000000E+000                  0.0000000000000000E+000                  1.2033746268747006E+001                  7.8970831032450461E+008                 -2.2880686831035059E-006                  0.0000000000000000E+000                 -9.8999999999999986E+001                 -1.1276764342474126E-001                  1.2579298393508984E-001                  2.7630798176708049E-001 
                                      13                  2.9989477061256036E+000                  7.0355230206306252E-001                  4.0281861890121746E+000                 -9.4044788142811182E+000                  2.7099858055645463E+000                  6.9999999999759288E-001                  2.8000000000240727E-001                  1.9999999999999796E-002                  0.0000000000000000E+000                  2.2765536454831271E+009                  1.2243490915961778E+006                  5.7778384773178430E-029                  0.0000000000000000E+000                  0.0000000000000000E+000                  1.2251740511195981E+001                  8.0218476449178863E+008                 -2.1803716887409447E-006                  0.0000000000000000E+000                 -9.8999999999999986E+001                 -1.0805269445562340E-001                  1.3050793290420767E-001                  2.8102293073619833E-001 
                                      14                  2.9989477061209175E+000                  7.0353348926501602E-001                  4.0332109504683649E+000                 -9.3919099315568406E+000                  2.7307568561155433E+000                  6.9999999999759288E-001                  2.8000000000240727E-001                  1.9999999999999796E-002                  0.0000000000000000E+000                  2.0738061634084015E+009                  1.2411372100765102E+006                  5.9475009834487367E-029                  0.0000000000000000E+000                  0.0000000000000000E+000                  1.2481921035995928E+001                  8.1424405948999143E+008                 -2.0616845819886632E-006                  0.0000000000000000E+000                 -9.8999999999999986E+001                 -1.0343073718908316E-001                  1.3512989017074797E-001                  2.8564488800273863E-001 
                                      15                  2.9989477061134200E+000                  7.0350424258442346E-001                  4.0384433307578140E+000                 -9.3787776353948953E+000                  2.7520732726105708E+000                  6.9999999999759288E-001                  2.8000000000240727E-001                  1.9999999999999796E-002                  0.0000000000000000E+000                  1.8795694016924794E+009                  1.2588656111096574E+006                  6.1300931856087523E-029                  0.0000000000000000E+000                  0.0000000000000000E+000                  1.2668964323917621E+001                  8.3257744123699522E+008                 -1.8609318834851851E-006                  0.0000000000000000E+000                 -9.8999999999999986E+001                 -9.6240873897241230E-002                  1.4231975346258982E-001                  2.9283475129458053E-001 
                                      16                  2.9989477061077974E+000                  7.0348295720736720E-001                  4.0427934816882116E+000                 -9.3678513551520393E+000                  2.7695504005637948E+000                  6.9999999999759288E-001                  2.8000000000240727E-001                  1.9999999999999796E-002                  0.0000000000000000E+000                  1.7322825498911955E+009                  1.2738511817114502E+006                  6.2862778705360174E-029                  0.0000000000000000E+000                  0.0000000000000000E+000                  1.2782766739728407E+001                  8.4554995540939999E+008                 -1.7077320266476366E-006                  0.0000000000000000E+000                 -9.8999999999999986E+001                 -9.1013196850642894E-002                  1.4754743050918825E-001                  2.9806242834117891E-001 
                                      17                  2.9989477061021743E+000                  7.0346219764781714E-001                  4.0473564629983478E+000                 -9.3563136096981960E+000                  2.7877259063274016E+000                  6.9999999999759288E-001                  2.8000000000240727E-001                  1.9999999999999796E-002                  0.0000000000000000E+000                  1.5918248150860019E+009                  1.2898170199352030E+006                  6.4555247741338919E-029                  0.0000000000000000E+000                  0.0000000000000000E+000                  1.2863439444289392E+001                  8.5790600809009361E+008                 -1.5553502284579222E-006                  0.0000000000000000E+000                 -9.8999999999999986E+001                 -8.5925351886640425E-002                  1.5263527547319070E-001                  3.0315027330518135E-001 
                                      18                  2.9989477060956142E+000                  7.0343860950760695E-001                  4.0520841186050012E+000                 -9.3441900649157166E+000                  2.8064885649837552E+000                  6.9999999999759288E-001                  2.8000000000240727E-001                  1.9999999999999796E-002                  0.0000000000000000E+000                  1.4608128628201127E+009                  1.3066086341105294E+006                  6.6382766042437880E-029                  0.0000000000000000E+000                  0.0000000000000000E+000                  1.2908403632705216E+001                  8.7154292381249523E+008                 -1.3830985344878691E-006                  0.0000000000000000E+000                 -9.8999999999999986E+001                 -8.0179587518068418E-002                  1.5838103984176263E-001                  3.0889603767375329E-001 
                                      19                  2.9989477060890541E+000                  7.0341566704926717E-001                  4.0591944946899359E+000                 -9.3258455322356628E+000                  2.8344324247921850E+000                  6.9999999999759288E-001                  2.8000000000240727E-001                  1.9999999999999796E-002                  0.0000000000000000E+000                  1.2896100409487464E+009                  1.3323981894004515E+006                  6.9246887704775277E-029                  0.0000000000000000E+000                  0.0000000000000000E+000                  1.2901147078944193E+001                  8.8444294918649769E+008                 -1.2181521777749023E-006                  0.0000000000000000E+000                 -9.8999999999999986E+001                 -7.4638088491364871E-002                  1.6392253886846617E-001                  3.1443753670045677E-001 
                                      20                  2.9989477060749969E+000                  7.0336852659524485E-001                  4.0669146395099496E+000                 -9.3048703923001046E+000                  2.8653069229507251E+000                  6.9999999999759288E-001                  2.8000000000240727E-001                  1.9999999999999796E-002                  0.0000000000000000E+000                  1.1369500772615902E+009                  1.3608830673230255E+006                  7.2673461242819711E-029                  0.0000000000000000E+000                  0.0000000000000000E+000                  1.2823751127085956E+001                  9.0962665779904079E+008                 -9.0023923104212621E-007                  0.0000000000000000E+000                 -9.8999999999999986E+001                 -6.3497612922020844E-002                  1.7506301443781022E-001                  3.2557801226980082E-001 
                                      21                  2.9989477060646879E+000                  7.0333557775124467E-001                  4.0722004030568240E+000                 -9.2901430192354262E+000                  2.8865635567372081E+000                  6.9999999999759288E-001                  2.8000000000240727E-001                  1.9999999999999796E-002                  0.0000000000000000E+000                  1.0498527967849998E+009                  1.3805557164404886E+006                  7.5180210575958873E-029                  0.0000000000000000E+000                  0.0000000000000000E+000                  1.2728589937819899E+001                  9.2616370034447420E+008                 -6.9930510759779172E-007                  0.0000000000000000E+000                 -9.8999999999999986E+001                 -5.5982092703051801E-002                  1.8257853465677937E-001                  3.3309353248876999E-001 
                                      22                  2.9989477060571907E+000                  7.0331240944489737E-001                  4.0764438452963221E+000                 -9.2781287332948139E+000                  2.9036942553413558E+000                  6.9999999999759288E-001                  2.8000000000240727E-001                  1.9999999999999796E-002                  0.0000000000000000E+000                  9.8899870889447689E+008                  1.3963447558377353E+006                  7.7289071262863686E-029                  0.0000000000000000E+000                  0.0000000000000000E+000                  1.2629956735641379E+001                  9.3740225108295691E+008                 -5.6828709747261444E-007                  0.0000000000000000E+000                 -9.8999999999999986E+001                 -5.0868964642093638E-002                  1.8769166271773746E-001                  3.3820666054972798E-001 
                                      23                  2.9989477060496927E+000                  7.0328986972248553E-001                  4.0804957445868162E+000                 -9.2664333651397275E+000                  2.9201781571472454E+000                  6.9999999999759288E-001                  2.8000000000240727E-001                  1.9999999999999796E-002                  0.0000000000000000E+000                  9.3771406355256128E+008                  1.4113382708223700E+006                  7.9398759689745623E-029                  0.0000000000000000E+000                  0.0000000000000000E+000                  1.2521532627942996E+001                  9.4804577042134535E+008                 -4.4975929557669011E-007                  0.0000000000000000E+000                 -9.8999999999999986E+001                 -4.6058662715138365E-002                  1.9250196464469280E-001                  3.4301696247668340E-001 
                                      24                  2.9989477060421956E+000                  7.0326792551398642E-001                  4.0862910969529551E+000                 -9.2495400515424926E+000                  2.9437917928457686E+000                  6.9999999999759288E-001                  2.8000000000240727E-001                  1.9999999999999796E-002                  0.0000000000000000E+000                  8.7469733708151758E+008                  1.4325526467639613E+006                  8.2548163504487099E-029                  0.0000000000000000E+000                  0.0000000000000000E+000                  1.2342783880236990E+001                  9.5818890794291377E+008                 -3.4321073961883856E-007                  0.0000000000000000E+000                 -9.8999999999999986E+001                 -4.1553097785967552E-002                  1.9700752957386353E-001                  3.4752252740585410E-001 
                                      25                  2.9989477060272010E+000                  7.0322570214784574E-001                  4.0916285801833157E+000                 -9.2331585281049762E+000                  2.9661959291388205E+000                  6.9999999999759288E-001                  2.8000000000240727E-001                  1.9999999999999796E-002                  0.0000000000000000E+000                  8.2661871529778743E+008                  1.4514355644672934E+006                  8.5721412487728428E-029                  0.0000000000000000E+000                  0.0000000000000000E+000                  1.2176773872626825E+001                  9.7690224359242857E+008                 -1.6366606466286511E-007                  0.0000000000000000E+000                 -9.8999999999999986E+001                 -3.3402275778204024E-002                  2.0515835158162715E-001                  3.5567334941361778E-001 
                                      26                  2.9989477060197034E+000                  7.0320536756945762E-001                  4.0950368631679757E+000                 -9.2226334632199301E+000                  2.9805172811547767E+000                  6.9999999999759288E-001                  2.8000000000240727E-001                  1.9999999999999796E-002                  0.0000000000000000E+000                  8.0033756718441606E+008                  1.4631297361868885E+006                  8.7824286673556831E-029                  0.0000000000000000E+000                  0.0000000000000000E+000                  1.2064185456739212E+001                  9.8556201827512658E+008                 -8.9240660824993860E-008                  0.0000000000000000E+000                 -9.8999999999999986E+001                 -2.9748447011903829E-002                  2.0881218034792728E-001                  3.5932717817991788E-001 
                                      27                  2.9989477060122063E+000                  7.0318551711815647E-001                  4.0983122545028712E+000                 -9.2123761680682907E+000                  2.9943839027558603E+000                  6.9999999999759288E-001                  2.8000000000240727E-001                  1.9999999999999796E-002                  0.0000000000000000E+000                  7.7807196700323582E+008                  1.4740065892363025E+006                  8.9923286367134267E-029                  0.0000000000000000E+000                  0.0000000000000000E+000                  1.1955341325372835E+001                  9.9390523203446031E+008                 -2.3964680896122464E-008                  0.0000000000000000E+000                 -9.8999999999999986E+001                 -2.6378282157063743E-002                  2.1218234520276738E-001                  3.6269734303475804E-001 
                                      28                  2.9989477060047087E+000                  7.0316612737973982E-001                  4.1038129549467808E+000                 -9.1951292727330767E+000                  3.0176376348898715E+000                  6.9999999999759288E-001                  2.8000000000240727E-001                  1.9999999999999796E-002                  0.0000000000000000E+000                  7.4667092520081234E+008                  1.4913940730619556E+006                  9.3566305784112863E-029                  0.0000000000000000E+000                  0.0000000000000000E+000                  1.1767082512482157E+001                  1.0019816573785313E+009                  3.2438904001179413E-008                  0.0000000000000000E+000                 -3.7444669137637456E+000                 -2.3292332269604064E-002                  2.1526829509022702E-001                  3.6578329292221767E-001 
                                      29                  2.9989477059859655E+000                  7.0311952972674130E-001                  4.1088664584033534E+000                 -9.1784589879950165E+000                  3.0397185383586458E+000                  6.9999999999759288E-001                  2.8000000000240727E-001                  1.9999999999999796E-002                  0.0000000000000000E+000                  7.2402377093672764E+008                  1.5060587860117347E+006                  9.7227737260995562E-029                  0.0000000000000000E+000                  0.0000000000000000E+000                  1.1609000338915882E+001                  1.0207348804751120E+009                  1.4254700713818745E-007                  0.0000000000000000E+000                 -3.4230209482688601E+000                 -1.6574388637985348E-002                  2.2198623872184581E-001                  3.7250123655383638E-001 
                                      30                  2.9989477059784684E+000                  7.0310158856508387E-001                  4.1116515071362461E+000                 -9.1692927042136496E+000                  3.0518517603917599E+000                  6.9999999999759288E-001                  2.8000000000240727E-001                  1.9999999999999796E-002                  0.0000000000000000E+000                  7.1396761538653624E+008                  1.5136200187174822E+006                  9.9301701935164699E-029                  0.0000000000000000E+000                  0.0000000000000000E+000                  1.1518738816548103E+001                  1.0277224321387002E+009                  1.7585346441768645E-007                  0.0000000000000000E+000                 -3.3774245357017714E+000                 -1.4257707457748485E-002                  2.2430291990208262E-001                  3.7481791773407325E-001 
                                      31                  2.9989477059709708E+000                  7.0308401994949854E-001                  4.1156877857239316E+000                 -9.1559839802696743E+000                  3.0694415487279905E+000                  6.9999999999759288E-001                  2.8000000000240727E-001                  1.9999999999999796E-002                  0.0000000000000000E+000                  7.0233941377540886E+008                  1.5238269596600176E+006                  1.0239193570695049E-028                  0.0000000000000000E+000                  0.0000000000000000E+000                  1.1385021290303222E+001                  1.0345870630071871E+009                  2.0339980085707743E-007                  0.0000000000000000E+000                 -3.3458247383091804E+000                 -1.2178919670474126E-002                  2.2638170768935698E-001                  3.7689670552134763E-001 
                                      32                  2.9989477059559757E+000                  7.0304993706926111E-001                  4.1207495071386786E+000                 -9.1388993321022998E+000                  3.0918452848523943E+000                  6.9999999999759288E-001                  2.8000000000240727E-001                  1.9999999999999796E-002                  0.0000000000000000E+000                  6.9239078208946955E+008                  1.5351618929213076E+006                  1.0650030275776072E-028                  0.0000000000000000E+000                  0.0000000000000000E+000                  1.1220671062760877E+001                  1.0477046394195352E+009                  2.4472764489433849E-007                  0.0000000000000000E+000                 -3.3056584845784434E+000                 -8.5889122643218359E-003                  2.2997171509550918E-001                  3.8048671292749986E-001 
                                      33                  2.9989477059409810E+000                  7.0301716137284809E-001                  4.1243327575682009E+000                 -9.1265571284441158E+000                  3.1079255847319489E+000                  6.9999999999759288E-001                  2.8000000000240727E-001                  1.9999999999999796E-002                  0.0000000000000000E+000                  6.8830669482915652E+008                  1.5421379417977324E+006                  1.0957043099688719E-028                  0.0000000000000000E+000                  0.0000000000000000E+000                  1.1105715885744191E+001                  1.0599649654105601E+009                  2.7103800367079295E-007                  0.0000000000000000E+000                 -3.2834849050658379E+000                 -5.6361684059903537E-003                  2.3292445895384073E-001                  3.8343945678583136E-001 
                                      34                  2.9989477059334839E+000                  7.0300123001509329E-001                  4.1278059862419294E+000                 -9.1146723406839296E+000                  3.1234339236331707E+000                  6.9999999999759288E-001                  2.8000000000240727E-001                  1.9999999999999796E-002                  0.0000000000000000E+000                  6.8674738040177989E+008                  1.5481431028623849E+006                  1.1261039296849764E-028                  0.0000000000000000E+000                  0.0000000000000000E+000                  1.0988733852269199E+001                  1.0658891145860925E+009                  2.7901797687760304E-007                  0.0000000000000000E+000                 -3.2771839073108135E+000                 -4.4015256717322730E-003                  2.3415910168809884E-001                  3.8467409952008952E-001 
                                      35                  2.9989477059184892E+000                  7.0297022239703000E-001                  4.1317857319134061E+000                 -9.1007677927259252E+000                  3.1414681151002850E+000                  6.9999999999759288E-001                  2.8000000000240727E-001                  1.9999999999999796E-002                  0.0000000000000000E+000                  6.8775100350616324E+008                  1.5541045838235603E+006                  1.1627421001416709E-028                  0.0000000000000000E+000                  0.0000000000000000E+000                  1.0858332163976579E+001                  1.0773481966133888E+009                  2.8678812556263953E-007                  0.0000000000000000E+000                 -3.2712194172785876E+000                 -2.3242964641098807E-003                  2.3623633089572132E-001                  3.8675132872771195E-001 
                                      36                  2.9989477059063061E+000                  7.0294581787275634E-001                  4.1361193040358604E+000                 -9.0856096740338046E+000                  3.1611225280132094E+000                  6.9999999999759288E-001                  2.8000000000240727E-001                  1.9999999999999796E-002                  0.0000000000000000E+000                  6.9233817419458807E+008                  1.5595645479466710E+006                  1.2040428208568576E-028                  0.0000000000000000E+000                  0.0000000000000000E+000                  1.0715356343648606E+001                  1.0862642591661105E+009                  2.8631911180803395E-007                  0.0000000000000000E+000                 -3.2715748309215362E+000                 -9.5179838484275923E-004                  2.3760882897498831E-001                  3.8812382680697893E-001 
                                      37                  2.9989477058875624E+000                  7.0290955268962974E-001                  4.1416755274015600E+000                 -9.0659133266312324E+000                  3.1865747273020988E+000                  6.9999999999759288E-001                  2.8000000000240727E-001                  1.9999999999999796E-002                  0.0000000000000000E+000                  7.0342887442768824E+008                  1.5650103520289469E+006                  1.2599079950934565E-028                  0.0000000000000000E+000                  0.0000000000000000E+000                  1.0540145919552833E+001                  1.0994538646416714E+009                  2.7538124707270660E-007                  0.0000000000000000E+000                 -3.2800328188408221E+000                  6.8040606045456035E-004                  2.3924103342028569E-001                  3.8975603125227631E-001 
                                      38                  2.9989477058641327E+000                  7.0286621927245507E-001                  4.1462825769210436E+000                 -9.0492320778985018E+000                  3.2080192216650154E+000                  6.9999999999759288E-001                  2.8000000000240732E-001                  1.9999999999999796E-002                  0.0000000000000000E+000                  7.1685939435490513E+008                  1.5683158205544557E+006                  1.3092438964024878E-028                  0.0000000000000000E+000                  0.0000000000000000E+000                  1.0408050736354923E+001                  1.1149097729632170E+009                  2.4891354506274155E-007                  0.0000000000000000E+000                 -3.3019757349300378E+000                  2.1370410099498006E-003                  2.4069766836978093E-001                  3.9121266620177153E-001 
                                      39                  2.9989477058500755E+000                  7.0284119303966153E-001                  4.1495978157169393E+000                 -9.0372531165542718E+000                  3.2234385890699637E+000                  6.9999999999759288E-001                  2.8000000000240732E-001                  1.9999999999999796E-002                  0.0000000000000000E+000                  7.2889486478864503E+008                  1.5701826798610634E+006                  1.3458599441714576E-028                  0.0000000000000000E+000                  0.0000000000000000E+000                  1.0317224207153997E+001                  1.1237623886374869E+009                  2.2762294635653082E-007                  0.0000000000000000E+000                 -3.3213919797199827E+000                  2.7638628920891302E-003                  2.4132449025192018E-001                  3.9183948808391084E-001 
                                      40                  2.9989477058360179E+000                  7.0281684350968410E-001                  4.1543757983966954E+000                 -9.0200851238117483E+000                  3.2455921963079049E+000                  6.9999999999759288E-001                  2.8000000000240732E-001                  1.9999999999999796E-002                  0.0000000000000000E+000                  7.4965365134667468E+008                  1.5723464970020507E+006                  1.4001300231419508E-028                  0.0000000000000000E+000                  0.0000000000000000E+000                  1.0193121982359672E+001                  1.1324819017419546E+009                  2.0320558871438292E-007                  0.0000000000000000E+000                 -3.3460321759636442E+000                  3.2459149496728576E-003                  2.4180654230950399E-001                  3.9232154014149462E-001 
                                      41                  2.9989477058079030E+000                  7.0277002049817361E-001                  4.1603204465377752E+000                 -8.9984161979367894E+000                  3.2734867138084627E+000                  6.9999999999759288E-001                  2.8000000000240727E-001                  1.9999999999999796E-002                  0.0000000000000000E+000                  7.8061911258674943E+008                  1.5745727891009429E+006                  1.4717632341078512E-028                  0.0000000000000000E+000                  0.0000000000000000E+000                  1.0058136508687248E+001                  1.1492444608937030E+009                  1.4998135418620226E-007                  0.0000000000000000E+000                 -3.4119813647301034E+000                  3.9987139891165587E-003                  2.4255934134894763E-001                  3.9307433918093826E-001 
                                      42                  2.9989477057797882E+000                  7.0272546231352784E-001                  4.1649674389039451E+000                 -8.9813550709916701E+000                  3.2954459559445008E+000                  6.9999999999759288E-001                  2.8000000000240727E-001                  1.9999999999999796E-002                  0.0000000000000000E+000                  8.0852681031672573E+008                  1.5762863118909439E+006                  1.5307335617803218E-028                  0.0000000000000000E+000                  0.0000000000000000E+000                  9.9625576724181215E+000                  1.1650343888804703E+009                  9.4863756606924832E-008                  0.0000000000000000E+000                 -3.5114498406361148E+000                  4.6338847783804525E-003                  2.4319451213821153E-001                  3.9370950997020221E-001 
                                      43                  2.9989477057610450E+000                  7.0269689398749169E-001                  4.1689764731901509E+000                 -8.9667575059286619E+000                  3.3143074416116880E+000                  6.9999999999759288E-001                  2.8000000000240727E-001                  1.9999999999999796E-002                  0.0000000000000000E+000                  8.3462983646520424E+008                  1.5779085650587280E+006                  1.5830609248192577E-028                  0.0000000000000000E+000                  0.0000000000000000E+000                  9.8811312982739619E+000                  1.1752330723171935E+009                  5.8748493303614770E-008                  0.0000000000000000E+000                 -3.6155016335350649E+000                  5.0499394829822113E-003                  2.4361056684281332E-001                  3.9412556467480397E-001 
                                      44                  2.9989477057376153E+000                  7.0266235640779406E-001                  4.1727995335206955E+000                 -8.9527647753540567E+000                  3.3323893846505661E+000                  6.9999999999759288E-001                  2.8000000000240727E-001                  1.9999999999999796E-002                  0.0000000000000000E+000                  8.6051862656812656E+008                  1.5796944301060676E+006                  1.6348985469301744E-028                  0.0000000000000000E+000                  0.0000000000000000E+000                  9.8069587176730550E+000                  1.1876599853172097E+009                  1.5764218924008269E-008                  0.0000000000000000E+000                 -3.9011637712717606E+000                  5.6055903735737845E-003                  2.4416621773340486E-001                  3.9468121556539548E-001 
                                      45                  2.9989477057188720E+000                  7.0263559671626463E-001                  4.1760725458560763E+000                 -8.9408230752050546E+000                  3.3478573458750920E+000                  6.9999999999759288E-001                  2.8000000000240727E-001                  1.9999999999999796E-002                  0.0000000000000000E+000                  8.8315523972787571E+008                  1.5815010430308764E+006                  1.6804782509001505E-028                  0.0000000000000000E+000                  0.0000000000000000E+000                  9.7434171501633777E+000                  1.1973187299762881E+009                 -1.6297101015961363E-008                  0.0000000000000000E+000                 -9.8999999999999986E+001                  6.0988850896363045E-003                  2.4465951244946743E-001                  3.9517451028145800E-001 
                                      46                  2.9989477057001288E+000                  7.0260955805809999E-001                  4.1796236174084695E+000                 -8.9279055857271743E+000                  3.3646286217221864E+000                  6.9999999999759288E-001                  2.8000000000240727E-001                  1.9999999999999796E-002                  0.0000000000000000E+000                  9.0786890955281544E+008                  1.5838514302592282E+006                  1.7312142231429278E-028                  0.0000000000000000E+000                  0.0000000000000000E+000                  9.6742158489924908E+000                  1.2068085827408116E+009                 -4.5565304447509961E-008                  0.0000000000000000E+000                 -9.8999999999999986E+001                  6.6598171842887615E-003                  2.4522044454411990E-001                  3.9573544237611052E-001 
                                      47                  2.9989477056766995E+000                  7.0257795729409256E-001                  4.1830283818539336E+000                 -8.9154710428022685E+000                  3.3807808596608551E+000                  6.9999999999759288E-001                  2.8000000000240727E-001                  1.9999999999999796E-002                  0.0000000000000000E+000                  9.3131543373469806E+008                  1.5865751869509257E+006                  1.7814997690402514E-028                  0.0000000000000000E+000                  0.0000000000000000E+000                  9.6099285635358882E+000                  1.2183698317736123E+009                 -7.8233234553663878E-008                  0.0000000000000000E+000                 -9.8999999999999986E+001                  7.4643331041248642E-003                  2.4602496046395594E-001                  3.9653995829594652E-001 
                                      48                  2.9989477056579554E+000                  7.0255338547631974E-001                  4.1859553190032699E+000                 -8.9048154272137374E+000                  3.3946539234416107E+000                  6.9999999999759288E-001                  2.8000000000240727E-001                  1.9999999999999796E-002                  0.0000000000000000E+000                  9.5096556544486141E+008                  1.5893108518407200E+006                  1.8257518408789237E-028                  0.0000000000000000E+000                  0.0000000000000000E+000                  9.5552648114945420E+000                  1.2273928427806544E+009                 -1.0125204684654449E-007                  0.0000000000000000E+000                 -9.8999999999999986E+001                  8.1946551000298008E-003                  2.4675528245986084E-001                  3.9727028029185146E-001 
                                      49                  2.9989477056392122E+000                  7.0252940518258322E-001                  4.1894962211508702E+000                 -8.8919898807991409E+000                  3.4113980042601901E+000                  6.9999999999759288E-001                  2.8000000000240727E-001                  1.9999999999999796E-002                  0.0000000000000000E+000                  9.7359831137720478E+008                  1.5931191552371264E+006                  1.8804757372450317E-028                  0.0000000000000000E+000                  0.0000000000000000E+000                  9.4900014380506370E+000                  1.2362923251010385E+009                 -1.2131580832380721E-007                  0.0000000000000000E+000                 -9.8999999999999986E+001                  9.0086325614346912E-003                  2.4756925992126583E-001                  3.9808425775325645E-001 
                                      50                  2.9989477056110974E+000                  7.0249447437895574E-001                  4.1942316413822773E+000                 -8.8748509812324450E+000                  3.4338124751839838E+000                  6.9999999999759288E-001                  2.8000000000240727E-001                  1.9999999999999796E-002                  0.0000000000000000E+000                  1.0007891862112741E+009                  1.5990892623167422E+006                  1.9561728773837923E-028                  0.0000000000000000E+000                  0.0000000000000000E+000                  9.4072957514116347E+000                  1.2493677309372988E+009                 -1.4654150852612507E-007                  0.0000000000000000E+000                 -9.8999999999999986E+001                  1.0363847192320091E-002                  2.4892447455215125E-001                  3.9943947238414190E-001 
                                      51                  2.9989477055736109E+000                  7.0244968985248180E-001                  4.1980731715323998E+000                 -8.8608078333641398E+000                  3.4521524836405666E+000                  6.9999999999759288E-001                  2.8000000000240727E-001                  1.9999999999999796E-002                  0.0000000000000000E+000                  1.0192016268823326E+009                  1.6046909180419536E+006                  2.0204629021370408E-028                  0.0000000000000000E+000                  0.0000000000000000E+000                  9.3479844659786728E+000                  1.2660657481714654E+009                 -1.7323172283283437E-007                  0.0000000000000000E+000                 -9.8999999999999986E+001                  1.2349191581430111E-002                  2.5090981894126113E-001                  4.0142481677325176E-001 
                                      52                  2.9989477055548668E+000                  7.0242800509605774E-001                  4.2005619306690640E+000                 -8.8517966663064467E+000                  3.4639648714427915E+000                  6.9999999999759288E-001                  2.8000000000240727E-001                  1.9999999999999796E-002                  0.0000000000000000E+000                  1.0291088205744594E+009                  1.6087072996812079E+006                  2.0628249367423694E-028                  0.0000000000000000E+000                  0.0000000000000000E+000                  9.3107283628275823E+000                  1.2741694893316426E+009                 -1.8356888944154889E-007                  0.0000000000000000E+000                 -9.8999999999999986E+001                  1.3419673828142560E-002                  2.5198030118797365E-001                  4.0249529901996423E-001 
                                      53                  2.9989477055361236E+000                  7.0240676249111977E-001                  4.2041931091097364E+000                 -8.8387656749503236E+000                  3.4811053403142327E+000                  6.9999999999759288E-001                  2.8000000000240727E-001                  1.9999999999999796E-002                  0.0000000000000000E+000                  1.0403679627765301E+009                  1.6151300939737398E+006                  2.1256601954052498E-028                  0.0000000000000000E+000                  0.0000000000000000E+000                  9.2584407312629775E+000                  1.2822427979663296E+009                 -1.9131674926634311E-007                  0.0000000000000000E+000                 -9.8999999999999986E+001                  1.4560988156373187E-002                  2.5312161551620432E-001                  4.0363661334819501E-001 
                                      54                  2.9989477054986371E+000                  7.0236552421550846E-001                  4.2088046205135328E+000                 -8.8221400110231318E+000                  3.5029632952092071E+000                  6.9999999999759288E-001                  2.8000000000240727E-001                  1.9999999999999796E-002                  0.0000000000000000E+000                  1.0489868629757186E+009                  1.6242218384940235E+006                  2.2086155308332987E-028                  0.0000000000000000E+000                  0.0000000000000000E+000                  9.2002926171706108E+000                  1.2979848710142071E+009                 -2.0138602669604320E-007                  0.0000000000000000E+000                 -9.8999999999999986E+001                  1.6975739805985986E-002                  2.5553636716581712E-001                  4.0605136499780770E-001 
                                      55                  2.9989477054611497E+000                  7.0232582369130214E-001                  4.2121087912281929E+000                 -8.8101878085970728E+000                  3.5186694440610338E+000                  6.9999999999759288E-001                  2.8000000000240727E-001                  1.9999999999999796E-002                  0.0000000000000000E+000                  1.0512296660052828E+009                  1.6313707409115094E+006                  2.2702452497232579E-028                  0.0000000000000000E+000                  0.0000000000000000E+000                  9.1635395401633239E+000                  1.3130385607752316E+009                 -2.0602660996393618E-007                  0.0000000000000000E+000                 -9.8999999999999986E+001                  1.9505127096910060E-002                  2.5806575445674124E-001                  4.0858075228873181E-001 
                                      56                  2.9989477054424065E+000                  7.0230650834193020E-001                  4.2153313351068045E+000                 -8.7987019692412751E+000                  3.5338300036550669E+000                  6.9999999999759288E-001                  2.8000000000240727E-001                  1.9999999999999796E-002                  0.0000000000000000E+000                  1.0502672433503705E+009                  1.6388679185660912E+006                  2.3310900717296824E-028                  0.0000000000000000E+000                  0.0000000000000000E+000                  9.1274167657526899E+000                  1.3204252812583952E+009                 -2.0593615678634694E-007                  0.0000000000000000E+000                 -9.8999999999999986E+001                  2.0824063276605430E-002                  2.5938469063643660E-001                  4.0989968846842723E-001 
                                      57                  2.9989477054049192E+000                  7.0226887852190678E-001                  4.2189382239413700E+000                 -8.7857588031774903E+000                  3.5508791197097769E+000                  6.9999999999759288E-001                  2.8000000000240727E-001                  1.9999999999999796E-002                  0.0000000000000000E+000                  1.0451890099388356E+009                  1.6478383252297309E+006                  2.4016113271933093E-028                  0.0000000000000000E+000                  0.0000000000000000E+000                  9.0916803571634492E+000                  1.3348857420611629E+009                 -2.0166321511724385E-007                  0.0000000000000000E+000                 -9.8999999999999986E+001                  2.3544440177131976E-002                  2.6210506753696311E-001                  4.1262006536895374E-001 
                                      58                  2.9989477053768043E+000                  7.0224147869725351E-001                  4.2219336097041955E+000                 -8.7750657191971957E+000                  3.5649816697671595E+000                  6.9999999999759288E-001                  2.8000000000240727E-001                  1.9999999999999796E-002                  0.0000000000000000E+000                  1.0376796311484036E+009                  1.6557612632509232E+006                  2.4614795276500379E-028                  0.0000000000000000E+000                  0.0000000000000000E+000                  9.0630723833224813E+000                  1.3453752060011837E+009                 -1.9576143471368369E-007                  0.0000000000000000E+000                 -9.8999999999999986E+001                  2.5629055097207750E-002                  2.6418968245703883E-001                  4.1470468028902951E-001 
                                      59                  2.9989477053486895E+000                  7.0221474026702313E-001                  4.2248405332196839E+000                 -8.7647079838852484E+000                  3.5786439553324700E+000                  6.9999999999759288E-001                  2.8000000000240727E-001                  1.9999999999999796E-002                  0.0000000000000000E+000                  1.0276602460473354E+009                  1.6638516482917480E+006                  2.5208927889451699E-028                  0.0000000000000000E+000                  0.0000000000000000E+000                  9.0365013232236198E+000                  1.3556434024861007E+009                 -1.8742640942121577E-007                  0.0000000000000000E+000                 -9.8999999999999986E+001                  2.7755835280213421E-002                  2.6631646264004444E-001                  4.1683146047203512E-001 
                                      60                  2.9989477053205746E+000                  7.0218862722612752E-001                  4.2276643775571481E+000                 -8.7546638356997128E+000                  3.5918926589265907E+000                  6.9999999999759288E-001                  2.8000000000240727E-001                  1.9999999999999796E-002                  0.0000000000000000E+000                  1.0156495368340796E+009                  1.6720829212527454E+006                  2.5798765736542311E-028                  0.0000000000000000E+000                  0.0000000000000000E+000                  9.0116249429383704E+000                  1.3656720769013970E+009                 -1.7714155333234715E-007                  0.0000000000000000E+000                 -9.8999999999999986E+001                  2.9912027096959903E-002                  2.6847265445679097E-001                  4.1898765228878171E-001 
                                      61                  2.9989477052924598E+000                  7.0216310663373416E-001                  4.2317761188522365E+000                 -8.7401744644771036E+000                  3.6110418071009609E+000                  6.9999999999759288E-001                  2.8000000000240727E-001                  1.9999999999999796E-002                  0.0000000000000000E+000                  9.9473588109246945E+008                  1.6847282020180670E+006                  2.6674045795704752E-028                  0.0000000000000000E+000                  0.0000000000000000E+000                  8.9751067024174418E+000                  1.3755291628819366E+009                 -1.6489715767140976E-007                  0.0000000000000000E+000                 -9.8999999999999986E+001                  3.2101250182224116E-002                  2.7066187754205523E-001                  4.2117687537404591E-001 
                                      62                  2.9989477052362297E+000                  7.0211372747078482E-001                  4.2361170995488173E+000                 -8.7247195539165521E+000                  3.6313820099182998E+000                  6.9999999999759288E-001                  2.8000000000240727E-001                  1.9999999999999796E-002                  0.0000000000000000E+000                  9.6899514479652417E+008                  1.6988576247486728E+006                  2.7640407768806976E-028                  0.0000000000000000E+000                  0.0000000000000000E+000                  8.9424191356649985E+000                  1.3944934841085353E+009                 -1.3710486590242352E-007                  0.0000000000000000E+000                 -9.8999999999999986E+001                  3.6509160381549263E-002                  2.7506978774138030E-001                  4.2558478557337093E-001 
                                      63                  2.9989477051987428E+000                  7.0208195000277041E-001                  4.2394705708033618E+000                 -8.7128602224118428E+000                  3.6469994499386100E+000                  6.9999999999759288E-001                  2.8000000000240727E-001                  1.9999999999999796E-002                  0.0000000000000000E+000                  9.4711115297781634E+008                  1.7103374804224814E+006                  2.8405620347580495E-028                  0.0000000000000000E+000                  0.0000000000000000E+000                  8.9178980906694338E+000                  1.4065906040675519E+009                 -1.1689840813498796E-007                  0.0000000000000000E+000                 -9.8999999999999986E+001                  3.9453036672374486E-002                  2.7801366403220551E-001                  4.2852866186419619E-001 
                                      64                  2.9989477051612559E+000                  7.0205102184748136E-001                  4.2427161018739969E+000                 -8.7013986724813019E+000                  3.6620789407906487E+000                  6.9999999999759288E-001                  2.8000000000240727E-001                  1.9999999999999796E-002                  0.0000000000000000E+000                  9.2464818192089677E+008                  1.7218964293046638E+006                  2.9165291327267606E-028                  0.0000000000000000E+000                  0.0000000000000000E+000                  8.8957947747413471E+000                  1.4183773841147318E+009                 -9.5271524751290591E-008                  0.0000000000000000E+000                 -9.8999999999999986E+001                  4.2408986336823502E-002                  2.8096961369665452E-001                  4.3148461152864520E-001 
                                      65                  2.9989477051237690E+000                  7.0202089289357428E-001                  4.2458609745099558E+000                 -8.6903083794348337E+000                  3.6766563442973692E+000                  6.9999999999759288E-001                  2.8000000000240727E-001                  1.9999999999999796E-002                  0.0000000000000000E+000                  9.0196027528748643E+008                  1.7334947387226983E+006                  2.9919690240515138E-028                  0.0000000000000000E+000                  0.0000000000000000E+000                  8.8759850924433064E+000                  1.4298227074733379E+009                 -7.2870345584556559E-008                  0.0000000000000000E+000                 -9.8999999999999986E+001                  4.5359456417846451E-002                  2.8392008377767758E-001                  4.3443508160966815E-001 
                                      66                  2.9989477050862825E+000                  7.0199151754583067E-001                  4.2489117745034202E+000                 -8.6795660401420367E+000                  3.6907640507469042E+000                  6.9999999999759288E-001                  2.8000000000240727E-001                  1.9999999999999796E-002                  0.0000000000000000E+000                  8.7934281138020360E+008                  1.7450957897183029E+006                  3.0669020376409217E-028                  0.0000000000000000E+000                  0.0000000000000000E+000                  8.8583489669367950E+000                  1.4409469327663414E+009                 -5.0070556231321240E-008                  0.0000000000000000E+000                 -9.8999999999999986E+001                  4.8294923026642449E-002                  2.8685555038647353E-001                  4.3737054821846416E-001 
                                      67                  2.9989477050487952E+000                  7.0196285414378412E-001                  4.2518744771334402E+000                 -8.6691503933174818E+000                  3.7044314130459624E+000                  6.9999999999759288E-001                  2.8000000000240727E-001                  1.9999999999999796E-002                  0.0000000000000000E+000                  8.5705312690294278E+008                  1.7566705922888094E+006                  3.1413477362540591E-028                  0.0000000000000000E+000                  0.0000000000000000E+000                  8.8427835981643241E+000                  1.4517695090643849E+009                 -2.7181650867102555E-008                  0.0000000000000000E+000                 -9.8999999999999986E+001                  5.1207445357574294E-002                  2.8976807271740540E-001                  4.4028307054939597E-001 
                                      68                  2.9989477050113087E+000                  7.0193486451954623E-001                  4.2561872012487036E+000                 -8.6541290342865977E+000                  3.7241633110519174E+000                  6.9999999999759288E-001                  2.8000000000240727E-001                  1.9999999999999796E-002                  0.0000000000000000E+000                  8.2454106131396198E+008                  1.7740498195015476E+006                  3.2519065040143320E-028                  0.0000000000000000E+000                  0.0000000000000000E+000                  8.8210835784951698E+000                  1.4623702759130790E+009                 -4.2476285692028293E-009                  0.0000000000000000E+000                 -9.8999999999999986E+001                  5.4098434671015570E-002                  2.9265906203084668E-001                  4.4317405986283731E-001 
                                      69                  2.9989477049363349E+000                  7.0188077304450736E-001                  4.2613058398348969E+000                 -8.6361848632908238E+000                  3.7476420301458893E+000                  6.9999999999759288E-001                  2.8000000000240727E-001                  1.9999999999999796E-002                  0.0000000000000000E+000                  7.8687127682049882E+008                  1.7953540946896460E+006                  3.3890895679038062E-028                  0.0000000000000000E+000                  0.0000000000000000E+000                  8.8031171055785293E+000                  1.4827389657182870E+009                  4.0365028198250728E-008                  0.0000000000000000E+000                 -3.6969973698952439E+000                  5.9770826700172468E-002                  2.9833145406000355E-001                  4.4884645189199424E-001 
                                      70                  2.9989477048707327E+000                  7.0183534312269480E-001                  4.2645744113884518E+000                 -8.6247078505661925E+000                  3.7626238965333663E+000                  6.9999999999759288E-001                  2.8000000000240727E-001                  1.9999999999999796E-002                  0.0000000000000000E+000                  7.6378995297661817E+008                  1.8093051749808812E+006                  3.4798505777166963E-028                  0.0000000000000000E+000                  0.0000000000000000E+000                  8.7954152492000066E+000                  1.4995699714644697E+009                  7.7125466803813151E-008                  0.0000000000000000E+000                 -3.5564010971862765E+000                  6.4583825165244246E-002                  3.0314445252507527E-001                  4.5365945035706595E-001 
                                      71                  2.9989477048426179E+000                  7.0181637672785779E-001                  4.2674554706720880E+000                 -8.6147298393840774E+000                  3.7756816854237245E+000                  6.9999999999759288E-001                  2.8000000000240732E-001                  1.9999999999999796E-002                  0.0000000000000000E+000                  7.4413319006830823E+008                  1.8218197025790361E+006                  3.5607302950934184E-028                  0.0000000000000000E+000                  0.0000000000000000E+000                  8.7884833633668880E+000                  1.5066167782731113E+009                  9.2367302261550651E-008                  0.0000000000000000E+000                 -3.5172408702370239E+000                  6.6608725628534649E-002                  3.0516935298836578E-001                  4.5568435082035641E-001 
                                      72                  2.9989477047863873E+000                  7.0177929834042552E-001                  4.2717833890955035E+000                 -8.5997588564258702E+000                  3.7952507327356675E+000                  6.9999999999759288E-001                  2.8000000000240727E-001                  1.9999999999999796E-002                  0.0000000000000000E+000                  7.1591554060004282E+008                  1.8408749386095745E+006                  3.6856219144850930E-028                  0.0000000000000000E+000                  0.0000000000000000E+000                  8.7820102041811214E+000                  1.5204743456667264E+009                  1.2178885800894524E-007                  0.0000000000000000E+000                 -3.4571962209031812E+000                  7.0581650153308043E-002                  3.0914227751313916E-001                  4.5965727534512979E-001 
                                      73                  2.9989477047114144E+000                  7.0173152167074593E-001                  4.2765169771619940E+000                 -8.5834063863238477E+000                  3.8165953770222942E+000                  6.9999999999759288E-001                  2.8000000000240727E-001                  1.9999999999999796E-002                  0.0000000000000000E+000                  6.8702437151771128E+008                  1.8619548879206565E+006                  3.8270492506715972E-028                  0.0000000000000000E+000                  0.0000000000000000E+000                  8.7806149686409292E+000                  1.5382125566919706E+009                  1.5802394597526550E-007                  0.0000000000000000E+000                 -3.4006385488742574E+000                  7.5685362122563812E-002                  3.1424598948239496E-001                  4.6476098731438548E-001 
                                      74                  2.9989477046364406E+000                  7.0168549557805748E-001                  4.2799251375383491E+000                 -8.5716235813805266E+000                  3.8319488394108578E+000                  6.9999999999759288E-001                  2.8000000000240727E-001                  1.9999999999999796E-002                  0.0000000000000000E+000                  6.6764180017088473E+008                  1.8772076704548704E+006                  3.9323072294242051E-028                  0.0000000000000000E+000                  0.0000000000000000E+000                  8.7834902594552595E+000                  1.5551465708152285E+009                  1.9078853785428555E-007                  0.0000000000000000E+000                 -3.3597238601413375E+000                  8.0562104398662029E-002                  3.1912273175849309E-001                  4.6963772959048372E-001 
                                      75                  2.9989477045989532E+000                  7.0166309320881215E-001                  4.2827028519131263E+000                 -8.5621310897721088E+000                  3.8443438902404261E+000                  6.9999999999759288E-001                  2.8000000000240727E-001                  1.9999999999999796E-002                  0.0000000000000000E+000                  6.5279919203878403E+008                  1.8896777952409806E+006                  4.0192073401162684E-028                  0.0000000000000000E+000                  0.0000000000000000E+000                  8.7856786921978767E+000                  1.5634021477391009E+009                  2.0593693846769407E-007                  0.0000000000000000E+000                 -3.3431328739617991E+000                  8.2914814515577043E-002                  3.2147544187540816E-001                  4.7199043970739885E-001 
                                      76                  2.9989477045427231E+000                  7.0163020988972635E-001                  4.2859409860633662E+000                 -8.5510745988760686E+000                  3.8587698710319591E+000                  6.9999999999759288E-001                  2.8000000000240727E-001                  1.9999999999999796E-002                  0.0000000000000000E+000                  6.3656349103814924E+008                  1.9041990153310376E+006                  4.1228493377505797E-028                  0.0000000000000000E+000                  0.0000000000000000E+000                  8.7896235997838588E+000                  1.5755722822174146E+009                  2.2723991770521012E-007                  0.0000000000000000E+000                 -3.3217576883371085E+000                  8.6336145544948992E-002                  3.2489677290478008E-001                  4.7541177073677066E-001 
                                      77                  2.9989477044864929E+000                  7.0159814597264936E-001                  4.2896098357969326E+000                 -8.5386277446124321E+000                  3.8750207403885599E+000                  6.9999999999759288E-001                  2.8000000000240727E-001                  1.9999999999999796E-002                  0.0000000000000000E+000                  6.1949596551411211E+008                  1.9206071103051221E+006                  4.2427257615222599E-028                  0.0000000000000000E+000                  0.0000000000000000E+000                  8.7940149550256699E+000                  1.5874329096584406E+009                  2.4692147032512627E-007                  0.0000000000000000E+000                 -3.3037205728179027E+000                  8.9628173893931268E-002                  3.2818880125376237E-001                  4.7870379908575300E-001 
                                      78                  2.9989477044115191E+000                  7.0155659139370219E-001                  4.2936530341826966E+000                 -8.5249370586505009E+000                  3.8928844719931339E+000                  6.9999999999759288E-001                  2.8000000000240727E-001                  1.9999999999999796E-002                  0.0000000000000000E+000                  6.0224152886424351E+008                  1.9385556045888644E+006                  4.3786110031048671E-028                  0.0000000000000000E+000                  0.0000000000000000E+000                  8.7991305775642026E+000                  1.6028008427234452E+009                  2.7088080757211773E-007                  0.0000000000000000E+000                 -3.2836108822394103E+000                  9.3819629288607737E-002                  3.3238025664843884E-001                  4.8289525448042947E-001 
                                      79                  2.9989477043365453E+000                  7.0151631496574540E-001                  4.2975543866879642E+000                 -8.5117839483246911E+000                  3.9100485987281024E+000                  6.9999999999759288E-001                  2.8000000000240727E-001                  1.9999999999999796E-002                  0.0000000000000000E+000                  5.8706555903050005E+008                  1.9556814642477368E+006                  4.5132581392226129E-028                  0.0000000000000000E+000                  0.0000000000000000E+000                  8.8028100423313234E+000                  1.6176633309925656E+009                  2.9242735459484632E-007                  0.0000000000000000E+000                 -3.2669910022559687E+000                  9.7789201949822394E-002                  3.3634982930965351E-001                  4.8686482714164414E-001 
                                      80                  2.9989477042615720E+000                  7.0147722935706469E-001                  4.3022595303867570E+000                 -8.4960561354059418E+000                  3.9305989188970880E+000                  6.9999999999759288E-001                  2.8000000000240732E-001                  1.9999999999999796E-002                  0.0000000000000000E+000                  5.7060366281071234E+008                  1.9759979168289499E+006                  4.6797088870156337E-028                  0.0000000000000000E+000                  0.0000000000000000E+000                  8.8032105758385253E+000                  1.6321423060518489E+009                  3.1175282758966199E-007                  0.0000000000000000E+000                 -3.2530947993962118E+000                  1.0153493166134407E-001                  3.4009555902117516E-001                  4.9061055685316585E-001 
                                      81                  2.9989477041491108E+000                  7.0142066748234355E-001                  4.3062974922157533E+000                 -8.4824647613692292E+000                  3.9483068832787476E+000                  6.9999999999759288E-001                  2.8000000000240727E-001                  1.9999999999999796E-002                  0.0000000000000000E+000                  5.5796534067821991E+008                  1.9930403858162086E+006                  4.8284858064282527E-028                  0.0000000000000000E+000                  0.0000000000000000E+000                  8.8037888151191090E+000                  1.6529778025919976E+009                  3.3691392870736036E-007                  0.0000000000000000E+000                 -3.2362405170150752E+000                  1.0676890753619955E-001                  3.4532953489603069E-001                  4.9584453272802131E-001 
                                      82                  2.9989477040928811E+000                  7.0139324994794128E-001                  4.3089208706767481E+000                 -8.4737161813062052E+000                  3.9597262224489640E+000                  6.9999999999759288E-001                  2.8000000000240727E-001                  1.9999999999999796E-002                  0.0000000000000000E+000                  5.5045189514507484E+008                  2.0039415170619485E+006                  4.9267443427339999E-028                  0.0000000000000000E+000                  0.0000000000000000E+000                  8.8024532274765512E+000                  1.6630392619101193E+009                  3.4787949435866634E-007                  0.0000000000000000E+000                 -3.2292855849210307E+000                  1.0922206241515944E-001                  3.4778268977499044E-001                  4.9829768760698107E-001 
                                      83                  2.9989477040366506E+000                  7.0136637415682357E-001                  4.3127575897468304E+000                 -8.4610282415877123E+000                  3.9763152774047201E+000                  6.9999999999759288E-001                  2.8000000000240732E-001                  1.9999999999999796E-002                  0.0000000000000000E+000                  5.4038475713966572E+008                  2.0196286874734852E+006                  5.0728109999907039E-028                  0.0000000000000000E+000                  0.0000000000000000E+000                  8.7988775613166599E+000                  1.6730094088367622E+009                  3.5783137078094629E-007                  0.0000000000000000E+000                 -3.2231607939303943E+000                  1.1156356085499004E-001                  3.5012418821482105E-001                  5.0063918604681168E-001 
                                      84                  2.9989477039241903E+000                  7.0131415595021951E-001                  4.3176503628783536E+000                 -8.4447977688582583E+000                  3.9975020439801749E+000                  6.9999999999759288E-001                  2.8000000000240727E-001                  1.9999999999999796E-002                  0.0000000000000000E+000                  5.2897041471608287E+008                  2.0391179096518515E+006                  5.2659906713305843E-028                  0.0000000000000000E+000                  0.0000000000000000E+000                  8.7969610845776902E+000                  1.6923758613372326E+009                  3.7492844880492542E-007                  0.0000000000000000E+000                 -3.2130258024749514E+000                  1.1596091202143965E-001                  3.5452153938127073E-001                  5.0503653721326136E-001 
                                      85                  2.9989477038117296E+000                  7.0126383541081871E-001                  4.3215569280729973E+000                 -8.4318371580916089E+000                  4.0144085446816495E+000                  6.9999999999759288E-001                  2.8000000000240727E-001                  1.9999999999999796E-002                  0.0000000000000000E+000                  5.2088884444028163E+008                  2.0542449160945734E+006                  5.4255210402043702E-028                  0.0000000000000000E+000                  0.0000000000000000E+000                  8.7979418912750269E+000                  1.7108854849383917E+009                  3.8861159899384849E-007                  0.0000000000000000E+000                 -3.2052421205198840E+000                  1.2002040435421123E-001                  3.5858103171404238E-001                  5.0909602954603295E-001 
                                      86                  2.9989477037367558E+000                  7.0123126541108460E-001                  4.3245933862382389E+000                 -8.4218307400041059E+000                  4.0274791728861157E+000                  6.9999999999759288E-001                  2.8000000000240727E-001                  1.9999999999999796E-002                  0.0000000000000000E+000                  5.1519235168705297E+008                  2.0657427229900220E+006                  5.5519872666610828E-028                  0.0000000000000000E+000                  0.0000000000000000E+000                  8.7996196491410164E+000                  1.7228765746902552E+009                  3.9596793372977091E-007                  0.0000000000000000E+000                 -3.2011699913403828E+000                  1.2254777809240021E-001                  3.6110840545223133E-001                  5.1162340328422196E-001 
                                      87                  2.9989477036617820E+000                  7.0119943018453024E-001                  4.3280088546400126E+000                 -8.4106317379038096E+000                  4.0421216586914674E+000                  6.9999999999759288E-001                  2.8000000000240727E-001                  1.9999999999999796E-002                  0.0000000000000000E+000                  5.0935134681775683E+008                  2.0784126146720846E+006                  5.6970251067334699E-028                  0.0000000000000000E+000                  0.0000000000000000E+000                  8.8031891116998970E+000                  1.7346685966548135E+009                  4.0201989857755021E-007                  0.0000000000000000E+000                 -3.1978762251635438E+000                  1.2494026144382560E-001                  3.6350088880365672E-001                  5.1401588663564723E-001 
                                      88                  2.9989477035633794E+000                  7.0115869993202506E-001                  4.3317577847888549E+000                 -8.3983554898698589E+000                  4.0581716541487607E+000                  6.9999999999759288E-001                  2.8000000000240727E-001                  1.9999999999999796E-002                  0.0000000000000000E+000                  5.0356807881879926E+008                  2.0920042882816792E+006                  5.8603712043311563E-028                  0.0000000000000000E+000                  0.0000000000000000E+000                  8.8100914730977937E+000                  1.7497738042134984E+009                  4.0828318785469512E-007                  0.0000000000000000E+000                 -3.1945192514691412E+000                  1.2790390266474108E-001                  3.6646453002457224E-001                  5.1697952785656276E-001 
                                      89                  2.9989477034649763E+000                  7.0111909389775262E-001                  4.3361595011067253E+000                 -8.3840529574050855E+000                  4.0769023931054500E+000                  6.9999999999759288E-001                  2.8000000000240732E-001                  1.9999999999999796E-002                  0.0000000000000000E+000                  4.9755407571445924E+008                  2.1075760599415675E+006                  6.0565950698099282E-028                  0.0000000000000000E+000                  0.0000000000000000E+000                  8.8202405783667519E+000                  1.7645058846392391E+009                  4.1292597757024587E-007                  0.0000000000000000E+000                 -3.1920638971912205E+000                  1.3068566142596347E-001                  3.6924628878579469E-001                  5.1976128661778531E-001 
                                      90                  2.9989477033244003E+000                  7.0106432899237436E-001                  4.3402944186850876E+000                 -8.3705843314142783E+000                  4.0945222499402023E+000                  6.9999999999759288E-001                  2.8000000000240727E-001                  1.9999999999999796E-002                  0.0000000000000000E+000                  4.9255058876805437E+008                  2.1218191049878863E+006                  6.2473812120262608E-028                  0.0000000000000000E+000                  0.0000000000000000E+000                  8.8340741579801740E+000                  1.7848583301236322E+009                  4.1733922093686326E-007                  0.0000000000000000E+000                 -3.1897553995012733E+000                  1.3438947623070294E-001                  3.7295010359053404E-001                  5.2346510142252467E-001 
                                      91                  2.9989477032306833E+000                  7.0102892292311492E-001                  4.3443058641840278E+000                 -8.3576754366163737E+000                  4.1114604489703970E+000                  6.9999999999759288E-001                  2.8000000000240727E-001                  1.9999999999999796E-002                  0.0000000000000000E+000                  4.8825958631277472E+008                  2.1353262135232780E+006                  6.4358767979283961E-028                  0.0000000000000000E+000                  0.0000000000000000E+000                  8.8477172988508261E+000                  1.7980549775772254E+009                  4.1907330587688491E-007                  0.0000000000000000E+000                 -3.1888550009832080E+000                  1.3669700853425892E-001                  3.7525763589409000E-001                  5.2577263372608063E-001 
                                      92                  2.9989477030901082E+000                  7.0097735370573733E-001                  4.3485469971542985E+000                 -8.3440220455340874E+000                  4.1293681567606644E+000                  6.9999999999759288E-001                  2.8000000000240727E-001                  1.9999999999999796E-002                  0.0000000000000000E+000                  4.8422818527181500E+008                  2.1492799026105721E+006                  6.6414360212344363E-028                  0.0000000000000000E+000                  0.0000000000000000E+000                  8.8652511784399444E+000                  1.8173679480147929E+009                  4.2027995278823709E-007                  0.0000000000000000E+000                 -3.1882306626002896E+000                  1.3994524003372863E-001                  3.7850586739355974E-001                  5.2902086522555025E-001 
                                      93                  2.9989477029729610E+000                  7.0093569596193783E-001                  4.3530187676948655E+000                 -8.3297735868715215E+000                  4.1481038843124898E+000                  6.9999999999759288E-001                  2.8000000000240727E-001                  1.9999999999999796E-002                  0.0000000000000000E+000                  4.8051421441642022E+008                  2.1636879756144802E+006                  6.8629587040378468E-028                  0.0000000000000000E+000                  0.0000000000000000E+000                  8.8840200489234764E+000                  1.8330162277133939E+009                  4.2027345137841225E-007                  0.0000000000000000E+000                 -3.1882340217282139E+000                  1.4248178721874322E-001                  3.8104241457857424E-001                  5.3155741241056487E-001 
                                      94                  2.9989477028089566E+000                  7.0087923835141031E-001                  4.3569500724909673E+000                 -8.3172122236721560E+000                  4.1646043906474244E+000                  6.9999999999759288E-001                  2.8000000000240727E-001                  1.9999999999999796E-002                  0.0000000000000000E+000                  4.7761016965574270E+008                  2.1761095574072222E+006                  7.0643723940653116E-028                  0.0000000000000000E+000                  0.0000000000000000E+000                  8.9037022373231238E+000                  1.8542424013404906E+009                  4.1911046296419564E-007                  0.0000000000000000E+000                 -3.1888357485011234E+000                  1.4581224454738628E-001                  3.8437287190721742E-001                  5.3488786973920799E-001 
                                      95                  2.9989477027152396E+000                  7.0084788710606094E-001                  4.3590424774703340E+000                 -8.3105638373686155E+000                  4.1733497386861531E+000                  6.9999999999759288E-001                  2.8000000000240727E-001                  1.9999999999999796E-002                  0.0000000000000000E+000                  4.7619713798823142E+008                  2.1826441077210298E+006                  7.1733565580715861E-028                  0.0000000000000000E+000                  0.0000000000000000E+000                  8.9145046264513592E+000                  1.8660018627737637E+009                  4.1794670364489061E-007                  0.0000000000000000E+000                 -3.1894395478549105E+000                  1.4761454303889224E-001                  3.8617517039872340E-001                  5.3669016823071403E-001 
                                      96                  2.9989477026683811E+000                  7.0083244713072446E-001                  4.3611069796743562E+000                 -8.3040607475914019E+000                  4.1819236602803045E+000                  6.9999999999759288E-001                  2.8000000000240727E-001                  1.9999999999999796E-002                  0.0000000000000000E+000                  4.7489209245730960E+008                  2.1890480702969618E+006                  7.2815854273259341E-028                  0.0000000000000000E+000                  0.0000000000000000E+000                  8.9248305073593510E+000                  1.8718465125045187E+009                  4.1726410563584273E-007                  0.0000000000000000E+000                 -3.1897944865259582E+000                  1.4848814439032995E-001                  3.8704877175016106E-001                  5.3756376958215168E-001 
                                      97                  2.9989477025746636E+000                  7.0080202130970226E-001                  4.3651380552011831E+000                 -8.2914450296256579E+000                  4.1985844006793620E+000                  6.9999999999759288E-001                  2.8000000000240727E-001                  1.9999999999999796E-002                  0.0000000000000000E+000                  4.7255988855727530E+008                  2.2014312333911513E+006                  7.4962235883111403E-028                  0.0000000000000000E+000                  0.0000000000000000E+000                  8.9456151626642217E+000                  1.8834787925853798E+009                  4.1573556272519449E-007                  0.0000000000000000E+000                 -3.1905914118090624E+000                  1.5018454822326766E-001                  3.8874517558309873E-001                  5.3926017341508947E-001 
                                      98                  2.9989477023872295E+000                  7.0074289361974829E-001                  4.3696460132914936E+000                 -8.2772904471583519E+000                  4.2172569718010813E+000                  6.9999999999759288E-001                  2.8000000000240727E-001                  1.9999999999999796E-002                  0.0000000000000000E+000                  4.7021397897029454E+008                  2.2150959203207539E+006                  7.7445840850581053E-028                  0.0000000000000000E+000                  0.0000000000000000E+000                  8.9732905032991059E+000                  1.9060403916732237E+009                  4.1204428461807852E-007                  0.0000000000000000E+000                 -3.1925280527459154E+000                  1.5341305682046910E-001                  3.9197368418030015E-001                  5.4248868201229083E-001 
                                      99                  2.9989477022466544E+000                  7.0069995474153601E-001                  4.3733857448257991E+000                 -8.2656446743394252E+000                  4.2326528885450037E+000                  6.9999999999759288E-001                  2.8000000000240727E-001                  1.9999999999999796E-002                  0.0000000000000000E+000                  4.6848452483963603E+008                  2.2263230683728955E+006                  7.9550826273490320E-028                  0.0000000000000000E+000                  0.0000000000000000E+000                  8.9974743613516317E+000                  1.9224057742908611E+009                  4.0881522571104506E-007                  0.0000000000000000E+000                 -3.1942364689621692E+000                  1.5570492071379233E-001                  3.9426554807362346E-001                  5.4478054590561409E-001 
                                     100                  2.9989477021060784E+000                  7.0065813974624036E-001                  4.3776134376287406E+000                 -8.2525818525367232E+000                  4.2499575585515394E+000                  6.9999999999759288E-001                  2.8000000000240727E-001                  1.9999999999999796E-002                  0.0000000000000000E+000                  4.6673219306437272E+008                  2.2389238071682295E+006                  8.1980101696026304E-028                  0.0000000000000000E+000                  0.0000000000000000E+000                  9.0263648156263745E+000                  1.9384814980952902E+009                  4.0533860377373703E-007                  0.0000000000000000E+000                 -3.1960910164026117E+000                  1.5789535055441201E-001                  3.9645597791424309E-001                  5.4697097574623377E-001 
                                     101                  2.9989477019186443E+000                  7.0060402048402226E-001                  4.3811044119800551E+000                 -8.2417718228781141E+000                  4.2642674004924492E+000                  6.9999999999759288E-001                  2.8000000000240727E-001                  1.9999999999999796E-002                  0.0000000000000000E+000                  4.6539299781671137E+008                  2.2492678433828191E+006                  8.4046429383625453E-028                  0.0000000000000000E+000                  0.0000000000000000E+000                  9.0532322320008802E+000                  1.9592800598627210E+009                  4.0040506896879729E-007                  0.0000000000000000E+000                 -3.1987502165813204E+000                  1.6068401810713065E-001                  3.9924464546696176E-001                  5.4975964329895233E-001 
                                     102                  2.9989477018249273E+000                  7.0057761873942292E-001                  4.3845204703566010E+000                 -8.2313456167279355E+000                  4.2781240559884290E+000                  6.9999999999759288E-001                  2.8000000000240727E-001                  1.9999999999999796E-002                  0.0000000000000000E+000                  4.6420786965147746E+008                  2.2593663388975579E+006                  8.6088717998365147E-028                  0.0000000000000000E+000                  0.0000000000000000E+000                  9.0784655580949867E+000                  1.9694856966104014E+009                  3.9789239598042828E-007                  0.0000000000000000E+000                 -3.2001171802324047E+000                  1.6202614385122971E-001                  4.0058677121106084E-001                  5.5110176904305141E-001 
                                     103                  2.9989477016374928E+000                  7.0052605393638789E-001                  4.3889154745296475E+000                 -8.2179355888793459E+000                  4.2959458789561538E+000                  6.9999999999759288E-001                  2.8000000000240727E-001                  1.9999999999999796E-002                  0.0000000000000000E+000                  4.6279650281576514E+008                  2.2723114649301614E+006                  8.8788612246054250E-028                  0.0000000000000000E+000                  0.0000000000000000E+000                  9.1128695756144680E+000                  1.9895772608182418E+009                  3.9292838350951284E-007                  0.0000000000000000E+000                 -3.2028432992154645E+000                  1.6461610105365485E-001                  4.0317672841348595E-001                  5.5369172624547647E-001 
                                     104                  2.9989477014500587E+000                  7.0047603946253967E-001                  4.3931567785204919E+000                 -8.2050676487370566E+000                  4.3130728326952212E+000                  6.9999999999759288E-001                  2.8000000000240727E-001                  1.9999999999999796E-002                  0.0000000000000000E+000                  4.6156419774927837E+008                  2.2847674021205553E+006                  9.1458943890247240E-028                  0.0000000000000000E+000                  0.0000000000000000E+000                  9.1460875607817034E+000                  2.0090617949590778E+009                  3.8802128636217330E-007                  0.0000000000000000E+000                 -3.2055722244502483E+000                  1.6709363575133776E-001                  4.0565426311116887E-001                  5.5616926094315944E-001 
                                     105                  2.9989477012626247E+000                  7.0042746861941052E-001                  4.3972545873371267E+000                 -8.1926996120525057E+000                  4.3295571454983692E+000                  6.9999999999759288E-001                  2.8000000000240727E-001                  1.9999999999999796E-002                  0.0000000000000000E+000                  4.6048207751105052E+008                  2.2967769229166340E+006                  9.4101201483953161E-028                  0.0000000000000000E+000                  0.0000000000000000E+000                  9.1775230705993209E+000                  2.0280619305259466E+009                  3.8330777450929230E-007                  0.0000000000000000E+000                 -3.2082261859999521E+000                  1.6946755442019998E-001                  4.0802818178003109E-001                  5.5854317961202160E-001 
                                     106                  2.9989477010751902E+000                  7.0038024586704983E-001                  4.4012178615263595E+000                 -8.1807937149772005E+000                  4.3454453683068337E+000                  6.9999999999759288E-001                  2.8000000000240727E-001                  1.9999999999999796E-002                  0.0000000000000000E+000                  4.5952416144899523E+008                  2.3083783941752859E+006                  9.6716816433998872E-028                  0.0000000000000000E+000                  0.0000000000000000E+000                  9.2067183956125085E+000                  2.0466036455514011E+009                  3.7885554768932127E-007                  0.0000000000000000E+000                 -3.2107631744353093E+000                  1.7174716672250565E-001                  4.1030779408233670E-001                  5.6082279191432738E-001 
                                     107                  2.9989477008877561E+000                  7.0033428532160180E-001                  4.4050546259045777E+000                 -8.1693161398225254E+000                  4.3607791689512752E+000                  6.9999999999759288E-001                  2.8000000000240727E-001                  1.9999999999999796E-002                  0.0000000000000000E+000                  4.5867197621873337E+008                  2.3196014666066603E+006                  9.9307139788630526E-028                  0.0000000000000000E+000                  0.0000000000000000E+000                  9.2337528035722531E+000                  2.0647097031596630E+009                  3.7468799723196216E-007                  0.0000000000000000E+000                 -3.2131651094437839E+000                  1.7394030552913156E-001                  4.1250093288896267E-001                  5.6301593072095324E-001 
                                     108                  2.9989477007003220E+000                  7.0028950948555579E-001                  4.4096965865852322E+000                 -8.1555419906009554E+000                  4.3792225384566823E+000                  6.9999999999759299E-001                  2.8000000000240727E-001                  1.9999999999999796E-002                  0.0000000000000000E+000                  4.5775512949957871E+008                  2.3331686301316475E+006                  1.0250751981859888E-027                  0.0000000000000000E+000                  0.0000000000000000E+000                  9.2646912860863964E+000                  2.0824625913155398E+009                  3.7078891258542917E-007                  0.0000000000000000E+000                 -3.2154366303529804E+000                  1.7605186605600834E-001                  4.1461249341583950E-001                  5.6512749124783002E-001 
                                     109                  2.9989477004191705E+000                  7.0022441778574951E-001                  4.4141411925424627E+000                 -8.1423067515924448E+000                  4.3969248653239896E+000                  6.9999999999759288E-001                  2.8000000000240727E-001                  1.9999999999999796E-002                  0.0000000000000000E+000                  4.5695003997691947E+008                  2.3461296764593022E+006                  1.0567981424001118E-027                  0.0000000000000000E+000                  0.0000000000000000E+000                  9.2966458563216783E+000                  2.1082647109980466E+009                  3.6513479640062045E-007                  0.0000000000000000E+000                 -3.2187733889692680E+000                  1.7907996634249324E-001                  4.1764059370232437E-001                  5.6815559153431494E-001 
                                     110                  2.9989477002317364E+000                  7.0018231024129940E-001                  4.4175912032398541E+000                 -8.1321117431618717E+000                  4.4105901014475828E+000                  6.9999999999759288E-001                  2.8000000000240727E-001                  1.9999999999999796E-002                  0.0000000000000000E+000                  4.5640671261936849E+008                  2.3561758022652189E+006                  1.0819019162363823E-027                  0.0000000000000000E+000                  0.0000000000000000E+000                  9.3215047489256690E+000                  2.1249497181507752E+009                  3.6139959519425817E-007                  0.0000000000000000E+000                 -3.2210061691152663E+000                  1.8101165925231527E-001                  4.1957228661214629E-001                  5.7008728444413703E-001 
                                     111                  2.9989477000443014E+000                  7.0014116782612723E-001                  4.4217794093709939E+000                 -8.1198232702575890E+000                  4.4270944621614872E+000                  6.9999999999759288E-001                  2.8000000000240727E-001                  1.9999999999999796E-002                  0.0000000000000000E+000                  4.5584265713494921E+008                  2.3683505254313000E+006                  1.1129544466930794E-027                  0.0000000000000000E+000                  0.0000000000000000E+000                  9.3525578084892338E+000                  2.1413993254527304E+009                  3.5771194916190121E-007                  0.0000000000000000E+000                 -3.2232332761256819E+000                  1.8287635002280944E-001                  4.2143697738264047E-001                  5.7195197521463115E-001 
                                     112                  2.9989476997631508E+000                  7.0008115496950118E-001                  4.4258082755440808E+000                 -8.1079675669236124E+000                  4.4430031401504317E+000                  6.9999999999759288E-001                  2.8000000000240727E-001                  1.9999999999999796E-002                  0.0000000000000000E+000                  4.5536387167497313E+008                  2.3800273373822789E+006                  1.1437578718720996E-027                  0.0000000000000000E+000                  0.0000000000000000E+000                  9.3865747059849802E+000                  2.1653908327573609E+009                  3.5206856645377481E-007                  0.0000000000000000E+000                 -3.2266863740384237E+000                  1.8556079069030534E-001                  4.2412141805013642E-001                  5.7463641588212699E-001 
                                     113                  2.9989476995757158E+000                  7.0004221050153204E-001                  4.4305059046349466E+000                 -8.0943434466945767E+000                  4.4613613205499849E+000                  6.9999999999759288E-001                  2.8000000000240727E-001                  1.9999999999999796E-002                  0.0000000000000000E+000                  4.5495916109979385E+008                  2.3936099209169010E+006                  1.1802102628199128E-027                  0.0000000000000000E+000                  0.0000000000000000E+000                  9.4273520894548763E+000                  2.1810498764619880E+009                  3.4821585654319543E-007                  0.0000000000000000E+000                 -3.2290757282514777E+000                  1.8727823499991966E-001                  4.2583886235975082E-001                  5.7635386019174140E-001 
                                     114                  2.9989476992008477E+000                  6.9996669722172378E-001                  4.4357354138778158E+000                 -8.0791147445162732E+000                  4.4818561360809488E+000                  6.9999999999759288E-001                  2.8000000000240727E-001                  1.9999999999999796E-002                  0.0000000000000000E+000                  4.5461595587311512E+008                  2.4086575785293635E+006                  1.2223326691306114E-027                  0.0000000000000000E+000                  0.0000000000000000E+000                  9.4809860731591566E+000                  2.2115345225200000E+009                  3.4027620969231982E-007                  0.0000000000000000E+000                 -3.2340842067046944E+000                  1.9055714314235633E-001                  4.2911777050218741E-001                  5.7963276833417809E-001 
                                     115                  2.9989476989196961E+000                  6.9991198917248054E-001                  4.4400596226133136E+000                 -8.0666369295077924E+000                  4.4986930804544540E+000                  6.9999999999759288E-001                  2.8000000000240727E-001                  1.9999999999999796E-002                  0.0000000000000000E+000                  4.5446987777067989E+008                  2.4210456659179511E+006                  1.2579643733418203E-027                  0.0000000000000000E+000                  0.0000000000000000E+000                  9.5290090495436939E+000                  2.2335962747259698E+009                  3.3407125174915682E-007                  0.0000000000000000E+000                 -3.2380804478198035E+000                  1.9289158812685711E-001                  4.3145221548668827E-001                  5.8196721331867884E-001 
                                     116                  2.9989476986385450E+000                  6.9985881077522649E-001                  4.4449343088831128E+000                 -8.0526951265563600E+000                  4.5175541722958990E+000                  6.9999999999759288E-001                  2.8000000000240727E-001                  1.9999999999999796E-002                  0.0000000000000000E+000                  4.5446060428867728E+008                  2.4349410874350108E+006                  1.2990067294108786E-027                  0.0000000000000000E+000                  0.0000000000000000E+000                  9.5875755901088340E+000                  2.2552515525808840E+009                  3.2772431089437514E-007                  0.0000000000000000E+000                 -3.2422456705269029E+000                  1.9512424316028412E-001                  4.3368487052011523E-001                  5.8419986835210580E-001 
                                     117                  2.9989476982636765E+000                  6.9979011737977381E-001                  4.4496140235343180E+000                 -8.0393310606718291E+000                  4.5356413257861581E+000                  6.9999999999759288E-001                  2.8000000000240727E-001                  1.9999999999999796E-002                  0.0000000000000000E+000                  4.5458460349884444E+008                  2.4481910959369652E+006                  1.3396047846900928E-027                  0.0000000000000000E+000                  0.0000000000000000E+000                  9.6508104787377995E+000                  2.2833037326066842E+009                  3.1901099770224522E-007                 -8.6391007732972211E-021                 -3.2480971723286682E+000                  1.9795980742347960E-001                  4.3652043478331071E-001                  5.8703543261530133E-001 
                                     118                  2.9989476979825254E+000                  6.9974013807712987E-001                  4.4535029550155407E+000                 -8.0283285249153167E+000                  4.5505735214286540E+000                  6.9999999999759288E-001                  2.8000000000240727E-001                  1.9999999999999796E-002                  0.0000000000000000E+000                  4.5482013535397303E+008                  2.4591306194065986E+006                  1.3739794812189627E-027                  0.0000000000000000E+000                  0.0000000000000000E+000                  9.7071097955364998E+000                  2.3037762694111099E+009                  3.1228728077700697E-007                 -3.4261442730023725E-020                 -3.2527228519464604E+000                  1.9998752286845756E-001                  4.3854815022828869E-001                  5.8906314806027926E-001 
                                     119                  2.9989476977013738E+000                  6.9969139244082046E-001                  4.4579073748656013E+000                 -8.0159811875990510E+000                  4.5673767234241485E+000                  6.9999999999759299E-001                  2.8000000000240727E-001                  1.9999999999999796E-002                  0.0000000000000000E+000                  4.5523951412453437E+008                  2.4714308479918656E+006                  1.4136071917913738E-027                  0.0000000000000000E+000                  0.0000000000000000E+000                  9.7751191993935862E+000                  2.3239387204006486E+009                  3.0543308793747879E-007                 -5.0970068505288266E-020                 -3.2575419585411058E+000                  2.0193331197031208E-001                  4.4049393933014319E-001                  5.9100893716213387E-001 
                                     120                  2.9989476973265052E+000                  6.9962819564557499E-001                  4.4627625573423044E+000                 -8.0024465063132286E+000                  4.5858270661988891E+000                  6.9999999999759299E-001                  2.8000000000240727E-001                  1.9999999999999796E-002                  0.0000000000000000E+000                  4.5587936208824730E+008                  2.4848620053251660E+006                  1.4583599183856414E-027                  0.0000000000000000E+000                  0.0000000000000000E+000                  9.8567417551320862E+000                  2.3502326664197822E+009                  2.9611290607922043E-007                 -3.3622963669805460E-020                 -3.2642713317379086E+000                  2.0441189450061295E-001                  4.4297252186044406E-001                  5.9348751969243463E-001 
                                     121                  2.9989476969516371E+000                  6.9956691164674956E-001                  4.4668677731291222E+000                 -7.9910728109795661E+000                  4.6013607733138260E+000                  6.9999999999759299E-001                  2.8000000000240727E-001                  1.9999999999999796E-002                  0.0000000000000000E+000                  4.5658239515312356E+008                  2.4960954592059138E+006                  1.4970610688075376E-027                  0.0000000000000000E+000                  0.0000000000000000E+000                  9.9311375993136437E+000                  2.3757979838141494E+009                  2.8660754426318879E-007                 -8.3210011987305820E-021                 -3.2713561910085023E+000                  2.0676895154839231E-001                  4.4532957890822333E-001                  5.9584457674021396E-001 
                                     122                  2.9989476966704851E+000                  6.9952212033532912E-001                  4.4702970489588303E+000                 -7.9816610045647796E+000                  4.6142522334487595E+000                  6.9999999999759299E-001                  2.8000000000240727E-001                  1.9999999999999796E-002                  0.0000000000000000E+000                  4.5730904359207237E+008                  2.5053786565453080E+006                  1.5298619586101053E-027                  0.0000000000000000E+000                  0.0000000000000000E+000                  9.9962887497131430E+000                  2.3946026827240243E+009                  2.7936754639968227E-007                  0.0000000000000000E+000                 -3.2769120232307558E+000                  2.0845903564934357E-001                  4.4701966300917467E-001                  5.9753466084116535E-001 
                                     123                  2.9989476963893344E+000                  6.9947827585515177E-001                  4.4741996384121041E+000                 -7.9710486072542048E+000                  4.6288298095009548E+000                  6.9999999999759299E-001                  2.8000000000240727E-001                  1.9999999999999796E-002                  0.0000000000000000E+000                  4.5830370602668244E+008                  2.5158145299644815E+006                  1.5677098796357272E-027                  0.0000000000000000E+000                  0.0000000000000000E+000                  1.0073821688797887E+001                  2.4131862812689400E+009                  2.7203408673507825E-007                  0.0000000000000000E+000                 -3.2826883370390809E+000                  2.1008282020972732E-001                  4.4864344756955837E-001                  5.9915844540154906E-001 
                                     124                  2.9989476960144654E+000                  6.9942120785781181E-001                  4.4785262816933828E+000                 -7.9593587757995179E+000                  4.6449202187763436E+000                  6.9999999999759299E-001                  2.8000000000240727E-001                  1.9999999999999796E-002                  0.0000000000000000E+000                  4.5961678742905349E+008                  2.5272001530189691E+006                  1.6104850616305748E-027                  0.0000000000000000E+000                  0.0000000000000000E+000                  1.0165053466714950E+001                  2.4375289442578492E+009                  2.6211833035830658E-007                  0.0000000000000000E+000                 -3.2907513035383316E+000                  2.1215215522499345E-001                  4.5071278258482450E-001                  6.0122778041681502E-001 
                                     125                  2.9989476956395968E+000                  6.9936563384408501E-001                  4.4822036378236971E+000                 -7.9494901465577286E+000                  4.6585331863972650E+000                  6.9999999999759299E-001                  2.8000000000240727E-001                  1.9999999999999796E-002                  0.0000000000000000E+000                  4.6092201894782436E+008                  2.5367063796642190E+006                  1.6475034531571741E-027                  0.0000000000000000E+000                  0.0000000000000000E+000                  1.0246822925950900E+001                  2.4613201170912585E+009                  2.5206125038583487E-007                  0.0000000000000000E+000                 -3.2992469568466061E+000                  2.1411963063721634E-001                  4.5268025799704747E-001                  6.0319525582903810E-001 
                                     126                  2.9989476953584457E+000                  6.9932487621648631E-001                  4.4852868938223160E+000                 -7.9412918344100545E+000                  4.6698753761933052E+000                  6.9999999999759299E-001                  2.8000000000240727E-001                  1.9999999999999796E-002                  0.0000000000000000E+000                  4.6217398184231967E+008                  2.5445413426518063E+006                  1.6789025473412853E-027                  0.0000000000000000E+000                  0.0000000000000000E+000                  1.0317700997868947E+001                  2.4788838744928703E+009                  2.4442807873861854E-007                  0.0000000000000000E+000                 -3.3059244529365208E+000                  2.1552862250018878E-001                  4.5408924986001986E-001                  6.0460424769201049E-001 
                                     127                  2.9989476950772942E+000                  6.9928486960846081E-001                  4.4898085203739333E+000                 -7.9294293015043325E+000                  4.6863578406093778E+000                  6.9999999999759299E-001                  2.8000000000240727E-001                  1.9999999999999796E-002                  0.0000000000000000E+000                  4.6431400925296700E+008                  2.5557766997655858E+006                  1.7253978555508272E-027                  0.0000000000000000E+000                  0.0000000000000000E+000                  1.0424583015135934E+001                  2.4963420307369890E+009                  2.3670206301100665E-007                  0.0000000000000000E+000                 -3.3128989784490792E+000                  2.1687650345924808E-001                  4.5543713081907916E-001                  6.0595212865106973E-001 
                                     128                  2.9989476945149915E+000                  6.9920698062543551E-001                  4.4946495929716477E+000                 -7.9167586377327392E+000                  4.7039790467644700E+000                  6.9999999999759299E-001                  2.8000000000240727E-001                  1.9999999999999796E-002                  0.0000000000000000E+000                  4.6699132575000238E+008                  2.5674143922972679E+006                  1.7764838077966688E-027                  0.0000000000000000E+000                  0.0000000000000000E+000                  1.0546694853691418E+001                  2.5304991294074235E+009                  2.2104108774028670E-007                  0.0000000000000000E+000                 -3.3277634954644251E+000                  2.1941396628601140E-001                  4.5797459364584242E-001                  6.0848959147783310E-001 
                                     129                  2.9989476941401234E+000                  6.9915652534434436E-001                  4.4974812416184635E+000                 -7.9094149837458128E+000                  4.7142231925266112E+000                  6.9999999999759299E-001                  2.8000000000240727E-001                  1.9999999999999796E-002                  0.0000000000000000E+000                  4.6878142806997508E+008                  2.5740129621035908E+006                  1.8067817301671101E-027                  0.0000000000000000E+000                  0.0000000000000000E+000                  1.0620554469352472E+001                  2.5526476989874063E+009                  2.1045390932904821E-007                 -8.9198211572930096E-021                 -3.3384215012581349E+000                  2.2099606213789955E-001                  4.5955668949773071E-001                  6.1007168732972128E-001 
                                     130                  2.9989476939526889E+000                  6.9913171425220311E-001                  4.5002719497084511E+000                 -7.9022688978926254E+000                  4.7242335183228521E+000                  6.9999999999759299E-001                  2.8000000000240727E-001                  1.9999999999999796E-002                  0.0000000000000000E+000                  4.7073556109098125E+008                  2.5803520211211471E+006                  1.8367605567533199E-027                  0.0000000000000000E+000                  0.0000000000000000E+000                  1.0694093315354838E+001                  2.5636718949061942E+009                  2.0509219374110471E-007                 -3.5550650857722883E-020                 -3.3440254347589695E+000                  2.2174850962490572E-001                  4.6030913698473680E-001                  6.1082413481672737E-001 
                                     131                  2.9989476935778199E+000                  6.9908288947798047E-001                  4.5043600024118318E+000                 -7.8918683492627553E+000                  4.7388356975620178E+000                  6.9999999999759288E-001                  2.8000000000240727E-001                  1.9999999999999796E-002                  0.0000000000000000E+000                  4.7393238405063963E+008                  2.5893157499019168E+006                  1.8812833977150996E-027                  0.0000000000000000E+000                  0.0000000000000000E+000                  1.0805192109785203E+001                  2.5855859145674100E+009                  1.9423828360681648E-007                 -5.2954910267261732E-020                 -3.3558325841229024E+000                  2.2317919731083849E-001                  4.6173982467066954E-001                  6.1225482250266006E-001 
                                     132                  2.9989476931092347E+000                  6.9902328040638284E-001                  4.5092125445067328E+000                 -7.8796524684728508E+000                  4.7560500250259166E+000                  6.9999999999759299E-001                  2.8000000000240727E-001                  1.9999999999999796E-002                  0.0000000000000000E+000                  4.7832197776517057E+008                  2.5994128679687651E+006                  1.9349575771247482E-027                  0.0000000000000000E+000                  0.0000000000000000E+000                  1.0941529225953648E+001                  2.6125111814612341E+009                  1.8046862284181954E-007                 -3.5009758471505184E-020                 -3.3717991478797402E+000                  2.2484397044676394E-001                  4.6340459780659499E-001                  6.1391959563858556E-001 
                                     133                  2.9989476925469321E+000                  6.9895370247662858E-001                  4.5147573288421743E+000                 -7.8658660608076687E+000                  4.7755640457360373E+000                  6.9999999999759299E-001                  2.8000000000240727E-001                  1.9999999999999796E-002                  0.0000000000000000E+000                  4.8424676289354300E+008                  2.6101494376231958E+006                  1.9973740133015537E-027                  0.0000000000000000E+000                  0.0000000000000000E+000                  1.1103000284411062E+001                  2.6442440534669952E+009                  1.6361592018061710E-007                 -8.6700498467380777E-021                 -3.3930872204111795E+000                  2.2666180880267817E-001                  4.6522243616250930E-001                  6.1573743399449998E-001 
                                     134                  2.9989476918909119E+000                  6.9887502430346793E-001                  4.5209190999265507E+000                 -7.8507600382556122E+000                  4.7970570962588495E+000                  6.9999999999759299E-001                  2.8000000000240727E-001                  1.9999999999999796E-002                  0.0000000000000000E+000                  4.9213600769250160E+008                  2.6209586734981895E+006                  2.0680790403948167E-027                  0.0000000000000000E+000                  0.0000000000000000E+000                  1.1289313578655655E+001                  2.6805339555874557E+009                  1.4346781396973494E-007                  0.0000000000000000E+000                 -3.4216227595109179E+000                  2.2854197109223623E-001                  4.6710259845206725E-001                  6.1761759628405788E-001 
                                     135                  2.9989476911411752E+000                  6.9878813055177824E-001                  4.5256618458330529E+000                 -7.8392172119478705E+000                  4.8135300286196658E+000                  6.9999999999759299E-001                  2.8000000000240721E-001                  1.9999999999999796E-002                  0.0000000000000000E+000                  4.9924768604551935E+008                  2.6284012536176606E+006                  2.1237886250517403E-027                  0.0000000000000000E+000                  0.0000000000000000E+000                  1.1439191249558732E+001                  2.7208760247532039E+009                  1.1987560224009476E-007                  0.0000000000000000E+000                 -3.4606345989872072E+000                  2.3040655160811765E-001                  4.6896717896794871E-001                  6.1948217679993933E-001 
                                     136                  2.9989476907663066E+000                  6.9874580432431677E-001                  4.5302953636873546E+000                 -7.8281788076859922E+000                  4.8294069804669570E+000                  6.9999999999759299E-001                  2.8000000000240727E-001                  1.9999999999999796E-002                  0.0000000000000000E+000                  5.0727538759763283E+008                  2.6349143213993064E+006                  2.1784669927388631E-027                  0.0000000000000000E+000                  0.0000000000000000E+000                  1.1587620798126791E+001                  2.7408083387155638E+009                  1.0775852510459890E-007                  0.0000000000000000E+000                 -3.4837741807254861E+000                  2.3121756053433443E-001                  4.6977818789416553E-001                  6.2029318572615622E-001 
                                     137                  2.9989476900165695E+000                  6.9866324075052022E-001                  4.5347721874767304E+000                 -7.8175375302309522E+000                  4.8447353639318571E+000                  6.9999999999759299E-001                  2.8000000000240727E-001                  1.9999999999999796E-002                  0.0000000000000000E+000                  5.1608090212150764E+008                  2.6404846221612692E+006                  2.2325105511511183E-027                  0.0000000000000000E+000                  0.0000000000000000E+000                  1.1739520105624360E+001                  2.7801067245949268E+009                  8.2878282872034435E-008                  0.0000000000000000E+000                 -3.5407796277552936E+000                  2.3262802821471246E-001                  4.7118865557454354E-001                  6.2170365340653411E-001 
                                     138                  2.9989476896417009E+000                  6.9862294107869649E-001                  4.5391536381900721E+000                 -7.8073364215714935E+000                  4.8595465308203130E+000                  6.9999999999759299E-001                  2.8000000000240727E-001                  1.9999999999999796E-002                  0.0000000000000000E+000                  5.2589439002901489E+008                  2.6452315407118760E+006                  2.2855769618899590E-027                  0.0000000000000000E+000                  0.0000000000000000E+000                  1.1893631447193554E+001                  2.7994878230900879E+009                  7.0030754347544323E-008                  0.0000000000000000E+000                 -3.5773555977769429E+000                  2.3323399992189439E-001                  4.7179462728172555E-001                  6.2230962511371624E-001 
                                     139                  2.9989476888919642E+000                  6.9854418048467704E-001                  4.5433999968158467E+000                 -7.7974859645223642E+000                  4.8738794162356376E+000                  6.9999999999759299E-001                  2.8000000000240727E-001                  1.9999999999999796E-002                  0.0000000000000000E+000                  5.3655988117318940E+008                  2.6491646748938514E+006                  2.3380161113675611E-027                  0.0000000000000000E+000                  0.0000000000000000E+000                  1.2053911430382746E+001                  2.8377927767941880E+009                  4.3429265305396743E-008                  0.0000000000000000E+000                 -3.6811087587762987E+000                  2.3426291984032555E-001                  4.7282354720015662E-001                  6.2333854503214725E-001 
                                     140                  2.9989476885170956E+000                  6.9850566774231593E-001                  4.5475635679714834E+000                 -7.7880253623604307E+000                  4.8877591959557227E+000                  6.9999999999759299E-001                  2.8000000000240727E-001                  1.9999999999999796E-002                  0.0000000000000000E+000                  5.4828941151150322E+008                  2.6524330643094447E+006                  2.3895122429914092E-027                  0.0000000000000000E+000                  0.0000000000000000E+000                  1.2219185847988275E+001                  2.8567337190555959E+009                  2.9648982411903011E-008                  0.0000000000000000E+000                 -3.7639951037717667E+000                  2.3469497965151143E-001                  4.7325560701134251E-001                  6.2377060484333313E-001 
                                     141                  2.9989476877673589E+000                  6.9843027236892308E-001                  4.5529529749124915E+000                 -7.7759223581875210E+000                  4.9056135331498290E+000                  6.9999999999759299E-001                  2.8000000000240727E-001                  1.9999999999999796E-002                  0.0000000000000000E+000                  5.6540934961393178E+008                  2.6559386685661874E+006                  2.4570486997842997E-027                  0.0000000000000000E+000                  0.0000000000000000E+000                  1.2451071096193601E+001                  2.8944352126539316E+009                  1.0923342165059916E-009                  0.0000000000000000E+000                 -4.4808222311009631E+000                  2.3541418596897676E-001                  4.7397481332880781E-001                  6.2448981116079849E-001 
                                     142                  2.9989476870176213E+000                  6.9835691143914913E-001                  4.5568844450838952E+000                 -7.7672093551851935E+000                  4.9185471208357789E+000                  6.9999999999759299E-001                  2.8000000000240727E-001                  1.9999999999999796E-002                  0.0000000000000000E+000                  5.7938204499458218E+008                  2.6580760398173579E+006                  2.5068471845168582E-027                  0.0000000000000000E+000                  0.0000000000000000E+000                  1.2632098177431134E+001                  2.9314344719075241E+009                 -2.8183251487985987E-008                  0.0000000000000000E+000                 -9.8999999999999986E+001                  2.3600719369115522E-001                  4.7456782105098622E-001                  6.2508281888297690E-001 
                                     143                  2.9989476866427531E+000                  6.9832094596241223E-001                  4.5607497272134268E+000                 -7.7588222848515782E+000                  4.9311107517456856E+000                  6.9999999999759299E-001                  2.8000000000240727E-001                  1.9999999999999796E-002                  0.0000000000000000E+000                  5.9447154196461260E+008                  2.6599079584511928E+006                  2.5557360170678563E-027                  0.0000000000000000E+000                  0.0000000000000000E+000                  1.2815568531598606E+001                  2.9498946774883041E+009                 -4.3075386093058518E-008                  0.0000000000000000E+000                 -9.8999999999999986E+001                  2.3625933980887373E-001                  4.7481996716870484E-001                  6.2533496500069541E-001 
                                     144                  2.9989476858930160E+000                  6.9825036483950964E-001                  4.5657731261533607E+000                 -7.7480711149382540E+000                  4.9473264803407337E+000                  6.9999999999759299E-001                  2.8000000000240727E-001                  1.9999999999999796E-002                  0.0000000000000000E+000                  6.1606871464734221E+008                  2.6620413771957252E+006                  2.6198024282702846E-027                  0.0000000000000000E+000                  0.0000000000000000E+000                  1.3061780061543278E+001                  2.9867710608937211E+009                 -7.2946108452662181E-008                  0.0000000000000000E+000                 -9.8999999999999986E+001                  2.3670350141365418E-001                  4.7526412877348534E-001                  6.2577912660547597E-001 
                                     145                  2.9989476851432793E+000                  6.9818147636016903E-001                  4.5706661744765968E+000                 -7.7377975064587252E+000                  4.9629682195640434E+000                  6.9999999999759299E-001                  2.8000000000240727E-001                  1.9999999999999796E-002                  0.0000000000000000E+000                  6.3919825848932850E+008                  2.6640817614695281E+006                  2.6825231630956891E-027                  0.0000000000000000E+000                  0.0000000000000000E+000                  1.3305051250841940E+001                  3.0232783211461816E+009                 -1.0232237213826431E-007                  0.0000000000000000E+000                 -9.8999999999999986E+001                  2.3711285709334928E-001                  4.7567348445318036E-001                  6.2618848228517099E-001 
                                     146                  2.9989476843935425E+000                  6.9811416671718463E-001                  4.5754343698322115E+000                 -7.7279679677438304E+000                  4.9780753309544439E+000                  6.9999999999759299E-001                  2.8000000000240727E-001                  1.9999999999999796E-002                  0.0000000000000000E+000                  6.6361860993484271E+008                  2.6662891171027040E+006                  2.7439380908294282E-027                  0.0000000000000000E+000                  0.0000000000000000E+000                  1.3541294193734432E+001                  3.0595968187530994E+009                 -1.3069058313664554E-007                  0.0000000000000000E+000                 -9.8999999999999986E+001                  2.3752639131955597E-001                  4.7608701867938708E-001                  6.2660201651137770E-001 
                                     147                  2.9989476836438049E+000                  6.9804833313857073E-001                  4.5812354024663318E+000                 -7.7162725941367087E+000                  4.9962597399072743E+000                  6.9999999999759299E-001                  2.8000000000240727E-001                  1.9999999999999796E-002                  0.0000000000000000E+000                  6.9570585485269749E+008                  2.6696429571997197E+006                  2.8188452534583292E-027                  0.0000000000000000E+000                  0.0000000000000000E+000                  1.3821646874901207E+001                  3.0958707019322529E+009                 -1.5747498316581757E-007                  0.0000000000000000E+000                 -9.8999999999999986E+001                  2.3799049213277437E-001                  4.7655111949260542E-001                  6.2706611732459616E-001 
                                     148                  2.9989476825191996E+000                  6.9795215278585243E-001                  4.5868319368824144E+000                 -7.7051322538433489E+000                  5.0137284090814589E+000                  6.9999999999759299E-001                  2.8000000000240727E-001                  1.9999999999999796E-002                  0.0000000000000000E+000                  7.2863313746770227E+008                  2.6739648671726678E+006                  2.8920984585350857E-027                  0.0000000000000000E+000                  0.0000000000000000E+000                  1.4084544248291458E+001                  3.1497564174965262E+009                 -1.9423788757766743E-007                  0.0000000000000000E+000                 -9.8999999999999986E+001                  2.3883580055445480E-001                  4.7739642791428588E-001                  6.2791142574627645E-001 
                                     149                  2.9989476817694629E+000                  6.9788962215111305E-001                  4.5922722317271862E+000                 -7.6945547811676445E+000                  5.0305310094307094E+000                  6.9999999999759299E-001                  2.8000000000240727E-001                  1.9999999999999796E-002                  0.0000000000000000E+000                  7.6170476320174837E+008                  2.6794872750128577E+006                  2.9634116745568488E-027                  0.0000000000000000E+000                  0.0000000000000000E+000                  1.4325825448031516E+001                  3.1854491757663236E+009                 -2.1602319527756782E-007                  0.0000000000000000E+000                 -9.8999999999999986E+001                  2.3953782348391323E-001                  4.7809845084374436E-001                  6.2861344867573499E-001 
                                     150                  2.9989476806448572E+000                  6.9779803431520127E-001                  4.5985585966156037E+000                 -7.6824739443244860E+000                  5.0498878953648116E+000                  6.9999999999759299E-001                  2.8000000000240727E-001                  1.9999999999999796E-002                  0.0000000000000000E+000                  7.9987245205696952E+008                  2.6878783420444196E+006                  3.0470142933141669E-027                  0.0000000000000000E+000                  0.0000000000000000E+000                  1.4586362957783271E+001                  3.2387631756623054E+009                 -2.4393858233572446E-007                  0.0000000000000000E+000                 -9.8999999999999986E+001                  2.4084627593353011E-001                  4.7940690329336122E-001                  6.2992190112535185E-001 
                                     151                  2.9989476795202519E+000                  6.9770890346710213E-001                  4.6041023560588892E+000                 -7.6719348296579009E+000                  5.0669180293851381E+000                  6.9999999999759299E-001                  2.8000000000240727E-001                  1.9999999999999796E-002                  0.0000000000000000E+000                  8.3235790345529962E+008                  2.6974031793743079E+006                  3.1218719062948281E-027                  0.0000000000000000E+000                  0.0000000000000000E+000                  1.4795152113282374E+001                  3.2912788845508399E+009                 -2.6627662853242233E-007                  0.0000000000000000E+000                 -9.8999999999999986E+001                  2.4245246261062300E-001                  4.8101308997045417E-001                  6.3152808780244474E-001 
                                     152                  2.9989476785830806E+000                  6.9763636803876994E-001                  4.6089754419544766E+000                 -7.6627628699163477E+000                  5.0818508036323378E+000                  6.9999999999759299E-001                  2.8000000000240727E-001                  1.9999999999999796E-002                  0.0000000000000000E+000                  8.5901323596733165E+008                  2.7075693332778867E+006                  3.1885140580806536E-027                  0.0000000000000000E+000                  0.0000000000000000E+000                  1.4960103811570601E+001                  3.3345669937024860E+009                 -2.8026420819765161E-007                  0.0000000000000000E+000                 -9.8999999999999986E+001                  2.4404025207489830E-001                  4.8260087943472940E-001                  6.3311587726672003E-001 
                                     153                  2.9989476776459090E+000                  6.9756531320859627E-001                  4.6148588023235879E+000                 -7.6517964715011910E+000                  5.0998340092006158E+000                  6.9999999999759299E-001                  2.8000000000240727E-001                  1.9999999999999796E-002                  0.0000000000000000E+000                  8.8748949171118104E+008                  2.7221770174504835E+006                  3.2700643810439782E-027                  0.0000000000000000E+000                  0.0000000000000000E+000                  1.5135166919238367E+001                  3.3775424513893161E+009                 -2.8984815878970640E-007                  0.0000000000000000E+000                 -9.8999999999999986E+001                  2.4586361936721504E-001                  4.8442424672704620E-001                  6.3493924455903683E-001 
                                     154                  2.9989476762401526E+000                  6.9746132573550657E-001                  4.6215830886873395E+000                 -7.6392162094156975E+000                  5.1204941235213957E+000                  6.9999999999759299E-001                  2.8000000000240727E-001                  1.9999999999999796E-002                  0.0000000000000000E+000                  9.1301323172479570E+008                  2.7421123187082773E+006                  3.3661881681490726E-027                  0.0000000000000000E+000                  0.0000000000000000E+000                  1.5307831792850925E+001                  3.4408348709595561E+009                 -2.9726600319188295E-007                  0.0000000000000000E+000                 -9.8999999999999986E+001                  2.4895549205388751E-001                  4.8751611941371858E-001                  6.3803111724570916E-001 
                                     155                  2.9989476748343953E+000                  6.9736023569289507E-001                  4.6279820635078437E+000                 -7.6272119280667967E+000                  5.1402338320732506E+000                  6.9999999999759299E-001                  2.8000000000240727E-001                  1.9999999999999796E-002                  0.0000000000000000E+000                  9.2886606190595853E+008                  2.7643650166837336E+006                  3.4605444787991775E-027                  0.0000000000000000E+000                  0.0000000000000000E+000                  1.5444122415008586E+001                  3.5023751719460382E+009                 -2.9761243259291757E-007                  0.0000000000000000E+000                 -9.8999999999999986E+001                  2.5239675077076706E-001                  4.9095737813059825E-001                  6.4147237596258888E-001 
                                     156                  2.9989476734286389E+000                  6.9726183382631934E-001                  4.6325605418667495E+000                 -7.6185067061224672E+000                  5.1544839544049230E+000                  6.9999999999759299E-001                  2.8000000000240727E-001                  1.9999999999999796E-002                  0.0000000000000000E+000                  9.3487870383467054E+008                  2.7822101603748803E+006                  3.5306198040986499E-027                  0.0000000000000000E+000                  0.0000000000000000E+000                  1.5525872497454426E+001                  3.5619836832548013E+009                 -2.9212768410073315E-007                  0.0000000000000000E+000                 -9.8999999999999986E+001                  2.5611170647826204E-001                  4.9467233383809317E-001                  6.4518733167008380E-001 
                                     157                  2.9989476727257602E+000                  6.9721358485021245E-001                  4.6365211318510875E+000                 -7.6110211821171427E+000                  5.1667751294981707E+000                  6.9999999999759299E-001                  2.8000000000240727E-001                  1.9999999999999796E-002                  0.0000000000000000E+000                  9.3650147362251616E+008                  2.7989404109048373E+006                  3.5920105305459056E-027                  0.0000000000000000E+000                  0.0000000000000000E+000                  1.5579319661738516E+001                  3.5911963270423021E+009                 -2.8720997417753281E-007                  0.0000000000000000E+000                 -9.8999999999999986E+001                  2.5806769884241387E-001                  4.9662832620224495E-001                  6.4714332403423558E-001 
                                     158                  2.9989476715542969E+000                  6.9713450928394394E-001                  4.6412811200688022E+000                 -7.6018861947531988E+000                  5.1816761770478177E+000                  6.9999999999759299E-001                  2.8000000000240727E-001                  1.9999999999999796E-002                  0.0000000000000000E+000                  9.3388783785434926E+008                  2.8205677822130597E+006                  3.6683771001605240E-027                  0.0000000000000000E+000                  0.0000000000000000E+000                  1.5625410928198759E+001                  3.6389972587443795E+009                 -2.7611051093952810E-007                  0.0000000000000000E+000                 -9.8999999999999986E+001                  2.6144692991152452E-001                  5.0000755727135560E-001                  6.5052255510334633E-001 
                                     159                  2.9989476703828326E+000                  6.9705703775196071E-001                  4.6463084277597186E+000                 -7.5921282032534680E+000                  5.1975086897484228E+000                  6.9999999999759299E-001                  2.8000000000240727E-001                  1.9999999999999796E-002                  0.0000000000000000E+000                  9.2597821731956029E+008                  2.8451636783914296E+006                  3.7517462829360121E-027                  0.0000000000000000E+000                  0.0000000000000000E+000                  1.5647072811401809E+001                  3.6853225415758324E+009                 -2.6242924354817734E-007                  0.0000000000000000E+000                 -9.8999999999999986E+001                  2.6491065017579402E-001                  5.0347127753562515E-001                  6.5398627536761567E-001 
                                     160                  2.9989476689770762E+000                  6.9696608454140196E-001                  4.6511056504680504E+000                 -7.5826076567922325E+000                  5.2127968403195242E+000                  6.9999999999759299E-001                  2.8000000000240727E-001                  1.9999999999999796E-002                  0.0000000000000000E+000                  9.1417225236705744E+008                  2.8701963953596638E+006                  3.8349127095090690E-027                  0.0000000000000000E+000                  0.0000000000000000E+000                  1.5641527049797451E+001                  3.7389468821460004E+009                 -2.4333858998853083E-007                  0.0000000000000000E+000                 -9.8999999999999986E+001                  2.6913353239656851E-001                  5.0769415975639964E-001                  6.5820915758839027E-001 
                                     161                  2.9989476678056119E+000                  6.9689189136524765E-001                  4.6557116347574219E+000                 -7.5733394248909560E+000                  5.2275749894616617E+000                  6.9999999999759299E-001                  2.8000000000240727E-001                  1.9999999999999796E-002                  0.0000000000000000E+000                  8.9964746124384296E+008                  2.8955944210400288E+006                  3.9176457878817711E-027                  0.0000000000000000E+000                  0.0000000000000000E+000                  1.5608525087992936E+001                  3.7820227264509921E+009                 -2.2576130254232321E-007                  0.0000000000000000E+000                 -9.8999999999999986E+001                  2.7267617307424824E-001                  5.1123680043407926E-001                  6.6175179826607000E-001 
                                     162                  2.9989476663998551E+000                  6.9680469084697194E-001                  4.6613001996294656E+000                 -7.5618513377323984E+000                  5.2456985197524100E+000                  6.9999999999759299E-001                  2.8000000000240727E-001                  1.9999999999999796E-002                  0.0000000000000000E+000                  8.7874935550890219E+008                  2.9280536215359024E+006                  4.0226761947017682E-027                  0.0000000000000000E+000                  0.0000000000000000E+000                  1.5537983319655126E+001                  3.8319211999448671E+009                 -2.0328221618334261E-007                  0.0000000000000000E+000                 -9.8999999999999986E+001                  2.7692761881038430E-001                  5.1548824617021538E-001                  6.6600324400220601E-001 
                                     163                  2.9989476645255122E+000                  6.9669138026300825E-001                  4.6673100385215118E+000                 -7.5490611579145694E+000                  5.2655455900610812E+000                  6.9999999999759299E-001                  2.8000000000240727E-001                  1.9999999999999796E-002                  0.0000000000000000E+000                  8.5344070120893168E+008                  2.9647067028526650E+006                  4.1429272920808175E-027                  0.0000000000000000E+000                  0.0000000000000000E+000                  1.5434900450213002E+001                  3.8951198696354656E+009                 -1.7287045238459011E-007                  0.0000000000000000E+000                 -9.8999999999999986E+001                  2.8251052763051138E-001                  5.2107115499034251E-001                  6.7158615282233314E-001 
                                     164                  2.9989476626511702E+000                  6.9658127313745877E-001                  4.6729601255084079E+000                 -7.5366598968982963E+000                  5.2845068802872222E+000                  6.9999999999759299E-001                  2.8000000000240727E-001                  1.9999999999999796E-002                  0.0000000000000000E+000                  8.2810729696571743E+008                  3.0005418804204408E+006                  4.2629534992580677E-027                  0.0000000000000000E+000                  0.0000000000000000E+000                  1.5316675316706831E+001                  3.9546546232031646E+009                 -1.4320494643911893E-007                  0.0000000000000000E+000                 -9.8999999999999986E+001                  2.8793562352802693E-001                  5.2649625088785801E-001                  6.7701124871984864E-001 
                                     165                  2.9989476607843129E+000                  6.9647461317167392E-001                  4.6782615255870708E+000                 -7.5246746530778221E+000                  5.3025787770627248E+000                  6.9999999999759299E-001                  2.8000000000240727E-001                  1.9999999999999796E-002                  0.0000000000000000E+000                  8.0392825713441539E+008                  3.0351196213334301E+006                  4.3822567801545352E-027                  0.0000000000000000E+000                  0.0000000000000000E+000                  1.5192067891205918E+001                  4.0106877782503376E+009                 -1.1510708806941990E-007                  0.0000000000000000E+000                 -9.8999999999999986E+001                  2.9314434457036481E-001                  5.3170497193019595E-001                  6.8221996976218657E-001 
                                     166                  2.9989476589338198E+000                  6.9637169144607991E-001                  4.6832356662626156E+000                 -7.5131118706635549E+000                  5.3197901921989255E+000                  6.9999999999759299E-001                  2.8000000000240727E-001                  1.9999999999999796E-002                  0.0000000000000000E+000                  7.8163048733237994E+008                  3.0681934485336239E+006                  4.5005184107843247E-027                  0.0000000000000000E+000                  0.0000000000000000E+000                  1.5064251884314585E+001                  4.0632608964168043E+009                 -8.9102220535762742E-008                  0.0000000000000000E+000                 -9.8999999999999986E+001                  2.9808818984240693E-001                  5.3664881720223800E-001                  6.8716381503422863E-001 
                                     167                  2.9989476571007052E+000                  6.9627234559472462E-001                  4.6890682563931252E+000                 -7.4992596490910675E+000                  5.3401972634284274E+000                  6.9999999999759299E-001                  2.8000000000240727E-001                  1.9999999999999796E-002                  0.0000000000000000E+000                  7.5652181833458924E+008                  3.1075243551811450E+006                  4.6464056288657371E-027                  0.0000000000000000E+000                  0.0000000000000000E+000                  1.4896094392938000E+001                  4.1128183097124429E+009                 -6.5153803825951027E-008                  0.0000000000000000E+000                 -9.8999999999999986E+001                  3.0275733196933663E-001                  5.4131795932916771E-001                  6.9183295716115834E-001 
                                     168                  2.9989476543770102E+000                  6.9612924874482496E-001                  4.6949985173762592E+000                 -7.4845452499854819E+000                  5.3614813666855801E+000                  6.9999999999759299E-001                  2.8000000000240727E-001                  1.9999999999999796E-002                  0.0000000000000000E+000                  7.3241250919185925E+008                  3.1476750260580187E+006                  4.8065566419253012E-027                  0.0000000000000000E+000                  0.0000000000000000E+000                  1.4712967063365726E+001                  4.1818601841738338E+009                 -3.2986195796146418E-008                  0.0000000000000000E+000                 -9.8999999999999986E+001                  3.0925670913844927E-001                  5.4781733649828046E-001                  6.9833233433027109E-001 
                                     169                  2.9989476521209011E+000                  6.9601456444846910E-001                  4.7010120763933232E+000                 -7.4692974905151983E+000                  5.3833201334627612E+000                  6.9999999999759299E-001                  2.8000000000240727E-001                  1.9999999999999796E-002                  0.0000000000000000E+000                  7.0985302235827625E+008                  3.1883533428025963E+006                  4.9783394588058742E-027                  0.0000000000000000E+000                  0.0000000000000000E+000                  1.4502720750799858E+001                  4.2353588946439853E+009                 -9.2265892860118600E-009                  0.0000000000000000E+000                 -9.8999999999999986E+001                  3.1424268509505066E-001                  5.5280331245488179E-001                  7.0331831028687242E-001 
                                     170                  2.9989476490129947E+000                  6.9586189046270741E-001                  4.7069880311105115E+000                 -7.4534802921335217E+000                  5.4055954686166992E+000                  6.9999999999759299E-001                  2.8000000000240727E-001                  1.9999999999999796E-002                  0.0000000000000000E+000                  6.8948689410100377E+008                  3.2283050481527178E+006                  5.1630286831801737E-027                  0.0000000000000000E+000                  0.0000000000000000E+000                  1.4280923876872064E+001                  4.3042433761864004E+009                  1.9664462973787022E-008                  0.0000000000000000E+000                 -3.8531589547238769E+000                  3.2055005738892495E-001                  5.5911068474875603E-001                  7.0962568258074665E-001 
                                     171                  2.9989476463726685E+000                  6.9573670486286632E-001                  4.7121219772023979E+000                 -7.4395303089712383E+000                  5.4250361029654668E+000                  6.9999999999759299E-001                  2.8000000000240727E-001                  1.9999999999999796E-002                  0.0000000000000000E+000                  6.7360749338697100E+008                  3.2621770766392853E+006                  5.3315938994070276E-027                  0.0000000000000000E+000                  0.0000000000000000E+000                  1.4079607236437287E+001                  4.3586591467730112E+009                  4.0921599760882393E-008                 -1.3438847197599745E-020                 -3.6940236983090804E+000                  3.2543343211392195E-001                  5.6399405947375303E-001                  7.1450905730574366E-001 
                                     172                  2.9989476437556504E+000                  6.9561644474942164E-001                  4.7161290760177383E+000                 -7.4283163111139734E+000                  5.4404938676697752E+000                  6.9999999999759299E-001                  2.8000000000240732E-001                  1.9999999999999685E-002                  0.0000000000000000E+000                  6.6217932531918454E+008                  3.2882088160336534E+006                  5.4710808523087205E-027                  0.0000000000000000E+000                  0.0000000000000000E+000                  1.3921368494568924E+001                  4.4093945735565615E+009                  5.9353849087844879E-008                 -5.2907049322926818E-020                 -3.6132755559334018E+000                  3.2988576825223842E-001                  5.6844639561206944E-001                  7.1896139344406007E-001 
                                     173                  2.9989476420259900E+000                  6.9553893461842620E-001                  4.7191992527053106E+000                 -7.4196213645662663E+000                  5.4524229205320607E+000                  6.9999999999759288E-001                  2.8000000000240732E-001                  1.9999999999999796E-002                  0.0000000000000000E+000                  6.5400114574788320E+008                  3.3079125151147274E+006                  5.5817413106124142E-027                  0.0000000000000000E+000                  0.0000000000000000E+000                  1.3798009379607405E+001                  4.4413784695055847E+009                  7.0215760510604432E-008                 -7.8586918999078114E-020                 -3.5767826979624844E+000                  3.3263283143025218E-001                  5.7119345879008321E-001                  7.2170845662207384E-001 
                                     174                  2.9989476402963291E+000                  6.9546292057917336E-001                  4.7228799620284425E+000                 -7.4090764004089982E+000                  5.4668258485925607E+000                  6.9999999999759288E-001                  2.8000000000240732E-001                  1.9999999999999796E-002                  0.0000000000000000E+000                  6.4483940786162281E+008                  3.3312201175239794E+006                  5.7189547776288109E-027                  0.0000000000000000E+000                  0.0000000000000000E+000                  1.3649098998100310E+001                  4.4724071796895304E+009                  8.0134410526582741E-008                 -5.1909644539186799E-020                 -3.5480904767098305E+000                  3.3523270753260764E-001                  5.7379333489243878E-001                  7.2430833272442940E-001 
                                     175                  2.9989476377236577E+000                  6.9535249952561506E-001                  4.7263598805208575E+000                 -7.3988312657028397E+000                  5.4806889732794586E+000                  6.9999999999759288E-001                  2.8000000000240732E-001                  1.9999999999999796E-002                  0.0000000000000000E+000                  6.3674087678925824E+008                  3.3528714570626067E+006                  5.8554969208575468E-027                  0.0000000000000000E+000                  0.0000000000000000E+000                  1.3513037082763095E+001                  4.5165068391780157E+009                  9.3258558348171993E-008                 -1.2810702845559498E-020                 -3.5151556512189801E+000                  3.3885984724534451E-001                  5.7742047460517554E-001                  7.2793547243716628E-001 
                                     176                  2.9989476360226281E+000                  6.9528114738436375E-001                  4.7290397992586444E+000                 -7.3908716365199361E+000                  5.4914237429309267E+000                  6.9999999999759288E-001                  2.8000000000240732E-001                  1.9999999999999796E-002                  0.0000000000000000E+000                  6.3088633318700159E+008                  3.3693356589414300E+006                  5.9638254602771263E-027                  0.0000000000000000E+000                  0.0000000000000000E+000                  1.3408518389485582E+001                  4.5444206141729774E+009                  1.0096952391971141E-007                  0.0000000000000000E+000                 -3.4979048457362896E+000                  3.4111387233075802E-001                  5.7967449969058904E-001                  7.3018949752257967E-001 
                                     177                  2.9989476343215991E+000                  6.9521105682180973E-001                  4.7316272041784506E+000                 -7.3830972815692784E+000                  5.5018663330866016E+000                  6.9999999999759288E-001                  2.8000000000240732E-001                  1.9999999999999796E-002                  0.0000000000000000E+000                  6.2552140375318217E+008                  3.3850456160859722E+006                  6.0715670595845615E-027                  0.0000000000000000E+000                  0.0000000000000000E+000                  1.3308918316759765E+001                  4.5715581296114988E+009                  1.0801719631216193E-007                  0.0000000000000000E+000                 -3.4832535497149668E+000                  3.4326155342591635E-001                  5.8182218078574743E-001                  7.3233717861773806E-001 
                                     178                  2.9989476326336790E+000                  6.9514270772068598E-001                  4.7353732109167490E+000                 -7.3717896258004449E+000                  5.5170255624064364E+000                  6.9999999999759288E-001                  2.8000000000240732E-001                  1.9999999999999796E-002                  0.0000000000000000E+000                  6.1825844577226233E+008                  3.4075027456423622E+006                  6.2317594617205794E-027                  0.0000000000000000E+000                  0.0000000000000000E+000                  1.3164204859997033E+001                  4.5978265787916622E+009                  1.1442386469229865E-007                  0.0000000000000000E+000                 -3.4707416939634008E+000                  3.4529428493195607E-001                  5.8385491229178710E-001                  7.3436991012377784E-001 
                                     179                  2.9989476292578390E+000                  6.9500942999403847E-001                  4.7389112929522161E+000                 -7.3607660673556943E+000                  5.5316550395916471E+000                  6.9999999999759288E-001                  2.8000000000240732E-001                  1.9999999999999796E-002                  0.0000000000000000E+000                  6.1181090872403705E+008                  3.4282930061829309E+006                  6.3919952280042191E-027                  0.0000000000000000E+000                  0.0000000000000000E+000                  1.3035488443333275E+001                  4.6479452218984909E+009                  1.2568315359360567E-007                  0.0000000000000000E+000                 -3.4503614653401904E+000                  3.4910725577028862E-001                  5.8766788313011975E-001                  7.3818288096211038E-001 
                                     180                  2.9989476275825964E+000                  6.9494490518116436E-001                  4.7423113308816900E+000                 -7.3502035544945272E+000                  5.5456784878939160E+000                  6.9999999999759288E-001                  2.8000000000240732E-001                  1.9999999999999796E-002                  0.0000000000000000E+000                  6.0607794164197123E+008                  3.4480062281764606E+006                  6.5493935989860618E-027                  0.0000000000000000E+000                  0.0000000000000000E+000                  1.2909375631562053E+001                  4.6718148638090754E+009                  1.3058540993932103E-007                  0.0000000000000000E+000                 -3.4420526716254431E+000                  3.5088184656191773E-001                  5.8944247392174876E-001                  7.3995747175373938E-001 
                                     181                  2.9989476242566053E+000                  6.9481979520629322E-001                  4.7465952189691949E+000                 -7.3366008187189182E+000                  5.5636130637731487E+000                  6.9999999999759288E-001                  2.8000000000240738E-001                  1.9999999999999796E-002                  0.0000000000000000E+000                  5.9933541750107074E+008                  3.4723648490238194E+006                  6.7578199421879606E-027                  0.0000000000000000E+000                  0.0000000000000000E+000                  1.2757063495662337E+001                  4.7176756912823086E+009                  1.3922061825799352E-007                  0.0000000000000000E+000                 -3.4281482209669756E+000                  3.5419817261528208E-001                  5.9275879997511316E-001                  7.4327379780710379E-001 
                                     182                  2.9989476209542674E+000                  6.9469930326237228E-001                  4.7506607028452663E+000                 -7.3235097632092989E+000                  5.5807947165511536E+000                  6.9999999999759288E-001                  2.8000000000240738E-001                  1.9999999999999796E-002                  0.0000000000000000E+000                  5.9342893550320280E+008                  3.4950533410014613E+006                  6.9646676568188422E-027                  0.0000000000000000E+000                  0.0000000000000000E+000                  1.2616134474726682E+001                  4.7608764801674194E+009                  1.4650597347894325E-007                  0.0000000000000000E+000                 -3.4170723337434867E+000                  3.5725570520970634E-001                  5.9581633256953737E-001                  7.4633133040152799E-001 
                                     183                  2.9989476176519299E+000                  6.9458229320044018E-001                  4.7540490335219001E+000                 -7.3124334366933317E+000                  5.5952636130532172E+000                  6.9999999999759288E-001                  2.8000000000240738E-001                  1.9999999999999796E-002                  0.0000000000000000E+000                  5.8882640533587897E+008                  3.5136504004215421E+006                  7.1446188056690350E-027                  0.0000000000000000E+000                  0.0000000000000000E+000                  1.2502427323109089E+001                  4.8021009138971224E+009                  1.5273524182570778E-007                  0.0000000000000000E+000                 -3.4080303715682509E+000                  3.6010704455753290E-001                  5.9866767191736403E-001                  7.4918266974935466E-001 
                                     184                  2.9989476151922978E+000                  6.9449727761965341E-001                  4.7568369354550910E+000                 -7.3032658725759694E+000                  5.6072155994366186E+000                  6.9999999999759288E-001                  2.8000000000240738E-001                  1.9999999999999796E-002                  0.0000000000000000E+000                  5.8526012869361198E+008                  3.5287659738708292E+006                  7.2970712124733254E-027                  0.0000000000000000E+000                  0.0000000000000000E+000                  1.2409963976883045E+001                  4.8316883985162697E+009                  1.5679212147957932E-007                  0.0000000000000000E+000                 -3.4023378818076373E+000                  3.6211069137898266E-001                  6.0067131873881374E-001                  7.5118631657080437E-001 
                                     185                  2.9989476127491810E+000                  6.9441454881491982E-001                  4.7608514931563564E+000                 -7.2900520338533159E+000                  5.6244334366313780E+000                  6.9999999999759288E-001                  2.8000000000240738E-001                  1.9999999999999796E-002                  0.0000000000000000E+000                  5.8047287500350571E+008                  3.5502690332459505E+006                  7.5225534476993371E-027                  0.0000000000000000E+000                  0.0000000000000000E+000                  1.2276896680778512E+001                  4.8604417694753981E+009                  1.6041364009376209E-007                  0.0000000000000000E+000                 -3.3973793530458991E+000                  3.6400637994810658E-001                  6.0256700730793777E-001                  7.5308200513992840E-001 
                                     186                  2.9989476078935744E+000                  6.9425492209106476E-001                  4.7650543963976446E+000                 -7.2758627500656790E+000                  5.6427850319924584E+000                  6.9999999999759288E-001                  2.8000000000240732E-001                  1.9999999999999796E-002                  0.0000000000000000E+000                  5.7572885963436651E+008                  3.5723648918468747E+006                  7.7724454792514946E-027                  0.0000000000000000E+000                  0.0000000000000000E+000                  1.2147124389999131E+001                  4.9149994254314480E+009                  1.6652869404620771E-007                  0.0000000000000000E+000                 -3.3892554618828719E+000                  3.6753820268037263E-001                  6.0609883004020382E-001                  7.5661382787219444E-001 
                                     187                  2.9989476046565033E+000                  6.9415183147229442E-001                  4.7682792397525740E+000                 -7.2649370581330910E+000                  5.6568985212599907E+000                  6.9999999999759288E-001                  2.8000000000240732E-001                  1.9999999999999796E-002                  0.0000000000000000E+000                  5.7233607447334194E+008                  3.5891073347614496E+006                  7.9705045173320330E-027                  0.0000000000000000E+000                  0.0000000000000000E+000                  1.2048850922790349E+001                  4.9495608274361095E+009                  1.6990021361973699E-007                  0.0000000000000000E+000                 -3.3849030375407132E+000                  3.6973670732911812E-001                  6.0829733468894920E-001                  7.5881233252093994E-001 
                                     188                  2.9989476014391170E+000                  6.9405184317670943E-001                  4.7713712833659656E+000                 -7.2543849424583815E+000                  5.6704995388500414E+000                  6.9999999999759288E-001                  2.8000000000240732E-001                  1.9999999999999796E-002                  0.0000000000000000E+000                  5.6925167228052640E+008                  3.6049864760052660E+006                  8.1665816739110861E-027                  0.0000000000000000E+000                  0.0000000000000000E+000                  1.1957085965513842E+001                  4.9829083816732979E+009                  1.7281185022361382E-007                  0.0000000000000000E+000                 -3.3812132399845063E+000                  3.7181021470783104E-001                  6.1037084206766212E-001                  7.6088583989965275E-001 
                                     189                  2.9989475982406755E+000                  6.9395476363935515E-001                  4.7750911044009552E+000                 -7.2416576478740078E+000                  5.6868896453389839E+000                  6.9999999999759288E-001                  2.8000000000240732E-001                  1.9999999999999796E-002                  0.0000000000000000E+000                  5.6576836948333609E+008                  3.6238955913443002E+006                  8.4095066019213413E-027                  0.0000000000000000E+000                  0.0000000000000000E+000                  1.1848435515158403E+001                  5.0151299436965218E+009                  1.7532641611768251E-007                  0.0000000000000000E+000                 -3.3780763223015384E+000                  3.7377224387972990E-001                  6.1233287123956104E-001                  7.6284786907155167E-001 
                                     190                  2.9989475934430145E+000                  6.9381323329344735E-001                  4.7793316388594755E+000                 -7.2269608822050238E+000                  5.7057459572629714E+000                  6.9999999999759288E-001                  2.8000000000240727E-001                  1.9999999999999796E-002                  0.0000000000000000E+000                  5.6201312015677845E+008                  3.6451755784089104E+006                  8.6990273606201941E-027                  0.0000000000000000E+000                  0.0000000000000000E+000                  1.1730895112739688E+001                  5.0616619637402878E+009                  1.7848313618141324E-007                  0.0000000000000000E+000                 -3.3742014057684413E+000                  3.7655245581075730E-001                  6.1511308317058833E-001                  7.6562808100257895E-001 
                                     191                  2.9989475886727295E+000                  6.9367706245207750E-001                  4.7826908674594897E+000                 -7.2151905461695574E+000                  5.7208006368147828E+000                  6.9999999999759288E-001                  2.8000000000240727E-001                  1.9999999999999796E-002                  0.0000000000000000E+000                  5.5918561930080211E+008                  3.6618440370955057E+006                  8.9380711999078698E-027                  0.0000000000000000E+000                  0.0000000000000000E+000                  1.1642195661888390E+001                  5.1056808883342724E+009                  1.8098068467590065E-007                  0.0000000000000000E+000                 -3.3711838865606940E+000                  3.7914706754159738E-001                  6.1770769490142852E-001                  7.6822269273341914E-001 
                                     192                  2.9989475855101149E+000                  6.9358912946819284E-001                  4.7852826737883172E+000                 -7.2061038306438618E+000                  5.7324198472337180E+000                  6.9999999999759288E-001                  2.8000000000240727E-001                  1.9999999999999796E-002                  0.0000000000000000E+000                  5.5711422270233047E+008                  3.6746158570807958E+006                  9.1270976089786134E-027                  0.0000000000000000E+000                  0.0000000000000000E+000                  1.1574610901149031E+001                  5.1339031135455227E+009                  1.8235379954901259E-007                  4.1630484462930035E-021                 -3.3695425916179880E+000                  3.8078257561260082E-001                  6.1934320297243184E-001                  7.6985820080442258E-001 
                                     193                  2.9989475823644129E+000                  6.9350342628428263E-001                  4.7881082414269729E+000                 -7.1961754292609363E+000                  5.7451066042176926E+000                  6.9999999999759288E-001                  2.8000000000240727E-001                  1.9999999999999796E-002                  0.0000000000000000E+000                  5.5495222945313823E+008                  3.6884533745340374E+006                  9.3382069221688524E-027                  0.0000000000000000E+000                  0.0000000000000000E+000                  1.1502207556898439E+001                  5.1614023762400351E+009                  1.8354224756071113E-007                  1.2563599854715307E-020                 -3.3681319772299769E+000                  3.8234789249106083E-001                  6.2090851985089179E-001                  7.7142351768288242E-001 
                                     194                  2.9989475784322850E+000                  6.9339864968835374E-001                  4.7917369994618104E+000                 -7.1833859576539583E+000                  5.7614344395588297E+000                  6.9999999999759299E-001                  2.8000000000240727E-001                  1.9999999999999796E-002                  0.0000000000000000E+000                  5.5231102999635696E+008                  3.7061009439725401E+006                  9.6173648593341412E-027                  0.0000000000000000E+000                  0.0000000000000000E+000                  1.1411303833890653E+001                  5.1949379911433086E+009                  1.8480582938801236E-007                  8.8139328099750745E-021                 -3.3666421669066637E+000                  3.8422622006703983E-001                  6.2278684742687096E-001                  7.7330184525886159E-001 
                                     195                  2.9989475729546982E+000                  6.9325680719093485E-001                  4.7954806056457722E+000                 -7.1700535399916925E+000                  5.7784065951781551E+000                  6.9999999999759288E-001                  2.8000000000240727E-001                  1.9999999999999796E-002                  0.0000000000000000E+000                  5.4969331888026464E+008                  3.7241545030556531E+006                  9.9172627529919165E-027                  0.0000000000000000E+000                  0.0000000000000000E+000                  1.1322202452317658E+001                  5.2399027342390184E+009                  1.8619493620536905E-007                 -2.6618716932051797E-021                 -3.3650160671767204E+000                  3.8671375878793224E-001                  6.2527438614776332E-001                  7.7578938397975405E-001 
                                     196                  2.9989475682822029E+000                  6.9313936546110766E-001                  4.7988005865103531E+000                 -7.1582020862730769E+000                  5.7934829937611951E+000                  6.9999999999759288E-001                  2.8000000000240727E-001                  1.9999999999999796E-002                  0.0000000000000000E+000                  5.4748858621998847E+008                  3.7400681217052988E+006                  1.0191691245658391E-026                  0.0000000000000000E+000                  0.0000000000000000E+000                  1.1244948508936204E+001                  5.2767901922937441E+009                  1.8709149793995325E-007                  6.6617307966983653E-021                 -3.3639729739187794E+000                  3.8872834900709430E-001                  6.2728897636692538E-001                  7.7780397419891600E-001 
                                     197                  2.9989475636097085E+000                  6.9302499372684268E-001                  4.8019968803770032E+000                 -7.1467510775213769E+000                  5.8080353068149506E+000                  6.9999999999759299E-001                  2.8000000000240721E-001                  1.9999999999999796E-002                  0.0000000000000000E+000                  5.4545239534162045E+008                  3.7553092720788741E+006                  1.0464059245568565E-026                  0.0000000000000000E+000                  0.0000000000000000E+000                  1.1172530843232234E+001                  5.3125867587554026E+009                  1.8778409894758335E-007                  2.3196262286438291E-020                 -3.3631705927008015E+000                  3.9065369781362402E-001                  6.2921432517345521E-001                  7.7972932300544584E-001 
                                     198                  2.9989475589589256E+000                  6.9291402951235481E-001                  4.8045666496705213E+000                 -7.1374904710785581E+000                  5.8197853102857531E+000                  6.9999999999759299E-001                  2.8000000000240727E-001                  1.9999999999999796E-002                  0.0000000000000000E+000                  5.4386102797780788E+008                  3.7675066612347481E+006                  1.0689642675891089E-026                  0.0000000000000000E+000                  0.0000000000000000E+000                  1.1116342077010113E+001                  5.3470715402254915E+009                  1.8829058364445999E-007                  1.7903102168729017E-020                 -3.3625856991884429E+000                  3.9249034564010649E-001                  6.3105097299993762E-001                  7.8156597083192814E-001 
                                     199                  2.9989475558584036E+000                  6.9284156819553999E-001                  4.8075688389855280E+000                 -7.1267412303105537E+000                  5.8334468060078253E+000                  6.9999999999759299E-001                  2.8000000000240727E-001                  1.9999999999999796E-002                  0.0000000000000000E+000                  5.4210466728014982E+008                  3.7817250939738657E+006                  1.0957594819626312E-026                  0.0000000000000000E+000                  0.0000000000000000E+000                  1.1050035157993170E+001                  5.3696301989318485E+009                  1.8855202222258171E-007                  4.4546010472297809E-021                 -3.3622844027100638E+000                  3.9367321690681040E-001                  6.3223384426664142E-001                  7.8274884209863216E-001 
                                     200                  2.9989475496851701E+000                  6.9270071885144946E-001                  4.8113959485563553E+000                 -7.1129143023288828E+000                  5.8509775366828247E+000                  6.9999999999759299E-001                  2.8000000000240727E-001                  1.9999999999999796E-002                  0.0000000000000000E+000                  5.3991981940141070E+008                  3.7997624692282300E+006                  1.1312167554234539E-026                  0.0000000000000000E+000                  0.0000000000000000E+000                  1.0970157895142162E+001                  5.4134273629117708E+009                  1.8890739080670327E-007                  0.0000000000000000E+000                 -3.3618755252111914E+000                  3.9593907966836550E-001                  6.3449970702819658E-001                  7.8501470486018721E-001 
                                     201                  2.9989475435386592E+000                  6.9256474384139666E-001                  4.8141501837000193E+000                 -7.1028873139399868E+000                  5.8636647778374744E+000                  6.9999999999759299E-001                  2.8000000000240727E-001                  1.9999999999999796E-002                  0.0000000000000000E+000                  5.3838374812186646E+008                  3.8126916645097416E+006                  1.1576452951261033E-026                  0.0000000000000000E+000                  0.0000000000000000E+000                  1.0915788333872289E+001                  5.4551125923877773E+009                  1.8902099411296634E-007                  0.0000000000000000E+000                 -3.3617449785454983E+000                  3.9808887843888702E-001                  6.3664950579871804E-001                  7.8716450363070867E-001 
                                     202                  2.9989475404654038E+000                  6.9249826157540473E-001                  4.8168382597495514E+000                 -7.0931884458948220E+000                  5.8759652745044804E+000                  6.9999999999759299E-001                  2.8000000000240727E-001                  1.9999999999999796E-002                  0.0000000000000000E+000                  5.3697268940906405E+008                  3.8253027992003281E+006                  1.1837963976172635E-026                  0.0000000000000000E+000                  0.0000000000000000E+000                  1.0861942937833023E+001                  5.4755340415091362E+009                  1.8901811879429759E-007                 -4.1902988433695838E-021                 -3.3617482817355362E+000                  3.9912646312205508E-001                  6.3768709048188610E-001                  7.8820208831387684E-001 
                                     203                  2.9989475343447043E+000                  6.9236869188382977E-001                  4.8207185261680072E+000                 -7.0791218551542938E+000                  5.8937827917090138E+000                  6.9999999999759299E-001                  2.8000000000240727E-001                  1.9999999999999796E-002                  0.0000000000000000E+000                  5.3498878142293620E+008                  3.8434612427708260E+006                  1.2227776125157892E-026                  0.0000000000000000E+000                  0.0000000000000000E+000                  1.0788105736153724E+001                  5.5155108862267609E+009                  1.8892196138637614E-007                 -1.6626922100103455E-020                 -3.3618587771149504E+000                  4.0112553860875494E-001                  6.3968616596858607E-001                  7.9020116380057670E-001 
                                     204                  2.9989475266938288E+000                  6.9221173635146527E-001                  4.8240164569711093E+000                 -7.0670602736217534E+000                  5.9090254977249188E+000                  6.9999999999759288E-001                  2.8000000000240727E-001                  1.9999999999999796E-002                  0.0000000000000000E+000                  5.3332622820803928E+008                  3.8588526517773950E+006                  1.2572233318765672E-026                  0.0000000000000000E+000                  0.0000000000000000E+000                  1.0730166778338180E+001                  5.5633517973370104E+009                  1.8858198147616272E-007                 -2.4700756399327714E-020                 -3.3622499026691979E+000                  4.0351135962916573E-001                  6.4207198698899681E-001                  7.9258698482098744E-001 
                                     205                  2.9989475221241015E+000                  6.9212047926737841E-001                  4.8268097010141320E+000                 -7.0569068569078928E+000                  5.9218770180715525E+000                  6.9999999999759288E-001                  2.8000000000240727E-001                  1.9999999999999796E-002                  0.0000000000000000E+000                  5.3199052307666206E+008                  3.8718881310821502E+006                  1.2869708899376510E-026                  0.0000000000000000E+000                  0.0000000000000000E+000                  1.0681595283549605E+001                  5.5911008125944710E+009                  1.8829114981727008E-007                 -1.1826440048545659E-020                 -3.3625850462472471E+000                  4.0488088179159692E-001                  6.4344150915142795E-001                  7.9395650698341869E-001 
                                     206                  2.9989475160607095E+000                  6.9200210618971070E-001                  4.8298940474268175E+000                 -7.0456615676591410E+000                  5.9360994029461240E+000                  6.9999999999759288E-001                  2.8000000000240727E-001                  1.9999999999999796E-002                  0.0000000000000000E+000                  5.3054742299478889E+008                  3.8862668292586640E+006                  1.3207397112897149E-026                  0.0000000000000000E+000                  0.0000000000000000E+000                  1.0630793366562372E+001                  5.6271949248094807E+009                  1.8783445565016150E-007                  1.4004899614075074E-020                 -3.3631123697032423E+000                  4.0663947415261181E-001                  6.4520010151244289E-001                  7.9571509934443352E-001 
                                     207                  2.9989475099973180E+000                  6.9188666564400081E-001                  4.8328750346933944E+000                 -7.0347878155645969E+000                  5.9498501032534099E+000                  6.9999999999759299E-001                  2.8000000000240721E-001                  1.9999999999999796E-002                  0.0000000000000000E+000                  5.2919333764124238E+008                  3.9001575298962081E+006                  1.3542353457319420E-026                  0.0000000000000000E+000                  0.0000000000000000E+000                  1.0583842266787098E+001                  5.6622676738039589E+009                  1.8729143265803323E-007                  2.6919632669288965E-020                 -3.3637410441325608E+000                  4.0833654176774248E-001                  6.4689716912757356E-001                  7.9741216695956418E-001 
                                     208                  2.9989475039652738E+000                  6.9177457359395833E-001                  4.8361189853442559E+000                 -7.0229764961231576E+000                  5.9647934673885921E+000                  6.9999999999759299E-001                  2.8000000000240721E-001                  1.9999999999999796E-002                  0.0000000000000000E+000                  5.2777299388010597E+008                  3.9152764600499221E+006                  1.3915824330925384E-026                  0.0000000000000000E+000                  0.0000000000000000E+000                  1.0534492287356981E+001                  5.6963471790717030E+009                  1.8669140248202839E-007                  1.7828610765831561E-020                 -3.3644378408663487E+000                  4.0996829714047722E-001                  6.4852892450030830E-001                  7.9904392233229893E-001 
                                     209                  2.9989474964252185E+000                  6.9163810071674281E-001                  4.8388976216459989E+000                 -7.0128001731663820E+000                  5.9776489598993559E+000                  6.9999999999759299E-001                  2.8000000000240721E-001                  1.9999999999999796E-002                  0.0000000000000000E+000                  5.2656496333901668E+008                  3.9282201783486367E+006                  1.4245847510559924E-026                  0.0000000000000000E+000                  0.0000000000000000E+000                  1.0495308603606746E+001                  5.7376498260764580E+009                  1.8586120377513840E-007                  4.4218578245064825E-021                 -3.3654056271817279E+000                  4.1193565430886908E-001                  6.5049628166870022E-001                  8.0101127950069084E-001 
                                     210                  2.9989474919250281E+000                  6.9155847551765470E-001                  4.8412678506245479E+000                 -7.0041719395259809E+000                  5.9885658209713206E+000                  6.9999999999759288E-001                  2.8000000000240727E-001                  1.9999999999999796E-002                  0.0000000000000000E+000                  5.2557850765638506E+008                  3.9392760838410812E+006                  1.4531790305348439E-026                  0.0000000000000000E+000                  0.0000000000000000E+000                  1.0462017810988455E+001                  5.7617321203530245E+009                  1.8533526091110837E-007                  0.0000000000000000E+000                 -3.3660209731190598E+000                  4.1307400598008348E-001                  6.5163463333991445E-001                  8.0214963117190519E-001 
                                     211                  2.9989474859247740E+000                  6.9145433093475572E-001                  4.8438977895210824E+000                 -6.9945829233228665E+000                  6.0006933503853830E+000                  6.9999999999759288E-001                  2.8000000000240727E-001                  1.9999999999999796E-002                  0.0000000000000000E+000                  5.2449992299649483E+008                  3.9515488234840445E+006                  1.4856313503400656E-026                  0.0000000000000000E+000                  0.0000000000000000E+000                  1.0426757423423865E+001                  5.7933343084337864E+009                  1.8461728987900337E-007                  0.0000000000000000E+000                 -3.3668638143110141E+000                  4.1455308942211033E-001                  6.5311371678194141E-001                  8.0362871461393204E-001 
                                     212                  2.9989474799578839E+000                  6.9135295511585804E-001                  4.8478077087245843E+000                 -6.9804400278877976E+000                  6.0186172004050480E+000                  6.9999999999759288E-001                  2.8000000000240727E-001                  1.9999999999999796E-002                  0.0000000000000000E+000                  5.2298520873336762E+008                  3.9698304209853583E+006                  1.5348230471634417E-026                  0.0000000000000000E+000                  0.0000000000000000E+000                  1.0374450185759931E+001                  5.8242478908030462E+009                  1.8389047493260600E-007                  0.0000000000000000E+000                 -3.3677203827744959E+000                  4.1598240861133795E-001                  6.5454303597116903E-001                  8.0505803380315966E-001 
                                     213                  2.9989474676317132E+000                  6.9115003363135286E-001                  4.8516039411075598E+000                 -6.9665272068859094E+000                  6.0361902751782601E+000                  6.9999999999759288E-001                  2.8000000000240727E-001                  1.9999999999999796E-002                  0.0000000000000000E+000                  5.2148510928332245E+008                  3.9875730261296974E+006                  1.5848037591800294E-026                  0.0000000000000000E+000                  0.0000000000000000E+000                  1.0330355221130127E+001                  5.8857217081655636E+009                  1.8231301698447916E-007                  4.2628717991203874E-021                 -3.3695911610024387E+000                  4.1881613543216600E-001                  6.5737676279199708E-001                  8.0789176062398782E-001 
                                     214                  2.9989474613096196E+000                  6.9104913071281859E-001                  4.8541100627101352E+000                 -6.9574143343893500E+000                  6.0477239411864181E+000                  6.9999999999759288E-001                  2.8000000000240727E-001                  1.9999999999999796E-002                  0.0000000000000000E+000                  5.2054774985546595E+008                  3.9993114774418329E+006                  1.6184200818415383E-026                  0.0000000000000000E+000                  0.0000000000000000E+000                  1.0301169351674909E+001                  5.9160799742527514E+009                  1.8146675413310321E-007                  1.3280603608317087E-020                 -3.3706014644298321E+000                  4.2021140398857032E-001                  6.5877203134840134E-001                  8.0928702918039208E-001 
                                     215                  2.9989474549875257E+000                  6.9095025479585026E-001                  4.8571534928206006E+000                 -6.9463939292783703E+000                  6.0616870400281746E+000                  6.9999999999759299E-001                  2.8000000000240727E-001                  1.9999999999999796E-002                  0.0000000000000000E+000                  5.1945162579828066E+008                  4.0135906855694694E+006                  1.6600271975722882E-026                  0.0000000000000000E+000                  0.0000000000000000E+000                  1.0266259670893497E+001                  5.9461237232859278E+009                  1.8063615903292171E-007                  1.0674274075159406E-020                 -3.3715976549829763E+000                  4.2157009871480472E-001                  6.6013072607463585E-001                  8.1064572390662648E-001 
                                     216                  2.9989474455602134E+000                  6.9080638779006553E-001                  4.8606613531807970E+000                 -6.9336660136767483E+000                  6.0778053566642072E+000                  6.9999999999759288E-001                  2.8000000000240727E-001                  1.9999999999999796E-002                  0.0000000000000000E+000                  5.1820687282467782E+008                  4.0300706143635944E+006                  1.7094140267489624E-026                  0.0000000000000000E+000                  0.0000000000000000E+000                  1.0228562997931945E+001                  5.9898487924423704E+009                  1.7939323882126561E-007                 -5.0292202255694240E-021                 -3.3730969645867348E+000                  4.2353327647918859E-001                  6.6209390383901967E-001                  8.1260890167101030E-001 
                                     217                  2.9989474361911763E+000                  6.9066740384934577E-001                  4.8634801694330818E+000                 -6.9234235579490919E+000                  6.0907715458479164E+000                  6.9999999999759288E-001                  2.8000000000240727E-001                  1.9999999999999796E-002                  0.0000000000000000E+000                  5.1722184146870261E+008                  4.0433333030501916E+006                  1.7502218369169285E-026                  0.0000000000000000E+000                  0.0000000000000000E+000                  1.0200074369726979E+001                  6.0318613702119904E+009                  1.7814063391220311E-007                 -1.0247363139978059E-020                 -3.3746185032918388E+000                  4.2541507279264112E-001                  6.6397570015247220E-001                  8.1449069798446283E-001 
                                     218                  2.9989474299451513E+000                  6.9057683575198225E-001                  4.8656849461603962E+000                 -6.9154465186641545E+000                  6.1008811244372243E+000                  6.9999999999759288E-001                  2.8000000000240727E-001                  1.9999999999999796E-002                  0.0000000000000000E+000                  5.1647823631563389E+008                  4.0537261873465702E+006                  1.7826775557180476E-026                  0.0000000000000000E+000                  0.0000000000000000E+000                  1.0177979337162810E+001                  6.0592610218244667E+009                  1.7730962889238658E-007                 -3.5823401942743963E-021                 -3.3756338395845336E+000                  4.2663362481948547E-001                  6.6519425217931660E-001                  8.1570925001130723E-001 
                                     219                  2.9989474236991263E+000                  6.9048786084969349E-001                  4.8689041093339194E+000                 -6.9038793412153083E+000                  6.1155668531875698E+000                  6.9999999999759288E-001                  2.8000000000240727E-001                  1.9999999999999796E-002                  0.0000000000000000E+000                  5.1544492314336854E+008                  4.0689349437445691E+006                  1.8308125198930883E-026                  0.0000000000000000E+000                  0.0000000000000000E+000                  1.0145449813185090E+001                  6.0864210683578854E+009                  1.7649988999369508E-007                  0.0000000000000000E+000                 -3.3766277804784361E+000                  4.2782481312295745E-001                  6.6638544048278858E-001                  8.1690043831477921E-001 
                                     220                  2.9989474112878511E+000                  6.9031555304773307E-001                  4.8724974822336433E+000                 -6.8908813082407967E+000                  6.1320411390915330E+000                  6.9999999999759288E-001                  2.8000000000240727E-001                  1.9999999999999796E-002                  0.0000000000000000E+000                  5.1428409397249186E+008                  4.0859296033032797E+006                  1.8864545689420304E-026                  0.0000000000000000E+000                  0.0000000000000000E+000                  1.0112828041485718E+001                  6.1389136317159758E+009                  1.7489975337072018E-007                 -5.8902072945721594E-021                 -3.3786054014636657E+000                  4.3011646241016904E-001                  6.6867708977000018E-001                  8.1919208760199080E-001 
                                     221                  2.9989474020392479E+000                  6.9019081117877212E-001                  4.8764634954439368E+000                 -6.8766787616806431E+000                  6.1500890982924812E+000                  6.9999999999759299E-001                  2.8000000000240727E-001                  1.9999999999999796E-002                  0.0000000000000000E+000                  5.1309342784015155E+008                  4.1047469955858276E+006                  1.9491884499680951E-026                  0.0000000000000000E+000                  0.0000000000000000E+000                  1.0076117695237288E+001                  6.1769379077328892E+009                  1.7372146802115973E-007                 -2.3408007534108280E-020                 -3.3800732546595231E+000                  4.3176258739400558E-001                  6.7032321475383672E-001                  8.2083821258582723E-001 
                                     222                  2.9989473866249088E+000                  6.8998937025596618E-001                  4.8807150217734723E+000                 -6.8613717257375004E+000                  6.1695139915481558E+000                  6.9999999999759288E-001                  2.8000000000240727E-001                  1.9999999999999796E-002                  0.0000000000000000E+000                  5.1182081130849469E+008                  4.1249532483607200E+006                  2.0191392515436019E-026                  0.0000000000000000E+000                  0.0000000000000000E+000                  1.0041233785866197E+001                  6.2384275285993147E+009                  1.7179702494515472E-007                 -3.4748876568549569E-020                 -3.3824921806164450E+000                  4.3439975408663278E-001                  6.7296038144646386E-001                  8.2347537927845449E-001 
                                     223                  2.9989473743754989E+000                  6.8983464357256119E-001                  4.8839450834504818E+000                 -6.8497769734525535E+000                  6.1842395400720678E+000                  6.9999999999759288E-001                  2.8000000000240727E-001                  1.9999999999999796E-002                  0.0000000000000000E+000                  5.1089211055177307E+008                  4.1403435120508238E+006                  2.0737919407129739E-026                  0.0000000000000000E+000                  0.0000000000000000E+000                  1.0016250970846899E+001                  6.2853955022553110E+009                  1.7026844038301505E-007                 -2.2983095066198045E-020                 -3.3844329209912849E+000                  4.3640785919901731E-001                  6.7496848655884845E-001                  8.2548348439083907E-001 
                                     224                  2.9989473648445619E+000                  6.8971731630456556E-001                  4.8866871399943603E+000                 -6.8399744855724238E+000                  6.1967023350667310E+000                  6.9999999999759288E-001                  2.8000000000240727E-001                  1.9999999999999796E-002                  0.0000000000000000E+000                  5.1013542642804778E+008                  4.1534385390482727E+006                  2.1211492579302554E-026                  0.0000000000000000E+000                  0.0000000000000000E+000                  9.9959222918513682E+000                  6.3211527099832745E+009                  1.6909622355186217E-007                 -5.7117112599172192E-021                 -3.3859330457247880E+000                  4.3792070665979416E-001                  6.7648133401962518E-001                  8.2699633185161581E-001 
                                     225                  2.9989473553766306E+000                  6.8960327477381966E-001                  4.8900138826794182E+000                 -6.8281478998768668E+000                  6.2117604868975764E+000                  6.9999999999759288E-001                  2.8000000000240727E-001                  1.9999999999999796E-002                  0.0000000000000000E+000                  5.0926181419316983E+008                  4.1693663725184011E+006                  2.1797272955688317E-026                  0.0000000000000000E+000                  0.0000000000000000E+000                  9.9722348075770597E+000                  6.3561421553648882E+009                  1.6794914420555227E-007                  0.0000000000000000E+000                 -3.3874111023944962E+000                  4.3938331175241863E-001                  6.7794393911224970E-001                  8.2845893694424033E-001 
                                     226                  2.9989473411747336E+000                  6.8943664649687897E-001                  4.8941670917426929E+000                 -6.8133967322703883E+000                  6.2305471543375868E+000                  6.9999999999759288E-001                  2.8000000000240738E-001                  1.9999999999999796E-002                  0.0000000000000000E+000                  5.0820304833641613E+008                  4.1893030375847425E+006                  2.2550638142102197E-026                  0.0000000000000000E+000                  0.0000000000000000E+000                  9.9463082779087735E+000                  6.4074231156808395E+009                  1.6623954623539038E-007                  0.0000000000000000E+000                 -3.3896328276140184E+000                  4.4150746812983321E-001                  6.8006809548966429E-001                  8.3058309332165492E-001 
                                     227                  2.9989473247188161E+000                  6.8924979202714176E-001                  4.8984334316535509E+000                 -6.7982731942911148E+000                  6.2498182016724684E+000                  6.9999999999759288E-001                  2.8000000000240727E-001                  1.9999999999999796E-002                  0.0000000000000000E+000                  5.0715603602927130E+008                  4.2098474650105368E+006                  2.3350066208233225E-026                  0.0000000000000000E+000                  0.0000000000000000E+000                  9.9240677660905643E+000                  6.4648558730471487E+009                  1.6425109674664685E-007                  0.0000000000000000E+000                 -3.3922458609314985E+000                  4.4387230870768823E-001                  6.8243293606751931E-001                  8.3294793389950994E-001 
                                     228                  2.9989473083742704E+000                  6.8907032685282343E-001                  4.9016505049830368E+000                 -6.7868620003519364E+000                  6.2643567567775582E+000                  6.9999999999759288E-001                  2.8000000000240727E-001                  1.9999999999999796E-002                  0.0000000000000000E+000                  5.0638214038680470E+008                  4.2253805326769073E+006                  2.3971969101578152E-026                  0.0000000000000000E+000                  0.0000000000000000E+000                  9.9110675051027624E+000                  6.5198447222925129E+009                  1.6226131353991926E-007                  0.0000000000000000E+000                 -3.3948925063187669E+000                  4.4612768342744491E-001                  6.8468831078727610E-001                  8.3520330861926662E-001 
                                     229                  2.9989472990345307E+000                  6.8897033833234500E-001                  4.9050622139251594E+000                 -6.7749196363768887E+000                  6.2796248946105360E+000                  6.9999999999759288E-001                  2.8000000000240732E-001                  1.9999999999999796E-002                  0.0000000000000000E+000                  5.0563890776205033E+008                  4.2419185627195984E+006                  2.4640569373510346E-026                  0.0000000000000000E+000                  0.0000000000000000E+000                  9.8974551303093463E+000                  6.5507352722587013E+009                  1.6113372929524155E-007                  0.0000000000000000E+000                 -3.3964067707166699E+000                  4.4737748717803905E-001                  6.8593811453787024E-001                  8.3645311236986086E-001 
                                     230                  2.9989472804849586E+000                  6.8877694258732525E-001                  4.9088820683859975E+000                 -6.7614897036777926E+000                  6.2967754653327743E+000                  6.9999999999759288E-001                  2.8000000000240732E-001                  1.9999999999999796E-002                  0.0000000000000000E+000                  5.0479907146692491E+008                  4.2604855738447038E+006                  2.5414758968909651E-026                  0.0000000000000000E+000                  0.0000000000000000E+000                  9.8870692241392852E+000                  6.6107392562087641E+009                  1.5892262028077117E-007                  0.0000000000000000E+000                 -3.3994071415034712E+000                  4.4978339429497044E-001                  6.8834402165480146E-001                  8.3885901948679220E-001 
                                     231                  2.9989472665727801E+000                  6.8863615008006140E-001                  4.9115247346341437E+000                 -6.7522340260032623E+000                  6.3086073360429076E+000                  6.9999999999759288E-001                  2.8000000000240732E-001                  1.9999999999999796E-002                  0.0000000000000000E+000                  5.0423936899865645E+008                  4.2733755435303934E+006                  2.5962433061583231E-026                  0.0000000000000000E+000                  0.0000000000000000E+000                  9.8811937443062874E+000                  6.6542007001685219E+009                  1.5727601579786389E-007                  0.0000000000000000E+000                 -3.4016687505790841E+000                  4.5152587538280375E-001                  6.9008650274263483E-001                  8.4060150057462546E-001 
                                     232                  2.9989472573611144E+000                  6.8854481974040349E-001                  4.9141043613236635E+000                 -6.7432719064793378E+000                  6.3200883752314878E+000                  6.9999999999759288E-001                  2.8000000000240732E-001                  1.9999999999999796E-002                  0.0000000000000000E+000                  5.0372570845738894E+008                  4.2860021247506458E+006                  2.6503983106351328E-026                  0.0000000000000000E+000                  0.0000000000000000E+000                  9.8754249630182294E+000                  6.6826139269665241E+009                  1.5621465016772589E-007                  0.0000000000000000E+000                 -3.4031391197087166E+000                  4.5265234904111179E-001                  6.9121297640094292E-001                  8.4172797423293344E-001 
                                     233                  2.9989472435436166E+000                  6.8841051768709349E-001                  4.9176177922550801E+000                 -6.7311061380996327E+000                  6.3356873387131509E+000                  6.9999999999759288E-001                  2.8000000000240732E-001                  1.9999999999999796E-002                  0.0000000000000000E+000                  5.0304691996013737E+008                  4.3032631124220071E+006                  2.7257242075922557E-026                  0.0000000000000000E+000                  0.0000000000000000E+000                  9.8687461542174706E+000                  6.7247038675150528E+009                  1.5467210923925430E-007                  0.0000000000000000E+000                 -3.4052939960123840E+000                  4.5430392911689199E-001                  6.9286455647672307E-001                  8.4337955430871370E-001 
                                     234                  2.9989472251202853E+000                  6.8823620920302608E-001                  4.9214913099165756E+000                 -6.7177174666775308E+000                  6.3528626564370105E+000                  6.9999999999759288E-001                  2.8000000000240732E-001                  1.9999999999999796E-002                  0.0000000000000000E+000                  5.0231185387095976E+008                  4.3223800963864177E+006                  2.8110991428994403E-026                  0.0000000000000000E+000                  0.0000000000000000E+000                  9.8631620411420258E+000                  6.7793522388014326E+009                  1.5268371373152744E-007                  0.0000000000000000E+000                 -3.4081036426169882E+000                  4.5643949352336599E-001                  6.9500012088319718E-001                  8.4551511871518781E-001 
                                     235                  2.9989472067383378E+000                  6.8806737208119506E-001                  4.9242993115646243E+000                 -6.7080072130207586E+000                  6.3653178635262444E+000                  6.9999999999759288E-001                  2.8000000000240732E-001                  1.9999999999999796E-002                  0.0000000000000000E+000                  5.0177823830821848E+008                  4.3362963154130895E+006                  2.8746866838262247E-026                  0.0000000000000000E+000                  0.0000000000000000E+000                  9.8604198732833588E+000                  6.8320947901366205E+009                  1.5077083974451776E-007                  0.0000000000000000E+000                 -3.4108413231410775E+000                  4.5849987169156819E-001                  6.9706049905139922E-001                  8.4757549688338985E-001 
                                     236                  2.9989471975473645E+000                  6.8798474833145296E-001                  4.9270439816271825E+000                 -6.6986288915633150E+000                  6.3773855442574963E+000                  6.9999999999759288E-001                  2.8000000000240727E-001                  1.9999999999999796E-002                  0.0000000000000000E+000                  5.0129916902859813E+008                  4.3499639189554425E+006                  2.9374659615989431E-026                  0.0000000000000000E+000                  0.0000000000000000E+000                  9.8563337238777144E+000                  6.8580893541660442E+009                  1.4985838767421731E-007                  0.0000000000000000E+000                 -3.4121594721426716E+000                  4.5950526509757933E-001                  6.9806589245741046E-001                  8.4858089028940109E-001 
                                     237                  2.9989471792792770E+000                  6.8782389749626593E-001                  4.9305842396970085E+000                 -6.6865207118412187E+000                  6.3929621614217922E+000                  6.9999999999759288E-001                  2.8000000000240727E-001                  1.9999999999999796E-002                  0.0000000000000000E+000                  5.0067405295996404E+008                  4.3676684141211361E+006                  3.0205515795134884E-026                  0.0000000000000000E+000                  0.0000000000000000E+000                  9.8527057244292919E+000                  6.9090388792351274E+009                  1.4812873531805606E-007                  2.6039409032802754E-021                 -3.4146803425167800E+000                  4.6145778161525985E-001                  7.0001840897509093E-001                  8.5053340680708156E-001 
                                     238                  2.9989471610111895E+000                  6.8766729765493650E-001                  4.9348554030411158E+000                 -6.6720326864329609E+000                  6.4116414302239386E+000                  6.9999999999759288E-001                  2.8000000000240732E-001                  1.9999999999999796E-002                  0.0000000000000000E+000                  4.9995745503613067E+008                  4.3891664936141204E+006                  3.1230622440367487E-026                  0.0000000000000000E+000                  0.0000000000000000E+000                  9.8487824952568523E+000                  6.9587616546604424E+009                  1.4647070929216167E-007                  6.6444809335552479E-021                 -3.4171246076707398E+000                  4.6335267869613628E-001                  7.0191330605596736E-001                  8.5242830388795809E-001 
                                     239                  2.9989471337677363E+000                  6.8744112165400473E-001                  4.9393463474316119E+000                 -6.6567838267806883E+000                  6.4312965567385207E+000                  6.9999999999759299E-001                  2.8000000000240727E-001                  1.9999999999999796E-002                  0.0000000000000000E+000                  4.9918378854919624E+008                  4.4119236072154483E+006                  3.2347171176890875E-026                  0.0000000000000000E+000                  0.0000000000000000E+000                  9.8492264361958313E+000                  7.0306770687843084E+009                  1.4409518313655873E-007                  7.1455588043973948E-022                 -3.4206752683444877E+000                  4.6608055133517134E-001                  7.0464117869500242E-001                  8.5515617652699305E-001 
                                     240                  2.9989471110648585E+000                  6.8725888780608646E-001                  4.9424947192309956E+000                 -6.6461246413692683E+000                  6.4450465358686833E+000                  6.9999999999759288E-001                  2.8000000000240727E-001                  1.9999999999999796E-002                  0.0000000000000000E+000                  4.9864142529532236E+008                  4.4279827199487621E+006                  3.3151281520406602E-026                  0.0000000000000000E+000                  0.0000000000000000E+000                  9.8520767303889532E+000                  7.0883932316925554E+009                  1.4216151209733539E-007                 -1.1631194809271985E-020                 -3.4236089829079459E+000                  4.6827118458170647E-001                  7.0683181194153755E-001                  8.5734680977352817E-001 
                                     241                  2.9989470975197001E+000                  6.8715269240710597E-001                  4.9459457565791531E+000                 -6.6345926996114652E+000                  6.4599746650226519E+000                  6.9999999999759288E-001                  2.8000000000240727E-001                  1.9999999999999796E-002                  0.0000000000000000E+000                  4.9809239733971083E+008                  4.4457027482147450E+006                  3.4043762704893394E-026                  0.0000000000000000E+000                  0.0000000000000000E+000                  9.8556548521160661E+000                  7.1223825313578329E+009                  1.4103996440667913E-007                 -7.9068318432009854E-021                 -3.4253289051543696E+000                  4.6954528908891197E-001                  7.0810591644874299E-001                  8.5862091428073362E-001 
                                     242                  2.9989470704293826E+000                  6.8694564318914952E-001                  4.9496342272098666E+000                 -6.6222165882119075E+000                  6.4759779294555226E+000                  6.9999999999759288E-001                  2.8000000000240727E-001                  1.9999999999999796E-002                  0.0000000000000000E+000                  4.9747463730073386E+008                  4.4647442198231090E+006                  3.5028329240675610E-026                  0.0000000000000000E+000                  0.0000000000000000E+000                  9.8649718609724868E+000                  7.1888828899003468E+009                  1.3882990575531922E-007                  1.2364538503283902E-020                 -3.4287584855806013E+000                  4.7202489761441890E-001                  7.1058552497424998E-001                  8.6110052280624061E-001 
                                     243                  2.9989470524640525E+000                  6.8681203606378760E-001                  4.9525015493140447E+000                 -6.6126728530135308E+000                  6.4883454737478727E+000                  6.9999999999759299E-001                  2.8000000000240721E-001                  1.9999999999999796E-002                  0.0000000000000000E+000                  4.9701506081907308E+008                  4.4796339240543786E+006                  3.5806976709422437E-026                  0.0000000000000000E+000                  0.0000000000000000E+000                  9.8741760337362354E+000                  7.2317244870115643E+009                  1.3736769284184112E-007                  2.3780352159762136E-020                 -3.4310576979407141E+000                  4.7362124610341250E-001                  7.1218187346324358E-001                  8.6269687129523420E-001 
                                     244                  2.9989470344987210E+000                  6.8668121353796752E-001                  4.9553012447974671E+000                 -6.6033927356022231E+000                  6.5003848522669037E+000                  6.9999999999759299E-001                  2.8000000000240727E-001                  1.9999999999999796E-002                  0.0000000000000000E+000                  4.9657407936419159E+008                  4.4942419327390706E+006                  3.6580714994119836E-026                  0.0000000000000000E+000                  0.0000000000000000E+000                  9.8851939066642434E+000                  7.2739596530278978E+009                  1.3592237234565529E-007                  1.5764165384401658E-020                 -3.4333545270178720E+000                  4.7518197419039504E-001                  7.1374260155022617E-001                  8.6425759938221680E-001 
                                     245                  2.9989470165333909E+000                  6.8655304220413738E-001                  4.9593843591951847E+000                 -6.5900072139397396E+000                  6.5178024045650478E+000                  6.9999999999759299E-001                  2.8000000000240727E-001                  1.9999999999999796E-002                  0.0000000000000000E+000                  4.9597441927709073E+008                  4.5156800844489504E+006                  3.7726296008861289E-026                  0.0000000000000000E+000                  0.0000000000000000E+000                  9.9026762571430602E+000                  7.3157330904637575E+009                  1.3450570045830308E-007                  3.9194593139032008E-021                 -3.4356296547634106E+000                  4.7670888025247887E-001                  7.1526950761230990E-001                  8.6578450544430063E-001 
                                     246                  2.9989469807857412E+000                  6.8630542472420719E-001                  4.9645802647941659E+000                 -6.5729904186695398E+000                  6.5399508263487931E+000                  6.9999999999759299E-001                  2.8000000000240732E-001                  1.9999999999999685E-002                  0.0000000000000000E+000                  4.9519894578492028E+008                  4.5431551025495548E+006                  3.9234607774835635E-026                  0.0000000000000000E+000                  0.0000000000000000E+000                  9.9308224514519789E+000                  7.3967987085537262E+009                  1.3177427487316536E-007                  0.0000000000000000E+000                 -3.4400846824699891E+000                  4.7965319807369183E-001                  7.1821382543352297E-001                  8.6872882326551359E-001 
                                     247                  2.9989469452077975E+000                  6.8606805499087731E-001                  4.9686339955949048E+000                 -6.5597602679183975E+000                  6.5571868577486105E+000                  6.9999999999759288E-001                  2.8000000000240732E-001                  1.9999999999999796E-002                  0.0000000000000000E+000                  4.9460079423326927E+008                  4.5647375562078068E+006                  4.0448840146953581E-026                  0.0000000000000000E+000                  0.0000000000000000E+000                  9.9556629589157133E+000                  7.4741778154134827E+009                  1.2915970413591804E-007                  0.0000000000000000E+000                 -3.4444364792426025E+000                  4.8246740562856472E-001                  7.2102803298839580E-001                  8.7154303082038653E-001 
                                     248                  2.9989469228343224E+000                  6.8592307056303103E-001                  4.9719859078212716E+000                 -6.5489422277043721E+000                  6.5713235747905872E+000                  6.9999999999759288E-001                  2.8000000000240732E-001                  1.9999999999999796E-002                  0.0000000000000000E+000                  4.9414731337075102E+008                  4.5826865807437990E+006                  4.1469575539143871E-026                  0.0000000000000000E+000                  0.0000000000000000E+000                  9.9756454778544139E+000                  7.5217571151209879E+009                  1.2760116748409638E-007                  0.0000000000000000E+000                 -3.4470726760143982E+000                  4.8418154863227053E-001                  7.2274217599210167E-001                  8.7325717382409218E-001 
                                     249                  2.9989468959956325E+000                  6.8575324487128153E-001                  4.9746521185673176E+000                 -6.5403324524005484E+000                  6.5825727849931202E+000                  6.9999999999759299E-001                  2.8000000000240732E-001                  1.9999999999999685E-002                  0.0000000000000000E+000                  4.9378442298500890E+008                  4.5970152136262050E+006                  4.2300331725004458E-026                  0.0000000000000000E+000                  0.0000000000000000E+000                  9.9924935362554557E+000                  7.5777254621788082E+009                  1.2582344356253800E-007                  0.0000000000000000E+000                 -3.4501192165626970E+000                  4.8618436404026882E-001                  7.2474499140009985E-001                  8.7525998923209047E-001 
                                     250                  2.9989468825762868E+000                  6.8566992600400622E-001                  4.9772748758510597E+000                 -6.5319604537969340E+000                  6.5935462692826414E+000                  6.9999999999759288E-001                  2.8000000000240732E-001                  1.9999999999999796E-002                  0.0000000000000000E+000                  4.9346374437968910E+008                  4.6111661856279988E+006                  4.3124105474482432E-026                  0.0000000000000000E+000                  0.0000000000000000E+000                  1.0007645757489328E+001                  7.6053423717921133E+009                  1.2497639702728577E-007                  0.0000000000000000E+000                 -3.4515859999308138E+000                  4.8716454161093820E-001                  7.2572516897076933E-001                  8.7624016680275996E-001 
                                     251                  2.9989468557375969E+000                  6.8550633037015463E-001                  4.9806706052700882E+000                 -6.5211247330032371E+000                  6.6077502358660238E+000                  6.9999999999759299E-001                  2.8000000000240732E-001                  1.9999999999999685E-002                  0.0000000000000000E+000                  4.9305290185377353E+008                  4.6295464771450767E+006                  4.4214170700919364E-026                  0.0000000000000000E+000                  0.0000000000000000E+000                  1.0027852474617415E+001                  7.6599334026916771E+009                  1.2336862532444767E-007                 -2.8206880518965369E-021                 -3.4543976372541274E+000                  4.8908412104934884E-001                  7.2764474840917992E-001                  8.7815974624117055E-001 
                                     252                  2.9989468290139132E+000                  6.8534727256493411E-001                  4.9847877894568917E+000                 -6.5081002342789196E+000                  6.6248643569934131E+000                  6.9999999999759299E-001                  2.8000000000240732E-001                  1.9999999999999685E-002                  0.0000000000000000E+000                  4.9260306717767984E+008                  4.6519299636607394E+006                  4.5560961749900132E-026                  0.0000000000000000E+000                  0.0000000000000000E+000                  1.0051067608990531E+001                  7.7131741675240431E+009                  1.2185592586512414E-007                 -1.1209825668367525E-020                 -3.4570766730921254E+000                  4.9094340247708995E-001                  7.2950402983692109E-001                  8.8001902766891160E-001 
                                     253                  2.9989467889283863E+000                  6.8511542203988285E-001                  4.9887520284265632E+000                 -6.4955367858515345E+000                  6.6413640950450867E+000                  6.9999999999759288E-001                  2.8000000000240738E-001                  1.9999999999999796E-002                  0.0000000000000000E+000                  4.9217126986060852E+008                  4.6735598297782457E+006                  4.6898946372292285E-026                  0.0000000000000000E+000                  0.0000000000000000E+000                  1.0074843724705755E+001                  7.7908047184774733E+009                  1.1972299904003511E-007                 -1.6657637405483985E-020                 -3.4609112063476601E+000                  4.9364077634837467E-001                  7.3220140370820574E-001                  8.8271640154019637E-001 
                                     254                  2.9989467622047026E+000                  6.8496506397903201E-001                  4.9922171793457082E+000                 -6.4846626772021372E+000                  6.6556844173026946E+000                  6.9999999999759288E-001                  2.8000000000240738E-001                  1.9999999999999796E-002                  0.0000000000000000E+000                  4.9184227549168193E+008                  4.6925428939382005E+006                  4.8088709187748054E-026                  0.0000000000000000E+000                  0.0000000000000000E+000                  1.0094224082503253E+001                  7.8412338778459034E+009                  1.1838444367553042E-007                 -1.1038238218406948E-020                 -3.4633526811956736E+000                  4.9538090991907913E-001                  7.3394153727891021E-001                  8.8445653511090083E-001 
                                     255                  2.9989467289334999E+000                  6.8478228574715794E-001                  4.9959445039457515E+000                 -6.4729959652977591E+000                  6.6710594995987229E+000                  6.9999999999759288E-001                  2.8000000000240738E-001                  1.9999999999999796E-002                  0.0000000000000000E+000                  4.9151111304967839E+008                  4.7130261688661510E+006                  4.9398785435858467E-026                  0.0000000000000000E+000                  0.0000000000000000E+000                  1.0115207769897886E+001                  7.9029335270274897E+009                  1.1681862578583008E-007                 -2.7395818946334727E-021                 -3.4662439534786591E+000                  4.9748592139736264E-001                  7.3604654875719366E-001                  8.8656154658918440E-001 
                                     256                  2.9989466956622972E+000                  6.8460413027689604E-001                  4.9999130482388416E+000                 -6.4606475321156829E+000                  6.6873599584195818E+000                  6.9999999999759288E-001                  2.8000000000240738E-001                  1.9999999999999796E-002                  0.0000000000000000E+000                  4.9120088360105044E+008                  4.7349079232183248E+006                  5.0824324380680543E-026                  0.0000000000000000E+000                  0.0000000000000000E+000                  1.0136880002855319E+001                  7.9632389927006721E+009                  1.1534016803163757E-007                  0.0000000000000000E+000                 -3.4690097101145465E+000                  4.9952626545058088E-001                  7.3808689281041207E-001                  8.8860189064240269E-001 
                                     257                  2.9989466558854136E+000                  6.8439683416900599E-001                  5.0037419543508435E+000                 -6.4487473133664581E+000                  6.7030736977514440E+000                  6.9999999999759288E-001                  2.8000000000240743E-001                  1.9999999999999685E-002                  0.0000000000000000E+000                  4.9092411704801488E+008                  4.7560782768728612E+006                  5.2237043027311371E-026                  0.0000000000000000E+000                  0.0000000000000000E+000                  1.0158237247357695E+001                  8.0335025776925745E+009                  1.1367109205759685E-007                  0.0000000000000000E+000                 -3.4721749838220175E+000                  5.0188571358758516E-001                  7.4044634094741624E-001                  8.9096133877940686E-001 
                                     258                  2.9989466227392723E+000                  6.8422854485152473E-001                  5.0077892438899960E+000                 -6.4362757686301100E+000                  6.7195817272973004E+000                  6.9999999999759288E-001                  2.8000000000240738E-001                  1.9999999999999796E-002                  0.0000000000000000E+000                  4.9068923374269396E+008                  4.7785312040407453E+006                  5.3759758003262727E-026                  0.0000000000000000E+000                  0.0000000000000000E+000                  1.0179296520269956E+001                  8.0907731288066950E+009                  1.1236195562732653E-007                  0.0000000000000000E+000                 -3.4746903553174411E+000                  5.0378882487764598E-001                  7.4234945223747706E-001                  8.9286445006946769E-001 
                                     259                  2.9989465765036845E+000                  6.8400013047181918E-001                  5.0126530945110117E+000                 -6.4213285164248841E+000                  6.7393817718308959E+000                  6.9999999999759288E-001                  2.8000000000240732E-001                  1.9999999999999796E-002                  0.0000000000000000E+000                  4.9044667648313135E+008                  4.8056034538349342E+006                  5.5643353100437919E-026                  0.0000000000000000E+000                  0.0000000000000000E+000                  1.0204448036748332E+001                  8.1689181660466795E+009                  1.1065689048924109E-007                  0.0000000000000000E+000                 -3.4780107689149808E+000                  5.0635418522071185E-001                  7.4491481258054293E-001                  8.9542981041253356E-001 
                                     260                  2.9989465236690038E+000                  6.8374752636387870E-001                  5.0174351530065273E+000                 -6.4066637124069148E+000                  6.7588192224875927E+000                  6.9999999999759288E-001                  2.8000000000240732E-001                  1.9999999999999796E-002                  0.0000000000000000E+000                  4.9024580327833074E+008                  4.8323151416544374E+006                  5.7555497703650676E-026                  0.0000000000000000E+000                  0.0000000000000000E+000                  1.0229005824724119E+001                  8.2552404951907339E+009                  1.0883622573183896E-007                  0.0000000000000000E+000                 -3.4816132636384252E+000                  5.0916813258931481E-001                  7.4772875994914600E-001                  8.9824375778113652E-001 
                                     261                  2.9989464749902668E+000                  6.8352214769541753E-001                  5.0212583516995570E+000                 -6.3949631515957241E+000                  6.7743366092563830E+000                  6.9999999999759288E-001                  2.8000000000240732E-001                  1.9999999999999796E-002                  0.0000000000000000E+000                  4.9011258616935796E+008                  4.8537389928344907E+006                  5.9128169598929257E-026                  0.0000000000000000E+000                  0.0000000000000000E+000                  1.0248311381240359E+001                  8.3321455241157169E+009                  1.0726881616228065E-007                  3.4989260934809738E-021                 -3.4847632561511150E+000                  5.1165807298968635E-001                  7.5021870034951743E-001                  9.0073369818150817E-001 
                                     262                  2.9989464394780372E+000                  6.8336188613623139E-001                  5.0243975777089167E+000                 -6.3854092365043016E+000                  6.7870272580058923E+000                  6.9999999999759288E-001                  2.8000000000240732E-001                  1.9999999999999796E-002                  0.0000000000000000E+000                  4.9003464516857320E+008                  4.8713814344411083E+006                  6.0444137594106646E-026                  0.0000000000000000E+000                  0.0000000000000000E+000                  1.0263081226927371E+001                  8.3869821687516270E+009                  1.0619771899033118E-007                  1.0335045361013925E-020                 -3.4869424056600011E+000                  5.1341627194358352E-001                  7.5197689930341471E-001                  9.0249189713540534E-001 
                                     263                  2.9989464039693847E+000                  6.8320495558745931E-001                  5.0274520621734382E+000                 -6.3761347962434973E+000                  6.7993548510814907E+000                  6.9999999999759299E-001                  2.8000000000240727E-001                  1.9999999999999796E-002                  0.0000000000000000E+000                  4.8997620792814338E+008                  4.8885908987836977E+006                  6.1749628881988925E-026                  0.0000000000000000E+000                  0.0000000000000000E+000                  1.0276964558114521E+001                  8.4408872944501476E+009                  1.0518859664832432E-007                  6.5203366162789833E-021                 -3.4890156694501719E+000                  5.1512800223839117E-001                  7.5368862959822225E-001                  9.0420362743021288E-001 
                                     264                  2.9989463685756172E+000                  6.8305167365201847E-001                  5.0304262565548328E+000                 -6.3671238742866505E+000                  6.8113396771037360E+000                  6.9999999999759288E-001                  2.8000000000240738E-001                  1.9999999999999796E-002                  0.0000000000000000E+000                  4.8993473072133434E+008                  4.9053909014836783E+006                  6.3045035775710394E-026                  0.0000000000000000E+000                  0.0000000000000000E+000                  1.0290176265602518E+001                  8.4935957386807737E+009                  1.0423153707214523E-007                 -4.7317072295129143E-021                 -3.4910004288860006E+000                  5.1679074945253001E-001                  7.5535137681236120E-001                  9.0586637464435182E-001 
                                     265                  2.9989463331818489E+000                  6.8290138180735638E-001                  5.0336844534043879E+000                 -6.3572892790647524E+000                  6.8244340512352721E+000                  6.9999999999759288E-001                  2.8000000000240738E-001                  1.9999999999999796E-002                  0.0000000000000000E+000                  4.8991109889483088E+008                  4.9238479023775784E+006                  6.4489898402967794E-026                  0.0000000000000000E+000                  0.0000000000000000E+000                  1.0304269061287769E+001                  8.5454039395940084E+009                  1.0331851186020475E-007                  3.6563267365765841E-021                 -3.4929109288894864E+000                  5.1841228147697660E-001                  7.5697290883680779E-001                  9.0748790666879842E-001 
                                     266                  2.9989462890785852E+000                  6.8271808912845866E-001                  5.0375447379614293E+000                 -6.3456638208046785E+000                  6.8399230408376877E+000                  6.9999999999759299E-001                  2.8000000000240732E-001                  1.9999999999999685E-002                  0.0000000000000000E+000                  4.8990292282075793E+008                  4.9457872195747569E+006                  6.6240648085103948E-026                  0.0000000000000000E+000                  0.0000000000000000E+000                  1.0321308602328497E+001                  8.6087370171788998E+009                  1.0222949207870428E-007                  2.2854625022382679E-020                 -3.4952118984835070E+000                  5.2037844519348031E-001                  7.5893907255331139E-001                  9.0945407038530202E-001 
                                     267                  2.9989462361633978E+000                  6.8250368862393651E-001                  5.0406102445248049E+000                 -6.3363969798342366E+000                  6.8522561542236495E+000                  6.9999999999759299E-001                  2.8000000000240727E-001                  1.9999999999999796E-002                  0.0000000000000000E+000                  4.8989071114714527E+008                  4.9632600133961486E+006                  6.7670190780957190E-026                  0.0000000000000000E+000                  0.0000000000000000E+000                  1.0336533672039996E+001                  8.6824647481669006E+009                  1.0095691105106680E-007                  1.7203081330709720E-020                 -3.4979319729386358E+000                  5.2266353456635217E-001                  7.6122416192618325E-001                  9.1173915975817388E-001 
                                     268                  2.9989462094719981E+000                  6.8239770699920266E-001                  5.0436382043028800E+000                 -6.3273457800463913E+000                  6.8643414036083321E+000                  6.9999999999759288E-001                  2.8000000000240738E-001                  1.9999999999999796E-002                  0.0000000000000000E+000                  4.8992087047332436E+008                  4.9805827147636879E+006                  6.9096255087648020E-026                  0.0000000000000000E+000                  0.0000000000000000E+000                  1.0350606859268703E+001                  8.7190480054072113E+009                  1.0033453861213550E-007                 -2.0987895324378993E-021                 -3.4992747710440275E+000                  5.2378691664715638E-001                  7.6234754400698757E-001                  9.1286254183897819E-001 
                                     269                  2.9989461560109891E+000                  6.8218958580890565E-001                  5.0475511512509827E+000                 -6.3156224834480561E+000                  6.8799841490538149E+000                  6.9999999999759288E-001                  2.8000000000240738E-001                  1.9999999999999796E-002                  0.0000000000000000E+000                  4.8995597614955914E+008                  5.0030430328069944E+006                  7.0988099873135994E-026                  0.0000000000000000E+000                  0.0000000000000000E+000                  1.0371360225704040E+001                  8.7912551439485035E+009                  9.9122985488671630E-008                 -3.0487077116609769E-021                 -3.5019128129521455E+000                  5.2598195454646901E-001                  7.6454258190630009E-001                  9.1505757973829072E-001 
                                     270                  2.9989461025628366E+000                  6.8198676852523843E-001                  5.0519639590513270E+000                 -6.3024778015265275E+000                  6.8975529774980151E+000                  6.9999999999759299E-001                  2.8000000000240732E-001                  1.9999999999999685E-002                  0.0000000000000000E+000                  4.9002837103689396E+008                  5.0284954623710318E+006                  7.3171008686161095E-026                  0.0000000000000000E+000                  0.0000000000000000E+000                  1.0396530283090526E+001                  8.8615819971515026E+009                  9.7927752227129266E-008                  2.0889359099460270E-021                 -3.5045471069528071E+000                  5.2810790761759030E-001                  7.6666853497742149E-001                  9.1718353280941212E-001 
                                     271                  2.9989460314891834E+000                  6.8172468872927650E-001                  5.0568056312779204E+000                 -6.2880667531186791E+000                  6.9168187721588144E+000                  6.9999999999759288E-001                  2.8000000000240738E-001                  1.9999999999999796E-002                  0.0000000000000000E+000                  4.9011423933579630E+008                  5.0565703066191543E+006                  7.5641459603136078E-026                  0.0000000000000000E+000                  0.0000000000000000E+000                  1.0428322879249135E+001                  8.9525903490560989E+009                  9.6363710726743372E-008                 -3.3894476967871743E-021                 -3.5080432423758685E+000                  5.3083738279626991E-001                  7.6939801015610110E-001                  9.1991300798809172E-001 
                                     272                  2.9989459604397819E+000                  6.8147079718217340E-001                  5.0605915554671519E+000                 -6.2767970691543811E+000                  6.9318845976016910E+000                  6.9999999999759288E-001                  2.8000000000240738E-001                  1.9999999999999796E-002                  0.0000000000000000E+000                  4.9018002424405551E+008                  5.0786377628007093E+006                  7.7631391283494282E-026                  0.0000000000000000E+000                  0.0000000000000000E+000                  1.0456325654068770E+001                  9.0403709930565338E+009                  9.4814627870448726E-008                 -6.0470737116042706E-021                 -3.5115623275686154E+000                  5.3346425115683993E-001                  7.7202487851667112E-001                  9.2253987634866175E-001 
                                     273                  2.9989459161420098E+000                  6.8131633841020312E-001                  5.0634298171753569E+000                 -6.2684061190617930E+000                  6.9431245124692067E+000                  6.9999999999759288E-001                  2.8000000000240743E-001                  1.9999999999999685E-002                  0.0000000000000000E+000                  4.9024850999885595E+008                  5.0952588004216738E+006                  7.9146949603239023E-026                  0.0000000000000000E+000                  0.0000000000000000E+000                  1.0477872742199468E+001                  9.0938757522878819E+009                  9.3867955023920461E-008                 -2.0720356074551337E-021                 -3.5137413217131837E+000                  5.3505428876334049E-001                  7.7361491612317157E-001                  9.2412991395516220E-001 
                                     274                  2.9989458718665616E+000                  6.8116475147299294E-001                  5.0659254133525122E+000                 -6.2610372569958965E+000                  6.9529988725144580E+000                  6.9999999999759288E-001                  2.8000000000240743E-001                  1.9999999999999685E-002                  0.0000000000000000E+000                  4.9031008075222224E+008                  5.1099251598466914E+006                  8.0502290579222803E-026                  0.0000000000000000E+000                  0.0000000000000000E+000                  1.0497833212037898E+001                  9.1465958715773182E+009                  9.2942917548025702E-008                  5.4882395656174467E-021                 -3.5158918494065134E+000                  5.3660926208138848E-001                  7.7516988944121945E-001                  9.2568488727321019E-001 
                                     275                  2.9989458365267341E+000                  6.8104568201852544E-001                  5.0691771104466197E+000                 -6.2515169635672683E+000                  6.9657880212707601E+000                  6.9999999999759288E-001                  2.8000000000240732E-001                  1.9999999999999796E-002                  0.0000000000000000E+000                  4.9041632293270928E+008                  5.1291195198612697E+006                  8.2287772650369321E-026                  0.0000000000000000E+000                  0.0000000000000000E+000                  1.0523812694309155E+001                  9.1882461798397884E+009                  9.2222705970546756E-008                  2.1867070324266357E-020                 -3.5175810694966296E+000                  5.3782691824720452E-001                  7.7638754560703571E-001                  9.2690254343902634E-001 
                                     276                  2.9989457661383465E+000                  6.8081338497421706E-001                  5.0728466706173334E+000                 -6.2407332889782223E+000                  6.9802585614121906E+000                  6.9999999999759277E-001                  2.8000000000240738E-001                  1.9999999999999796E-002                  0.0000000000000000E+000                  4.9051562155896425E+008                  5.1508778231691075E+006                  8.4358091581852592E-026                  0.0000000000000000E+000                  0.0000000000000000E+000                  1.0556133039724791E+001                  9.2695464884371395E+009                  9.0821304662928358E-008                  2.8068704648663151E-020                 -3.5209061318394110E+000                  5.4019404423722117E-001                  7.7875467159705225E-001                  9.2926966942904288E-001 
                                     277                  2.9989457133470552E+000                  6.8064319850838229E-001                  5.0769453780519225E+000                 -6.2288132334005173E+000                  6.9963031950871111E+000                  6.9999999999759277E-001                  2.8000000000240732E-001                  1.9999999999999907E-002                  0.0000000000000000E+000                  4.9066254328278917E+008                  5.1753320223464519E+006                  8.6707266793706590E-026                  0.0000000000000000E+000                  0.0000000000000000E+000                  1.0592307041441657E+001                  9.3292092595767822E+009                  8.9800157581465854E-008                  3.7461613422736921E-021                 -3.5233614506156736E+000                  5.4192113631545913E-001                  7.8048176367529021E-001                  9.3099676150728072E-001 
                                     278                  2.9989456248957840E+000                  6.8036534314555397E-001                  5.0814101888641483E+000                 -6.2157983956463427E+000                  7.0138094822158328E+000                  6.9999999999759288E-001                  2.8000000000240721E-001                  1.9999999999999907E-002                  0.0000000000000000E+000                  4.9079774834344590E+008                  5.2021341551737981E+006                  8.9346997699034567E-026                  0.0000000000000000E+000                  0.0000000000000000E+000                  1.0635662323892490E+001                  9.4268443499090462E+009                  8.8149454433624657E-008                 -2.1168604413096875E-020                 -3.5273901856256051E+000                  5.4472936642314695E-001                  7.8328999378297803E-001                  9.3380499161496866E-001 
                                     279                  2.9989455535758220E+000                  6.8014754485361795E-001                  5.0843117288179771E+000                 -6.2073561507974597E+000                  7.0251714070720270E+000                  6.9999999999759288E-001                  2.8000000000240727E-001                  1.9999999999999796E-002                  0.0000000000000000E+000                  4.9088268687762731E+008                  5.2196505956907868E+006                  9.1102130114078936E-026                  0.0000000000000000E+000                  0.0000000000000000E+000                  1.0665564625966875E+001                  9.5029390628603554E+009                  8.6846860914892057E-008                 -1.7554799772958669E-020                 -3.5306229372669233E+000                  5.4692093041294343E-001                  7.8548155777277451E-001                  9.3599655560476525E-001 
                                     280                  2.9989455179158417E+000                  6.8004062229533213E-001                  5.0871642419250609E+000                 -6.1991482886764180E+000                  7.0362544172190358E+000                  6.9999999999759288E-001                  2.8000000000240732E-001                  1.9999999999999796E-002                  0.0000000000000000E+000                  4.9099306172651476E+008                  5.2369583219331596E+006                  9.2841596505154401E-026                  0.0000000000000000E+000                  0.0000000000000000E+000                  1.0694767415378141E+001                  9.5405897227189846E+009                  8.6215126201245607E-008                 -4.3738781147110783E-021                 -3.5322082658728911E+000                  5.4799369351355232E-001                  7.8655432087338351E-001                  9.3706931870537413E-001 
                                     281                  2.9989454465958802E+000                  6.7983055089152933E-001                  5.0908632763814987E+000                 -6.1884983516448289E+000                  7.0506324077642164E+000                  6.9999999999759288E-001                  2.8000000000240727E-001                  1.9999999999999796E-002                  0.0000000000000000E+000                  4.9112430008392519E+008                  5.2595109845843520E+006                  9.5148221948351352E-026                  0.0000000000000000E+000                  0.0000000000000000E+000                  1.0735480415070933E+001                  9.6149823361429577E+009                  8.4982245208961931E-008                  0.0000000000000000E+000                 -3.5353358995734636E+000                  5.5009581972057608E-001                  7.8865644708040727E-001                  9.3917144491239790E-001 
                                     282                  2.9989453752759192E+000                  6.7962527401792217E-001                  5.0953788909060975E+000                 -6.1756050123017747E+000                  7.0680824073131383E+000                  6.9999999999759288E-001                  2.8000000000240732E-001                  1.9999999999999796E-002                  0.0000000000000000E+000                  4.9130917014723605E+008                  5.2872259300275836E+006                  9.8017586411891704E-026                  0.0000000000000000E+000                  0.0000000000000000E+000                  1.0787430982808230E+001                  9.6878291447943897E+009                  8.3772570689918428E-008                  0.0000000000000000E+000                 -3.5384490786801592E+000                  5.5214285653410122E-001                  7.9070348389393219E-001                  9.4121848172592293E-001 
                                     283                  2.9989452673535428E+000                  6.7932320369179156E-001                  5.1001737672740663E+000                 -6.1619113132725376E+000                  7.0866143653029559E+000                  6.9999999999759288E-001                  2.8000000000240727E-001                  1.9999999999999796E-002                  0.0000000000000000E+000                  4.9148664870232093E+008                  5.3168576539713284E+006                  1.0115991909377083E-025                  0.0000000000000000E+000                  0.0000000000000000E+000                  1.0848539993647845E+001                  9.7951508946171722E+009                  8.1976524563556471E-008                  0.0000000000000000E+000                 -3.5431552488823144E+000                  5.5514338041289135E-001                  7.9370400777272254E-001                  9.4421900560471317E-001 
                                     284                  2.9989451774182285E+000                  6.7907883092201371E-001                  5.1035526373904299E+000                 -6.1522958420066800E+000                  7.0996410361841527E+000                  6.9999999999759288E-001                  2.8000000000240732E-001                  1.9999999999999796E-002                  0.0000000000000000E+000                  4.9161332733083546E+008                  5.3378696895449124E+006                  1.0342644763936946E-025                  0.0000000000000000E+000                  0.0000000000000000E+000                  1.0894766115183558E+001                  9.8816610618212929E+009                  8.0494936451685044E-008                  4.7694251767568637E-021                 -3.5471157190723206E+000                  5.5756070376600553E-001                  7.9612133112583661E-001                  9.4663632895782734E-001 
                                     285                  2.9989451234570406E+000                  6.7893522558143704E-001                  5.1064614208895032E+000                 -6.1440940690148107E+000                  7.1107833909792300E+000                  6.9999999999759288E-001                  2.8000000000240738E-001                  1.9999999999999796E-002                  0.0000000000000000E+000                  4.9174377095340747E+008                  5.3560517008555299E+006                  1.0539984812944406E-025                  0.0000000000000000E+000                  0.0000000000000000E+000                  1.0935521838065865E+001                  9.9328236076537991E+009                  7.9621520400779266E-008                  1.4903424343688348E-020                 -3.5494847668338583E+000                  5.5897700639918024E-001                  7.9753763375901132E-001                  9.4805263159100206E-001 
                                     286                  2.9989450510320714E+000                  6.7874587133131448E-001                  5.1105427192590867E+000                 -6.1326565016337007E+000                  7.1263505340653586E+000                  6.9999999999759277E-001                  2.8000000000240738E-001                  1.9999999999999796E-002                  0.0000000000000000E+000                  4.9194417641821015E+008                  5.3816980491605019E+006                  1.0821485089114689E-025                  0.0000000000000000E+000                  0.0000000000000000E+000                  1.0995104496708336E+001                  1.0000904116497427E+010                  7.8474121169600872E-008                  1.2058196805819572E-020                 -3.5526367696287418E+000                  5.6083976558538473E-001                  7.9940039294521581E-001                  9.4991539077720644E-001 
                                     287                  2.9989449416795413E+000                  6.7846695086362285E-001                  5.1152874232724939E+000                 -6.1193948812822452E+000                  7.1444147678690495E+000                  6.9999999999759288E-001                  2.8000000000240738E-001                  1.9999999999999796E-002                  0.0000000000000000E+000                  4.9218028728529757E+008                  5.4116961068877317E+006                  1.1157308385192251E-025                  0.0000000000000000E+000                  0.0000000000000000E+000                  1.1069163497209187E+001                  1.0101349950094179E+010                  7.6775427403559740E-008                 -5.4755414272493671E-021                 -3.5573888785952250E+000                  5.6357421662062812E-001                  8.0213484398045920E-001                  9.5264984181244994E-001 
                                     288                  2.9989448323270116E+000                  6.7819590441675515E-001                  5.1206344995968429E+000                 -6.1045986796447931E+000                  7.1646310979365326E+000                  6.9999999999759288E-001                  2.8000000000240738E-001                  1.9999999999999796E-002                  0.0000000000000000E+000                  4.9249239281979960E+008                  5.4457462850036453E+006                  1.1544311966218806E-025                  0.0000000000000000E+000                  0.0000000000000000E+000                  1.1156382904215448E+001                  1.0199336403632828E+010                  7.5122404943742337E-008                 -1.1363354921151930E-020                 -3.5621152585799849E+000                  5.6622014516350838E-001                  8.0478077252333957E-001                  9.5529577035533020E-001 
                                     289                  2.9989446865236378E+000                  6.7784586428310101E-001                  5.1250368669241499E+000                 -6.0923980570737486E+000                  7.1812931713168400E+000                  6.9999999999759288E-001                  2.8000000000240738E-001                  1.9999999999999796E-002                  0.0000000000000000E+000                  4.9273850652015877E+008                  5.4739466814925019E+006                  1.1873508661587925E-025                  0.0000000000000000E+000                  0.0000000000000000E+000                  1.1233923209484919E+001                  1.0325770739265074E+010                  7.2981698164947690E-008                 -3.9613146068616147E-021                 -3.5683930177651737E+000                  5.6962139165141989E-001                  8.0818201901125097E-001                  9.5869701684324160E-001 
                                     290                  2.9989446136219509E+000                  6.7767538638563452E-001                  5.1279071943173244E+000                 -6.0845316816644353E+000                  7.1920730578901155E+000                  6.9999999999759288E-001                  2.8000000000240738E-001                  1.9999999999999796E-002                  0.0000000000000000E+000                  4.9293089389482218E+008                  5.4924268774357690E+006                  1.2090721817375217E-025                  0.0000000000000000E+000                  0.0000000000000000E+000                  1.1285174150845544E+001                  1.0387434918837841E+010                  7.1939429995450749E-008                  0.0000000000000000E+000                 -3.5715165037953893E+000                  5.7127077968830153E-001                  8.0983140704813261E-001                  9.6034640488012324E-001 
                                     291                  2.9989445407202640E+000                  6.7750777294425846E-001                  5.1314394434098167E+000                 -6.0749233596003434E+000                  7.2052705909766264E+000                  6.9999999999759277E-001                  2.8000000000240743E-001                  1.9999999999999796E-002                  0.0000000000000000E+000                  4.9319484923049080E+008                  5.5152643092636866E+006                  1.2361435745779519E-025                  0.0000000000000000E+000                  0.0000000000000000E+000                  1.1349674831378019E+001                  1.0448765505779802E+010                  7.0926820671123427E-008                  0.0000000000000000E+000                 -3.5745947535871787E+000                  5.7288755662361823E-001                  8.1144818398344931E-001                  9.6196318181543994E-001 
                                     292                  2.9989444304031783E+000                  6.7725932821803703E-001                  5.1362700990508827E+000                 -6.0618631949142108E+000                  7.2232435736138765E+000                  6.9999999999759277E-001                  2.8000000000240743E-001                  1.9999999999999796E-002                  0.0000000000000000E+000                  4.9358884148675227E+008                  5.5466549127450623E+006                  1.2739154303598881E-025                  0.0000000000000000E+000                  0.0000000000000000E+000                  1.1441947966930970E+001                  1.0540224724948875E+010                  6.9427881556495256E-008                  0.0000000000000000E+000                 -3.5792330430548609E+000                  5.7527555803883934E-001                  8.1383618539867053E-001                  9.6435118323066116E-001 
                                     293                  2.9989442826706938E+000                  6.7693583833408821E-001                  5.1416184450975351E+000                 -6.0474801051971756E+000                  7.2430700968142450E+000                  6.9999999999759277E-001                  2.8000000000240738E-001                  1.9999999999999796E-002                  0.0000000000000000E+000                  4.9406194639836687E+008                  5.5816101180689549E+006                  1.3168508005013852E-025                  0.0000000000000000E+000                  0.0000000000000000E+000                  1.1551026657105465E+001                  1.0659546826397480E+010                  6.7456677081361352E-008                  0.0000000000000000E+000                 -3.5854875279918210E+000                  5.7837024889158928E-001                  8.1693087625142036E-001                  9.6744587408341109E-001 
                                     294                  2.9989441339595739E+000                  6.7662011703863434E-001                  5.1455149648003076E+000                 -6.0370313627580181E+000                  7.2574862732644885E+000                  6.9999999999759277E-001                  2.8000000000240738E-001                  1.9999999999999796E-002                  0.0000000000000000E+000                  4.9442543819495422E+008                  5.6072017410315471E+006                  1.3489467553099389E-025                  0.0000000000000000E+000                  0.0000000000000000E+000                  1.1636043919679924E+001                  1.0775781278470770E+010                  6.5495407679493151E-008                  0.0000000000000000E+000                 -3.5918945751138383E+000                  5.8137507522809317E-001                  8.1993570258792436E-001                  9.7045070041991499E-001 
                                     295                  2.9989440591146970E+000                  6.7646474227544362E-001                  5.1487127594781521E+000                 -6.0285681291480184E+000                  7.2692115569997693E+000                  6.9999999999759277E-001                  2.8000000000240738E-001                  1.9999999999999796E-002                  0.0000000000000000E+000                  4.9477111325992823E+008                  5.6282975440682415E+006                  1.3755165310228549E-025                  0.0000000000000000E+000                  0.0000000000000000E+000                  1.1707617081864393E+001                  1.0833385133712948E+010                  6.4518065804214962E-008                  0.0000000000000000E+000                 -3.5951593304303446E+000                  5.8284764749425033E-001                  8.2140827485408141E-001                  9.7192327268607204E-001 
                                     296                  2.9989439468473811E+000                  6.7623587439650146E-001                  5.1530775059610061E+000                 -6.0170906432838542E+000                  7.2851456012650653E+000                  6.9999999999759277E-001                  2.8000000000240743E-001                  1.9999999999999796E-002                  0.0000000000000000E+000                  4.9527975056732345E+008                  5.6572123171640830E+006                  1.4123878128636656E-025                  0.0000000000000000E+000                  0.0000000000000000E+000                  1.1810125300169465E+001                  1.0919177534528534E+010                  6.3065619776817898E-008                  0.0000000000000000E+000                 -3.6001036659431556E+000                  5.8500945263319959E-001                  8.2357007999303078E-001                  9.7408507782502141E-001 
                                     297                  2.9989437971576276E+000                  6.7593813522554291E-001                  5.1579099499797323E+000                 -6.0044598669909615E+000                  7.3027148027191835E+000                  6.9999999999759266E-001                  2.8000000000240755E-001                  1.9999999999999796E-002                  0.0000000000000000E+000                  4.9588511661928219E+008                  5.6893825566784795E+006                  1.4541078965913029E-025                  0.0000000000000000E+000                  0.0000000000000000E+000                  1.1930063081060807E+001                  1.1031096676582602E+010                  6.1146662205408484E-008                  0.0000000000000000E+000                 -3.6068136223419436E+000                  5.8781054403539545E-001                  8.2637117139522664E-001                  9.7688616922721727E-001 
                                     298                  2.9989436474678737E+000                  6.7564834315401046E-001                  5.1626229116121261E+000                 -5.9922512750242500E+000                  7.3197459312434248E+000                  6.9999999999759255E-001                  2.8000000000240755E-001                  1.9999999999999907E-002                  0.0000000000000000E+000                  4.9653224576689887E+008                  5.7209200784641290E+006                  1.4956049238728701E-025                  0.0000000000000000E+000                  0.0000000000000000E+000                  1.2051736010716967E+001                  1.1140449404856586E+010                  5.9266590478695216E-008                  0.0000000000000000E+000                 -3.6135950281881515E+000                  5.9052470161604431E-001                  8.2908532897587539E-001                  9.7960032680786602E-001 
                                     299                  2.9989434959591956E+000                  6.7536259287951061E-001                  5.1675194146296395E+000                 -5.9796917998396184E+000                  7.3373228771380630E+000                  6.9999999999759255E-001                  2.8000000000240760E-001                  1.9999999999999796E-002                  0.0000000000000000E+000                  4.9726877848106879E+008                  5.7538579459670670E+006                  1.5395313199470366E-025                  0.0000000000000000E+000                  0.0000000000000000E+000                  1.2181579233205161E+001                  1.1249055260878878E+010                  5.7428724067076793E-008                  0.0000000000000000E+000                 -3.6204354163133914E+000                  5.9318901265920121E-001                  8.3174964001903229E-001                  9.8226463785102291E-001 
                                     300                  2.9989433248298365E+000                  6.7504838713876347E-001                  5.1717133153396428E+000                 -5.9689825422606004E+000                  7.3523325979231551E+000                  6.9999999999759255E-001                  2.8000000000240766E-001                  1.9999999999999796E-002                  0.0000000000000000E+000                  4.9793168015854663E+008                  5.7822018525943914E+006                  1.5780047247258711E-025                  0.0000000000000000E+000                  0.0000000000000000E+000                  1.2295696847692373E+001                  1.1368843985472195E+010                  5.5444106008544178E-008                  0.0000000000000000E+000                 -3.6280723073905654E+000                  5.9610560035566318E-001                  8.3466622771549426E-001                  9.8518122554748500E-001 
                                     301                  2.9989432107435969E+000                  6.7484365215464692E-001                  5.1747276566766329E+000                 -5.9613510827113299E+000                  7.3630588153414385E+000                  6.9999999999759255E-001                  2.8000000000240766E-001                  1.9999999999999796E-002                  0.0000000000000000E+000                  4.9844131366096550E+008                  5.8026566766081238E+006                  1.6060066124602244E-025                  0.0000000000000000E+000                  0.0000000000000000E+000                  1.2378017926806422E+001                  1.1447158024426092E+010                  5.4183086572843410E-008                  0.0000000000000000E+000                 -3.6330681293729783E+000                  5.9799835717452121E-001                  8.3655898453435240E-001                  9.8707398236634303E-001 
                                     302                  2.9989431152807731E+000                  6.7467510495174499E-001                  5.1793237797256344E+000                 -5.9498779395758197E+000                  7.3792601020651949E+000                  6.9999999999759244E-001                  2.8000000000240771E-001                  1.9999999999999796E-002                  0.0000000000000000E+000                  4.9929451385424900E+008                  5.8339898915603086E+006                  1.6490429912492863E-025                  0.0000000000000000E+000                  0.0000000000000000E+000                  1.2501985895824456E+001                  1.1512516825970430E+010                  5.3184277942172291E-008                  0.0000000000000000E+000                 -3.6371083662969168E+000                  5.9955111327479649E-001                  8.3811174063462757E-001                  9.8862673846661819E-001 
                                     303                  2.9989428847625441E+000                  6.7427794280171338E-001                  5.1849469705936242E+000                 -5.9358318953513134E+000                  7.3990911108328126E+000                  6.9999999999759255E-001                  2.8000000000240771E-001                  1.9999999999999796E-002                  0.0000000000000000E+000                  5.0035631271724063E+008                  5.8725178420865862E+006                  1.7033045815778367E-025                  0.0000000000000000E+000                  0.0000000000000000E+000                  1.2656105999926714E+001                  1.1667064680347942E+010                  5.0937646950748852E-008                  0.0000000000000000E+000                 -3.6464805605058781E+000                  6.0319334151238213E-001                  8.4175396887221321E-001                  9.9226896670420384E-001 
                                     304                  2.9989427008731488E+000                  6.7397045332850347E-001                  5.1905417046423405E+000                 -5.9220461589764994E+000                  7.4186440045978417E+000                  6.9999999999759255E-001                  2.8000000000240771E-001                  1.9999999999999796E-002                  0.0000000000000000E+000                  5.0150920917982429E+008                  5.9111032192798816E+006                  1.7582972730040329E-025                  0.0000000000000000E+000                  0.0000000000000000E+000                  1.2806477945347975E+001                  1.1786912221248034E+010                  4.9303272570526508E-008                  0.0000000000000000E+000                 -3.6535621264450433E+000                  6.0599606840747144E-001                  8.4455669576730252E-001                  9.9507169359929315E-001 
                                     305                  2.9989424584236644E+000                  6.7357675749208634E-001                  5.1948439214212616E+000                 -5.9114212059470779E+000                  7.4337030920480087E+000                  6.9999999999759244E-001                  2.8000000000240771E-001                  1.9999999999999796E-002                  0.0000000000000000E+000                  5.0240026683416283E+008                  5.9409240303183068E+006                  1.8018904903699513E-025                  0.0000000000000000E+000                  0.0000000000000000E+000                  1.2922559216876341E+001                  1.1940494813786371E+010                  4.7356303436473879E-008                  0.0000000000000000E+000                 -3.6623111026759005E+000                  6.0956237790697421E-001                  8.4812300526680529E-001                  9.9863800309879591E-001 
                                     306                  2.9989423604188086E+000                  6.7342116585860090E-001                  5.1984870847437126E+000                 -5.9025694115198908E+000                  7.4463184691181752E+000                  6.9999999999759255E-001                  2.8000000000240771E-001                  1.9999999999999796E-002                  0.0000000000000000E+000                  5.0322172503954470E+008                  5.9663104853756521E+006                  1.8390332021244337E-025                  0.0000000000000000E+000                  0.0000000000000000E+000                  1.3017061492942815E+001                  1.2001517496970360E+010                  4.6641827272681448E-008                  0.0000000000000000E+000                 -3.6656122218464606E+000                  6.1096412068871175E-001                  8.4952474804854283E-001                  1.0000397458805335E+000 
                                     307                  2.9989421644090979E+000                  6.7311577512484166E-001                  5.2034523824543912E+000                 -5.8905208654953771E+000                  7.4634981436534531E+000                  6.9999999999759255E-001                  2.8000000000240766E-001                  1.9999999999999796E-002                  0.0000000000000000E+000                  5.0436024866946846E+008                  6.0010765635516355E+006                  1.8908237115945108E-025                  0.0000000000000000E+000                  0.0000000000000000E+000                  1.3143913411277973E+001                  1.2122460555678637E+010                  4.5352719288114176E-008                  0.0000000000000000E+000                 -3.6716983340547844E+000                  6.1370198161002187E-001                  8.5226260896985295E-001                  1.0027776068018437E+000 
                                     308                  2.9989419472071353E+000                  6.7278590244627035E-001                  5.2073645373992035E+000                 -5.8810225582059985E+000                  7.4770396423038390E+000                  6.9999999999759255E-001                  2.8000000000240766E-001                  1.9999999999999796E-002                  0.0000000000000000E+000                  5.0526404585278463E+008                  6.0286055928842621E+006                  1.9326787035328312E-025                  0.0000000000000000E+000                  0.0000000000000000E+000                  1.3242433561943731E+001                  1.2252370483195995E+010                  4.4065269197430318E-008                  0.0000000000000000E+000                 -3.6779517862010747E+000                  6.1664082779200102E-001                  8.5520145515183221E-001                  1.0057164529838227E+000 
                                     309                  2.9989418280100288E+000                  6.7260847899622300E-001                  5.2114351007653346E+000                 -5.8712689588677627E+000                  7.4910082275189511E+000                  6.9999999999759255E-001                  2.8000000000240766E-001                  1.9999999999999796E-002                  0.0000000000000000E+000                  5.0626377554671329E+008                  6.0574079418602809E+006                  1.9766235636701650E-025                  0.0000000000000000E+000                  0.0000000000000000E+000                  1.3340572882183494E+001                  1.2322651846815186E+010                  4.3434896410550799E-008                  0.0000000000000000E+000                 -3.6810806049571574E+000                  6.1821259952562702E-001                  8.5677322688545821E-001                  1.0072882247174488E+000 
                                     310                  2.9989415896158151E+000                  6.7226088291752673E-001                  5.2171513899929804E+000                 -5.8575754160346571E+000                  7.5106223037969793E+000                  6.9999999999759255E-001                  2.8000000000240777E-001                  1.9999999999999685E-002                  0.0000000000000000E+000                  5.0767848246560180E+008                  6.0980978192336243E+006                  2.0400121150128310E-025                  0.0000000000000000E+000                  0.0000000000000000E+000                  1.3475554668464557E+001                  1.2461280364345625E+010                  4.2323249342988844E-008                  6.1197369930830868E-021                 -3.6867104984926078E+000                  6.2127378674944511E-001                  8.5983441410927630E-001                  1.0103494119412668E+000 
                                     311                  2.9989413077486633E+000                  6.7186162795058890E-001                  5.2216173895345337E+000                 -5.8468318954962735E+000                  7.5259897770730682E+000                  6.9999999999759255E-001                  2.8000000000240771E-001                  1.9999999999999796E-002                  0.0000000000000000E+000                  5.0877015737524092E+008                  6.1300844285946600E+006                  2.0911654150880202E-025                  0.0000000000000000E+000                  0.0000000000000000E+000                  1.3579617777264893E+001                  1.2619110533789234E+010                  4.1163792148982379E-008                  2.4255010202542475E-020                 -3.6927423116885749E+000                  6.2476191767498634E-001                  8.6332254503481753E-001                  1.0138375428668081E+000 
                                     312                  2.9989411668150874E+000                  6.7166647796494217E-001                  5.2245297746663928E+000                 -5.8398824021372038E+000                  7.5359584384275333E+000                  6.9999999999759266E-001                  2.8000000000240766E-001                  1.9999999999999685E-002                  0.0000000000000000E+000                  5.0950696182892752E+008                  6.1510548837608788E+006                  2.1249357374206735E-025                  0.0000000000000000E+000                  0.0000000000000000E+000                  1.3645029134118911E+001                  1.2696187751907091E+010                  4.0651887386162737E-008                  3.6221474121650679E-020                 -3.6954596430870188E+000                  6.2645531034436353E-001                  8.6501593770419472E-001                  1.0155309355361852E+000 
                                     313                  2.9989410258815110E+000                  6.7147416869456633E-001                  5.2267841887338733E+000                 -5.8344968022530193E+000                  7.5436810165829211E+000                  6.9999999999759255E-001                  2.8000000000240755E-001                  1.9999999999999907E-002                  0.0000000000000000E+000                  5.1007541800088555E+008                  6.1673415780611485E+006                  2.1514813266742025E-025                  0.0000000000000000E+000                  0.0000000000000000E+000                  1.3695103562619591E+001                  1.2772395387190334E+010                  4.0189045009619245E-008                  2.4043493410959260E-020                 -3.6979461567942571E+000                  6.2811646601812843E-001                  8.6667709337795951E-001                  1.0171920912099501E+000 
                                     314                  2.9989409443599047E+000                  6.7136418549814625E-001                  5.2292303647407872E+000                 -5.8286921709535893E+000                  7.5520239728208072E+000                  6.9999999999759255E-001                  2.8000000000240755E-001                  1.9999999999999907E-002                  0.0000000000000000E+000                  5.1070909438546211E+008                  6.1850764375867220E+006                  2.1804639780987628E-025                  0.0000000000000000E+000                  0.0000000000000000E+000                  1.3747724161324578E+001                  1.2816102305547220E+010                  3.9943330709648242E-008                  5.9961667099296149E-021                 -3.6992778619646285E+000                  6.2906303067396308E-001                  8.6762365803379415E-001                  1.0181386558657848E+000 
                                     315                  2.9989407813166915E+000                  6.7114689407551176E-001                  5.2340291256803759E+000                 -5.8173533644009705E+000                  7.5683460061057843E+000                  6.9999999999759255E-001                  2.8000000000240766E-001                  1.9999999999999796E-002                  0.0000000000000000E+000                  5.1197390114172125E+008                  6.2200463723469079E+006                  2.2382105942677231E-025                  0.0000000000000000E+000                  0.0000000000000000E+000                  1.3846407458573506E+001                  1.2903085825272350E+010                  3.9512602207940795E-008                  0.0000000000000000E+000                 -3.7016321838768804E+000                  6.3092544331160383E-001                  8.6948607067143502E-001                  1.0200010685034255E+000 
                                     316                  2.9989404530782906E+000                  6.7071976714802950E-001                  5.2397279035314730E+000                 -5.8037832758023189E+000                  7.5878291411697898E+000                  6.9999999999759244E-001                  2.8000000000240771E-001                  1.9999999999999796E-002                  0.0000000000000000E+000                  5.1343255431028420E+008                  6.2618498985439483E+006                  2.3093357992534796E-025                  0.0000000000000000E+000                  0.0000000000000000E+000                  1.3957734103129345E+001                  1.3073073541636997E+010                  3.8802688315222927E-008                  0.0000000000000000E+000                 -3.7055690923572504E+000                  6.3455802117618265E-001                  8.7311864853601373E-001                  1.0236336463680045E+000 
                                     317                  2.9989401725931799E+000                  6.7036505170447047E-001                  5.2449357241428034E+000                 -5.7914133267309778E+000                  7.6056058825731236E+000                  6.9999999999759255E-001                  2.8000000000240771E-001                  1.9999999999999796E-002                  0.0000000000000000E+000                  5.1477816776245433E+008                  6.3003447330296719E+006                  2.3761392449316804E-025                  0.0000000000000000E+000                  0.0000000000000000E+000                  1.4048418876515109E+001                  1.3213211500538424E+010                  3.8367413190653165E-008                  0.0000000000000000E+000                 -3.7080187404177352E+000                  6.3754470982961253E-001                  8.7610533718944372E-001                  1.0266203350214345E+000 
                                     318                  2.9989398752239129E+000                  6.6999863259531978E-001                  5.2507779984036898E+000                 -5.7775470642648887E+000                  7.6255397724803986E+000                  6.9999999999759255E-001                  2.8000000000240766E-001                  1.9999999999999796E-002                  0.0000000000000000E+000                  5.1629411096510261E+008                  6.3438534074881049E+006                  2.4533247863134474E-025                  0.0000000000000000E+000                  0.0000000000000000E+000                  1.4134869995661209E+001                  1.3358098272589621E+010                  3.8121410503539924E-008                  0.0000000000000000E+000                 -3.7094155193556375E+000                  6.4059911642124112E-001                  8.7915974378107231E-001                  1.0296747416130629E+000 
                                     319                  2.9989394981338071E+000                  6.6954730960195608E-001                  5.2552186940387173E+000                 -5.7668599720922940E+000                  7.6408309215500410E+000                  6.9999999999759255E-001                  2.8000000000240766E-001                  1.9999999999999796E-002                  0.0000000000000000E+000                  5.1738571117801803E+008                  6.3771150545592736E+006                  2.5145214499966042E-025                  0.0000000000000000E+000                  0.0000000000000000E+000                  1.4191636128713075E+001                  1.3534448619132851E+010                  3.8039240985090666E-008                  0.0000000000000000E+000                 -3.7098840786653593E+000                  6.4431639934152585E-001                  8.8287702670135693E-001                  1.0333920245333474E+000 
                                     320                  2.9989393386921304E+000                  6.6936070853790219E-001                  5.2584428456185437E+000                 -5.7591670783396527E+000                  7.6518711475386585E+000                  6.9999999999759255E-001                  2.8000000000240777E-001                  1.9999999999999685E-002                  0.0000000000000000E+000                  5.1820969994808853E+008                  6.4013974061065288E+006                  2.5595159739827075E-025                  0.0000000000000000E+000                  0.0000000000000000E+000                  1.4225060672138030E+001                  1.3607028496506121E+010                  3.8084521361592591E-008                  2.5962914569645940E-021                 -3.7096257490798745E+000                  6.4583763783042791E-001                  8.8439826519025899E-001                  1.0349132630222495E+000 
                                     321                  2.9989390995296148E+000                  6.6908528218785168E-001                  5.2642711018417705E+000                 -5.7452922089285607E+000                  7.6718000475650161E+000                  6.9999999999759244E-001                  2.8000000000240782E-001                  1.9999999999999796E-002                  0.0000000000000000E+000                  5.1972095848817670E+008                  6.4455479045031248E+006                  2.6427145316145907E-025                  0.0000000000000000E+000                  0.0000000000000000E+000                  1.4272467407931392E+001                  1.3715191879310589E+010                  3.8266587286748676E-008                  1.0328448451292715E-020                 -3.7085901337769736E+000                  6.4806469000681399E-001                  8.8662531736664507E-001                  1.0371403151986358E+000 
                                     322                  2.9989385948915221E+000                  6.6852076490700829E-001                  5.2705727630878467E+000                 -5.7299473542410251E+000                  7.6936710763079130E+000                  6.9999999999759233E-001                  2.8000000000240777E-001                  1.9999999999999907E-002                  0.0000000000000000E+000                  5.2121751885935485E+008                  6.4935584129149877E+006                  2.7378826503689071E-025                  0.0000000000000000E+000                  0.0000000000000000E+000                  1.4315489627771592E+001                  1.3933518641509598E+010                  3.8775244139629265E-008                  1.5322552450755572E-020                 -3.7057227295339676E+000                  6.5256378180048147E-001                  8.9112440916031266E-001                  1.0416394069923032E+000 
                                     323                  2.9989382474264690E+000                  6.6814434286287883E-001                  5.2752208973378973E+000                 -5.7186038014589444E+000                  7.7098277445244321E+000                  6.9999999999759233E-001                  2.8000000000240788E-001                  1.9999999999999796E-002                  0.0000000000000000E+000                  5.2232136385574591E+008                  6.5291926342996554E+006                  2.8104326667399553E-025                  0.0000000000000000E+000                  0.0000000000000000E+000                  1.4338906381871791E+001                  1.4076408046690727E+010                  3.9170623660523376E-008                  1.0141470266715259E-020                 -3.7035197568585958E+000                  6.5551332399804207E-001                  8.9407395135787326E-001                  1.0445889491898639E+000 
                                     324                  2.9989379395583873E+000                  6.6781862748214094E-001                  5.2804960781029671E+000                 -5.7057299721405546E+000                  7.7281649599410152E+000                  6.9999999999759233E-001                  2.8000000000240788E-001                  1.9999999999999796E-002                  0.0000000000000000E+000                  5.2358833803583246E+008                  6.5698614547837824E+006                  2.8951031786125379E-025                  0.0000000000000000E+000                  0.0000000000000000E+000                  1.4357246722201081E+001                  1.4200080606981701E+010                  3.9573013915477683E-008                  6.1225480848886807E-021                 -3.7013004361126884E+000                  6.5803197606813757E-001                  8.9659260342796865E-001                  1.0471076012599592E+000 
                                     325                  2.9989374758214424E+000                  6.6734101424287207E-001                  5.2865515280269717E+000                 -5.6907497307393484E+000                  7.7494051741296541E+000                  6.9999999999759233E-001                  2.8000000000240799E-001                  1.9999999999999685E-002                  0.0000000000000000E+000                  5.2497202180265892E+008                  6.6167894863239620E+006                  2.9968459755310528E-025                  0.0000000000000000E+000                  0.0000000000000000E+000                  1.4369306386843011E+001                  1.4379843342645609E+010                  4.0221768770387086E-008                  1.4284881740748767E-020                 -3.6977694175120006E+000                  6.6167020485264316E-001                  9.0023083221247424E-001                  1.0507458300444648E+000 
                                     326                  2.9989370082148517E+000                  6.6687422412153552E-001                  5.2908512143866586E+000                 -5.6799445073659296E+000                  7.7646453325455838E+000                  6.9999999999759221E-001                  2.8000000000240788E-001                  1.9999999999999907E-002                  0.0000000000000000E+000                  5.2589073625233674E+008                  6.6502590617631711E+006                  3.0724468858236871E-025                  0.0000000000000000E+000                  0.0000000000000000E+000                  1.4370734991129318E+001                  1.4551779302928328E+010                  4.0898589832271260E-008                  1.7893754652345729E-020                 -3.6941458330210377E+000                  6.6516408925164949E-001                  9.0372471661148057E-001                  1.0542397144434712E+000 
                                     327                  2.9989367819283115E+000                  6.6665335949801263E-001                  5.2944134342898748E+000                 -5.6710424388931093E+000                  7.7772252604622345E+000                  6.9999999999759221E-001                  2.8000000000240793E-001                  1.9999999999999796E-002                  0.0000000000000000E+000                  5.2668277450006843E+008                  6.6781190448084911E+006                  3.1361637527192654E-025                  0.0000000000000000E+000                  0.0000000000000000E+000                  1.4362866719982387E+001                  1.4632660352453629E+010                  4.1264390256882537E-008                  3.4234724699538412E-021                 -3.6922122839290532E+000                  6.6679533540985236E-001                  9.0535596276968344E-001                  1.0558709606016741E+000 
                                     328                  2.9989364180127160E+000                  6.6630468492108474E-001                  5.2989321927269231E+000                 -5.6596295616084715E+000                  7.7932964356351144E+000                  6.9999999999759233E-001                  2.8000000000240793E-001                  1.9999999999999796E-002                  0.0000000000000000E+000                  5.2764259803066587E+008                  6.7135858993139258E+006                  3.2197898940130744E-025                  0.0000000000000000E+000                  0.0000000000000000E+000                  1.4343740585954436E+001                  1.4760165601959974E+010                  4.1925675463035967E-008                 -5.7721965927016601E-021                 -3.6887599658814372E+000                  6.6934180045393898E-001                  9.0790242781377006E-001                  1.0584174256457606E+000 
                                     329                  2.9989360051255489E+000                  6.6591837080165284E-001                  5.3045402315133563E+000                 -5.6453707038439722E+000                  7.8133311995299168E+000                  6.9999999999759221E-001                  2.8000000000240799E-001                  1.9999999999999796E-002                  0.0000000000000000E+000                  5.2880581326394767E+008                  6.7578206481168177E+006                  3.8664320847851846E-025                  0.0000000000000000E+000                  0.0000000000000000E+000                  1.4301952082574346E+001                  1.4899922673291250E+010                  4.2748754503411429E-008                  2.6707664121166836E-021                 -3.6845382670196631E+000                  6.7212222768127339E-001                  9.1068285504110458E-001                  1.0611978528730952E+000 
                                     330                  2.9989354120801739E+000                  6.6537969728795643E-001                  5.3105415201786688E+000                 -5.6297979461881820E+000                  7.8350654574180316E+000                  6.9999999999759221E-001                  2.8000000000240793E-001                  1.9999999999999796E-002                  0.0000000000000000E+000                  5.2992127009980518E+008                  6.8053793446997320E+006                  5.1755976903971868E-025                  0.0000000000000000E+000                  0.0000000000000000E+000                  1.4240553422966578E+001                  1.5091402530782387E+010                  4.4016303116820662E-008                  7.2152832614987978E-021                 -3.6781932180947288E+000                  6.7592803415024705E-001                  9.1448866151007824E-001                  1.0650036593420689E+000 
                                     331                  2.9989348657519339E+000                  6.6489924825245872E-001                  5.3146122877755309E+000                 -5.6190354579734416E+000                  7.8499948644241728E+000                  6.9999999999759221E-001                  2.8000000000240804E-001                  1.9999999999999796E-002                  0.0000000000000000E+000                  5.3059257506239051E+008                  6.8377685357573712E+006                  6.3061987602814447E-025                  0.0000000000000000E+000                  0.0000000000000000E+000                  1.4190893244761597E+001                  1.5257567072645733E+010                  4.5188071961930359E-008                  2.6010576371929645E-021                 -3.6724880941513671E+000                  6.7925342533583855E-001                  9.1781405269566962E-001                  1.0683290505276601E+000 
                                     332                  2.9989345993430834E+000                  6.6467013810254161E-001                  5.3176708782764690E+000                 -5.6109639464975327E+000                  7.8611983639423233E+000                  6.9999999999759221E-001                  2.8000000000240804E-001                  1.9999999999999796E-002                  0.0000000000000000E+000                  5.3110765187156826E+008                  6.8622052899439130E+006                  7.3124799321006838E-025                  0.0000000000000000E+000                  0.0000000000000000E+000                  1.4147422068489547E+001                  1.5336043617821012E+010                  4.5767978142775704E-008                  0.0000000000000000E+000                 -3.6697191363232804E+000                  6.8081614880951868E-001                  9.1937677616934976E-001                  1.0698917740013403E+000 
                                     333                  2.9989342385578821E+000                  6.6436501562715133E-001                  5.3210783636261993E+000                 -5.6018703261692151E+000                  7.8737748065821229E+000                  6.9999999999759221E-001                  2.8000000000240799E-001                  1.9999999999999796E-002                  0.0000000000000000E+000                  5.3163683506213647E+008                  6.8895028677875865E+006                  8.6225713611450039E-025                  0.0000000000000000E+000                  0.0000000000000000E+000                  1.4095817443145236E+001                  1.5440128143416498E+010                  4.6558714753588168E-008                 -3.0699237475943799E-021                 -3.6659995084137127E+000                  6.8287476189329088E-001                  9.2143538925312196E-001                  1.0719503870851126E+000 
                                     334                  2.9989338777726804E+000                  6.6406559107943064E-001                  5.3256161234859061E+000                 -5.5897199981269772E+000                  7.8905608448065161E+000                  6.9999999999759221E-001                  2.8000000000240810E-001                  1.9999999999999685E-002                  0.0000000000000000E+000                  5.3232696045068443E+008                  6.9260092444295548E+006                  1.0733158478072060E-024                  0.0000000000000000E+000                  0.0000000000000000E+000                  1.4020190039054608E+001                  1.5541435195104860E+010                  4.7335758703592017E-008                 -1.2223563781109117E-020                 -3.6624053287816705E+000                  6.8487031517167729E-001                  9.2343094253150837E-001                  1.0739459403634990E+000 
                                     335                  2.9989332450654622E+000                  6.6355354599323879E-001                  5.3300730890723571E+000                 -5.5774766132394333E+000                  7.9073373524974100E+000                  6.9999999999759210E-001                  2.8000000000240810E-001                  1.9999999999999796E-002                  0.0000000000000000E+000                  5.3286149534378523E+008                  6.9619692652889332E+006                  1.3308960034048809E-024                  0.0000000000000000E+000                  0.0000000000000000E+000                  1.3944586124440875E+001                  1.5711274119411854E+010                  4.8623034928350204E-008                 -1.8194636633803534E-020                 -3.6565789685351131E+000                  6.8822933697975375E-001                  9.2678996433958494E-001                  1.0773049621715756E+000 
                                     336                  2.9989328505820150E+000                  6.6324228412737363E-001                  5.3333979358510630E+000                 -5.5683068313210535E+000                  7.9198865130009235E+000                  6.9999999999759199E-001                  2.8000000000240821E-001                  1.9999999999999796E-002                  0.0000000000000000E+000                  5.3324464696088547E+008                  6.9889057617637524E+006                  1.5620002259205647E-024                  0.0000000000000000E+000                  0.0000000000000000E+000                  1.3883719535713679E+001                  1.5812391368312197E+010                  4.9375457925884952E-008                 -1.2074026238649654E-020                 -3.6532444317712200E+000                  6.9023861225872563E-001                  9.2879923961855682E-001                  1.0793142374505473E+000 
                                     337                  2.9989324526186398E+000                  6.6293417858707993E-001                  5.3379227214505418E+000                 -5.5557899710490926E+000                  7.9370000265226368E+000                  6.9999999999759199E-001                  2.8000000000240810E-001                  1.9999999999999907E-002                  0.0000000000000000E+000                  5.3374976846877760E+008                  7.0257209777160669E+006                  1.9413132686753986E-024                  0.0000000000000000E+000                  0.0000000000000000E+000                  1.3794136560977684E+001                  1.5912340308194151E+010                  5.0129249751924635E-008                 -3.0050958490402127E-021                 -3.6499543975542088E+000                  6.9220383317048539E-001                  9.3076446053031658E-001                  1.0812794583623071E+000 
                                     338                  2.9989317355005469E+000                  6.6239317054335733E-001                  5.3428923851168246E+000                 -5.5417046749797132E+000                  7.9561117735189999E+000                  6.9999999999759199E-001                  2.8000000000240816E-001                  1.9999999999999796E-002                  0.0000000000000000E+000                  5.3414370189521742E+008                  7.0662900066967113E+006                  2.4648592645011560E-024                  0.0000000000000000E+000                  0.0000000000000000E+000                  1.3692283649911825E+001                  1.6084576175826153E+010                  5.1424166505884860E-008                  0.0000000000000000E+000                 -3.6444163693579745E+000                  6.9560067875231202E-001                  9.3416130611214321E-001                  1.0846763039441338E+000 
                                     339                  2.9989311607348474E+000                  6.6197199614697977E-001                  5.3472926349117600E+000                 -5.5291273849376417E+000                  7.9731326678698586E+000                  6.9999999999759199E-001                  2.8000000000240816E-001                  1.9999999999999796E-002                  0.0000000000000000E+000                  5.3444190806041175E+008                  7.1023793132313006E+006                  3.0438133683551451E-024                  0.0000000000000000E+000                  0.0000000000000000E+000                  1.3594659499235059E+001                  1.6215555539707670E+010                  5.2404487572986611E-008                  0.0000000000000000E+000                 -3.6403157606614172E+000                  6.9819832258083370E-001                  9.3675894994066478E-001                  1.0872739477726554E+000 
                                     340                  2.9989305407426858E+000                  6.6152933054871033E-001                  5.3521515667150359E+000                 -5.5150845130848207E+000                  7.9920721696919621E+000                  6.9999999999759210E-001                  2.8000000000240810E-001                  1.9999999999999796E-002                  0.0000000000000000E+000                  5.3469701181003422E+008                  7.1424037636863757E+006                  3.8408619225462598E-024                  0.0000000000000000E+000                  0.0000000000000000E+000                  1.3479103186613102E+001                  1.6351615095364691E+010                  5.3439671507492622E-008                  0.0000000000000000E+000                 -3.6360681100615562E+000                  7.0088580540187906E-001                  9.3944643276171025E-001                  1.0899614305937009E+000 
                                     341                  2.9989297807245832E+000                  6.6100219139552840E-001                  5.3568336475788509E+000                 -5.5012902045322978E+000                  8.0105675155171241E+000                  6.9999999999759210E-001                  2.8000000000240816E-001                  1.9999999999999796E-002                  0.0000000000000000E+000                  5.3481631257717544E+008                  7.1811131423133183E+006                  4.8051633951824173E-024                  0.0000000000000000E+000                  0.0000000000000000E+000                  1.3362453765900062E+001                  1.6510193314645409E+010                  5.4652845687385501E-008                  0.0000000000000000E+000                 -3.6311936100487823E+000                  7.0403106115246250E-001                  9.4259168851229358E-001                  1.0931066863442842E+000 
                                     342                  2.9989291405635448E+000                  6.6057063815149697E-001                  5.3609583259811506E+000                 -5.4890167069607543E+000                  8.0269743469120183E+000                  6.9999999999759199E-001                  2.8000000000240816E-001                  1.9999999999999796E-002                  0.0000000000000000E+000                  5.3486271800417048E+008                  7.2153546126378123E+006                  5.8515467158290523E-024                  0.0000000000000000E+000                  0.0000000000000000E+000                  1.3254119443536018E+001                  1.6637339271439236E+010                  5.5625501918296656E-008                  0.0000000000000000E+000                 -3.6273630286404437E+000                  7.0656240656078850E-001                  9.4512303392061958E-001                  1.0956380317526102E+000 
                                     343                  2.9989284928788673E+000                  6.6014492096617150E-001                  5.3647898218625389E+000                 -5.4774708498172773E+000                  8.0423501427803465E+000                  6.9999999999759199E-001                  2.8000000000240827E-001                  1.9999999999999796E-002                  0.0000000000000000E+000                  5.3483591496415108E+008                  7.2472680548480693E+006                  7.0255618669474570E-024                  0.0000000000000000E+000                  0.0000000000000000E+000                  1.3150208809291442E+001                  1.6760849782168068E+010                  5.6568577755015096E-008                  0.0000000000000000E+000                 -3.6237123700686635E+000                  7.0902244524863312E-001                  9.4758307260846408E-001                  1.0980980704404548E+000 
                                     344                  2.9989278935759818E+000                  6.5976026394765985E-001                  5.3685246287791415E+000                 -5.4661166878659060E+000                  8.0574309875830661E+000                  6.9999999999759199E-001                  2.8000000000240821E-001                  1.9999999999999796E-002                  0.0000000000000000E+000                  5.3476190954545128E+008                  7.2784832421505088E+006                  8.3943741569150676E-024                  0.0000000000000000E+000                  0.0000000000000000E+000                  1.3045617589265486E+001                  1.6870796333400881E+010                  5.7400753963271652E-008                  0.0000000000000000E+000                 -3.6205412015367453E+000                  7.1121442374975652E-001                  9.4977505110958760E-001                  1.1002900489415781E+000 
                                     345                  2.9989272306471024E+000                  6.5934460175309695E-001                  5.3713679534330119E+000                 -5.4573279206661747E+000                  8.0690473060924468E+000                  6.9999999999759188E-001                  2.8000000000240832E-001                  1.9999999999999796E-002                  0.0000000000000000E+000                  5.3463610910643107E+008                  7.3022959047695808E+006                  9.6129418572886351E-024                  0.0000000000000000E+000                  0.0000000000000000E+000                  1.2965662181945561E+001                  1.6987320799216942E+010                  5.8266852189065020E-008                  0.0000000000000000E+000                 -3.6172892218099615E+000                  7.1355149146817420E-001                  9.5211211882800539E-001                  1.1026271166599959E+000 
                                     346                  2.9989268948206718E+000                  6.5913780987023740E-001                  5.3737186810818223E+000                 -5.4500740296151990E+000                  8.0786397011937918E+000                  6.9999999999759188E-001                  2.8000000000240843E-001                  1.9999999999999685E-002                  0.0000000000000000E+000                  5.3453832836287510E+008                  7.3220444028574070E+006                  1.0750478511224845E-023                  0.0000000000000000E+000                  0.0000000000000000E+000                  1.2897314841048338E+001                  1.7044695700917521E+010                  5.8687827593045026E-008                  0.0000000000000000E+000                 -3.6157259830845367E+000                  7.1470210142122381E-001                  9.5326272878105489E-001                  1.1037777266130455E+000 
                                     347                  2.9989263871360685E+000                  6.5882982396824030E-001                  5.3769429049178497E+000                 -5.4400438598303165E+000                  8.0918719905156014E+000                  6.9999999999759177E-001                  2.8000000000240843E-001                  1.9999999999999796E-002                  0.0000000000000000E+000                  5.3436591918618160E+008                  7.3491934578671446E+006                  1.2531498462497178E-023                  0.0000000000000000E+000                  0.0000000000000000E+000                  1.2802463791910370E+001                  1.7129933511085892E+010                  5.9309795834539010E-008                  0.0000000000000000E+000                 -3.6134367854802614E+000                  7.1640141793276990E-001                  9.5496204529260109E-001                  1.1054770431245915E+000 
                                     348                  2.9989257036139363E+000                  6.5842363281447847E-001                  5.3814291851977814E+000                 -5.4259728952061534E+000                  8.1103909307207722E+000                  6.9999999999759177E-001                  2.8000000000240843E-001                  1.9999999999999796E-002                  0.0000000000000000E+000                  5.3407242534696013E+008                  7.3871002976730466E+006                  1.5506412564012386E-023                  0.0000000000000000E+000                  0.0000000000000000E+000                  1.2667869023508361E+001                  1.7241085609744652E+010                  6.0105311588380622E-008                 -3.9883462662276141E-021                 -3.6105435735527598E+000                  7.1861701460512895E-001                  9.5717764196496002E-001                  1.1076926397969507E+000 
                                     349                  2.9989246643341971E+000                  6.5782363662994858E-001                  5.3857470250952302E+000                 -5.4121073842721605E+000                  8.1285161741573031E+000                  6.9999999999759177E-001                  2.8000000000240849E-001                  1.9999999999999796E-002                  0.0000000000000000E+000                  5.3363730701088333E+008                  7.4236713916455647E+006                  1.9037301392145081E-023                  0.0000000000000000E+000                  0.0000000000000000E+000                  1.2539764445255141E+001                  1.7401095850167965E+010                  6.1207280626390787E-008                 -1.5843047555405299E-020                 -3.6065984576543255E+000                  7.2183909785343381E-001                  9.6039972521326500E-001                  1.1109147230452554E+000 
                                     350                  2.9989239544765320E+000                  6.5742532826816291E-001                  5.3885694820120857E+000                 -5.4029724239565837E+000                  8.1404309690260934E+000                  6.9999999999759166E-001                  2.8000000000240843E-001                  1.9999999999999907E-002                  0.0000000000000000E+000                  5.3332031219764405E+008                  7.4476511878798278E+006                  2.1765850579687412E-023                  0.0000000000000000E+000                  0.0000000000000000E+000                  1.2454964966554515E+001                  1.7504563371470982E+010                  6.1888675558948298E-008                 -2.3656975059805848E-020                 -3.6041944056369104E+000                  7.2394547024561640E-001                  9.6250609760544759E-001                  1.1130210954374382E+000 
                                     351                  2.9989234784681402E+000                  6.5716319717813854E-001                  5.3910687559608981E+000                 -5.3948704225318576E+000                  8.1509936994614360E+000                  6.9999999999759166E-001                  2.8000000000240843E-001                  1.9999999999999907E-002                  0.0000000000000000E+000                  5.3303463567871976E+008                  7.4689437487841081E+006                  2.4502265967265644E-023                  0.0000000000000000E+000                  0.0000000000000000E+000                  1.2378599322023328E+001                  1.7572282368352894E+010                  6.2326607660100839E-008                 -1.5725165321590035E-020                 -3.6026632552175033E+000                  7.2531806508420194E-001                  9.6387869244403312E-001                  1.1143936902760236E+000 
                                     352                  2.9989228782277899E+000                  6.5683810395682629E-001                  5.3940662701293185E+000                 -5.3850815968775230E+000                  8.1637291770691061E+000                  6.9999999999759177E-001                  2.8000000000240843E-001                  1.9999999999999796E-002                  0.0000000000000000E+000                  5.3265951697430015E+008                  7.4945377626140788E+006                  2.8238903135365827E-023                  0.0000000000000000E+000                  0.0000000000000000E+000                  1.2286638795137266E+001                  1.7655794214271282E+010                  6.2857223096950709E-008                 -3.9172535911866530E-021                 -3.6008224045665518E+000                  7.2700586766553088E-001                  9.6556649502536207E-001                  1.1160814928573526E+000 
                                     353                  2.9989221495281462E+000                  6.5645128273494613E-001                  5.3978066053012581E+000                 -5.3727799389017514E+000                  8.1797021335369298E+000                  6.9999999999759166E-001                  2.8000000000240854E-001                  1.9999999999999796E-002                  0.0000000000000000E+000                  5.3215296072948492E+008                  7.5265672075579409E+006                  3.3703781055044903E-023                  0.0000000000000000E+000                  0.0000000000000000E+000                  1.2171047616099385E+001                  1.7754080059253120E+010                  6.3464853202212615E-008                  0.0000000000000000E+000                 -3.5987333600797551E+000                  7.2899383635694892E-001                  9.6755446371678000E-001                  1.1180694615487705E+000 
                                     354                  2.9989211615396867E+000                  6.5593988455085539E-001                  5.4022244605521008E+000                 -5.3580706363554578E+000                  8.1987362603204588E+000                  6.9999999999759166E-001                  2.8000000000240866E-001                  1.9999999999999685E-002                  0.0000000000000000E+000                  5.3147437793799466E+008                  7.5645154784098528E+006                  4.1529688286301279E-023                  0.0000000000000000E+000                  0.0000000000000000E+000                  1.2034677026239565E+001                  1.7882023480680088E+010                  6.4226696949151549E-008                  0.0000000000000000E+000                 -3.5961422061550463E+000                  7.3158951374702197E-001                  9.7015014110685305E-001                  1.1206651389388438E+000 
                                     355                  2.9989200296669747E+000                  6.5537140432674157E-001                  5.4065077684808820E+000                 -5.3436065337494112E+000                  8.2173805744749266E+000                  6.9999999999759144E-001                  2.8000000000240866E-001                  1.9999999999999907E-002                  0.0000000000000000E+000                  5.3072641470790350E+008                  7.6014241950934948E+006                  5.0842287901188090E-023                  0.0000000000000000E+000                  0.0000000000000000E+000                  1.1903262152168027E+001                  1.8021056529609688E+010                  6.5012277828976917E-008                  0.0000000000000000E+000                 -3.5935023086798052E+000                  7.3443326326450353E-001                  9.7299389062433461E-001                  1.1235088884563253E+000 
                                     356                  2.9989190043669192E+000                  6.5487147648369748E-001                  5.4109394371565864E+000                 -5.3285568433351269E+000                  8.2367501833616874E+000                  6.9999999999759144E-001                  2.8000000000240877E-001                  1.9999999999999796E-002                  0.0000000000000000E+000                  5.2991963604151088E+008                  7.6397675546435323E+006                  6.2655077854867145E-023                  0.0000000000000000E+000                  0.0000000000000000E+000                  1.1766028793696730E+001                  1.8141384157057388E+010                  6.5659518661423073E-008                  0.0000000000000000E+000                 -3.5913511526663768E+000                  7.3689929340459348E-001                  9.7545992076442467E-001                  1.1259749185964152E+000 
                                     357                  2.9989176990580129E+000                  6.5425431975395998E-001                  5.4152272563431918E+000                 -5.3137544664934095E+000                  8.2557171146426960E+000                  6.9999999999759144E-001                  2.8000000000240877E-001                  1.9999999999999796E-002                  0.0000000000000000E+000                  5.2903340556418282E+008                  7.6769727041072361E+006                  7.6688423350203664E-023                  0.0000000000000000E+000                  0.0000000000000000E+000                  1.1635415946845036E+001                  1.8287131706487919E+010                  6.6401806664032841E-008                  0.0000000000000000E+000                 -3.5889100520814581E+000                  7.3990145729499757E-001                  9.7846208465482853E-001                  1.1289770824868193E+000 
                                     358                  2.9989166327530441E+000                  6.5376519373000830E-001                  5.4184926244966096E+000                 -5.3023872685895022E+000                  8.2702500943170385E+000                  6.9999999999759144E-001                  2.8000000000240877E-001                  1.9999999999999796E-002                  0.0000000000000000E+000                  5.2832005577469736E+008                  7.7053946589110000E+006                  8.9433631429629159E-023                  0.0000000000000000E+000                  0.0000000000000000E+000                  1.1536326498497292E+001                  1.8400030955203396E+010                  6.6940315997878749E-008                  0.0000000000000000E+000                 -3.5871561209233072E+000                  7.4224887603892431E-001                  9.8080950339875539E-001                  1.1313245012307460E+000 
                                     359                  2.9989158189580820E+000                  6.5340046665177243E-001                  5.4217149802878222E+000                 -5.2911579396089090E+000                  8.2846030939067941E+000                  6.9999999999759133E-001                  2.8000000000240888E-001                  1.9999999999999796E-002                  0.0000000000000000E+000                  5.2761578933219141E+008                  7.7335365239033252E+006                  1.0405501529055949E-022                  0.0000000000000000E+000                  0.0000000000000000E+000                  1.1437725002396391E+001                  1.8483645363157745E+010                  6.7323624263914860E-008                  0.0000000000000000E+000                 -3.5859162562452283E+000                  7.4398171406882396E-001                  9.8254234142865493E-001                  1.1330573392606456E+000 
                                     360                  2.9989147195871069E+000                  6.5291892121447370E-001                  5.4248572719309545E+000                 -5.2800685303427519E+000                  8.2987300145972043E+000                  6.9999999999759133E-001                  2.8000000000240893E-001                  1.9999999999999796E-002                  0.0000000000000000E+000                  5.2686962576217633E+008                  7.7610342128284071E+006                  1.2061343828542125E-022                  0.0000000000000000E+000                  0.0000000000000000E+000                  1.1343346051174862E+001                  1.8592703609804100E+010                  6.7800882440547694E-008                  0.0000000000000000E+000                 -3.5843823268381017E+000                  7.4624780933155310E-001                  9.8480843669138418E-001                  1.1353234345233747E+000 
                                     361                  2.9989138817744343E+000                  6.5256015538109791E-001                  5.4279618518570407E+000                 -5.2691056573081605E+000                  8.3126939175825676E+000                  6.9999999999759122E-001                  2.8000000000240904E-001                  1.9999999999999796E-002                  0.0000000000000000E+000                  5.2613436477663922E+008                  7.7882925996915502E+006                  1.3951948345985822E-022                  0.0000000000000000E+000                  0.0000000000000000E+000                  1.1249525020993625E+001                  1.8672987672949448E+010                  6.8134609625992320E-008                  0.0000000000000000E+000                 -3.5833161140037308E+000                  7.4792037875073913E-001                  9.8648100611057021E-001                  1.1369960039425608E+000 
                                     362                  2.9989127483442122E+000                  6.5208553535067348E-001                  5.4314333586782819E+000                 -5.2567312772246213E+000                  8.3284171354866814E+000                  6.9999999999759122E-001                  2.8000000000240899E-001                  1.9999999999999796E-002                  0.0000000000000000E+000                  5.2526471060724485E+008                  7.8188506040793359E+006                  1.6417652309927060E-022                  0.0000000000000000E+000                  0.0000000000000000E+000                  1.1146133562392549E+001                  1.8778292370194134E+010                  6.8552530857048524E-008                  3.9148499274694656E-021                 -3.5819882535374443E+000                  7.5011360212667189E-001                  9.8867422948650296E-001                  1.1391892273184936E+000 
                                     363                  2.9989115949911636E+000                  6.5161460412030126E-001                  5.4348393346163384E+000                 -5.2445106714438543E+000                  8.3439188583017927E+000                  6.9999999999759110E-001                  2.8000000000240904E-001                  1.9999999999999796E-002                  0.0000000000000000E+000                  5.2438102229584318E+008                  7.8489241463813819E+006                  1.9256454486962057E-022                  0.0000000000000000E+000                  0.0000000000000000E+000                  1.1045671183014557E+001                  1.8881164418729424E+010                  6.8934548694744950E-008                  1.5592992788853639E-020                 -3.5807815316665166E+000                  7.5226858431062993E-001                  9.9082921167046101E-001                  1.1413442095024515E+000 
                                     364                  2.9989104213688282E+000                  6.5114718064586374E-001                  5.4373353479392641E+000                 -5.2354577206862176E+000                  8.3553705627149633E+000                  6.9999999999759099E-001                  2.8000000000240916E-001                  1.9999999999999796E-002                  0.0000000000000000E+000                  5.2369309385195369E+008                  7.8710088481095862E+006                  2.1643891360579518E-022                  0.0000000000000000E+000                  0.0000000000000000E+000                  1.0973617140474769E+001                  1.8981471449332386E+010                  6.9280650957469709E-008                  2.3292286157280001E-020                 -3.5796940201813472E+000                  7.5438761681136512E-001                  9.9294824417119620E-001                  1.1434632420031869E+000 
                                     365                  2.9989098294466627E+000                  6.5091573860708840E-001                  5.4398262794095444E+000                 -5.2264806494401475E+000                  8.3667454517187512E+000                  6.9999999999759099E-001                  2.8000000000240916E-001                  1.9999999999999796E-002                  0.0000000000000000E+000                  5.2303606556440592E+008                  7.8931263500211919E+006                  2.4313683699957097E-022                  0.0000000000000000E+000                  0.0000000000000000E+000                  1.0900503385470190E+001                  1.9030982153157661E+010                  6.9444389264999702E-008                  1.5496749735101836E-020                 -3.5791814185894175E+000                  7.5542968114182152E-001                  9.9399030850165260E-001                  1.1445053063336432E+000 
                                     366                  2.9989086248029269E+000                  6.5045325115513031E-001                  5.4430840588730813E+000                 -5.2146179211527732E+000                  8.3817370454306470E+000                  6.9999999999759099E-001                  2.8000000000240921E-001                  1.9999999999999796E-002                  0.0000000000000000E+000                  5.2212674045889241E+008                  7.9221130487679737E+006                  2.8308403676035180E-022                  0.0000000000000000E+000                  0.0000000000000000E+000                  1.0806998020805258E+001                  1.9129637212218983E+010                  6.9758399678672721E-008                  3.8587883325213300E-021                 -3.5782017455364095E+000                  7.5749871920074285E-001                  9.9605934656057393E-001                  1.1465743443925647E+000 
                                     367                  2.9989073989982709E+000                  6.4999385993952119E-001                  5.4462880550595179E+000                 -5.2028888417142234E+000                  8.3965400666633716E+000                  6.9999999999759099E-001                  2.8000000000240921E-001                  1.9999999999999796E-002                  0.0000000000000000E+000                  5.2121021699658304E+008                  7.9507092914341828E+006                  3.2871107673354084E-022                  0.0000000000000000E+000                  0.0000000000000000E+000                  1.0716105431426977E+001                  1.9226005601652367E+010                  7.0040995222057913E-008                  0.0000000000000000E+000                 -3.5773238457975989E+000                  7.5953661486205681E-001                  9.9809724222188789E-001                  1.1486122400538785E+000 
                                     368                  2.9989061516649702E+000                  6.4953741477094862E-001                  5.4494411051847829E+000                 -5.1912883434093713E+000                  8.4111626537315054E+000                  6.9999999999759099E-001                  2.8000000000240921E-001                  1.9999999999999796E-002                  0.0000000000000000E+000                  5.2028781150917810E+008                  7.9789384480496850E+006                  3.8072096008381275E-022                  0.0000000000000000E+000                  0.0000000000000000E+000                  1.0627717796343241E+001                  1.9320747884240276E+010                  7.0299423289299761E-008                  0.0000000000000000E+000                 -3.5765241188791497E+000                  7.6154518946122418E-001                  1.0001058168210553E+000                  1.1506208146530459E+000 
                                     369                  2.9989048824289863E+000                  6.4908377292630604E-001                  5.4525458493371417E+000                 -5.1798116221477448E+000                  8.4256124605320206E+000                  6.9999999999759099E-001                  2.8000000000240927E-001                  1.9999999999999796E-002                  0.0000000000000000E+000                  5.1936067889248508E+008                  8.0068223876757268E+006                  4.3989370231415008E-022                  0.0000000000000000E+000                  0.0000000000000000E+000                  1.0541737093179147E+001                  1.9413954736908676E+010                  7.0535436938714215E-008                 -3.1068586114906479E-021                 -3.5757963195162592E+000                  7.6352607669963035E-001                  1.0020867040594614E+000                  1.1526017018914521E+000 
                                     370                  2.9989035909098636E+000                  6.4863279864217394E-001                  5.4556047600340376E+000                 -5.1684541349556126E+000                  8.4398966942621794E+000                  6.9999999999759077E-001                  2.8000000000240932E-001                  1.9999999999999907E-002                  0.0000000000000000E+000                  5.1842987956591570E+008                  8.0343817166494085E+006                  5.0709421584650397E-022                  0.0000000000000000E+000                  0.0000000000000000E+000                  1.0458149578296693E+001                  1.9505711007959827E+010                  7.0750192374378124E-008                 -9.2505333405833869E-021                 -3.5751361874635510E+000                  7.6548080498657256E-001                  1.0040414323464035E+000                  1.1545564301783942E+000 
                                     371                  2.9989022767206133E+000                  6.4818436263460211E-001                  5.4586201729033119E+000                 -5.1572116025994621E+000                  8.4540221495319798E+000                  6.9999999999759066E-001                  2.8000000000240949E-001                  1.9999999999999796E-002                  0.0000000000000000E+000                  5.1749640840717214E+008                  8.0616360333696194E+006                  5.8328115861468548E-022                  0.0000000000000000E+000                  0.0000000000000000E+000                  1.0376975809681603E+001                  1.9596097019091999E+010                  7.0944127686098925E-008                 -6.0253768370631647E-021                 -3.5745417734582210E+000                  7.6741081347166340E-001                  1.0059714408314946E+000                  1.1564864386634852E+000 
                                     372                  2.9989009394676098E+000                  6.4773834163774091E-001                  5.4615943026879954E+000                 -5.1460799969336444E+000                  8.4679952392801994E+000                  6.9999999999759055E-001                  2.8000000000240960E-001                  1.9999999999999796E-002                  0.0000000000000000E+000                  5.1656122095843333E+008                  8.0886039932325082E+006                  6.6951658456363833E-022                  0.0000000000000000E+000                  0.0000000000000000E+000                  1.0298234127477086E+001                  1.9685189538925770E+010                  7.1117447127628497E-008                  3.1826416276210734E-021                 -3.5740119207200105E+000                  7.6931746304475379E-001                  1.0078780904045850E+000                  1.1583930882365756E+000 
                                     373                  2.9988995787504735E+000                  6.4729461797513366E-001                  5.4645292526504434E+000                 -5.1350555221225287E+000                  8.4818220228479078E+000                  6.9999999999759055E-001                  2.8000000000240971E-001                  1.9999999999999796E-002                  0.0000000000000000E+000                  5.1562547808250594E+008                  8.1153025015697759E+006                  7.6697650811524961E-022                  0.0000000000000000E+000                  0.0000000000000000E+000                  1.0221940555755895E+001                  1.9773062178409386E+010                  7.1270295733594351E-008                 -3.3411763334044963E-021                 -3.5735457195547875E+000                  7.7120201872033534E-001                  1.0097626460801663E+000                  1.1602776439121569E+000 
                                     374                  2.9988981941619595E+000                  6.4685307916780221E-001                  5.4674270230118003E+000                 -5.1241345981524216E+000                  8.4955082315177410E+000                  6.9999999999759066E-001                  2.8000000000240960E-001                  1.9999999999999796E-002                  0.0000000000000000E+000                  5.1469046702471697E+008                  8.1417470185414506E+006                  8.7696254578176969E-022                  0.0000000000000000E+000                  0.0000000000000000E+000                  1.0148108746488452E+001                  1.9859785603680611E+010                  7.1402742317582958E-008                 -1.5857159745746104E-020                 -3.5731425541222546E+000                  7.7306563822706287E-001                  1.0116262655868939E+000                  1.1621412634188846E+000 
                                     375                  2.9988967852878385E+000                  6.4641361757478999E-001                  5.4702895185307288E+000                 -5.1133138464363208E+000                  8.5090592917888550E+000                  6.9999999999759055E-001                  2.8000000000240965E-001                  1.9999999999999796E-002                  0.0000000000000000E+000                  5.1375736390231997E+008                  8.1679525011833077E+006                  1.0009147465104050E-021                  0.0000000000000000E+000                  0.0000000000000000E+000                  1.0076749864151390E+001                  1.9945427759567947E+010                  7.1514827658783207E-008                 -1.2588591065940952E-020                 -3.5728019518074117E+000                  7.7490940741492575E-001                  1.0134700347747567E+000                  1.1639850326067473E+000 
                                     376                  2.9988953517067807E+000                  6.4597613006221721E-001                  5.4731185553038095E+000                 -5.1025900759288856E+000                  8.5224803466245813E+000                  6.9999999999759044E-001                  2.8000000000240971E-001                  1.9999999999999796E-002                  0.0000000000000000E+000                  5.1282724655157143E+008                  8.1939334754236154E+006                  1.1404257353622914E-021                  0.0000000000000000E+000                  0.0000000000000000E+000                  1.0007872457373669E+001                  2.0030054072790169E+010                  7.1606603879304231E-008                 -6.4049016769696022E-021                 -3.5725234616387693E+000                  7.7673436906590199E-001                  1.0152949964257330E+000                  1.1658099942577236E+000 
                                     377                  2.9988938929902340E+000                  6.4554051769881549E-001                  5.4759158666541206E+000                 -5.0919602700003015E+000                  8.5357762748814068E+000                  6.9999999999759044E-001                  2.8000000000240977E-001                  1.9999999999999796E-002                  0.0000000000000000E+000                  5.1190108396133512E+008                  8.2197040639270414E+006                  1.2972562949537985E-021                  0.0000000000000000E+000                  0.0000000000000000E+000                  9.9414807794739595E+000                  2.0113727612373428E+010                  7.1678147409084904E-008                 -1.0840217591327645E-020                 -3.5723066139805058E+000                  7.7854152671603361E-001                  1.0171021540758647E+000                  1.1676171519078553E+000 
                                     378                  2.9988924087023037E+000                  6.4510668547581518E-001                  5.4786830955452963E+000                 -5.0814215581768307E+000                  8.5489517091029619E+000                  6.9999999999759033E-001                  2.8000000000240982E-001                  1.9999999999999796E-002                  0.0000000000000000E+000                  5.1097971799733800E+008                  8.2452778750897488E+006                  1.4733518916610966E-021                  0.0000000000000000E+000                  0.0000000000000000E+000                  9.8774821722434964E+000                  2.0196508848792164E+010                  7.1730073265984698E-008                 -8.5224500685309052E-021                 -3.5721493627852881E+000                  7.8033184355210783E-001                  1.0188924709119389E+000                  1.1694074687439295E+000 
                                     379                  2.9988908983996270E+000                  6.4467454206499275E-001                  5.4828203045412183E+000                 -5.0657586359809992E+000                  8.5685633939599786E+000                  6.9999999999759022E-001                  2.8000000000240993E-001                  1.9999999999999796E-002                  0.0000000000000000E+000                  5.0964965860008341E+008                  8.2836986674419791E+006                  1.7810560593973710E-021                  0.0000000000000000E+000                  0.0000000000000000E+000                  9.7823175218772160E+000                  2.0279305555313049E+010                  7.1770029158016153E-008                  8.9986589161292618E-021                 -3.5720284386633949E+000                  7.8210625744675755E-001                  1.0206668848065885E+000                  1.1711818826385794E+000 
                                     380                  2.9988877979384796E+000                  6.4381500557703020E-001                  5.4868199048389643E+000                 -5.0503262533626980E+000                  8.5877975910607489E+000                  6.9999999999759011E-001                  2.8000000000241015E-001                  1.9999999999999796E-002                  0.0000000000000000E+000                  5.0825268089394736E+008                  8.3209504263408920E+006                  2.1398853351531225E-021                  0.0000000000000000E+000                  0.0000000000000000E+000                  9.6974543962990065E+000                  2.0440920550036530E+010                  7.1798090808284725E-008                  1.8690517665950016E-020                 -3.5719435519906240E+000                  7.8561117479338982E-001                  1.0241718021532209E+000                  1.1746867999852115E+000 
                                     381                  2.9988862068547979E+000                  6.4338741331589344E-001                  5.4894807870734468E+000                 -5.0401247652298027E+000                  8.6005330010088326E+000                  6.9999999999758999E-001                  2.8000000000241021E-001                  1.9999999999999796E-002                  0.0000000000000000E+000                  5.0735643386750746E+008                  8.3458514950873489E+006                  2.4168140661561821E-021                  0.0000000000000000E+000                  0.0000000000000000E+000                  9.6408261776656321E+000                  2.0519829293500793E+010                  7.1787478956713304E-008                  1.0967575973261097E-020                 -3.5719756490084245E+000                  7.8734235855845414E-001                  1.0259029859182851E+000                  1.1764179837502760E+000 
                                     382                  2.9988845879056800E+000                  6.4296117815945952E-001                  5.4921180486707195E+000                 -5.0300011699527527E+000                  8.6131679118495512E+000                  6.9999999999758988E-001                  2.8000000000241021E-001                  1.9999999999999907E-002                  0.0000000000000000E+000                  5.0646765051562387E+008                  8.3706075938405627E+006                  2.7261521723749671E-021                  0.0000000000000000E+000                  0.0000000000000000E+000                  9.5855616376426696E+000                  2.0598896161393497E+010                  7.1774485696667662E-008                 -6.9730544017652692E-023                 -3.5720149553885561E+000                  7.8906065995641994E-001                  1.0276212873162509E+000                  1.1781362851482415E+000 
                                     383                  2.9988829406084889E+000                  6.4253622485079365E-001                  5.4947326795289504E+000                 -5.0199530244859432E+000                  8.6257057784288822E+000                  6.9999999999758988E-001                  2.8000000000241038E-001                  1.9999999999999796E-002                  0.0000000000000000E+000                  5.0558661118713176E+008                  8.3952261620534789E+006                  3.0713680315709417E-021                  0.0000000000000000E+000                  0.0000000000000000E+000                  9.5315010407549217E+000                  2.0677338111771027E+010                  7.1754611482475633E-008                 -9.0384913034199650E-021                 -3.5720750913594537E+000                  7.9076652741037079E-001                  1.0293271547702019E+000                  1.1798421526021925E+000 
                                     384                  2.9988812644723271E+000                  6.4211248095598294E-001                  5.4986499708046015E+000                 -5.0049956560633930E+000                  8.6443999619102083E+000                  6.9999999999758977E-001                  2.8000000000241038E-001                  1.9999999999999796E-002                  0.0000000000000000E+000                  5.0431497016534346E+008                  8.4322795641577616E+006                  3.6698830244824768E-021                  0.0000000000000000E+000                  0.0000000000000000E+000                  9.4496414186820950E+000                  2.0755969251798244E+010                  7.1735482135525763E-008                 -1.0055107987009977E-020                 -3.5721329892230798E+000                  7.9246047641033823E-001                  1.0310211037701693E+000                  1.1815361016021599E+000 
                                     385                  2.9988778236773834E+000                  6.4126837513415758E-001                  5.5024501948307707E+000                 -4.9902390565407639E+000                  8.6627690012643193E+000                  6.9999999999758966E-001                  2.8000000000241049E-001                  1.9999999999999796E-002                  0.0000000000000000E+000                  5.0299283854067230E+008                  8.4683281435133237E+006                  4.3623666016118297E-021                  0.0000000000000000E+000                  0.0000000000000000E+000                  9.3750901716015171E+000                  2.0909998137190777E+010                  7.1676383700608068E-008                  4.8212639426907221E-021                 -3.5723119571590805E+000                  7.9581501105070385E-001                  1.0343756384105349E+000                  1.1848906362425256E+000 
                                     386                  2.9988760579942562E+000                  6.4084785026886903E-001                  5.5049827048810656E+000                 -4.9804695709420148E+000                  8.6749502592245449E+000                  6.9999999999758944E-001                  2.8000000000241065E-001                  1.9999999999999907E-002                  0.0000000000000000E+000                  5.0214376432278198E+008                  8.4924588446196392E+006                  4.8930920181155517E-021                  0.0000000000000000E+000                  0.0000000000000000E+000                  9.3246711091355667E+000                  2.0985449541722481E+010                  7.1635715769349285E-008                  1.8388575404300617E-020                 -3.5724351976857043E+000                  7.9747592237090692E-001                  1.0360365497307380E+000                  1.1865515475627286E+000 
                                     387                  2.9988742614231771E+000                  6.4042827103203870E-001                  5.5074965540710554E+000                 -4.9707643962898969E+000                  8.6870495806533139E+000                  6.9999999999758944E-001                  2.8000000000241082E-001                  1.9999999999999796E-002                  0.0000000000000000E+000                  5.0130243881926763E+008                  8.5164827595084794E+006                  5.4828288622309234E-021                  0.0000000000000000E+000                  0.0000000000000000E+000                  9.2751115953255585E+000                  2.1061155975338665E+010                  7.1598820914238447E-008                  1.3713303276074834E-020                 -3.5725470647864093E+000                  7.9912683169030641E-001                  1.0376874590501375E+000                  1.1882024568821281E+000 
                                     388                  2.9988724334298267E+000                  6.4000957732687902E-001                  5.5099924355152625E+000                 -4.9611215799027448E+000                  8.6990696097281432E+000                  6.9999999999758922E-001                  2.8000000000241093E-001                  1.9999999999999796E-002                  0.0000000000000000E+000                  5.0046872368469691E+008                  8.5404058230163679E+006                  6.1376325254426881E-021                  0.0000000000000000E+000                  0.0000000000000000E+000                  9.2264372235680572E+000                  2.1136381235096500E+010                  7.1558878058335033E-008                  1.0534112741503285E-021                 -3.5726682385862465E+000                  8.0076808610624473E-001                  1.0393287134660758E+000                  1.1898437112980664E+000 
                                     389                  2.9988705734707546E+000                  6.3959171113847579E-001                  5.5137372490920029E+000                 -4.9467478794592612E+000                  8.7170163657415110E+000                  6.9999999999758922E-001                  2.8000000000241104E-001                  1.9999999999999796E-002                  0.0000000000000000E+000                  4.9926265997295010E+008                  8.5764604260022435E+006                  7.2656254008628996E-021                  0.0000000000000000E+000                  0.0000000000000000E+000                  9.1527189646055387E+000                  2.1211880270454979E+010                  7.1520875938141841E-008                 -5.8837332920612843E-021                 -3.5727835876208065E+000                  8.0240009368048304E-001                  1.0409607210403142E+000                  1.1914757188723049E+000 
                                     390                  2.9988667554350785E+000                  6.3875826671973823E-001                  5.5173795309005360E+000                 -4.9325502170767956E+000                  8.7346784370207917E+000                  6.9999999999758888E-001                  2.8000000000241132E-001                  1.9999999999999796E-002                  0.0000000000000000E+000                  4.9801354909688932E+008                  8.6116331480055675E+006                  8.5622486492719356E-021                  0.0000000000000000E+000                  0.0000000000000000E+000                  9.0858521624557547E+000                  2.1360126784709896E+010                  7.1424171693602686E-008                  6.6312659495728701E-023                 -3.5730773937154066E+000                  8.0563842251541895E-001                  1.0441990498752500E+000                  1.1947140477072407E+000 
                                     391                  2.9988647962245318E+000                  6.3834255305927612E-001                  5.5198100840291575E+000                 -4.9231390501293681E+000                  8.7464056371459460E+000                  6.9999999999758866E-001                  2.8000000000241154E-001                  1.9999999999999796E-002                  0.0000000000000000E+000                  4.9720957972197402E+008                  8.6352082113384362E+006                  9.5504019947630609E-021                  0.0000000000000000E+000                  0.0000000000000000E+000                  9.0408978114821164E+000                  2.1432918882472523E+010                  7.1363341063165094E-008                  8.2371885719738531E-021                 -3.5732624127567636E+000                  8.0724500443397429E-001                  1.0458056317938054E+000                  1.1963206296257960E+000 
                                     392                  2.9988628027800588E+000                  6.3792745339491586E-001                  5.5222258695635951E+000                 -4.9137817714749676E+000                  8.7580652332555271E+000                  6.9999999999758866E-001                  2.8000000000241154E-001                  1.9999999999999796E-002                  0.0000000000000000E+000                  4.9641306564579856E+008                  8.6587094442828801E+006                  1.0643816761882320E-020                  0.0000000000000000E+000                  0.0000000000000000E+000                  8.9968976728830992E+000                  2.1506041638124424E+010                  7.1303592411821573E-008                 -2.5169616216894148E-021                 -3.5734442945037435E+000                  8.0884395326058101E-001                  1.0474045806204120E+000                  1.1979195784524026E+000 
                                     393                  2.9988607745102045E+000                  6.3751291844844993E-001                  5.5246274742575370E+000                 -4.9044769057205100E+000                  8.7696592930681803E+000                  6.9999999999758855E-001                  2.8000000000241160E-001                  1.9999999999999796E-002                  0.0000000000000000E+000                  4.9562396250750613E+008                  8.6821419905405883E+006                  1.1852968437672809E-020                  0.0000000000000000E+000                  0.0000000000000000E+000                  8.9538550197071203E+000                  2.1578803661338020E+010                  7.1239302330856804E-008                 -1.7838581830726749E-020                 -3.5736401711859713E+000                  8.1043554864100087E-001                  1.0489961760008319E+000                  1.1995111738328226E+000 
                                     394                  2.9988587108134239E+000                  6.3709890040980188E-001                  5.5282355819944202E+000                 -4.8905917473101814E+000                  8.7869897414735032E+000                  6.9999999999758855E-001                  2.8000000000241165E-001                  1.9999999999999796E-002                  0.0000000000000000E+000                  4.9448077671217036E+008                  8.7175015079916194E+006                  1.3925259486085611E-020                  0.0000000000000000E+000                  0.0000000000000000E+000                  8.8889038835572443E+000                  2.1651919908955647E+010                  7.1175192375348141E-008                 -1.4202157745551982E-020                 -3.5738356751748781E+000                  8.1202012691409875E-001                  1.0505807542739298E+000                  1.2010957521059205E+000 
                                     395                  2.9988544746814223E+000                  6.3627225691295231E-001                  5.5329599796911122E+000                 -4.8722799194856652E+000                  8.8098074546120646E+000                  6.9999999999758844E-001                  2.8000000000241182E-001                  1.9999999999999796E-002                  0.0000000000000000E+000                  4.9294532774245173E+008                  8.7640121559500452E+006                  1.7191572024344554E-020                  0.0000000000000000E+000                  0.0000000000000000E+000                  8.8081224046500548E+000                  2.1797178163508350E+010                  7.1036425295335753E-008                 -3.5345075768846524E-021                 -3.5742594506528143E+000                  8.1516991279123652E-001                  1.0537305401510675E+000                  1.2042455379830583E+000 
                                     396                  2.9988500893633390E+000                  6.3544713962954102E-001                  5.5364525071786499E+000                 -4.8586528486393208E+000                  8.8267620257301260E+000                  6.9999999999758822E-001                  2.8000000000241210E-001                  1.9999999999999685E-002                  0.0000000000000000E+000                  4.9178446183652008E+008                  8.7985539219442140E+006                  2.0085325710073767E-020                  0.0000000000000000E+000                  0.0000000000000000E+000                  8.7511946088985297E+000                  2.1938556543824387E+010                  7.0867147933442920E-008                  0.0000000000000000E+000                 -3.5747775225898359E+000                  8.1829538901288723E-001                  1.0568560163727183E+000                  1.2073710142047089E+000 
                                     397                  2.9988478195145896E+000                  6.3503147214962419E-001                  5.5387794518585807E+000                 -4.8496344882577018E+000                  8.8380012331851923E+000                  6.9999999999758811E-001                  2.8000000000241221E-001                  1.9999999999999685E-002                  0.0000000000000000E+000                  4.9103723519583774E+008                  8.8216686300341208E+006                  2.2271491621332168E-020                  0.0000000000000000E+000                  0.0000000000000000E+000                  8.7128037028789684E+000                  2.2009447028942863E+010                  7.0778884153979821E-008                  0.0000000000000000E+000                 -3.5750481442004043E+000                  8.1986304776376495E-001                  1.0584236751235960E+000                  1.2089386729555867E+000 
                                     398                  2.9988455496658397E+000                  6.3462318696379394E-001                  5.5410962169790361E+000                 -4.8406588395445000E+000                  8.8491886604147272E+000                  6.9999999999758789E-001                  2.8000000000241232E-001                  1.9999999999999796E-002                  0.0000000000000000E+000                  4.9029703933986974E+008                  8.8447521684833970E+006                  2.4680497116246778E-020                  0.0000000000000000E+000                  0.0000000000000000E+000                  8.6749099131735452E+000                  2.2079537228577492E+010                  7.0696639431284826E-008                  0.0000000000000000E+000                 -3.5753006149624884E+000                  8.2139870227206535E-001                  1.0599593296318963E+000                  1.2104743274638869E+000 
                                     399                  2.9988431999414815E+000                  6.3420800050938309E-001                  5.5434018122636557E+000                 -4.8317257808381537E+000                  8.8603232649352979E+000                  6.9999999999758766E-001                  2.8000000000241243E-001                  1.9999999999999907E-002                  0.0000000000000000E+000                  4.8956264918606997E+008                  8.8677930375748631E+006                  2.7332452561163577E-020                  0.0000000000000000E+000                  0.0000000000000000E+000                  8.6375530468326378E+000                  2.2150605335858486E+010                  7.0612884926254352E-008                  1.8563276072805339E-021                 -3.5755580224075563E+000                  8.2295610160863075E-001                  1.0615167289684617E+000                  1.2120317268004526E+000 
                                     400                  2.9988408502171229E+000                  6.3380010893010930E-001                  5.5468610025975389E+000                 -4.8184168127782563E+000                  8.8769410592525375E+000                  6.9999999999758766E-001                  2.8000000000241260E-001                  1.9999999999999796E-002                  0.0000000000000000E+000                  4.8849961015531349E+008                  8.9025128704356663E+006                  3.1839391528184343E-020                  0.0000000000000000E+000                  0.0000000000000000E+000                  8.5805576194599098E+000                  2.2220870609358517E+010                  7.0535698958012958E-008                  5.5400046051383799E-021                 -3.5757955128768653E+000                  8.2448201983127989E-001                  1.0630426471911110E+000                  1.2135576450231018E+000 
                                     401                  2.9988359854608757E+000                  6.3297762948512393E-001                  5.5514135380272505E+000                 -4.8007885385435989E+000                  8.8989196356042797E+000                  6.9999999999758733E-001                  2.8000000000241282E-001                  1.9999999999999796E-002                  0.0000000000000000E+000                  4.8706792660017508E+008                  8.9484149741805606E+006                  3.8912726406185256E-020                  0.0000000000000000E+000                  0.0000000000000000E+000                  8.5082815722926082E+000                  2.2361964036064426E+010                  7.0383456991575575E-008                  5.4994057330786252E-021                 -3.5762647029682730E+000                  8.2754700068852194E-001                  1.0661076280483530E+000                  1.2166226258803436E+000 
                                     402                  2.9988309496500318E+000                  6.3215543964221121E-001                  5.5559295556164763E+000                 -4.7833085859594311E+000                  8.9207170850186923E+000                  6.9999999999758711E-001                  2.8000000000241310E-001                  1.9999999999999796E-002                  0.0000000000000000E+000                  4.8565989889036512E+008                  8.9942148962284178E+006                  4.7452917014590639E-020                  0.0000000000000000E+000                  0.0000000000000000E+000                  8.4373941698207577E+000                  2.2500890614420670E+010                  7.0225267655265758E-008                  5.5954471541735154E-021                 -3.5767532984307002E+000                  8.3059464320996235E-001                  1.0691552705697933E+000                  1.2196702684017842E+000 
                                     403                  2.9988257368403275E+000                  6.3133327053211219E-001                  5.5604111622880303E+000                 -4.7659689441417337E+000                  8.9423433698534271E+000                  6.9999999999758677E-001                  2.8000000000241337E-001                  1.9999999999999796E-002                  0.0000000000000000E+000                  4.8427442881117731E+008                  9.0399291364670470E+006                  5.7746450510360615E-020                  0.0000000000000000E+000                  0.0000000000000000E+000                  8.3678605541886082E+000                  2.2639026242531082E+010                  7.0072062607480377E-008                  1.3148352725384549E-020                 -3.5772275493175543E+000                  8.3362638810247380E-001                  1.0721870154623048E+000                  1.2227020132942954E+000 
                                     404                  2.9988203408836314E+000                  6.3051086701868819E-001                  5.5648603387571614E+000                 -4.7487621277356595E+000                  8.9638078137861772E+000                  6.9999999999758644E-001                  2.8000000000241365E-001                  1.9999999999999907E-002                  0.0000000000000000E+000                  4.8291062597734231E+008                  9.0855728628323134E+006                  7.0133029697686149E-020                  0.0000000000000000E+000                  0.0000000000000000E+000                  8.2996335975342710E+000                  2.2776418340861206E+010                  6.9923507192952461E-008                  2.0636776534439315E-020                 -3.5776883983365209E+000                  8.3664343360360438E-001                  1.0752040609634355E+000                  1.2257190587954261E+000 
                                     405                  2.9988147554210736E+000                  6.2968798654840563E-001                  5.5692789383003038E+000                 -4.7316811200660345E+000                  8.9851191545164983E+000                  6.9999999999758622E-001                  2.8000000000241398E-001                  1.9999999999999796E-002                  0.0000000000000000E+000                  4.8156849329356223E+008                  9.1311570577400811E+006                  8.5015035832496812E-020                  0.0000000000000000E+000                  0.0000000000000000E+000                  8.2326394345330396E+000                  2.2913111359297272E+010                  6.9779436433065154E-008                  2.4490593212326745E-020                 -3.5781362712057647E+000                  8.3964681653033013E-001                  1.0782074438901612E+000                  1.2287224417221518E+000 
                                     406                  2.9988089738759260E+000                  6.2886439813860318E-001                  5.5736686810787361E+000                 -4.7147193136669170E+000                  9.0062855911468294E+000                  6.9999999999758600E-001                  2.8000000000241426E-001                  1.9999999999999796E-002                  0.0000000000000000E+000                  4.8024811180400848E+008                  9.1766914620227758E+006                  1.0286858390749162E-019                  0.0000000000000000E+000                  0.0000000000000000E+000                  8.1667773078480401E+000                  2.3049146079907753E+010                  6.9639947762806201E-008                  2.2620669317900255E-020                 -3.5785707816602761E+000                  8.4263741681846804E-001                  1.0811980441782991E+000                  1.2317130420102897E+000 
                                     407                  2.9988029894462658E+000                  6.2803988150478252E-001                  5.5780311434684284E+000                 -4.6978704520499583E+000                  9.0273148268678511E+000                  6.9999999999758566E-001                  2.8000000000241454E-001                  1.9999999999999796E-002                  0.0000000000000000E+000                  4.7894936243508869E+008                  9.2221851487875804E+006                  1.2425640247914411E-019                  0.0000000000000000E+000                  0.0000000000000000E+000                  8.1019019409500554E+000                  2.3184558614630665E+010                  6.9505618297015006E-008                  7.4206525367214133E-021                 -3.5789900444907454E+000                  8.4561604603005069E-001                  1.0841766733898819E+000                  1.2346916712218725E+000 
                                     408                  2.9987967950973795E+000                  6.2721422632112744E-001                  5.5823677040688358E+000                 -4.6811285245550023E+000                  9.0482141074871780E+000                  6.9999999999758544E-001                  2.8000000000241476E-001                  1.9999999999999796E-002                  0.0000000000000000E+000                  4.7767184784054130E+008                  9.2676458511675559E+006                  1.4984260969167210E-019                  0.0000000000000000E+000                  0.0000000000000000E+000                  8.0376754915547650E+000                  2.3319377924557747E+010                  6.9378500760858742E-008                 -7.6748311549994786E-021                 -3.5793875446534451E+000                  8.4858344772517214E-001                  1.0871440750850032E+000                  1.2376590729169938E+000 
                                     409                  2.9987903835539305E+000                  6.2638723170119426E-001                  5.5866794890019928E+000                 -4.6644876690865402E+000                  9.0689902562498315E+000                  6.9999999999758500E-001                  2.8000000000241532E-001                  1.9999999999999685E-002                  0.0000000000000000E+000                  4.7641508707530206E+008                  9.3130788122512493E+006                  1.8040963805315941E-019                  0.0000000000000000E+000                  0.0000000000000000E+000                  7.9737146796008718E+000                  2.3453622024345577E+010                  6.9262136183361436E-008                 -7.5932226460964532E-021                 -3.5797520590330456E+000                  8.5154025701019642E-001                  1.0901008843700275E+000                  1.2406158822020181E+000 
                                     410                  2.9987837472918568E+000                  6.2555870588351947E-001                  5.5909673909236899E+000                 -4.6479421617968679E+000                  9.0896497053401131E+000                  6.9999999999758455E-001                  2.8000000000241571E-001                  1.9999999999999796E-002                  0.0000000000000000E+000                  4.7517860515195137E+008                  9.3584865283100903E+006                  2.1687797369325627E-019                  0.0000000000000000E+000                  0.0000000000000000E+000                  7.9097192969461263E+000                  2.3587296479460529E+010                  6.9159849818216185E-008                 -5.7646887289579681E-021                 -3.5800729792374524E+000                  8.5448697018548947E-001                  1.0930475975453204E+000                  1.2435625953773113E+000 
                                     411                  2.9987768785300082E+000                  6.2472846595622222E-001                  5.5941518565003348E+000                 -4.6355801087340831E+000                  9.1050643850642317E+000                  6.9999999999758411E-001                  2.8000000000241604E-001                  1.9999999999999796E-002                  0.0000000000000000E+000                  4.7424429474233210E+008                  9.3923370793072227E+006                  2.4861605574400693E-019                  0.0000000000000000E+000                  0.0000000000000000E+000                  7.8629614748416863E+000                  2.3719222034641766E+010                  6.9064659807961882E-008                 -1.2859086203571779E-020                 -3.5803720615263526E+000                  8.5742422064324086E-001                  1.0959848480030718E+000                  1.2464998458350625E+000 
                                     412                  2.9987733238757563E+000                  6.2430905923934221E-001                  5.5962783425445464E+000                 -4.6273739973834527E+000                  9.1153117126898771E+000                  6.9999999999758400E-001                  2.8000000000241626E-001                  1.9999999999999796E-002                  0.0000000000000000E+000                  4.7364066887712294E+008                  9.4150197752141003E+006                  2.7228352624111274E-019                  0.0000000000000000E+000                  0.0000000000000000E+000                  7.8307514061543593E+000                  2.3785527703627731E+010                  6.9023026679058238E-008                 -1.2814700992787337E-020                 -3.5805030003461349E+000                  8.5890183623938843E-001                  1.0974624635992196E+000                  1.2479774614312102E+000 
                                     413                  2.9987697692215045E+000                  6.2389631834930992E-001                  5.5994746498334811E+000                 -4.6151153911968823E+000                  9.1306426785151693E+000                  6.9999999999758367E-001                  2.8000000000241654E-001                  1.9999999999999796E-002                  0.0000000000000000E+000                  4.7276444888169390E+008                  9.4492313223061301E+006                  3.1203658085421774E-019                  0.0000000000000000E+000                  0.0000000000000000E+000                  7.7807715463953482E+000                  2.3851731255806625E+010                  6.8996373551488866E-008                  4.7603440744914705E-023                 -3.5805868675876487E+000                  8.6035177892854464E-001                  1.0989124062883757E+000                  1.2494274041203663E+000 
                                     414                  2.9987624110448086E+000                  6.2306213470413008E-001                  5.6036946299099455E+000                 -4.5988233574911961E+000                  9.1509871169564789E+000                  6.9999999999758333E-001                  2.8000000000241682E-001                  1.9999999999999796E-002                  0.0000000000000000E+000                  4.7158482702003366E+008                  9.4945609384774137E+006                  3.7348058179689117E-019                  0.0000000000000000E+000                  0.0000000000000000E+000                  7.7156383749055966E+000                  2.3984835239438709E+010                  6.8957049899233661E-008                  6.4258019228153565E-021                 -3.5807106633240506E+000                  8.6327004897717430E-001                  1.1018306763370054E+000                  1.2523456741689960E+000 
                                     415                  2.9987547953945048E+000                  6.2222573805209647E-001                  5.6068294693524621E+000                 -4.5866414880545063E+000                  9.1661765105452417E+000                  6.9999999999758267E-001                  2.8000000000241743E-001                  1.9999999999999907E-002                  0.0000000000000000E+000                  4.7069237586304355E+008                  9.5283534414616097E+006                  4.2677746614479479E-019                  0.0000000000000000E+000                  0.0000000000000000E+000                  7.6678957253633566E+000                  2.4114955351069695E+010                  6.8915890107942839E-008                  2.5579234176243326E-021                 -3.5808403150944708E+000                  8.6617968331902051E-001                  1.1047403106788516E+000                  1.2552553085108422E+000 
                                     416                  2.9987508543831507E+000                  6.2180304979205214E-001                  5.6089231095038068E+000                 -4.5785507299959329E+000                  9.1762783998236301E+000                  6.9999999999758244E-001                  2.8000000000241776E-001                  1.9999999999999796E-002                  0.0000000000000000E+000                  4.7011522149072921E+008                  9.5509962843009010E+006                  4.6642723089693754E-019                  0.0000000000000000E+000                  0.0000000000000000E+000                  7.6350655380006884E+000                  2.4180327454898682E+010                  6.8901020788617184E-008                  2.6104745125155720E-021                 -3.5808871719229676E+000                  8.6764364938646277E-001                  1.1062042767462938E+000                  1.2567192745782845E+000 
                                     417                  2.9987469133717961E+000                  6.2138695948369160E-001                  5.6120704820786917E+000                 -4.5664582981455206E+000                  9.1913980322735611E+000                  6.9999999999758222E-001                  2.8000000000241809E-001                  1.9999999999999685E-002                  0.0000000000000000E+000                  4.6927651610845613E+008                  9.5851471464878451E+006                  5.3286613206598481E-019                  0.0000000000000000E+000                  0.0000000000000000E+000                  7.5842613915303252E+000                  2.4245582872058395E+010                  6.8899631351728486E-008                  7.8283866755492364E-021                 -3.5808915508918937E+000                  8.6908038419671552E-001                  1.1076410115565467E+000                  1.2581560093885373E+000 
                                     418                  2.9987387557746525E+000                  6.2054568965212853E-001                  5.6151739994491070E+000                 -4.5543789746340266E+000                  9.2064559388259823E+000                  6.9999999999758156E-001                  2.8000000000241865E-001                  1.9999999999999796E-002                  0.0000000000000000E+000                  4.6840837555978239E+008                  9.6189038467643391E+006                  6.0769991233687381E-019                  0.0000000000000000E+000                  0.0000000000000000E+000                  7.5360625765606146E+000                  2.4375588452983788E+010                  6.8899274426787095E-008                  7.8647809946456902E-021                 -3.5808926757958370E+000                  8.7197296890269971E-001                  1.1105335962625307E+000                  1.2610485940945215E+000 
                                     419                  2.9987345344311613E+000                  6.2012043931679539E-001                  5.6183155620379477E+000                 -4.5422900384678311E+000                  9.2215670587493968E+000                  6.9999999999758133E-001                  2.8000000000241893E-001                  1.9999999999999796E-002                  0.0000000000000000E+000                  4.6758133444989145E+008                  9.6532178656584788E+006                  6.9375669870483313E-019                  0.0000000000000000E+000                  0.0000000000000000E+000                  7.4846892610094615E+000                  2.4440886720118958E+010                  6.8903862088081866E-008                  2.7556983555631723E-021                 -3.5808782175183529E+000                  8.7342845333826913E-001                  1.1119890806981001E+000                  1.2625040785300907E+000 
                                     420                  2.9987259442796343E+000                  6.1927513862021255E-001                  5.6213784485530205E+000                 -4.5303485218837025E+000                  9.2364487128836199E+000                  6.9999999999758067E-001                  2.8000000000241948E-001                  1.9999999999999796E-002                  0.0000000000000000E+000                  4.6673476258784604E+008                  9.6867514114872217E+006                  7.8946016384331514E-019                  0.0000000000000000E+000                  0.0000000000000000E+000                  7.4364309122337007E+000                  2.4569826618572792E+010                  6.8924529398695790E-008                 -4.8328628004512635E-022                 -3.5808130952389310E+000                  8.7630899735375734E-001                  1.1148696247135883E+000                  1.2653846225455792E+000 
                                     421                  2.9987215754715977E+000                  6.1885506019104675E-001                  5.6244799951250588E+000                 -4.5183934778835768E+000                  9.2513879484662400E+000                  6.9999999999758034E-001                  2.8000000000241981E-001                  1.9999999999999796E-002                  0.0000000000000000E+000                  4.6592824169478410E+008                  9.7208481349640805E+006                  8.9931881928195205E-019                  0.0000000000000000E+000                  0.0000000000000000E+000                  7.3849294838602644E+000                  2.4633497818411613E+010                  6.8939742982590192E-008                  1.0469544728856263E-022                 -3.5807651700190899E+000                  8.7773390575508026E-001                  1.1162945331149112E+000                  1.2668095309469019E+000 
                                     422                  2.9987125327525068E+000                  6.1800545831204912E-001                  5.6285767117444037E+000                 -4.5024846142568657E+000                  9.2712343114429174E+000                  6.9999999999757978E-001                  2.8000000000242042E-001                  1.9999999999999796E-002                  0.0000000000000000E+000                  4.6483854808310950E+008                  9.7660371944659576E+006                  1.0680724717117113E-018                  0.0000000000000000E+000                  0.0000000000000000E+000                  7.3176827968643687E+000                  2.4762550578431290E+010                  6.8992238461683847E-008                  3.9691169286363835E-021                 -3.5805998820433986E+000                  8.8060282704485560E-001                  1.1191634544046867E+000                  1.2696784522366773E+000 
                                     423                  2.9987031744106254E+000                  6.1715282988386710E-001                  5.6326541581418548E+000                 -4.4866261197334776E+000                  9.2910119769798563E+000                  6.9999999999757934E-001                  2.8000000000242098E-001                  1.9999999999999685E-002                  0.0000000000000000E+000                  4.6375963234538442E+008                  9.8112112383703608E+006                  1.2669787670332062E-018                  0.0000000000000000E+000                  0.0000000000000000E+000                  7.2499096379530883E+000                  2.4889699749103363E+010                  6.9050829406998937E-008                  5.2316046731229539E-021                 -3.5804155502536119E+000                  8.8346477056736139E-001                  1.1220253979271926E+000                  1.2725403957591832E+000 
                                     424                  2.9986934895687898E+000                  6.1629705894473863E-001                  5.6367125599574432E+000                 -4.4708145423154377E+000                  9.3107245038122493E+000                  6.9999999999757856E-001                  2.8000000000242165E-001                  1.9999999999999796E-002                  0.0000000000000000E+000                  4.6269014825708210E+008                  9.8563726461858191E+006                  1.5011686939036232E-018                  0.0000000000000000E+000                  0.0000000000000000E+000                  7.1816262736940351E+000                  2.5016090316752884E+010                  6.9125592880274208E-008                  1.9526996062020328E-021                 -3.5801805653949619E+000                  8.8631999156685248E-001                  1.1248806189266836E+000                  1.2753956167586742E+000 
                                     425                  2.9986834669805265E+000                  6.1543803454049084E-001                  5.6407521440975108E+000                 -4.4550466154361406E+000                  9.3303752786939427E+000                  6.9999999999757767E-001                  2.8000000000242264E-001                  1.9999999999999685E-002                  0.0000000000000000E+000                  4.6162902464358413E+008                  9.9015230737230033E+006                  1.7766052445323723E-018                  0.0000000000000000E+000                  0.0000000000000000E+000                  7.1128984629180758E+000                  2.5141697918652275E+010                  6.9215851006599688E-008                  0.0000000000000000E+000                 -3.5798972185491391E+000                  8.8916878320315496E-001                  1.1277294105629860E+000                  1.2782444083949767E+000 
                                     426                  2.9986730950177485E+000                  6.1457565043610596E-001                  5.6447731648670869E+000                 -4.4393192753969810E+000                  9.3499675265738702E+000                  6.9999999999757700E-001                  2.8000000000242331E-001                  1.9999999999999685E-002                  0.0000000000000000E+000                  4.6057520436464065E+008                  9.9466648286980186E+006                  2.1002137771570875E-018                  0.0000000000000000E+000                  0.0000000000000000E+000                  7.0438358494600992E+000                  2.5266500249452290E+010                  6.9320335545841728E-008                  1.9907095387859375E-021                 -3.5795696718729233E+000                  8.9201142889430995E-001                  1.1305720562541410E+000                  1.2810870540861317E+000 
                                     427                  2.9986623616580395E+000                  6.1370980479093629E-001                  5.6487759268278221E+000                 -4.4236296754196598E+000                  9.3695043200414094E+000                  6.9999999999757601E-001                  2.8000000000242409E-001                  1.9999999999999907E-002                  0.0000000000000000E+000                  4.5952724771339118E+008                  9.9918030386791620E+006                  2.4800329259934952E-018                  0.0000000000000000E+000                  0.0000000000000000E+000                  6.9745866306139073E+000                  2.5390478575844971E+010                  6.9437335285508032E-008                  7.9455737613706722E-021                 -3.5792034769587331E+000                  8.9484827964425606E-001                  1.1334089070040871E+000                  1.2839239048360778E+000 
                                     428                  2.9986512544715342E+000                  6.1284039980241689E-001                  5.6527608075904778E+000                 -4.4079752079203471E+000                  9.3889885881131221E+000                  6.9999999999757523E-001                  2.8000000000242492E-001                  1.9999999999999796E-002                  0.0000000000000000E+000                  4.5848383192679882E+008                  1.0036944318770116E+007                  2.9253897214123135E-018                  0.0000000000000000E+000                  0.0000000000000000E+000                  6.9053430648621053E+000                  2.5513619390587410E+010                  6.9564697708559684E-008                  9.8977218022718511E-021                 -3.5788055488722095E+000                  8.9767977219311590E-001                  1.1362403995529471E+000                  1.2867553973849377E+000 
                                     429                  2.9986397606073631E+000                  6.1196734129985386E-001                  5.6567283034126454E+000                 -4.3923535495813528E+000                  9.4084231244279675E+000                  6.9999999999757445E-001                  2.8000000000242575E-001                  1.9999999999999796E-002                  0.0000000000000000E+000                  4.5744386630379915E+008                  1.0082096898342175E+007                  3.4471056698605280E-018                  0.0000000000000000E+000                  0.0000000000000000E+000                  6.8364174665095341E+000                  2.5635916982767471E+010                  6.9699230827077243E-008                  1.9442841422056658E-021                 -3.5783860072881484E+000                  9.0050640084005062E-001                  1.1390670281998818E+000                  1.2895820260318724E+000 
                                     430                  2.9986278667796626E+000                  6.1109053823984916E-001                  5.6606790642163274E+000                 -4.3767626933153316E+000                  9.4278105949114259E+000                  6.9999999999757334E-001                  2.8000000000242681E-001                  1.9999999999999796E-002                  0.0000000000000000E+000                  4.5640654135429871E+008                  1.0127270939879853E+007                  4.0577379444737714E-018                  0.0000000000000000E+000                  0.0000000000000000E+000                  6.7681258729403213E+000                  2.5757376316309753E+010                  6.9836919776879392E-008                  2.4504923012085040E-023                 -3.5779574619236132E+000                  9.0332872608057113E-001                  1.1418893534404022E+000                  1.2924043512723928E+000 
                                     431                  2.9986155592531438E+000                  6.1020990212695059E-001                  5.6646138716425023E+000                 -4.3612009112341044E+000                  9.4471535449614663E+000                  6.9999999999757223E-001                  2.8000000000242792E-001                  1.9999999999999796E-002                  0.0000000000000000E+000                  4.5537153421971023E+008                  1.0172477047736557E+007                  4.7718556046528971E-018                  0.0000000000000000E+000                  0.0000000000000000E+000                  6.7007056880949323E+000                  2.5878013493917637E+010                  6.9974213067247077E-008                  1.1992567733780308E-020                 -3.5775309884635824E+000                  9.0614734921302442E-001                  1.1447079765728554E+000                  1.2952229744048460E+000 
                                     432                  2.9986028238281994E+000                  6.0932534649712877E-001                  5.6685335956385474E+000                 -4.3456666919486659E+000                  9.4664544061990554E+000                  6.9999999999757123E-001                  2.8000000000242892E-001                  1.9999999999999796E-002                  0.0000000000000000E+000                  4.5433914929644549E+008                  1.0217724556316052E+007                  5.6063563568987122E-018                  0.0000000000000000E+000                  0.0000000000000000E+000                  6.6343232161545096E+000                  2.5997853370128223E+010                  7.0108470303387620E-008                  1.7924884786899714E-020                 -3.5771147543277042E+000                  9.0896284373410396E-001                  1.1475234710939350E+000                  1.2980384689259257E+000 
                                     433                  2.9985896458255423E+000                  6.0843678651725330E-001                  5.6724391561038070E+000                 -4.3301586926863775E+000                  9.4857155028123579E+000                  6.9999999999757012E-001                  2.8000000000243003E-001                  1.9999999999999796E-002                  0.0000000000000000E+000                  4.5330967181218398E+008                  1.0263023985026270E+007                  6.5808315061150422E-018                  0.0000000000000000E+000                  0.0000000000000000E+000                  6.5690817133460531E+000                  2.6116926750548363E+010                  7.0237899962889254E-008                  9.9416592406442763E-021                 -3.5767142409211594E+000                  9.1177577053952485E-001                  1.1503363978993559E+000                  1.3008513957313466E+000 
                                     434                  2.9985760100703387E+000                  6.0754413867322488E-001                  5.6763314888331937E+000                 -4.3146756935799742E+000                  9.5049390575160473E+000                  6.9999999999756879E-001                  2.8000000000243142E-001                  1.9999999999999796E-002                  0.0000000000000000E+000                  4.5228324169172716E+008                  1.0308387075980749E+007                  7.7179859435527305E-018                  0.0000000000000000E+000                  0.0000000000000000E+000                  6.5050268935456623E+000                  2.6235268006221180E+010                  7.0361555149849729E-008                  1.9862632528802152E-021                 -3.5763322851080388E+000                  9.1458673195460272E-001                  1.1531473593144339E+000                  1.3036623571464245E+000 
                                     435                  2.9985619008758300E+000                  6.0664732054490522E-001                  5.6802114844488978E+000                 -4.2992165202791259E+000                  9.5241271971434021E+000                  6.9999999999756746E-001                  2.8000000000243275E-001                  1.9999999999999796E-002                  0.0000000000000000E+000                  4.5125981780334759E+008                  1.0353826011255929E+007                  9.0441126422546665E-018                  0.0000000000000000E+000                  0.0000000000000000E+000                  6.4420473892206918E+000                  2.6352911710749687E+010                  7.0479983651605543E-008                  2.0064229163289296E-021                 -3.5759671026670330E+000                  9.1739635562860078E-001                  1.1559569829884320E+000                  1.3064719808204226E+000 
                                     436                  2.9985473020264291E+000                  6.0574625073643251E-001                  5.6840798972804372E+000                 -4.2837799322291374E+000                  9.5432819578750614E+000                  6.9999999999756601E-001                  2.8000000000243430E-001                  1.9999999999999685E-002                  0.0000000000000000E+000                  4.5023932738354373E+008                  1.0399351105824377E+007                  1.0589619803062290E-017                  0.0000000000000000E+000                  0.0000000000000000E+000                  6.3798744773634164E+000                  2.6469887170919739E+010                  7.0595915295020082E-008                  1.0011366197415248E-020                 -3.5756102133278733E+000                  9.2020522987435061E-001                  1.1587658572341817E+000                  1.3092808550661723E+000 
                                     437                  2.9985321967602703E+000                  6.0484084903900115E-001                  5.6879451410941035E+000                 -4.2683339810701932E+000                  9.5624434421826408E+000                  6.9999999999756446E-001                  2.8000000000243574E-001                  1.9999999999999796E-002                  0.0000000000000000E+000                  4.4922029546226615E+008                  1.0445060369961061E+007                  1.2393558648829928E-017                  0.0000000000000000E+000                  0.0000000000000000E+000                  6.3181446673167398E+000                  2.6586222643372841E+010                  7.0712894223767555E-008                  1.9982675923754113E-020                 -3.5752506935284210E+000                  9.2301378440688875E-001                  1.1615744117667199E+000                  1.3120894095987106E+000 
                                     438                  2.9985165050720002E+000                  6.0392744096730255E-001                  5.6918199876425755E+000                 -4.2528274713244398E+000                  9.5816751274888503E+000                  6.9999999999756279E-001                  2.8000000000243747E-001                  1.9999999999999796E-002                  0.0000000000000000E+000                  4.4819975447063065E+008                  1.0491104755807456E+007                  1.4505707250563744E-017                  0.0000000000000000E+000                  0.0000000000000000E+000                  6.2564877801826064E+000                  2.6702387944065094E+010                  7.0834213747459661E-008                  2.1916939975646563E-020                 -3.5748784611787556E+000                  9.2583335964694979E-001                  1.1643939870067808E+000                  1.3149089848387716E+000 
                                     439                  2.9985001605267807E+000                  6.0300355700998387E-001                  5.6957114788497316E+000                 -4.2372313866462417E+000                  9.6010127880505429E+000                  6.9999999999756091E-001                  2.8000000000243924E-001                  1.9999999999999796E-002                  0.0000000000000000E+000                  4.4717607345647627E+008                  1.0537569724189900E+007                  1.6983721989509692E-017                  0.0000000000000000E+000                  0.0000000000000000E+000                  6.1946664600748029E+000                  2.6818662927374348E+010                  7.0962333327906148E-008                  1.7834771749094442E-020                 -3.5744860564051475E+000                  9.2867131972551209E-001                  1.1672319470853432E+000                  1.3177469449173338E+000 
                                     440                  2.9984831148016347E+000                  6.0206803702650191E-001                  5.6996212901623169E+000                 -4.2215377537766150E+000                  9.6204659845756950E+000                  6.9999999999755902E-001                  2.8000000000244119E-001                  1.9999999999999796E-002                  0.0000000000000000E+000                  4.4614889216303998E+008                  1.0584478136685455E+007                  1.9893304576172563E-017                  0.0000000000000000E+000                  0.0000000000000000E+000                  6.1325632300749788E+000                  2.6935146394192539E+010                  7.1099059310147105E-008                  1.3794375964143893E-020                 -3.5740680726246730E+000                  9.3153086001146057E-001                  1.1700914873712915E+000                  1.3206064852032822E+000 
                                     441                  2.9984653377639794E+000                  6.0112086827612021E-001                  5.7035430036807284E+000                 -4.2057706061001410E+000                  9.6400044702052003E+000                  6.9999999999755702E-001                  2.8000000000244329E-001                  1.9999999999999685E-002                  0.0000000000000000E+000                  4.4511976289619172E+008                  1.0631755745205220E+007                  2.3304976024533309E-017                  0.0000000000000000E+000                  0.0000000000000000E+000                  6.0702689893554007E+000                  2.7051782934784775E+010                  7.1245254512315777E-008                  7.8620944411891350E-021                 -3.5736220288720135E+000                  9.3441161592131872E-001                  1.1729722432811498E+000                  1.3234872411131406E+000 
                                     442                  2.9984468510100495E+000                  6.0016473944693605E-001                  5.7074873839224809E+000                 -4.1898878581585732E+000                  9.6596807572965027E+000                  6.9999999999755480E-001                  2.8000000000244535E-001                  1.9999999999999796E-002                  0.0000000000000000E+000                  4.4408655508778369E+008                  1.0679535684133863E+007                  2.7317681815435141E-017                  0.0000000000000000E+000                  0.0000000000000000E+000                  6.0078159656680539E+000                  2.7168219926460484E+010                  7.1399225343925127E-008                  3.8916946548736164E-021                 -3.5731532500690815E+000                  9.3730507290687493E-001                  1.1758657002667059E+000                  1.3263806980986965E+000 
                                     443                  2.9984274663493382E+000                  5.9919171239542812E-001                  5.7114599367921723E+000                 -4.1738646044177878E+000                  9.6795249810791884E+000                  6.9999999999755247E-001                  2.8000000000244779E-001                  1.9999999999999796E-002                  0.0000000000000000E+000                  4.4304767072135049E+008                  1.0727888441847753E+007                  3.2047103171767424E-017                  0.0000000000000000E+000                  0.0000000000000000E+000                  5.9454362466174615E+000                  2.7285375796995575E+010                  7.1558627610116187E-008                  7.7053096097310441E-021                 -3.5726689985790854E+000                  9.4023485860981060E-001                  1.1787954859696417E+000                  1.3293104838016323E+000 
                                     444                  2.9984072346942550E+000                  5.9820631255295387E-001                  5.7154335124229227E+000                 -4.1578104260432500E+000                  9.6994014773477986E+000                  6.9999999999754992E-001                  2.8000000000245040E-001                  1.9999999999999685E-002                  0.0000000000000000E+000                  4.4201076028044790E+008                  1.0776485669460105E+007                  3.7584442345719139E-017                  0.0000000000000000E+000                  0.0000000000000000E+000                  5.8838138857863775E+000                  2.7402626058463894E+010                  7.1718673280154281E-008                  1.1546269995201691E-020                 -3.5721838765128009E+000                  9.4318695369386774E-001                  1.1817475810536988E+000                  1.3322625788856894E+000 
                                     445                  2.9983863038615834E+000                  5.9721713269008037E-001                  5.7194098221591210E+000                 -4.1417237192514955E+000                  9.7193137065424597E+000                  6.9999999999754736E-001                  2.8000000000245284E-001                  1.9999999999999796E-002                  0.0000000000000000E+000                  4.4097714314689100E+008                  1.0825348765124319E+007                  4.4068331704506585E-017                  0.0000000000000000E+000                  0.0000000000000000E+000                  5.8230823397477502E+000                  2.7518981915231148E+010                  7.1874974311571248E-008                  9.5920184508779583E-021                 -3.5717111487605115E+000                  9.4613558293383104E-001                  1.1846962102936620E+000                  1.3352112081256526E+000 
                                     446                  2.9983644564971859E+000                  5.9621531758112045E-001                  5.7234060182931037E+000                 -4.1255356504609626E+000                  9.7393470428751314E+000                  6.9999999999754448E-001                  2.8000000000245567E-001                  1.9999999999999796E-002                  0.0000000000000000E+000                  4.3994298181454653E+008                  1.0874689730235491E+007                  5.1694095191056310E-017                  0.0000000000000000E+000                  0.0000000000000000E+000                  5.7631820509785587E+000                  2.7635515784651123E+010                  7.2026387470537589E-008                  1.1412707452046775E-020                 -3.5712541834970861E+000                  9.4910718175972897E-001                  1.1876678091195600E+000                  1.3381828069515507E+000 
                                     447                  2.9983416534951304E+000                  5.9520089990146308E-001                  5.7274215558231010E+000                 -4.1092511452998020E+000                  9.7594961627979568E+000                  6.9999999999754126E-001                  2.8000000000245900E-001                  1.9999999999999796E-002                  0.0000000000000000E+000                  4.3890954301908642E+008                  1.0924505377731543E+007                  6.0664822189043853E-017                  0.0000000000000000E+000                  0.0000000000000000E+000                  5.7042676892875903E+000                  2.7752201764944801E+010                  7.2170504506785231E-008                  2.0833655430717859E-020                 -3.5708201293814090E+000                  9.5210156556919101E-001                  1.1906621929290220E+000                  1.3411771907610128E+000 
                                     448                  2.9983178587271677E+000                  5.9417410536607873E-001                  5.7314556256689873E+000                 -4.0928764228592573E+000                  9.7797541989981145E+000                  6.9999999999753793E-001                  2.8000000000246233E-001                  1.9999999999999796E-002                  0.0000000000000000E+000                  4.3787813776097983E+008                  1.0974789309671810E+007                  7.1218977383969113E-017                  0.0000000000000000E+000                  0.0000000000000000E+000                  5.6463062579690710E+000                  2.7869019884621918E+010                  7.2306771016067477E-008                  3.0206521004759595E-020                 -3.5704105161022031E+000                  9.5511803595558886E-001                  1.1936786633154199E+000                  1.3441936611474106E+000 
                                     449                  2.9982930344233170E+000                  5.9313513525070782E-001                  5.7355074142001428E+000                 -4.0764173007324400E+000                  9.8001146608221479E+000                  6.9999999999753415E-001                  2.8000000000246605E-001                  1.9999999999999796E-002                  0.0000000000000000E+000                  4.3684993187833560E+008                  1.1025534724910364E+007                  8.3637103928354936E-017                  0.0000000000000000E+000                  0.0000000000000000E+000                  5.5891320736978249E+000                  2.7985952815401558E+010                  7.2437102575112595E-008                  3.5763273197269144E-020                 -3.5700194647174088E+000                  9.5815596814819959E-001                  1.1967165955080306E+000                  1.3472315933400214E+000 
                                     450                  2.9982671416393161E+000                  5.9208418911780014E-001                  5.7395594456010111E+000                 -4.0599450838335631E+000                  9.8204894355751655E+000                  6.9999999999753015E-001                  2.8000000000246994E-001                  1.9999999999999907E-002                  0.0000000000000000E+000                  4.3582972933466822E+008                  1.1076523974793928E+007                  9.8184896601902227E-017                  0.0000000000000000E+000                  0.0000000000000000E+000                  5.5328328809254410E+000                  2.8102955720701729E+010                  7.2564264956749064E-008                  3.3820192328101247E-020                 -3.5696385997935240E+000                  9.6121470016502009E-001                  1.1997753275248513E+000                  1.3502903253568419E+000 
                                     451                  2.9982403566825857E+000                  5.9102985477054082E-001                  5.7436121045526782E+000                 -4.0434627197045838E+000                  9.8408761025834171E+000                  6.9999999999752593E-001                  2.8000000000247421E-001                  1.9999999999999796E-002                  0.0000000000000000E+000                  4.3481875083126062E+008                  1.1127762063742869E+007                  1.1522200107715354E-016                  0.0000000000000000E+000                  0.0000000000000000E+000                  5.4771901677275396E+000                  2.8219098243658672E+010                  7.2690157629519649E-008                  2.6256245828850049E-020                 -3.5692621946843861E+000                  9.6426924721569973E-001                  1.2028298745755308E+000                  1.3533448724075214E+000 
                                     452                  2.9982124340140697E+000                  5.8996389113856951E-001                  5.7476801072028865E+000                 -4.0269093298848277E+000                  9.8613496858813399E+000                  6.9999999999752149E-001                  2.8000000000247871E-001                  1.9999999999999796E-002                  0.0000000000000000E+000                  4.3381343544424611E+008                  1.1179435464378964E+007                  1.3524588150559777E-016                  0.0000000000000000E+000                  0.0000000000000000E+000                  5.4218670531022939E+000                  2.8335304853049858E+010                  7.2818523456983343E-008                  2.4305619840863954E-020                 -3.5688790657564189E+000                  9.6734343851582472E-001                  1.2059040658756557E+000                  1.3564190637076463E+000 
                                     453                  2.9981833315702184E+000                  5.8888649215819799E-001                  5.7517622761851559E+000                 -4.0102896895515334E+000                  9.8819042871412570E+000                  6.9999999999751650E-001                  2.8000000000248382E-001                  1.9999999999999685E-002                  0.0000000000000000E+000                  4.3281445315254933E+008                  1.1231531020942679E+007                  1.5877755913715869E-016                  0.0000000000000000E+000                  0.0000000000000000E+000                  5.3667431617473307E+000                  2.8451506694740421E+010                  7.2951539879356412E-008                  2.7967094976296089E-020                 -3.5684827682385953E+000                  9.7043644780204197E-001                  1.2089970751618730E+000                  1.3595120729938637E+000 
                                     454                  2.9981530061150079E+000                  5.8779785331957513E-001                  5.7558574059856058E+000                 -3.9936083960164814E+000                  9.9025341467143679E+000                  6.9999999999751106E-001                  2.8000000000248920E-001                  1.9999999999999796E-002                  0.0000000000000000E+000                  4.3182239527239656E+008                  1.1284034976493329E+007                  1.8642715743776797E-016                  0.0000000000000000E+000                  0.0000000000000000E+000                  5.3118242367454078E+000                  2.8567650558289852E+010                  7.3090418078147547E-008                  3.1603201573798777E-020                 -3.5680697769694021E+000                  9.7354741396113986E-001                  1.2121080413209708E+000                  1.3626230391529615E+000 
                                     455                  2.9981214131371123E+000                  5.8669816849913803E-001                  5.7599643725069054E+000                 -3.9768699592932970E+000                  9.9232336772831875E+000                  6.9999999999750528E-001                  2.8000000000249492E-001                  1.9999999999999796E-002                  0.0000000000000000E+000                  4.3083785598785442E+008                  1.1336934442383738E+007                  2.1890924881344249E-016                  0.0000000000000000E+000                  0.0000000000000000E+000                  5.2572608609825995E+000                  2.8683683902328144E+010                  7.3234170968375725E-008                  3.7078642962368460E-020                 -3.5676431152068382E+000                  9.7667549423313282E-001                  1.2152361215929639E+000                  1.3657511194249545E+000 
                                     456                  2.9980885068165701E+000                  5.8558762936029896E-001                  5.7640821951293084E+000                 -3.9600788733747274E+000                  9.9439974637184356E+000                  6.9999999999749896E-001                  2.8000000000250125E-001                  1.9999999999999796E-002                  0.0000000000000000E+000                  4.2986148388795078E+008                  1.1390218246507542E+007                  2.5706080695659995E-016                  0.0000000000000000E+000                  0.0000000000000000E+000                  5.2032130869286295E+000                  2.8799561150215183E+010                  7.3380495696994979E-008                  4.0736942985848190E-020                 -3.5672096794207078E+000                  9.7981990818294362E-001                  1.2183805355427746E+000                  1.3688955333747652E+000 
                                     457                  2.9980542400091648E+000                  5.8446642520851944E-001                  5.7681963861851715E+000                 -3.9432940070130034E+000                  9.9647526551853023E+000                  6.9999999999749174E-001                  2.8000000000250835E-001                  1.9999999999999907E-002                  0.0000000000000000E+000                  4.2889694673633587E+008                  1.1443698894339819E+007                  3.0170275016563392E-016                  0.0000000000000000E+000                  0.0000000000000000E+000                  5.1500284982107019E+000                  2.8915228370205761E+010                  7.3526876949074246E-008                  3.8886550449618667E-020                 -3.5667769401379448E+000                  9.8297995957675577E-001                  1.2215405869365867E+000                  1.3720555847685774E+000 
                                     458                  2.9980187967713263E+000                  5.8334200665230951E-001                  5.7723075025785446E+000                 -3.9265175057168342E+000                  9.9854977830163900E+000                  6.9999999999748441E-001                  2.8000000000251585E-001                  1.9999999999999796E-002                  0.0000000000000000E+000                  4.2794529683214277E+008                  1.1497382982423291E+007                  3.5391607419852344E-016                  0.0000000000000000E+000                  0.0000000000000000E+000                  5.0977977696975030E+000                  2.9029940871708694E+010                  7.3670153600019885E-008                  4.0746707468199761E-020                 -3.5663542123267216E+000                  9.8613468102929513E-001                  1.2246953083891261E+000                  1.3752103062211167E+000 
                                     459                  2.9979819060368773E+000                  5.8220719380928843E-001                  5.7764281256296508E+000                 -3.9096988438350557E+000                  1.0006295541534653E+001                  6.9999999999747575E-001                  2.8000000000252434E-001                  1.9999999999999907E-002                  0.0000000000000000E+000                  4.2700403324229097E+008                  1.1551434750602765E+007                  4.1515511595851517E-016                  0.0000000000000000E+000                  0.0000000000000000E+000                  5.0464994089677875E+000                  2.9144462724483116E+010                  7.3809230704106298E-008                  4.8131973669587386E-020                 -3.5659446605981628E+000                  9.8930431411699726E-001                  1.2278649414768283E+000                  1.3783799393088190E+000 
                                     460                  2.9979435166210995E+000                  5.8106215676722761E-001                  5.7805578101799115E+000                 -3.8928423589816044E+000                  1.0027141246014512E+001                  6.9999999999746698E-001                  2.8000000000253328E-001                  1.9999999999999796E-002                  0.0000000000000000E+000                  4.2607404390455729E+008                  1.1605849594383344E+007                  4.8696634551922339E-016                  0.0000000000000000E+000                  0.0000000000000000E+000                  4.9961931142545559E+000                  2.9258766762823647E+010                  7.3942460798649978E-008                  5.1788122070471229E-020                 -3.5655530501199517E+000                  9.9248839315070470E-001                  1.2310490205105358E+000                  1.3815640183425264E+000 
                                     461                  2.9979035760852168E+000                  5.7990706734761754E-001                  5.7846961508447352E+000                 -3.8759522171959806E+000                  1.0048030418264688E+001                  6.9999999999745699E-001                  2.8000000000254316E-001                  1.9999999999999796E-002                  0.0000000000000000E+000                  4.2515613952039349E+008                  1.1660623721692691E+007                  5.7115773438925778E-016                  0.0000000000000000E+000                  0.0000000000000000E+000                  4.9468333534982296E+000                  2.9372847399153538E+010                  7.4069818949295595E-008                  5.7268865602054990E-020                 -3.5651793584519664E+000                  9.9568647823118395E-001                  1.2342471055910149E+000                  1.3847621034230058E+000 
                                     462                  2.9978620301418886E+000                  5.7874208245767989E-001                  5.7888427434254002E+000                 -3.8590322951974518E+000                  1.0068958860328127E+001                  6.9999999999744622E-001                  2.8000000000255404E-001                  1.9999999999999796E-002                  0.0000000000000000E+000                  4.2425094747063965E+008                  1.1715754171474198E+007                  6.6984177033595952E-016                  0.0000000000000000E+000                  0.0000000000000000E+000                  4.8983535177296229E+000                  2.9486699353324009E+010                  7.4192395994380692E-008                  7.0158136569889770E-020                 -3.5648203017196911E+000                  9.9889818965325594E-001                  1.2374588170130869E+000                  1.3879738148450775E+000 
                                     463                  2.9978188228536364E+000                  5.7756735178071594E-001                  5.7929971518256496E+000                 -3.8420862489950625E+000                  1.0089922549908955E+001                  6.9999999999743445E-001                  2.8000000000256575E-001                  1.9999999999999796E-002                  0.0000000000000000E+000                  4.2335900452067232E+008                  1.1771237282433957E+007                  7.8548486362204184E-016                  0.0000000000000000E+000                  0.0000000000000000E+000                  4.8506782502429893E+000                  2.9600314277424213E+010                  7.4311552138107769E-008                  7.7579105284253422E-020                 -3.5644718337667389E+000                  1.0021231595031928E+000                  1.2406837868630241E+000                  1.3911987846950147E+000 
                                     464                  2.9977738967203371E+000                  5.7638302140829745E-001                  5.7971479836876867E+000                 -3.8251609641952733E+000                  1.0110863585695579E+001                  6.9999999999742135E-001                  2.8000000000257896E-001                  1.9999999999999685E-002                  0.0000000000000000E+000                  4.2248285958544344E+008                  1.1826921507478634E+007                  9.2058321356447084E-016                  0.0000000000000000E+000                  0.0000000000000000E+000                  4.8038616134592127E+000                  2.9713664737543182E+010                  7.4428660911875776E-008                  7.9547433262839870E-020                 -3.5641298972877178E+000                  1.0053609987862600E+000                  1.2439216261460908E+000                  1.3944366239780817E+000 
                                     465                  2.9977274341476239E+000                  5.7519531295928006E-001                  5.8012957424967615E+000                 -3.8082575773374336E+000                  1.0131781398408807E+001                  6.9999999999740736E-001                  2.8000000000259273E-001                  1.9999999999999907E-002                  0.0000000000000000E+000                  4.2162304433607787E+008                  1.1882813376435252E+007                  1.0783358864243716E-015                  0.0000000000000000E+000                  0.0000000000000000E+000                  4.7577827417164711E+000                  2.9826176009960552E+010                  7.4544713610874697E-008                  8.8941951191987372E-020                 -3.5637915747039521E+000                  1.0085947587339417E+000                  1.2471553860937727E+000                  1.3976703839257636E+000 
                                     466                  2.9976791430879248E+000                  5.7399816672558557E-001                  5.8054504370013955E+000                 -3.7913349559365606E+000                  1.0152726782662974E+001                  6.9999999999739182E-001                  2.8000000000260844E-001                  1.9999999999999796E-002                  0.0000000000000000E+000                  4.2077723826399189E+008                  1.1939049290131224E+007                  1.2629241080272420E-015                  0.0000000000000000E+000                  0.0000000000000000E+000                  4.7122857474889104E+000                  2.9938437227746063E+010                  7.4661673286893489E-008                  1.0014422388232972E-019                 -3.5634511405351463E+000                  1.0118409913052513E+000                  1.2504016186650824E+000                  1.4009166164970730E+000 
                                     467                  2.9976289609478246E+000                  5.7279170815504543E-001                  5.8096115444801608E+000                 -3.7743959045575695E+000                  1.0173696439706138E+001                  6.9999999999737483E-001                  2.8000000000262532E-001                  1.9999999999999796E-002                  0.0000000000000000E+000                  4.1994524972198671E+008                  1.1995626700674456E+007                  1.4788463177654184E-015                  0.0000000000000000E+000                  0.0000000000000000E+000                  4.6673826673126051E+000                  3.0050410246521927E+010                  7.4779917668655315E-008                  1.0575805677612347E-019                 -3.5631075086659756E+000                  1.0150993534483228E+000                  1.2536599808081539E+000                  1.4041749786401447E+000 
                                     468                  2.9975768231895867E+000                  5.7157605498960684E-001                  5.8137785927975596E+000                 -3.7574431117861820E+000                  1.0194687237214698E+001                  6.9999999999735618E-001                  2.8000000000264402E-001                  1.9999999999999796E-002                  0.0000000000000000E+000                  4.1912698209714466E+008                  1.2052543243352633E+007                  1.7313412153401931E-015                  0.0000000000000000E+000                  0.0000000000000000E+000                  4.6231107976601367E+000                  3.0162073395251045E+010                  7.4899152758868090E-008                  1.1140211033981020E-019                 -3.5627615474535341E+000                  1.0183695553673002E+000                  1.2569301827271313E+000                  1.4074451805591219E+000 
                                     469                  2.9975226634687759E+000                  5.7035132171854375E-001                  5.8179511835273203E+000                 -3.7404791613861184E+000                  1.0215696223453955E+001                  6.9999999999733553E-001                  2.8000000000266456E-001                  1.9999999999999907E-002                  0.0000000000000000E+000                  4.1832245713491797E+008                  1.2109796867595255E+007                  2.0265086062368216E-015                  0.0000000000000000E+000                  0.0000000000000000E+000                  4.5795252755360636E+000                  3.0273408099365417E+010                  7.5018633864207821E-008                  1.1713866976619972E-019                 -3.5624154244424098E+000                  1.0216513173630117E+000                  1.2602119447228428E+000                  1.4107269425548334E+000 
                                     470                  2.9974664132934645E+000                  5.6911761288847107E-001                  5.8221201642366438E+000                 -3.7235416136983686E+000                  1.0236676960052893E+001                  6.9999999999731288E-001                  2.8000000000268721E-001                  1.9999999999999907E-002                  0.0000000000000000E+000                  4.1753327024715793E+008                  1.2167263962530006E+007                  2.3706668341030795E-015                  0.0000000000000000E+000                  0.0000000000000000E+000                  4.5367943814263842E+000                  3.0384388555968071E+010                  7.5137182909671489E-008                  1.2112432928274950E-019                 -3.5620725459040807E+000                  1.0249444000337800E+000                  1.2635050273936110E+000                  1.4140200252256017E+000 
                                     471                  2.9974082461679425E+000                  5.6788014023072531E-001                  5.8262865406567155E+000                 -3.7066296306017543E+000                  1.0257631333040909E+001                  6.9999999999728835E-001                  2.8000000000271191E-001                  1.9999999999999796E-002                  0.0000000000000000E+000                  4.1675916981741583E+008                  1.2224962290454725E+007                  2.7718070816071973E-015                  0.0000000000000000E+000                  0.0000000000000000E+000                  4.4949628823671919E+000                  3.0494567312769878E+010                  7.5253051215587757E-008                  1.3259430543679050E-019                 -3.5617379432210248E+000                  1.0282350662803237E+000                  1.2667956936401548E+000                  1.4173106914721454E+000 
                                     472                  2.9973478441663266E+000                  5.6663355082872835E-001                  5.8304601350774652E+000                 -3.6897044214135044E+000                  1.0278607674358303E+001                  6.9999999999726115E-001                  2.8000000000273900E-001                  1.9999999999999796E-002                  0.0000000000000000E+000                  4.1599755757450694E+008                  1.2283034817125421E+007                  3.2402992671295607E-015                  0.0000000000000000E+000                  0.0000000000000000E+000                  4.4540214669513318E+000                  3.0604447718627724E+010                  7.5365444454097350E-008                  1.5707671931881214E-019                 -3.5614138676675484E+000                  1.0315378420069719E+000                  1.2700984693668029E+000                  1.4206134671987936E+000 
                                     473                  2.9972851018058493E+000                  5.6537734176936494E-001                  5.8346428126628966E+000                 -3.6727607273010494E+000                  1.0299613104502095E+001                  6.9999999999723128E-001                  2.8000000000276898E-001                  1.9999999999999796E-002                  0.0000000000000000E+000                  4.1524769253629422E+008                  1.2341515226729836E+007                  3.7876028640628614E-015                  0.0000000000000000E+000                  0.0000000000000000E+000                  4.4140185902184772E+000                  3.0714073141467995E+010                  7.5473066690365116E-008                  1.8341270798507832E-019                 -3.5611040015006270E+000                  1.0348543326153659E+000                  1.2734149599751969E+000                  1.4239299578071876E+000 
                                     474                  2.9972199085017897E+000                  5.6411101980455791E-001                  5.8388364180155383E+000                 -3.6557936579503725E+000                  1.0320654364240164E+001                  6.9999999999719809E-001                  2.8000000000280206E-001                  1.9999999999999796E-002                  0.0000000000000000E+000                  4.1450901612163341E+008                  1.2400436809877083E+007                  4.4271839175956052E-015                  0.0000000000000000E+000                  0.0000000000000000E+000                  4.3749816255336826E+000                  3.0823500888483013E+010                  7.5575037212899986E-008                  2.0613284855260157E-019                 -3.5608108151524580E+000                  1.0381861037375886E+000                  1.2767467310974197E+000                  1.4272617289294103E+000 
                                     475                  2.9971521484097008E+000                  5.6283410211839713E-001                  5.8430310671120171E+000                 -3.6388447658840439E+000                  1.0341680323288728E+001                  6.9999999999716156E-001                  2.8000000000283870E-001                  1.9999999999999796E-002                  0.0000000000000000E+000                  4.1378292849345779E+008                  1.2459666767977795E+007                  5.1726494191946096E-015                  0.0000000000000000E+000                  0.0000000000000000E+000                  4.3370346812358695E+000                  3.0932772535236954E+010                  7.5670760563866742E-008                  2.3279703199814591E-019                 -3.5605359504667877E+000                  1.0415346789739772E+000                  1.2800953063338083E+000                  1.4306103041657989E+000 
                                     476                  2.9970820862924397E+000                  5.6155306947527084E-001                  5.8472284934221666E+000                 -3.6219118019464092E+000                  1.0362695018350871E+001                  6.9999999999712126E-001                  2.8000000000287895E-001                  1.9999999999999796E-002                  0.0000000000000000E+000                  4.1306905095647216E+008                  1.2519236417060001E+007                  6.0414941888175870E-015                  0.0000000000000000E+000                  0.0000000000000000E+000                  4.3001404915558270E+000                  3.1041374231961449E+010                  7.5759725223651380E-008                  2.5760849718807981E-019                 -3.5602808045820398E+000                  1.0448833994050251E+000                  1.2834440267648561E+000                  1.4339590245968468E+000 
                                     477                  2.9970092613863066E+000                  5.6026100696068426E-001                  5.8514407146404945E+000                 -3.6049479376452740E+000                  1.0383756981893413E+001                  6.9999999999707663E-001                  2.8000000000292363E-001                  1.9999999999999796E-002                  0.0000000000000000E+000                  4.1236452007859498E+008                  1.2579325406624164E+007                  7.0568746098917263E-015                  0.0000000000000000E+000                  0.0000000000000000E+000                  4.2641926604606244E+000                  3.1149933088683823E+010                  7.5842801028741051E-008                  2.7288356716323736E-019                 -3.5600428179980868E+000                  1.0482507148615181E+000                  1.2868113422213494E+000                  1.4373263400533398E+000 
                                     478                  2.9969335442550733E+000                  5.5895745822945142E-001                  5.8556693701026630E+000                 -3.5879492518127782E+000                  1.0404871781277597E+001                  6.9999999999702711E-001                  2.8000000000297304E-001                  1.9999999999999796E-002                  0.0000000000000000E+000                  4.1166845818282557E+008                  1.2639968136357624E+007                  8.2440264096612338E-015                  0.0000000000000000E+000                  0.0000000000000000E+000                  4.2291371781874174E+000                  3.1258486739716896E+010                  7.5920677692405986E-008                  2.8819132748483317E-019                 -3.5598199619555637E+000                  1.0516381152050298E+000                  1.2901987425648611E+000                  1.4407137403968517E+000 
                                     479                  2.9968547989602934E+000                  5.5764196814576250E-001                  5.8599027947149622E+000                 -3.5709636935588329E+000                  1.0425980115510248E+001                  6.9999999999697260E-001                  2.8000000000302766E-001                  1.9999999999999796E-002                  0.0000000000000000E+000                  4.1098191622857851E+008                  1.2701007215469968E+007                  9.6280249288407560E-015                  0.0000000000000000E+000                  0.0000000000000000E+000                  4.1950154941046698E+000                  3.1367064860075001E+010                  7.5994630792757506E-008                  3.1125934372136397E-019                 -3.5596085453033539E+000                  1.0550470607175828E+000                  1.2936076880774141E+000                  1.4441226859094047E+000 
                                     480                  2.9967733854403518E+000                  5.5632211093224426E-001                  5.8641424798334132E+000                 -3.5539895197565685E+000                  1.0447085262302807E+001                  6.9999999999691209E-001                  2.8000000000308817E-001                  1.9999999999999796E-002                  0.0000000000000000E+000                  4.1030443031076187E+008                  1.2762472489174953E+007                  1.1241526170285125E-014                  0.0000000000000000E+000                  0.0000000000000000E+000                  4.1617448083856692E+000                  3.1475074347781452E+010                  7.6065712350599088E-008                  3.4941669657274092E-019                 -3.5594055316184834E+000                  1.0584582209250817E+000                  1.2970188482849130E+000                  1.4475338461169036E+000 
                                     481                  2.9966887162749978E+000                  5.5498994128196855E-001                  5.8684016191736701E+000                 -3.5369745947084033E+000                  1.0468252197266457E+001                  6.9999999999684492E-001                  2.8000000000315534E-001                  1.9999999999999796E-002                  0.0000000000000000E+000                  4.0963337666184509E+008                  1.2824562193552732E+007                  1.3128384395629695E-014                  0.0000000000000000E+000                  0.0000000000000000E+000                  4.1292133672945734E+000                  3.1583194106554813E+010                  7.6135295333804949E-008                  4.1005469255155960E-019                 -3.5592069816337895E+000                  1.0618923435988665E+000                  1.3004529709586976E+000                  1.4509679687906882E+000 
                                     482                  2.9966006371174885E+000                  5.5364498507761228E-001                  5.8726816593874744E+000                 -3.5199151300155846E+000                  1.0489486141969737E+001                  6.9999999999677032E-001                  2.8000000000322989E-001                  1.9999999999999796E-002                  0.0000000000000000E+000                  4.0896821758547688E+008                  1.2887306560096491E+007                  1.5336074999281942E-014                  0.0000000000000000E+000                  0.0000000000000000E+000                  4.0974166742697111E+000                  3.1691444188772598E+010                  7.6203552934810060E-008                  4.7465949239384225E-019                 -3.5590123897631987E+000                  1.0653507273773324E+000                  1.3039113547371635E+000                  1.4544263525691541E+000 
                                     483                  2.9965089864303298E+000                  5.5228677807438531E-001                  5.8769692804199698E+000                 -3.5028647686075929E+000                  1.0510720442876208E+001                  6.9999999999668705E-001                  2.8000000000331315E-001                  1.9999999999999796E-002                  0.0000000000000000E+000                  4.0831031812717819E+008                  1.2950519077347519E+007                  1.7911101416567177E-014                  0.0000000000000000E+000                  0.0000000000000000E+000                  4.0664899775422709E+000                  3.1799839238536724E+010                  7.6270208109579019E-008                  5.2646614877609880E-019                 -3.5588225343006048E+000                  1.0688346618070375E+000                  1.3073952891668685E+000                  1.4579102869988592E+000 
                                     484                  2.9964142387675259E+000                  5.5092398513918717E-001                  5.8812658927556081E+000                 -3.4858225369222411E+000                  1.0531957532392310E+001                  6.9999999999659501E-001                  2.8000000000340519E-001                  1.9999999999999796E-002                  0.0000000000000000E+000                  4.0765929044560897E+008                  1.3014229325713655E+007                  2.0914745446598168E-014                  0.0000000000000000E+000                  0.0000000000000000E+000                  4.0364843029160244E+000                  3.1907718045771008E+010                  7.6333863304195425E-008                  5.8977951471905762E-019                 -3.5586413785744591E+000                  1.0723221312314486E+000                  1.3108827585912797E+000                  1.4613977564232703E+000 
                                     485                  2.9963156572716465E+000                  5.4954765317787424E-001                  5.8855859981021483E+000                 -3.4687324476782662E+000                  1.0553267560946459E+001                  6.9999999999649232E-001                  2.8000000000350789E-001                  1.9999999999999796E-002                  0.0000000000000000E+000                  4.0701257529361749E+008                  1.3078660652640646E+007                  2.4430333770918762E-014                  0.0000000000000000E+000                  0.0000000000000000E+000                  4.0074489592544884E+000                  3.2015827328986340E+010                  7.6392686994919117E-008                  6.7601763571088227E-019                 -3.5584741070326107E+000                  1.0758362845533236E+000                  1.3143969119131547E+000                  1.4649119097451455E+000 
                                     486                  2.9962130659898794E+000                  5.4815738679264647E-001                  5.8899158991192007E+000                 -3.4516508124777801E+000                  1.0574580853616945E+001                  6.9999999999637774E-001                  2.8000000000362252E-001                  1.9999999999999796E-002                  0.0000000000000000E+000                  4.0637259937348944E+008                  1.3143612748339232E+007                  2.8532197313094035E-014                  0.0000000000000000E+000                  0.0000000000000000E+000                  3.9796092616884966E+000                  3.2124173790714146E+010                  7.6443494563323904E-008                  7.5700932353760425E-019                 -3.5583297338404454E+000                  1.0793782491929038E+000                  1.3179388765527349E+000                  1.4684538743847257E+000 
                                     487                  2.9961070155258862E+000                  5.4676231518670737E-001                  5.8942573661086772E+000                 -3.4345771679330532E+000                  1.0595899724549254E+001                  6.9999999999625051E-001                  2.8000000000374969E-001                  1.9999999999999796E-002                  0.0000000000000000E+000                  4.0574007540951294E+008                  1.3209115562019866E+007                  3.3318875999138606E-014                  0.0000000000000000E+000                  0.0000000000000000E+000                  3.9530266759856119E+000                  3.2232103661356392E+010                  7.6483455011061132E-008                  8.3243007161178118E-019                 -3.5582162508841058E+000                  1.0829249324021022E+000                  1.3214855597619335E+000                  1.4720005575939241E+000 
                                     488                  2.9959966616082609E+000                  5.4535301157195781E-001                  5.8986257343341206E+000                 -3.4174544640878852E+000                  1.0617296259458978E+001                  6.9999999999610851E-001                  2.8000000000389180E-001                  1.9999999999999685E-002                  0.0000000000000000E+000                  4.0511302526157409E+008                  1.3275406849610196E+007                  3.8924913769591613E-014                  0.0000000000000000E+000                  0.0000000000000000E+000                  3.9277070409778094E+000                  3.2340412826496502E+010                  7.6510780757628168E-008                  9.2320930460993726E-019                 -3.5581386831181407E+000                  1.0865005466974178E+000                  1.3250611740572491E+000                  1.4755761718892395E+000 
                                     489                  2.9958818084149326E+000                  5.4392908698943365E-001                  5.9030070194878652E+000                 -3.4003410543199668E+000                  1.0638698469390615E+001                  6.9999999999594920E-001                  2.8000000000405101E-001                  1.9999999999999796E-002                  0.0000000000000000E+000                  4.0449364470315510E+008                  1.3342281841251751E+007                  4.5470065047660270E-014                  0.0000000000000000E+000                  0.0000000000000000E+000                  3.9038006406477299E+000                  3.2449129942513329E+010                  7.6523488596691764E-008                  1.0278935318534502E-018                 -3.5581026196637380E+000                  1.0901063340922790E+000                  1.3286669614521101E+000                  1.4791819592841007E+000 
                                     490                  2.9957630913080258E+000                  5.4250011690356448E-001                  5.9074031038435795E+000                 -3.3832366772235036E+000                  1.0660108586715275E+001                  6.9999999999577245E-001                  2.8000000000422781E-001                  1.9999999999999796E-002                  0.0000000000000000E+000                  4.0388285387224483E+008                  1.3409772559855474E+007                  5.3113495681348172E-014                  0.0000000000000000E+000                  0.0000000000000000E+000                  3.8811355594335266E+000                  3.2557597628202858E+010                  7.6522457962223967E-008                  1.1500136427753028E-018                 -3.5581055442682263E+000                  1.0937183172003091E+000                  1.3322789445601402E+000                  1.4827939423921308E+000 
                                     491                  2.9956395462620629E+000                  5.4105620707070901E-001                  5.9118296159364068E+000                 -3.3660828382948909E+000                  1.0681600426585392E+001                  6.9999999999557394E-001                  2.8000000000442615E-001                  1.9999999999999907E-002                  0.0000000000000000E+000                  4.0327918367075688E+008                  1.3478122011534167E+007                  6.2072751967457737E-014                  0.0000000000000000E+000                  0.0000000000000000E+000                  3.8594149933660118E+000                  3.2666630204145275E+010                  7.6512024085410737E-008                  1.3010991458833069E-018                 -3.5581351544258277E+000                  1.0973616286373307E+000                  1.3359222559971617E+000                  1.4864372538291524E+000 
                                     492                  2.9955109559763984E+000                  5.3959697712985144E-001                  5.9162715071411922E+000                 -3.3489388359976298E+000                  1.0703099922646039E+001                  6.9999999999535167E-001                  2.8000000000464853E-001                  1.9999999999999796E-002                  0.0000000000000000E+000                  4.0268511055856746E+008                  1.3547101152793260E+007                  7.2540507930620121E-014                  0.0000000000000000E+000                  0.0000000000000000E+000                  3.8385152127485997E+000                  3.2776224056038658E+010                  7.6497028648388139E-008                  1.4703742743560257E-018                 -3.5581777168458748E+000                  1.1010371466173188E+000                  1.3395977739771499E+000                  1.4901127718091405E+000 
                                     493                  2.9953780498018556E+000                  5.3813243329924354E-001                  5.9207297574532181E+000                 -3.3318045127259519E+000                  1.0724608231852125E+001                  6.9999999999510398E-001                  2.8000000000489617E-001                  1.9999999999999796E-002                  0.0000000000000000E+000                  4.0210125061737281E+008                  1.3616727427984321E+007                  8.4772234226236778E-014                  0.0000000000000000E+000                  0.0000000000000000E+000                  3.8182126398076113E+000                  3.2885651121375912E+010                  7.6482432965091607E-008                  1.6421314711535607E-018                 -3.5582191526351479E+000                  1.1047195151726019E+000                  1.3432801425324330E+000                  1.4937951403644236E+000 
                                     494                  2.9952397440157132E+000                  5.3665237060374904E-001                  5.9252187614911263E+000                 -3.3146233161028746E+000                  1.0746195956378598E+001                  6.9999999999482621E-001                  2.8000000000517394E-001                  1.9999999999999796E-002                  0.0000000000000000E+000                  4.0152573371183425E+008                  1.3687229534792004E+007                  9.9114585912004978E-014                  0.0000000000000000E+000                  0.0000000000000000E+000                  3.7982772909353306E+000                  3.2995678171454212E+010                  7.6472667626823925E-008                  1.8355602827809472E-018                 -3.5582468799388658E+000                  1.1084341413739036E+000                  1.3469947687337347E+000                  1.4975097665657253E+000 
                                     495                  2.9950958494296627E+000                  5.3515694014960136E-001                  5.9297226516254762E+000                 -3.2974541532658117E+000                  1.0767788532215384E+001                  6.9999999999451434E-001                  2.8000000000548592E-001                  1.9999999999999796E-002                  0.0000000000000000E+000                  4.0096069959743947E+008                  1.3758361163299875E+007                  1.1587563074448451E-013                  0.0000000000000000E+000                  0.0000000000000000E+000                  3.7787048304013990E+000                  3.3106207579637424E+010                  7.6470601525554184E-008                  2.0734142882967438E-018                 -3.5582527467964629E+000                  1.1121802400207295E+000                  1.3507408673805605E+000                  1.5012558652125512E+000 
                                     496                  2.9949471371708722E+000                  5.3365589389768131E-001                  5.9342414569982065E+000                 -3.2802989122762471E+000                  1.0789384106312266E+001                  6.9999999999416573E-001                  2.8000000000583453E-001                  1.9999999999999796E-002                  0.0000000000000000E+000                  4.0040685685672319E+008                  1.3830123611038931E+007                  1.3546106534476424E-013                  0.0000000000000000E+000                  0.0000000000000000E+000                  3.7596656887082780E+000                  3.3216505197322231E+010                  7.6474776230248287E-008                  2.3352875394122047E-018                 -3.5582408925564768E+000                  1.1159329868971113E+000                  1.3544936142569424E+000                  1.5050086120889330E+000 
                                     497                  2.9947924908740116E+000                  5.3213969064870792E-001                  5.9387747855037079E+000                 -3.2631573137131697E+000                  1.0810982490822372E+001                  6.9999999999377349E-001                  2.8000000000622666E-001                  1.9999999999999796E-002                  0.0000000000000000E+000                  3.9986443286799520E+008                  1.3902510809492221E+007                  1.5834319857032304E-013                  0.0000000000000000E+000                  0.0000000000000000E+000                  3.7414275807861390E+000                  3.3327250692679440E+010                  7.6479299212432189E-008                  2.6047283938304730E-018                 -3.5582280500990326E+000                  1.1197159332551958E+000                  1.3582765606150269E+000                  1.5087915584470175E+000 
                                     498                  2.9946326757544632E+000                  5.3061756099352619E-001                  5.9433232407661958E+000                 -3.2460316283229402E+000                  1.0832582072655754E+001                  6.9999999999333551E-001                  2.8000000000666470E-001                  1.9999999999999796E-002                  0.0000000000000000E+000                  3.9933441774749970E+008                  1.3975533266024606E+007                  1.8507602900130421E-013                  0.0000000000000000E+000                  0.0000000000000000E+000                  3.7242081700600482E+000                  3.3437769832619839E+010                  7.6477512235799316E-008                  2.9056273450359105E-018                 -3.5582331239109384E+000                  1.1235058797364392E+000                  1.3620665070962703E+000                  1.5125815049282612E+000 
                                     499                  2.9944665603108698E+000                  5.2908044394800835E-001                  5.9479001396924227E+000                 -3.2288743348333147E+000                  1.0854243496741356E+001                  6.9999999999284346E-001                  2.8000000000715669E-001                  1.9999999999999796E-002                  0.0000000000000000E+000                  3.9881586677514207E+008                  1.4049408976405032E+007                  2.1640159812895247E-013                  0.0000000000000000E+000                  0.0000000000000000E+000                  3.7082083617132224E+000                  3.3548767132755634E+010                  7.6463017734553136E-008                  3.2642547062723825E-018                 -3.5582742829282981E+000                  1.1273253962954859E+000                  1.3658860236553170E+000                  1.5164010214873076E+000 
                                     500                  2.9942939305688117E+000                  5.2752845409626692E-001                  5.9524929850876216E+000                 -3.2117363569632693E+000                  1.0875903600110814E+001                  6.9999999999228957E-001                  2.8000000000771058E-001                  1.9999999999999796E-002                  0.0000000000000000E+000                  3.9831097355296195E+008                  1.4123941208148228E+007                  2.5301058476209466E-013                  0.0000000000000000E+000                  0.0000000000000000E+000                  3.6937074425626917E+000                  3.3660236869824234E+010                  7.6429221750922590E-008                  3.6944622832372131E-018                 -3.5583702813222629E+000                  1.1311743338661031E+000                  1.3697349612259344E+000                  1.5202499590579250E+000 
                                     501                  2.9941155462708475E+000                  5.2597013155517180E-001                  5.9571030679205945E+000                 -3.1946203125708101E+000                  1.0897561165965870E+001                  6.9999999999166906E-001                  2.8000000000833108E-001                  1.9999999999999796E-002                  0.0000000000000000E+000                  3.9782088620913923E+008                  1.4199154164575851E+007                  2.9579790526462131E-013                  0.0000000000000000E+000                  0.0000000000000000E+000                  3.6806497946527617E+000                  3.3771650681309467E+010                  7.6373640006085982E-008                  4.1901914159608256E-018                 -3.5585282551053723E+000                  1.1350317814242550E+000                  1.3735924087840861E+000                  1.5241074066160767E+000 
                                     502                  2.9939302458827060E+000                  5.2439702508466834E-001                  5.9617429259581964E+000                 -3.1774831913568047E+000                  1.0919271597011937E+001                  6.9999999999097129E-001                  2.8000000000902897E-001                  1.9999999999999796E-002                  0.0000000000000000E+000                  3.9734507017884266E+008                  1.4275256431170205E+007                  3.4594609770286140E-013                  0.0000000000000000E+000                  0.0000000000000000E+000                  3.6687469610310086E+000                  3.3883692962819393E+010                  7.6299894123194590E-008                  4.7222666606703159E-018                 -3.5587380323446056E+000                  1.1389188856629704E+000                  1.3774795130228015E+000                  1.5279945108547921E+000 
                                     503                  2.9937377979974951E+000                  5.2280921283487902E-001                  5.9664007728272956E+000                 -3.1603705106031974E+000                  1.0940977766119044E+001                  6.9999999999018692E-001                  2.8000000000981334E-001                  1.9999999999999796E-002                  0.0000000000000000E+000                  3.9688510663076437E+008                  1.4352060329779489E+007                  4.0457745388189371E-013                  0.0000000000000000E+000                  0.0000000000000000E+000                  3.6577631770697669E+000                  3.3996353417721516E+010                  7.6214939018781118E-008                  5.3014745463559004E-018                 -3.5589799467611396E+000                  1.1428355112426620E+000                  1.3813961386024931E+000                  1.5319111364344837E+000 
                                     504                  2.9935389527965830E+000                  5.2121457488745826E-001                  5.9710769896209133E+000                 -3.1432836691435670E+000                  1.0962678676881380E+001                  6.9999999998930651E-001                  2.8000000001069364E-001                  1.9999999999999796E-002                  0.0000000000000000E+000                  3.9644114886490899E+008                  1.4429578937537547E+007                  4.7312511953233467E-013                  0.0000000000000000E+000                  0.0000000000000000E+000                  3.6474010113884323E+000                  3.4109098550291237E+010                  7.6126851860894039E-008                  5.9728973318045872E-018                 -3.5592310647940804E+000                  1.1467621875885439E+000                  1.3853228149483749E+000                  1.5358378127803656E+000 
                                     505                  2.9933325221091547E+000                  5.1960526276484387E-001                  5.9757711565331624E+000                 -3.1262215211955886E+000                  1.0984374967746165E+001                  6.9999999998831652E-001                  2.8000000001168374E-001                  1.9999999999999796E-002                  0.0000000000000000E+000                  3.9601275317847133E+008                  1.4507811096712021E+007                  5.5325640343602541E-013                  0.0000000000000000E+000                  0.0000000000000000E+000                  3.6373903080221899E+000                  3.4222460417778671E+010                  7.6043015124623153E-008                  6.7412973874799490E-018                 -3.5594703357900297E+000                  1.1507180659242515E+000                  1.3892786932840826E+000                  1.5397936911160732E+000 
                                     506                  2.9931192425400019E+000                  5.1798870242688533E-001                  5.9804829702360109E+000                 -3.1091845201050909E+000                  1.1006065839049244E+001                  6.9999999998720375E-001                  2.8000000001279646E-001                  1.9999999999999796E-002                  0.0000000000000000E+000                  3.9559983887222952E+008                  1.4586756971038407E+007                  6.4691579519083345E-013                  0.0000000000000000E+000                  0.0000000000000000E+000                  3.6274441542109574E+000                  3.4335861298498737E+010                  7.5971491218866637E-008                  7.6047762848444309E-018                 -3.5596746744458168E+000                  1.1546845130455361E+000                  1.3932451404053672E+000                  1.5437601382373578E+000 
                                     507                  2.9928979124763857E+000                  5.1635746292070950E-001                  5.9852217162303267E+000                 -3.0921346002156853E+000                  1.1027798400549761E+001                  6.9999999998595108E-001                  2.8000000001404890E-001                  2.0000000000000018E-002                  0.0000000000000000E+000                  3.9520092219842154E+008                  1.4666578717735384E+007                  7.5661720961435041E-013                  0.0000000000000000E+000                  0.0000000000000000E+000                  3.6173222346894063E+000                  3.4449757441773331E+010                  7.5918983962248365E-008                  8.5876417964158296E-018                 -3.5598248063924736E+000                  1.1586792131181889E+000                  1.3972398404780202E+000                  1.5477548383100108E+000 
                                     508                  2.9926682676977814E+000                  5.1471157740398799E-001                  5.9899758016927747E+000                 -3.0751079032875035E+000                  1.1049524908438277E+001                  6.9999999998454276E-001                  2.8000000001545738E-001                  1.9999999999999796E-002                  0.0000000000000000E+000                  3.9481580765310431E+008                  1.4747090359443245E+007                  8.8480806860989107E-013                  0.0000000000000000E+000                  0.0000000000000000E+000                  3.6068500823800043E+000                  3.4564003178407440E+010                  7.5891463812015970E-008                  9.7019572007565930E-018                 -3.5599035351604420E+000                  1.1627014136284113E+000                  1.4012620409882426E+000                  1.5517770388202332E+000 
                                     509                  2.9924310267277265E+000                  5.1305788248953632E-001                  5.9947441801060011E+000                 -3.0581037802402022E+000                  1.1071244858549120E+001                  6.9999999998295881E-001                  2.8000000001704139E-001                  1.9999999999999796E-002                  0.0000000000000000E+000                  3.9444356112038398E+008                  1.4828282168936640E+007                  1.0345575504680612E-012                  0.0000000000000000E+000                  0.0000000000000000E+000                  3.5958299979122912E+000                  3.4678013774827827E+010                  7.5894656556553614E-008                  1.0960855612347482E-017                 -3.5598943999949100E+000                  1.1667337028986855E+000                  1.4052943302585166E+000                  1.5558093280905072E+000 
                                     510                  2.9921849614993006E+000                  5.1138950280029827E-001                  5.9995252383732796E+000                 -3.0411194777337727E+000                  1.1092959206338694E+001                  6.9999999998117768E-001                  2.8000000001882264E-001                  1.9999999999999685E-002                  0.0000000000000000E+000                  3.9408284460654134E+008                  1.4910133472175516E+007                  1.2094211509169903E-012                  0.0000000000000000E+000                  0.0000000000000000E+000                  3.5841071006959777E+000                  3.4792119042778130E+010                  7.5933620390475923E-008                  1.2389064919071282E-017                 -3.5597829465899320E+000                  1.1707920458559551E+000                  1.4093526732157862E+000                  1.5598676710477768E+000 
                                     511                  2.9919307737860117E+000                  5.0971289160941724E-001                  6.0043177051039498E+000                 -3.0241535560207788E+000                  1.1114667988995562E+001                  6.9999999997917206E-001                  2.8000000002082814E-001                  1.9999999999999796E-002                  0.0000000000000000E+000                  3.9373267801125526E+008                  1.4992628987512589E+007                  1.4135297601245200E-012                  2.2886916135616829E-038                  0.0000000000000000E+000                  3.5715577488691999E+000                  3.4905718058129929E+010                  7.6012148904275897E-008                  1.4002198065495419E-017                 -3.5595584947778796E+000                  1.1748598548760600E+000                  1.4134204822358911E+000                  1.5639354800678817E+000 
                                     512                  2.9916672112404319E+000                  5.0802148680770132E-001                  6.0091289174945661E+000                 -3.0071721044047983E+000                  1.1136412194052893E+001                  6.9999999997691220E-001                  2.8000000002308811E-001                  1.9999999999999685E-002                  0.0000000000000000E+000                  3.9339100836716253E+008                  1.5075903718439087E+007                  1.6521419263379285E-012                  3.9076383102001304E-038                  0.0000000000000000E+000                  3.5582736650344100E+000                  3.5019106560048332E+010                  7.6130541602303567E-008                  1.5822619854776276E-017                 -3.5592205402849073E+000                  1.1789521596142818E+000                  1.4175127869741129E+000                  1.5680277848061037E+000 
                                     513                  2.9913939550432769E+000                  5.0631521227166199E-001                  6.0139488207880873E+000                 -2.9902038452235802E+000                  1.1158152989301694E+001                  6.9999999997437046E-001                  2.8000000002562969E-001                  1.9999999999999796E-002                  0.0000000000000000E+000                  3.9305713960160589E+008                  1.5159792731014561E+007                  1.9304963879505915E-012                  6.6651451313288809E-038                  0.0000000000000000E+000                  3.5444558912707782E+000                  3.5132101796625229E+010                  7.6284415772397400E-008                  1.7886955831681470E-017                 -3.5587820877417027E+000                  1.1830683102046629E+000                  1.4216289375644939E+000                  1.5721439353964846E+000 
                                     514                  2.9911116695970508E+000                  5.0459994657661045E-001                  6.0187765638216151E+000                 -2.9732482269863336E+000                  1.1179889996822299E+001                  6.9999999997150653E-001                  2.8000000002849362E-001                  1.9999999999999796E-002                  0.0000000000000000E+000                  3.9273017138068777E+008                  1.5244289063138660E+007                  2.2550761381004999E-012                  1.1356239258281132E-037                  0.0000000000000000E+000                  3.5302534813202842E+000                  3.5244197825458107E+010                  7.6468166637725839E-008                  2.0227781841085526E-017                 -3.5582596610560762E+000                  1.1871934793331260E+000                  1.4257541066929571E+000                  1.5762691045249480E+000 
                                     515                  2.9908190981331741E+000                  5.0286978221805645E-001                  6.0236111716511935E+000                 -2.9563034457229382E+000                  1.1201623935722335E+001                  6.9999999996828621E-001                  2.8000000003171394E-001                  1.9999999999999796E-002                  0.0000000000000000E+000                  3.9240904855010432E+008                  1.5329382920064984E+007                  2.6333915841700419E-012                  1.9326225980436245E-037                  0.0000000000000000E+000                  3.5158239251931631E+000                  3.5355672891300804E+010                  7.6677661213941088E-008                  2.2879093850384573E-017                 -3.5576655711192755E+000                  1.1913413663471444E+000                  1.4299019937069755E+000                  1.5804169915389661E+000 
                                     516                  2.9905168904587898E+000                  5.0113029777345830E-001                  6.0284523668131422E+000                 -2.9393689818866870E+000                  1.1223355007525026E+001                  6.9999999996465534E-001                  2.8000000003534481E-001                  1.9999999999999796E-002                  0.0000000000000000E+000                  3.9209322158123010E+008                  1.5415076164102230E+007                  3.0741795943508681E-012                  3.2849975939344800E-037                  0.0000000000000000E+000                  3.5012912548594177E+000                  3.5466079013856865E+010                  7.6907809944847357E-008                  2.5891783704286841E-017                 -3.5570147777993699E+000                  1.1954981929296571E+000                  1.4340588202894882E+000                  1.5845738181214788E+000 
                                     517                  2.9902037556872378E+000                  4.9937580000311743E-001                  6.0333071803341776E+000                 -2.9224176902490777E+000                  1.1245117259202605E+001                  6.9999999996056095E-001                  2.8000000003943920E-001                  1.9999999999999796E-002                  0.0000000000000000E+000                  3.9178153263892359E+008                  1.5501500923860367E+007                  3.5884116531218695E-012                  5.5812785987144383E-037                  0.0000000000000000E+000                  3.4867615896138791E+000                  3.5575720016459381E+010                  7.7155389177617647E-008                  2.9306343129344843E-017                 -3.5563168668914096E+000                  1.1996772558357636E+000                  1.4382378831955949E+000                  1.5887528810275855E+000 
                                     518                  2.9898793410710036E+000                  4.9760627528355056E-001                  6.0381684707294854E+000                 -2.9054729137408106E+000                  1.1266880227685217E+001                  6.9999999995595441E-001                  2.8000000004404579E-001                  1.9999999999999796E-002                  0.0000000000000000E+000                  3.9147383540526801E+008                  1.5588538250021474E+007                  4.1873262995120999E-012                  9.4711781666251704E-037                  0.0000000000000000E+000                  3.4723727173638981E+000                  3.5684511254348656E+010                  7.7416604397360603E-008                  3.3157021783207805E-017                 -3.5555829406872297E+000                  1.2038783280790457E+000                  1.4424389554388768E+000                  1.5929539532708674E+000 
                                     519                  2.9895441873910151E+000                  4.9582644151173044E-001                  6.0430363982629007E+000                 -2.8885348398548074E+000                  1.1288643889247290E+001                  6.9999999995075879E-001                  2.8000000004924142E-001                  1.9999999999999796E-002                  0.0000000000000000E+000                  3.9116979821629936E+008                  1.5676198602610637E+007                  4.8846592945634700E-012                  1.6052864008971262E-036                  0.0000000000000000E+000                  3.4582194349849433E+000                  3.5792134536139122E+010                  7.7687432736755774E-008                  3.7529260018992523E-017                 -3.5548246150172345E+000                  1.2080900882893411E+000                  1.4466507156491721E+000                  1.5971657134811628E+000 
                                     520                  2.9891970553679852E+000                  4.9403148390190343E-001                  6.0479167595954886E+000                 -2.8715830205466597E+000                  1.1310434421101583E+001                  6.9999999994489859E-001                  2.8000000005510156E-001                  1.9999999999999796E-002                  0.0000000000000000E+000                  3.9086879368921012E+008                  1.5764593321337145E+007                  5.6973669681470242E-012                  2.7192597133137657E-036                  0.0000000000000000E+000                  3.4443845590861883E+000                  3.5898865149682510E+010                  7.7965541215298147E-008                  4.2516264489226744E-017                 -3.5540486510053619E+000                  1.2123238713652340E+000                  1.4508844987250651E+000                  1.6013994965570559E+000 
                                     521                  2.9888376259267866E+000                  4.9222169290908274E-001                  6.0528085651395038E+000                 -2.8546218287703633E+000                  1.1332246475670017E+001                  6.9999999993829043E-001                  2.8000000006170983E-001                  1.9999999999999796E-002                  0.0000000000000000E+000                  3.9057086980648708E+008                  1.5853711437479759E+007                  6.6441794160548613E-012                  4.6030770207573396E-036                  0.0000000000000000E+000                  3.4309543723191038E+000                  3.6004653702455231E+010                  7.8247992033321797E-008                  4.8175615245079382E-017                 -3.5532633991593650E+000                  1.2165789233756639E+000                  1.4551395507354952E+000                  1.6056545485674858E+000 
                                     522                  2.9884655910664248E+000                  4.9039742650734014E-001                  6.0577121161868535E+000                 -2.8376515006631573E+000                  1.1354080129065789E+001                  6.9999999993083561E-001                  2.8000000006916453E-001                  1.9999999999999796E-002                  0.0000000000000000E+000                  3.9027598310822934E+008                  1.5943565811893597E+007                  7.7470777554060733E-012                  7.7867326325250256E-036                  0.0000000000000000E+000                  3.4179220576242431E+000                  3.6109470259139702E+010                  7.8533545409169692E-008                  5.4592905641130175E-017                 -3.5524723979064516E+000                  1.2208543771703400E+000                  1.4594150045301710E+000                  1.6099300023621617E+000 
                                     523                  2.9880804393388267E+000                  4.8855808867191003E-001                  6.0626337068781408E+000                 -2.8206516148270322E+000                  1.1375962060685753E+001                  6.9999999992240447E-001                  2.8000000007759568E-001                  1.9999999999999796E-002                  0.0000000000000000E+000                  3.8998369171109307E+008                  1.6034280682352865E+007                  9.0333131997484384E-012                  1.3172223904307654E-035                  0.0000000000000000E+000                  3.4051963957268998E+000                  3.6213347843877739E+010                  7.8823774403335125E-008                  6.1862119233331055E-017                 -3.5516713865920053E+000                  1.2251516093720654E+000                  1.4637122367318967E+000                  1.6142272345638871E+000 
                                     524                  2.9876808637396524E+000                  4.8669953329297516E-001                  6.0675667465764960E+000                 -2.8036439932788149E+000                  1.1397863880209295E+001                  6.9999999991291695E-001                  2.8000000008708331E-001                  1.9999999999999796E-002                  0.0000000000000000E+000                  3.8969417747085226E+008                  1.6125742300610704E+007                  1.0531237001972754E-011                  2.2266439883319659E-035                  0.0000000000000000E+000                  3.3927350185448497E+000                  3.6316474627846611E+010                  7.9121761182090265E-008                  7.0065399016085927E-017                 -3.5508520271415436E+000                  1.2294801985579897E+000                  1.4680408259178210E+000                  1.6185558237498117E+000 
                                     525                  2.9872683026461546E+000                  4.8483036352402104E-001                  6.0725002739117873E+000                 -2.7866673323418127E+000                  1.1419736020996105E+001                  6.9999999990224282E-001                  2.8000000009775744E-001                  1.9999999999999796E-002                  0.0000000000000000E+000                  3.8940822563478369E+008                  1.6217751553998359E+007                  1.2271168984428756E-011                  3.7568417316154317E-035                  0.0000000000000000E+000                  3.3804925715031486E+000                  3.6418337879156860E+010                  7.9428431259875985E-008                  7.9340902411203495E-017                 -3.5500120074191686E+000                  1.2338199669801515E+000                  1.4723805943399826E+000                  1.6228955921719732E+000 
                                     526                  2.9868423496191627E+000                  4.8295031386520304E-001                  6.0774347784463432E+000                 -2.7697193381768210E+000                  1.1441581237263080E+001                  6.9999999989023554E-001                  2.8000000010976472E-001                  1.9999999999999796E-002                  0.0000000000000000E+000                  3.8912573092011666E+008                  1.6310320109909397E+007                  1.4291393865875934E-011                  6.3270507218141352E-035                  0.0000000000000000E+000                  3.3684059260162620E+000                  3.6518949387545349E+010                  7.9746094335429416E-008                  8.9854114797575747E-017                 -3.5491452889323023E+000                  1.2381714180164136E+000                  1.4767320453762447E+000                  1.6272470432082353E+000 
                                     527                  2.9864025860692531E+000                  4.8105912163940501E-001                  6.0823706546596954E+000                 -2.7527977156380778E+000                  1.1463402184406842E+001                  6.9999999987673167E-001                  2.8000000012326853E-001                  1.9999999999999796E-002                  0.0000000000000000E+000                  3.8884651625937444E+008                  1.6403458318166984E+007                  1.6636125547976278E-011                  1.0636716198009398E-034                  0.0000000000000000E+000                  3.3564168706141455E+000                  3.6618292678115379E+010                  8.0076796577257636E-008                  1.0174726551522558E-016                 -3.5482466544317481E+000                  1.2425350140068183E+000                  1.4810956413666496E+000                  1.6316106391986402E+000 
                                     528                  2.9859485809204118E+000                  4.7915652711458823E-001                  6.0873082115073860E+000                 -2.7359001736985009E+000                  1.1485201424269968E+001                  6.9999999986154715E-001                  2.8000000013845305E-001                  1.9999999999999796E-002                  0.0000000000000000E+000                  3.8857043353673881E+008                  1.6497174748602193E+007                  1.9356403811131647E-011                  1.7850868366284775E-034                  0.0000000000000000E+000                  3.3444716484720876E+000                  3.6716344001158638E+010                  8.0422445905448948E-008                  1.1519035032893416E-016                 -3.5473113613695602E+000                  1.2469111684046703E+000                  1.4854717957645016E+000                  1.6359867935964922E+000 
                                     529                  2.9854798902635573E+000                  4.7724227360387061E-001                  6.0922476810230846E+000                 -2.7190244295975203E+000                  1.1506981430091466E+001                  6.9999999984447747E-001                  2.8000000015552279E-001                  1.9999999999999796E-002                  0.0000000000000000E+000                  3.8829738942562062E+008                  1.6591476131027400E+007                  2.2511123022454390E-011                  2.9906865211832410E-034                  0.0000000000000000E+000                  3.3325205594690868E+000                  3.6813073099227180E+010                  8.0784809490469849E-008                  1.3038950945461916E-016                 -3.5463351474263267E+000                  1.2513002399666902E+000                  1.4898608673265212E+000                  1.6403758651585119E+000 
                                     530                  2.9849960569999063E+000                  4.7531610754982095E-001                  6.0971892261203067E+000                 -2.7021682122170088E+000                  1.1528744591072130E+001                  6.9999999982529271E-001                  2.8000000017470761E-001                  1.9999999999999685E-002                  0.0000000000000000E+000                  3.8802725444783443E+008                  1.6686368018562298E+007                  2.6168211728988677E-011                  5.0021120372790782E-034                  0.0000000000000000E+000                  3.3205176935727838E+000                  3.6908443873026611E+010                  8.1165532383740333E-008                  1.4755845073138798E-016                 -3.5453141791815757E+000                  1.2557025418072150E+000                  1.4942631691670463E+000                  1.6447781669990369E+000 
                                     531                  2.9844966104777755E+000                  4.7337777861122066E-001                  6.1021329485615912E+000                 -2.6853292665787953E+000                  1.1550493216489867E+001                  6.9999999980373673E-001                  2.8000000019626348E-001                  1.9999999999999796E-002                  0.0000000000000000E+000                  3.8775986036507177E+008                  1.6781854959010653E+007                  3.0405985096152480E-011                  8.3524802010392240E-034                  0.0000000000000000E+000                  3.3084218642337913E+000                  3.7002415041791451E+010                  8.1566137718062888E-008                  1.6693453804496181E-016                 -3.5442450508584646E+000                  1.2601183534141238E+000                  1.4986789807739549E+000                  1.6491939786059455E+000 
                                     532                  2.9839810661235067E+000                  4.7142703974876543E-001                  6.1070789238099668E+000                 -2.6685053885325623E+000                  1.1572229539369708E+001                  6.9999999977952310E-001                  2.8000000022047705E-001                  1.9999999999999796E-002                  0.0000000000000000E+000                  3.8749504198778743E+008                  1.6877941113392849E+007                  3.5314713832583290E-011                  1.3924010715027620E-033                  0.0000000000000000E+000                  3.2962333681180400E+000                  3.7094942121501732E+010                  8.1987343372787768E-008                  1.8879317012562763E-016                 -3.5431265928789162E+000                  1.2645479315044512E+000                  1.5031085588642825E+000                  1.6536235566962731E+000 
                                     533                  2.9834489250678482E+000                  4.6946364717524575E-001                  6.1120272649023839E+000                 -2.6516944904178179E+000                  1.1593955719679469E+001                  6.9999999975233262E-001                  2.8000000024766764E-001                  1.9999999999999796E-002                  0.0000000000000000E+000                  3.8723269129081720E+008                  1.6974631406091448E+007                  4.0998460419289235E-011                  2.3174416503219406E-033                  0.0000000000000000E+000                  3.2839974450117944E+000                  3.7185981993049545E+010                  8.2428288291533627E-008                  2.1344676292917008E-016                 -3.5419618593178677E+000                  1.2689915332011537E+000                  1.5075521605609847E+000                  1.6580671583929756E+000 
                                     534                  2.9828996737718825E+000                  4.6748736003343394E-001                  6.1169781535753716E+000                 -2.6348946305209084E+000                  1.1615673847292040E+001                  6.9999999972180837E-001                  2.8000000027819183E-001                  1.9999999999999796E-002                  0.0000000000000000E+000                  3.8697274204927111E+008                  1.7071932172554690E+007                  4.7577192405705595E-011                  3.8508813427564236E-033                  0.0000000000000000E+000                  3.2717577409904188E+000                  3.7275497224602890E+010                  8.2887295280698862E-008                  2.4124365235018465E-016                 -3.5407560158607190E+000                  1.2734494392664335E+000                  1.5120100666262646E+000                  1.6625250644582554E+000 
                                     535                  2.9823327836421449E+000                  4.6549793991193922E-001                  6.1219318339223099E+000                 -2.6181040030063651E+000                  1.1637385944972443E+001                  6.9999999968755289E-001                  2.8000000031244743E-001                  1.9999999999999685E-002                  0.0000000000000000E+000                  3.8671515940109777E+008                  1.7169851091968175E+007                  5.5189196427324813E-011                  6.3889859192607336E-033                  0.0000000000000000E+000                  3.2595538510390996E+000                  3.7363457161724060E+010                  8.3362797611364209E-008                  2.7258090656387535E-016                 -3.5395138595535216E+000                  1.2779219613238848E+000                  1.5164825886837159E+000                  1.6669975865157065E+000 
                                     536                  2.9817477106345902E+000                  4.6349515037464339E-001                  6.1268886047401283E+000                 -2.6013209273520896E+000                  1.1659093971286122E+001                  6.9999999964912329E-001                  2.8000000035087691E-001                  1.9999999999999796E-002                  0.0000000000000000E+000                  3.8645992972250819E+008                  1.7268397206239961E+007                  6.3993856339022501E-011                  1.0583753764076207E-032                  0.0000000000000000E+000                  3.2474217075042917E+000                  3.7449837309515076E+010                  8.3853382030771356E-008                  3.0790827740480423E-016                 -3.5382397082243502E+000                  1.2824094407378857E+000                  1.5209700680977167E+000                  1.6714850659297076E+000 
                                     537                  2.9811438948522202E+000                  4.6147875652474846E-001                  6.1318488126927493E+000                 -2.5845438383365806E+000                  1.1680799823328194E+001                  6.9999999960602544E-001                  2.8000000039397477E-001                  1.9999999999999796E-002                  0.0000000000000000E+000                  3.8620706754003441E+008                  1.7367580837501135E+007                  7.4174852191404253E-011                  1.7506555090920614E-032                  0.0000000000000000E+000                  3.2353939378021463E+000                  3.7534618697562759E+010                  8.4357778102754714E-008                  3.4740968501518307E-016                 -3.5369374338262851E+000                  1.2869122473364343E+000                  1.5254728746962654E+000                  1.6759878725282560E+000 
                                     538                  2.9805207601370736E+000                  4.5944852460379576E-001                  6.1368128462065856E+000                 -2.5677712758151396E+000                  1.1702505339224309E+001                  6.9999999955770997E-001                  2.8000000044229034E-001                  1.9999999999999685E-002                  0.0000000000000000E+000                  3.8595661712161720E+008                  1.7467413313519485E+007                  8.5943844154157733E-011                  2.8915676877429927E-032                  0.0000000000000000E+000                  3.2235001984717031E+000                  3.7617787235091385E+010                  8.4874842219239477E-008                  3.8963247996396363E-016                 -3.5356105100280466E+000                  1.2914307744995872E+000                  1.5299914018594183E+000                  1.6805063996914089E+000 
                                     539                  2.9798777136599153E+000                  4.5740422163757066E-001                  6.1405252563209105E+000                 -2.5551623580529070E+000                  1.1718802253925086E+001                  6.9999999951749226E-001                  2.8000000048250806E-001                  1.9999999999999685E-002                  0.0000000000000000E+000                  3.8576248987740970E+008                  1.7542442440538671E+007                  9.5937157687840113E-011                  4.2041293235163579E-032                  0.0000000000000000E+000                  3.2151916438646073E+000                  3.7697207136921379E+010                  8.5391144421236042E-008                  4.3096251351083226E-016                 -3.5342935829716997E+000                  1.2959663098507921E+000                  1.5345269372106234E+000                  1.6850419350426140E+000 
                                     540                  2.9795459295859716E+000                  4.5636866947848409E-001                  6.1430104931421097E+000                 -2.5467782104249452E+000                  1.1729656366142407E+001                  6.9999999948883218E-001                  2.8000000051116797E-001                  1.9999999999999796E-002                  0.0000000000000000E+000                  3.8563913998398340E+008                  1.7592854987070713E+007                  1.0324065328554217E-010                  5.3974505314720470E-032                  0.0000000000000000E+000                  3.2093692605009649E+000                  3.7736610849981644E+010                  8.5655178133511946E-008                  4.6885211554108682E-016                 -3.5336231886969598E+000                  1.2982580952557867E+000                  1.5368187226156178E+000                  1.6873337204476084E+000 
                                     541                  2.9792141455120280E+000                  4.5534566936572507E-001                  6.1467547692278259E+000                 -2.5342349295750997E+000                  1.1745922566362664E+001                  6.9999999944289848E-001                  2.8000000055710167E-001                  1.9999999999999796E-002                  0.0000000000000000E+000                  3.8546351436852294E+008                  1.7669088027773067E+007                  1.1525992356156152E-010                  7.8563119080931932E-032                  0.0000000000000000E+000                  3.2002019320575612E+000                  3.7777135222481812E+010                  8.5930563971037624E-008                  5.1082044806291152E-016                 -3.5329261689396403E+000                  1.3005175867672696E+000                  1.5390782141271007E+000                  1.6895932119590913E+000 
                                     542                  2.9785294282864734E+000                  4.5327252508476157E-001                  6.1517328914571481E+000                 -2.5174680754194800E+000                  1.1767637528158655E+001                  6.9999999937496693E-001                  2.8000000062503339E-001                  1.9999999999999685E-002                  0.0000000000000000E+000                  3.8522077323621142E+008                  1.7770942479383424E+007                  1.3341032838560168E-010                  1.2923657482132292E-031                  0.0000000000000000E+000                  3.1888651969684889E+000                  3.7857603385367165E+010                  8.6493427410880270E-008                  5.6645045559634569E-016                 -3.5315084465429534E+000                  1.3050851388362534E+000                  1.5436457661960847E+000                  1.6941607640280754E+000 
                                     543                  2.9778229166514762E+000                  4.5118461269974103E-001                  6.1567167421600058E+000                 -2.5007008420938401E+000                  1.1789358959972144E+001                  6.9999999929891832E-001                  2.8000000070108194E-001                  1.9999999999999796E-002                  0.0000000000000000E+000                  3.8498086577042663E+008                  1.7873500113292795E+007                  1.5437034948076830E-010                  2.1232855690898767E-031                  0.0000000000000000E+000                  3.1777914448288542E+000                  3.7934254485141869E+010                  8.7050937569699206E-008                  6.3497690230661260E-016                 -3.5301132735073626E+000                  1.3096707954129498E+000                  1.5482314227727811E+000                  1.6987464206047718E+000 
                                     544                  2.9770939469188451E+000                  4.4908169924479435E-001                  6.1617069623021932E+000                 -2.4839323103464270E+000                  1.1811088436178641E+001                  6.9999999921381306E-001                  2.8000000078618703E-001                  1.9999999999999907E-002                  0.0000000000000000E+000                  3.8474397862205893E+008                  1.7976778677291654E+007                  1.7857003318267350E-010                  3.4842895757550712E-031                  0.0000000000000000E+000                  3.1670819764473768E+000                  3.8009286141549767E+010                  8.7613740695323142E-008                  7.1019714214764591E-016                 -3.5287138884674332E+000                  1.3142744202977752E+000                  1.5528350476576063E+000                  1.7033500454895969E+000 
                                     545                  2.9763418366084933E+000                  4.4696355051547026E-001                  6.1654412386903195E+000                 -2.4713218725499955E+000                  1.1827410143461762E+001                  6.9999999914320721E-001                  2.8000000085679300E-001                  1.9999999999999796E-002                  0.0000000000000000E+000                  3.8456071025139606E+008                  1.8054444193764109E+007                  1.9910120679466825E-010                  5.0424544239763855E-031                  0.0000000000000000E+000                  3.1598374145601076E+000                  3.8080559252583740E+010                  8.8165893175837481E-008                  7.8352736075002234E-016                 -3.5273496942268134E+000                  1.3188974692438362E+000                  1.5574580966036673E+000                  1.7079730944356581E+000 
                                     546                  2.9759538603131661E+000                  4.4589040284432357E-001                  6.1679418122692766E+000                 -2.4629359461841354E+000                  1.1838282312191781E+001                  6.9999999909311938E-001                  2.8000000090688076E-001                  1.9999999999999796E-002                  0.0000000000000000E+000                  3.8444478530521214E+008                  1.8106641999098625E+007                  2.1409484221903820E-010                  6.4541012488124624E-031                  0.0000000000000000E+000                  3.1548475926888639E+000                  3.8115875364441505E+010                  8.8443107314968511E-008                  8.5104680911277571E-016                 -3.5266680037723628E+000                  1.3212341947785506E+000                  1.5597948221383817E+000                  1.7103098199703723E+000 
                                     547                  2.9755658840178385E+000                  4.4482999258349887E-001                  6.1717103255879184E+000                 -2.4503891472278694E+000                  1.1854577694592441E+001                  6.9999999901267440E-001                  2.8000000098732564E-001                  2.0000000000000018E-002                  0.0000000000000000E+000                  3.8428065089519709E+008                  1.8185597296739582E+007                  2.3875149381644896E-010                  9.3524773681638864E-031                  0.0000000000000000E+000                  3.1471401249116888E+000                  3.8152435792617325E+010                  8.8727062201151039E-008                  9.2764131632470531E-016                 -3.5259719489787869E+000                  1.3235388193840250E+000                  1.5620994467438560E+000                  1.7126144445758467E+000 
                                     548                  2.9747653677932946E+000                  4.4268065978609006E-001                  6.1767248318424128E+000                 -2.4336131257738813E+000                  1.1876340271640617E+001                  6.9999999889310505E-001                  2.8000000110689516E-001                  1.9999999999999796E-002                  0.0000000000000000E+000                  3.8405473519831806E+008                  1.8291175895774767E+007                  2.7596407249080293E-010                  1.5299840052668428E-030                  0.0000000000000000E+000                  3.1381144237939047E+000                  3.8225009801347168E+010                  8.9294142328457716E-008                  1.0291569928352328E-015                 -3.5245885148886895E+000                  1.3281993242992753E+000                  1.5667599516591066E+000                  1.7172749494910973E+000 
                                     549                  2.9739395464945400E+000                  4.4051537285020193E-001                  6.1817496181366325E+000                 -2.4168340359143849E+000                  1.1898116738847360E+001                  6.9999999876009344E-001                  2.8000000123990665E-001                  1.9999999999999907E-002                  0.0000000000000000E+000                  3.8383333889298630E+008                  1.8397578137018424E+007                  3.1890871111947143E-010                  2.5008216552603665E-030                  0.0000000000000000E+000                  3.1298350798765013E+000                  3.8293908449765152E+010                  8.9837556631670073E-008                  1.1519177222025385E-015                 -3.5232710341825881E+000                  1.3328811509452954E+000                  1.5714417783051264E+000                  1.7219567761371171E+000 
                                     550                  2.9730876581557735E+000                  4.3833388367199461E-001                  6.1867859588231582E+000                 -2.4000518590458433E+000                  1.1919908453006562E+001                  6.9999999861150231E-001                  2.8000000138849795E-001                  1.9999999999999796E-002                  0.0000000000000000E+000                  3.8361695739408761E+008                  1.8504837574112147E+007                  3.6846716211795696E-010                  4.0847163843898653E-030                  0.0000000000000000E+000                  3.1223915531600825E+000                  3.8361423933291405E+010                  9.0366390315654162E-008                  1.2857006483156743E-015                 -3.5219965326302853E+000                  1.3375844590909267E+000                  1.5761450864507580E+000                  1.7266600842827486E+000 
                                     551                  2.9722089198449959E+000                  4.3613593845798643E-001                  6.1905591773696598E+000                 -2.3874295315422276E+000                  1.1936283063810343E+001                  6.9999999848841254E-001                  2.8000000151158771E-001                  1.9999999999999796E-002                  0.0000000000000000E+000                  3.8345076952541375E+008                  1.8585592499634087E+007                  4.1050903317970997E-010                  5.8931394832250715E-030                  0.0000000000000000E+000                  3.1178683708909398E+000                  3.8425430750842308E+010                  9.0865970486313086E-008                  1.4165869710611082E-015                 -3.5207993653033367E+000                  1.3423110562762757E+000                  1.5808716836361068E+000                  1.7313866814680974E+000 
                                     552                  2.9717557235368961E+000                  4.3502217748098343E-001                  6.1930872383843472E+000                 -2.3790361861449631E+000                  1.1947191587949337E+001                  6.9999999840117777E-001                  2.8000000159882238E-001                  1.9999999999999796E-002                  0.0000000000000000E+000                  3.8334682912887937E+008                  1.8639897164821960E+007                  4.4120311433716173E-010                  7.5282641274049533E-030                  0.0000000000000000E+000                  3.1148544294373837E+000                  3.8457209911493614E+010                  9.1109271780129166E-008                  1.5369239753893936E-015                 -3.5202187122925794E+000                  1.3447013721469210E+000                  1.5832619995067521E+000                  1.7337769973387427E+000 
                                     553                  2.9713025272287958E+000                  4.3392134670070548E-001                  6.1968993690108753E+000                 -2.3664793174726766E+000                  1.1963542942239641E+001                  6.9999999826123371E-001                  2.8000000173876649E-001                  1.9999999999999796E-002                  0.0000000000000000E+000                  3.8320163257502753E+008                  1.8722087154802088E+007                  4.9166657011288590E-010                  1.0879117100164863E-029                  0.0000000000000000E+000                  3.1103554754106000E+000                  3.8490430620645691E+010                  9.1354023344487985E-008                  1.6730609841837966E-015                 -3.5196361605113187E+000                  1.3470600648036688E+000                  1.5856206921634999E+000                  1.7361356899954905E+000 
                                     554                  2.9703676541481352E+000                  4.3168969995761935E-001                  6.2019790424787411E+000                 -2.3496892571881283E+000                  1.1985388150276071E+001                  6.9999999805359459E-001                  2.8000000194640545E-001                  2.0000000000000018E-002                  0.0000000000000000E+000                  3.8300374231632346E+008                  1.8832149114579514E+007                  5.6784743466336935E-010                  1.7743503500474079E-029                  0.0000000000000000E+000                  3.1059506724495494E+000                  3.8556585806058823E+010                  9.1827692325080394E-008                  1.8535924397373292E-015                 -3.5185131647895385E+000                  1.3518327073841276E+000                  1.5903933347439587E+000                  1.7409083325759496E+000 
                                     555                  2.9694034521929047E+000                  4.2944079290596293E-001                  6.2070763317405708E+000                 -2.3328974306269412E+000                  1.2007253672224456E+001                  6.9999999782299749E-001                  2.8000000217700260E-001                  1.9999999999999907E-002                  0.0000000000000000E+000                  3.8281327426637125E+008                  1.8943231137918767E+007                  6.5578461028789168E-010                  2.8932565373978432E-029                  0.0000000000000000E+000                  3.1026265807828319E+000                  3.8619472118380630E+010                  9.2261879152663601E-008                  2.0715485441252355E-015                 -3.5174888520515988E+000                  1.3566314902948060E+000                  1.5951921176546371E+000                  1.7457071154866277E+000 
                                     556                  2.9684090502770406E+000                  4.2717434054523995E-001                  6.2121926513828942E+000                 -2.3161041414733656E+000                  1.2029140693501054E+001                  6.9999999756585651E-001                  2.8000000243414364E-001                  1.9999999999999796E-002                  0.0000000000000000E+000                  3.8263073178712684E+008                  1.9055374384836502E+007                  7.5730426118783685E-010                  4.7172063489937723E-029                  0.0000000000000000E+000                  3.1002239767444939E+000                  3.8681452235767143E+010                  9.2672657805473671E-008                  2.3088757627378109E-015                 -3.5165241907258786E+000                  1.3614567180384836E+000                  1.6000173453983146E+000                  1.7505323432303053E+000 
                                     557                  2.9673835542153570E+000                  4.2489004972273342E-001                  6.2160312947689871E+000                 -2.3034734143406728E+000                  1.2045592581510732E+001                  6.9999999735318286E-001                  2.8000000264681740E-001                  1.9999999999999796E-002                  0.0000000000000000E+000                  3.8249195481188977E+008                  1.9139932930292189E+007                  8.4347954317672116E-010                  6.7996614855408818E-029                  0.0000000000000000E+000                  3.0993556802312927E+000                  3.8740336257437492E+010                  9.3055749301845748E-008                  2.5388643574088799E-015                 -3.5156283947543465E+000                  1.3663102661153381E+000                  1.6048708934751692E+000                  1.7553858913071598E+000 
                                     558                  2.9668548002610988E+000                  4.2373232135155020E-001                  6.2186046859508108E+000                 -2.2950755647117784E+000                  1.2056553327982970E+001                  6.9999999720261408E-001                  2.8000000279738613E-001                  1.9999999999999796E-002                  0.0000000000000000E+000                  3.8240696323065668E+008                  1.9196830599788267E+007                  9.0640313233934306E-010                  8.6822263613047217E-029                  0.0000000000000000E+000                  3.0986965034600371E+000                  3.8769700194278664E+010                  9.3244658678249644E-008                  2.7360452863303461E-015                 -3.5151880182207669E+000                  1.3687662551399660E+000                  1.6073268824997970E+000                  1.7578418803317877E+000 
                                     559                  2.9663260463068406E+000                  4.2258769858617529E-001                  6.2211837958630607E+000                 -2.2866773813434524E+000                  1.2067520426086819E+001                  6.9999999704345295E-001                  2.8000000295654720E-001                  1.9999999999999796E-002                  0.0000000000000000E+000                  3.8232428388255042E+008                  1.9254021004828587E+007                  9.7402656149785635E-010                  1.1086526422852568E-028                  0.0000000000000000E+000                  3.0981701064573142E+000                  3.8799563676348640E+010                  9.3436082309488961E-008                  2.9336905521197375E-015                 -3.5147426897125840E+000                  1.3711914846748976E+000                  1.6097521120347289E+000                  1.7602671098667195E+000 
                                     560                  2.9657808156178751E+000                  4.2142073259692608E-001                  6.2250938950933978E+000                 -2.2740503215046579E+000                  1.2084043965017885E+001                  6.9999999678635094E-001                  2.8000000321364915E-001                  1.9999999999999907E-002                  0.0000000000000000E+000                  3.8221105100518310E+008                  1.9341050358381476E+007                  1.0857982022924378E-009                  1.6042266611095421E-028                  0.0000000000000000E+000                  3.0971827112519650E+000                  3.8830873527951546E+010                  9.3637054616598511E-008                  3.1790253738839081E-015                 -3.5142761278159655E+000                  1.3736609832888980E+000                  1.6122216106487290E+000                  1.7627366084807197E+000 
                                     561                  2.9646733945332704E+000                  4.1909046404988659E-001                  6.2302837512347393E+000                 -2.2572502779787866E+000                  1.2106015085633189E+001                  6.9999999640980537E-001                  2.8000000359019478E-001                  1.9999999999999796E-002                  0.0000000000000000E+000                  3.8205859025274086E+008                  1.9457149190674897E+007                  1.2538268072797192E-009                  2.6157929667279462E-028                  0.0000000000000000E+000                  3.0967722235515214E+000                  3.8892369880061127E+010                  9.4040080288210093E-008                  3.5153901660577423E-015                 -3.5133435043805687E+000                  1.3785843542383645E+000                  1.6171449815981955E+000                  1.7676599794301862E+000 
                                     562                  2.9635315587050983E+000                  4.1674128617944600E-001                  6.2354955107263450E+000                 -2.2404467379310895E+000                  1.2128012701187387E+001                  6.9999999598973195E-001                  2.8000000401026820E-001                  1.9999999999999796E-002                  0.0000000000000000E+000                  3.8191488885663307E+008                  1.9574423653870594E+007                  1.4478582451362893E-009                  4.2655356963954666E-028                  0.0000000000000000E+000                  3.0965952496281588E+000                  3.8950777053709183E+010                  9.4439911177459132E-008                  3.9241742340027229E-015                 -3.5124222150276880E+000                  1.3835379674518828E+000                  1.6220985948117139E+000                  1.7726135926437045E+000 
                                     563                  2.9623543049172207E+000                  4.1437288602786926E-001                  6.2407291145872579E+000                 -2.2236385766312470E+000                  1.2150037850144690E+001                  6.9999999552456260E-001                  2.8000000447543766E-001                  1.9999999999999796E-002                  0.0000000000000000E+000                  3.8177983544193691E+008                  1.9692884428355720E+007                  1.6719124385761837E-009                  6.9561426336402891E-028                  0.0000000000000000E+000                  3.0965086664028441E+000                  3.9008353382841171E+010                  9.4857746016619124E-008                  4.3906530054209968E-015                 -3.5114635995731223E+000                  1.3885214022094146E+000                  1.6270820295692459E+000                  1.7775970274012365E+000 
                                     564                  2.9611406046420861E+000                  4.1198494995086654E-001                  6.2459842766738580E+000                 -2.2068244523320955E+000                  1.2172091546025024E+001                  6.9999999500879118E-001                  2.8000000499120908E-001                  1.9999999999999796E-002                  0.0000000000000000E+000                  3.8165322700338227E+008                  1.9812537137840562E+007                  1.9306217934656688E-009                  1.1344152624003273E-027                  0.0000000000000000E+000                  3.0963711158320715E+000                  3.9065033947831543E+010                  9.5300860171785319E-008                  4.9190241711304259E-015                 -3.5104515897323898E+000                  1.3935348686088493E+000                  1.6320954959686804E+000                  1.7826104938006713E+000 
                                     565                  2.9598894036476269E+000                  4.0957716496211222E-001                  6.2512604936437279E+000                 -2.1900028175202304E+000                  1.2194174777387362E+001                  6.9999999443191208E-001                  2.8000000556808807E-001                  1.9999999999999796E-002                  0.0000000000000000E+000                  3.8153474029528165E+008                  1.9933382776229050E+007                  2.2293212241834924E-009                  1.8499529996488820E-027                  0.0000000000000000E+000                  3.0960431720376298E+000                  3.9120732743641464E+010                  9.5776516287077640E-008                  5.5104296575150187E-015                 -3.5093704818760543E+000                  1.3985784690520056E+000                  1.6371390964118369E+000                  1.7876540942438275E+000 
                                     566                  2.9585996216154768E+000                  4.0714922009928239E-001                  6.2565571187743778E+000                 -2.1731719978523114E+000                  1.2216288507580471E+001                  6.9999999379130218E-001                  2.8000000620869808E-001                  1.9999999999999796E-002                  0.0000000000000000E+000                  3.8142400145165396E+008                  2.0055418814976539E+007                  2.5741534183369242E-009                  3.0165183084959867E-027                  0.0000000000000000E+000                  3.0954649630700390E+000                  3.9175346871051727E+010                  9.6289983589647668E-008                  6.1361323572500862E-015                 -3.5082094436547173E+000                  1.4036522166889736E+000                  1.6422128440488049E+000                  1.7927278418807955E+000 
                                     567                  2.9572701517618776E+000                  4.0470080740883180E-001                  6.2605105483099370E+000                 -2.1605671027055902E+000                  1.2232835871384259E+001                  6.9999999326903772E-001                  2.8000000673096248E-001                  1.9999999999999796E-002                  0.0000000000000000E+000                  3.8133856649434149E+008                  2.0146974600697733E+007                  2.8652926422087272E-009                  4.3402960445590983E-027                  0.0000000000000000E+000                  3.0953571009900140E+000                  3.9226358402685478E+010                  9.6824412327611188E-008                  6.7737187545378050E-015                 -3.5070075651345345E+000                  1.4087571750457044E+000                  1.6473178024055357E+000                  1.7978328002375263E+000 
                                     568                  2.9565953548657582E+000                  4.0347820649793326E-001                  6.2645195671031972E+000                 -2.1479693752747808E+000                  1.2249434668594125E+001                  6.9999999270257141E-001                  2.8000000729742869E-001                  1.9999999999999907E-002                  0.0000000000000000E+000                  3.8127231403682578E+008                  2.0240248131620530E+007                  3.1919799297035077E-009                  6.2677091553175876E-027                  0.0000000000000000E+000                  3.0943357742362969E+000                  3.9252433195961052E+010                  9.7109801144697388E-008                  7.4219290912167797E-015                 -3.5063684675987989E+000                  1.4113010435816931E+000                  1.6498616709415241E+000                  1.8003766687735148E+000 
                                     569                  2.9552043660196472E+000                  4.0099857647061105E-001                  6.2698650090962156E+000                 -2.1311090598997007E+000                  1.2271628746025096E+001                  6.9999999187207218E-001                  2.8000000812792808E-001                  1.9999999999999796E-002                  0.0000000000000000E+000                  3.8117947688588005E+008                  2.0365261271513056E+007                  3.6852748289001966E-009                  1.0215249600272215E-026                  0.0000000000000000E+000                  3.0935888445324640E+000                  3.9306347114071701E+010                  9.7722511445355531E-008                  8.2170633337471639E-015                 -3.5050026901450231E+000                  1.4164493652064645E+000                  1.6550099925662958E+000                  1.8055249903982862E+000 
                                     570                  2.9537708074795113E+000                  3.9849771867968542E-001                  6.2752297079593564E+000                 -2.1142350942663009E+000                  1.2293856499058407E+001                  6.9999999095286869E-001                  2.8000000904713146E-001                  1.9999999999999796E-002                  0.0000000000000000E+000                  3.8109333917738503E+008                  2.0491484046685737E+007                  4.2545700137413660E-009                  1.6645171235709968E-026                  0.0000000000000000E+000                  3.0929662180330166E+000                  3.9356430997648018E+010                  9.8340798195389142E-008                  9.1684202851403462E-015                 -3.5036331355130335E+000                  1.4216290029223799E+000                  1.6601896302822108E+000                  1.8107046281142016E+000 
                                     571                  2.9522934767554023E+000                  3.9597532943547692E-001                  6.2806137790500598E+000                 -2.0973467351656918E+000                  1.2316118780469566E+001                  6.9999998992475709E-001                  2.8000001007524322E-001                  1.9999999999999685E-002                  0.0000000000000000E+000                  3.8101377257253909E+008                  2.0618933068329651E+007                  4.9115426267055536E-009                  2.7116035574549175E-026                  0.0000000000000000E+000                  3.0925737626882643E+000                  3.9405087444567184E+010                  9.8976479742440541E-008                  1.0264842317602175E-014                 -3.5022339983156754E+000                  1.4268394844632679E+000                  1.6654001118230990E+000                  1.8159151096550896E+000 
                                     572                  2.9507711431102566E+000                  3.9343110341470455E-001                  6.2860175181484594E+000                 -2.0804434543742842E+000                  1.2338416421209498E+001                  6.9999998878889202E-001                  2.8000001121110829E-001                  1.9999999999999685E-002                  0.0000000000000000E+000                  3.8094065041314811E+008                  2.0747630351756152E+007                  5.6696764892070739E-009                  4.4164008777026171E-026                  0.0000000000000000E+000                  3.0925151637774499E+000                  3.9452291637461121E+010                  9.9624108983879048E-008                  1.1469786150390350E-014                 -3.5008177749063973E+000                  1.4320812465278054E+000                  1.6706418738876367E+000                  1.8211568717196274E+000 
                                     573                  2.9492025471273831E+000                  3.9086473229227464E-001                  6.2914413922250105E+000                 -2.0635249256214698E+000                  1.2360750232380994E+001                  6.9999998752925285E-001                  2.8000001247074735E-001                  1.9999999999999796E-002                  0.0000000000000000E+000                  3.8087365523295003E+008                  2.0877605261280555E+007                  6.5445473883640856E-009                  7.1916183945783465E-026                  0.0000000000000000E+000                  3.0928924827440931E+000                  3.9498035791821564E+010                  1.0027839635192921E-007                  1.2733917089504568E-014                 -3.4993963099390646E+000                  1.4373548549789104E+000                  1.6759154823387417E+000                  1.8264304801707321E+000 
                                     574                  2.9475864002895031E+000                  3.8827590338410517E-001                  6.2955113588035410E+000                 -2.0507847355399904E+000                  1.2377553187312344E+001                  6.9999998649742501E-001                  2.8000001350257514E-001                  1.9999999999999796E-002                  0.0000000000000000E+000                  3.8081952904547089E+008                  2.0975659847329959E+007                  7.2871205854637596E-009                  1.0356931006626877E-025                  0.0000000000000000E+000                  3.0939413478525513E+000                  3.9539858235958138E+010                  1.0091943769906402E-007                  1.3987811250902702E-014                 -3.4980125889705822E+000                  1.4426620696429757E+000                  1.6812226970028068E+000                  1.8317376948347974E+000 
                                     575                  2.9467538924275432E+000                  3.8696331938770206E-001                  6.2982390129542187E+000                 -2.0423138123173006E+000                  1.2388748088086640E+001                  6.9999998576039713E-001                  2.8000001423960319E-001                  1.9999999999999685E-002                  0.0000000000000000E+000                  3.8079042308504587E+008                  2.1041636766715176E+007                  7.8290055411635052E-009                  1.3214926662664184E-025                  0.0000000000000000E+000                  3.0945487941602026E+000                  3.9560381466829834E+010                  1.0124114351577697E-007                  1.5142045885660023E-014                 -3.4973214790712572E+000                  1.4453479175977928E+000                  1.6839085449576239E+000                  1.8344235427896145E+000 
                                     576                  2.9459213845655832E+000                  3.8566442623242791E-001                  6.3023528507995321E+000                 -2.0296425368993232E+000                  1.2405529435634220E+001                  6.9999998458502721E-001                  2.8000001541497299E-001                  1.9999999999999796E-002                  0.0000000000000000E+000                  3.8075750386400920E+008                  2.1141543135270737E+007                  8.7193980624503029E-009                  1.9062700470207405E-025                  0.0000000000000000E+000                  3.0953406886162984E+000                  3.9582737576934036E+010                  1.0157186353441963E-007                  1.6397013798718485E-014                 -3.4966132897467763E+000                  1.4480014971967134E+000                  1.6865621245565445E+000                  1.8370771223885352E+000 
                                     577                  2.9442061519849667E+000                  3.8302971700078170E-001                  6.3078413622188458E+000                 -2.0126780287414787E+000                  1.2427976437846452E+001                  6.9999998287028276E-001                  2.8000001712971750E-001                  1.9999999999999796E-002                  0.0000000000000000E+000                  3.8070773772453082E+008                  2.1275567765832387E+007                  1.0064154317524011E-008                  3.1031665461561815E-025                  0.0000000000000000E+000                  3.0975133517733764E+000                  3.9626742724379074E+010                  1.0223456805486727E-007                  1.8037024172918743E-014                 -3.4952011167919137E+000                  1.4533741646805138E+000                  1.6919347920403449E+000                  1.8424497898723355E+000 
                                     578                  2.9424393241967839E+000                  3.8037157264839400E-001                  6.3133529429911777E+000                 -1.9956982582508820E+000                  1.2450462703178834E+001                  6.9999998097097760E-001                  2.8000001902902261E-001                  1.9999999999999796E-002                  0.0000000000000000E+000                  3.8066308314985549E+008                  2.1411022429164741E+007                  1.1616283116100174E-008                  5.0515047944884413E-025                  0.0000000000000000E+000                  3.1001666314085772E+000                  3.9666836825040565E+010                  1.0288077671248387E-007                  2.0049093989619641E-014                 -3.4938328828209664E+000                  1.4587826559504804E+000                  1.6973432833103115E+000                  1.8478582811423023E+000 
                                     579                  2.9406194920359003E+000                  3.7768965218684764E-001                  6.3188880010287365E+000                 -1.9787028974857481E+000                  1.2472988979118171E+001                  6.9999997886942222E-001                  2.8000002113057809E-001                  1.9999999999999685E-002                  0.0000000000000000E+000                  3.8062294707830304E+008                  2.1547941084242608E+007                  1.3407819436896269E-008                  8.2231676741019173E-025                  0.0000000000000000E+000                  3.1031529730326102E+000                  3.9705568084216301E+010                  1.0353602638230220E-007                  2.2385666858293382E-014                 -3.4924542534290355E+000                  1.4642268717753508E+000                  1.7027874991351819E+000                  1.8533024969671725E+000 
                                     580                  2.9387452150925695E+000                  3.7498360856178781E-001                  6.3244466797778092E+000                 -1.9616913418499959E+000                  1.2495556007772175E+001                  6.9999997653963442E-001                  2.8000002346036579E-001                  1.9999999999999796E-002                  0.0000000000000000E+000                  3.8058668670886302E+008                  2.1686351129592467E+007                  1.5475696458747305E-008                  1.3386243685086168E-024                  0.0000000000000000E+000                  3.1063263125847098E+000                  3.9742915169032974E+010                  1.0420988989275412E-007                  2.5011020554248041E-014                 -3.4910455314873841E+000                  1.4697074400880066E+000                  1.7082680674478377E+000                  1.8587830652798283E+000 
                                     581                  2.9368150212869653E+000                  3.7225309007507545E-001                  6.3300288703935701E+000                 -1.9446627168415151E+000                  1.2518164527606524E+001                  6.9999997396293367E-001                  2.8000002603706653E-001                  1.9999999999999796E-002                  0.0000000000000000E+000                  3.8055386456666493E+008                  2.1826269999899231E+007                  1.7862472752600946E-008                  2.1790614987567136E-024                  0.0000000000000000E+000                  3.1095414384168154E+000                  3.9778831051583611E+010                  1.0491186386658583E-007                  2.7935559175810316E-014                 -3.4895876986084007E+000                  1.4752248172708953E+000                  1.7137854446307264E+000                  1.8643004424627170E+000 
                                     582                  2.9348274064353301E+000                  3.6949774184454726E-001                  6.3356342227448490E+000                 -1.9276158908695866E+000                  1.2540815274887084E+001                  6.9999997111196743E-001                  2.8000002888803277E-001                  1.9999999999999796E-002                  0.0000000000000000E+000                  3.8052397231028384E+008                  2.1967708604828164E+007                  2.0617161075969988E-008                  3.5469365848685424E-024                  0.0000000000000000E+000                  3.1126535187780457E+000                  3.9813244227225479E+010                  1.0565139772871071E-007                  3.1193850661993706E-014                 -3.4880623765095682E+000                  1.4807792914496833E+000                  1.7193399188095144E+000                  1.8698549166415050E+000 
                                     583                  2.9327808338120858E+000                  3.6671720727241802E-001                  6.3412621555387831E+000                 -1.9105494873547810E+000                  1.2563508984705166E+001                  6.9999996795833486E-001                  2.8000003204166546E-001                  1.9999999999999685E-002                  0.0000000000000000E+000                  3.8049627853318834E+008                  2.2110673500526909E+007                  2.3796171712760459E-008                  5.7727809409575421E-024                  0.0000000000000000E+000                  3.1155178201731268E+000                  3.9846060168332420E+010                  1.0643804497597373E-007                  3.4828755142031697E-014                 -3.4864515555230455E+000                  1.4863710418887106E+000                  1.7249316692485417E+000                  1.8754466670805323E+000 
                                     584                  2.9306737337259303E+000                  3.6391112955228394E-001                  6.3469118658812969E+000                 -1.8934618942881078E+000                  1.2586246391586242E+001                  6.9999996447075841E-001                  2.8000003552924180E-001                  1.9999999999999796E-002                  0.0000000000000000E+000                  3.8047020525341314E+008                  2.2255162765691880E+007                  2.7464384630832658E-008                  9.3935991958116489E-024                  0.0000000000000000E+000                  3.1179896161058731E+000                  3.9877162617681160E+010                  1.0728143168090080E-007                  3.8883373258089545E-014                 -3.4847377197083262E+000                  1.4920001228236215E+000                  1.7305607501834526E+000                  1.8810757480154432E+000 
                                     585                  2.9285045030952355E+000                  3.6107915321081319E-001                  6.3525823376296282E+000                 -1.8763512719377067E+000                  1.2609028229881423E+001                  6.9999996061479841E-001                  2.8000003938520179E-001                  1.9999999999999796E-002                  0.0000000000000000E+000                  3.8044573527605039E+008                  2.2401161200899158E+007                  3.1696365603533569E-008                  1.5281124673211352E-023                  0.0000000000000000E+000                  3.1199231588685761E+000                  3.9906414680248360E+010                  1.0819108188825299E-007                  4.3404708236994075E-014                 -3.4829042681652984E+000                  1.4976663793277329E+000                  1.7362270066875640E+000                  1.8867420045195549E+000 
                                     586                  2.9262715050018202E+000                  3.5822092567148645E-001                  6.3582723217310289E+000                 -1.8592155312243643E+000                  1.2631855233919365E+001                  6.9999995635254142E-001                  2.8000004364745856E-001                  2.0000000000000018E-002                  0.0000000000000000E+000                  3.8042273510291409E+008                  2.2548646962899856E+007                  3.6577727386588657E-008                  2.4849005050442712E-023                  0.0000000000000000E+000                  3.1211410544377709E+000                  3.9933658483600441E+010                  1.0917748964728508E-007                  4.8446317891008035E-014                 -3.4809334478931455E+000                  1.5033694687914743E+000                  1.7419300961513056E+000                  1.8924450939832962E+000 
                                     587                  2.9239730682449698E+000                  3.5533609907041680E-001                  6.3639802866913593E+000                 -1.8420522816073246E+000                  1.2654728137723311E+001                  6.9999995164226081E-001                  2.8000004835773923E-001                  2.0000000000000018E-002                  0.0000000000000000E+000                  3.8040085543972260E+008                  2.2697591003244467E+007                  4.2206636470959323E-008                  4.0386729721386877E-023                  0.0000000000000000E+000                  3.1214310596836903E+000                  3.9958712118352631E+010                  1.1025347789734265E-007                  5.4067917469238126E-014                 -3.4788038510080601E+000                  1.5091089247427261E+000                  1.7476695521025571E+000                  1.8981845499345478E+000 
                                     588                  2.9216074869018800E+000                  3.5242433255625599E-001                  6.3697043991476248E+000                 -1.8248588152883685E+000                  1.2677647674373873E+001                  6.9999994643803964E-001                  2.8000005356196034E-001                  2.0000000000000018E-002                  0.0000000000000000E+000                  3.8037983529831898E+008                  2.2847953413362071E+007                  4.8695502748224306E-008                  6.5596562855680597E-023                  0.0000000000000000E+000                  3.1205816724548296E+000                  3.9981366925887360E+010                  1.1143316376240811E-007                  6.0336205852674609E-014                 -3.4764927695022538E+000                  1.5148841190640132E+000                  1.7534447464238443E+000                  1.9039597442558349E+000 
                                     589                  2.9191730198545427E+000                  3.4948529481128238E-001                  6.3754425399472225E+000                 -1.8076321228811372E+000                  1.2700614575096166E+001                  6.9999994068936677E-001                  2.8000005931063332E-001                  1.9999999999999907E-002                  0.0000000000000000E+000                  3.8035947170585877E+008                  2.2999683516351976E+007                  5.6172883727549846E-008                  1.0645468799393717E-022                  0.0000000000000000E+000                  3.1183852267715579E+000                  4.0001387943748795E+010                  1.1273062692120626E-007                  6.7325607159927870E-014                 -3.4739790388896505E+000                  1.5206942307689981E+000                  1.7592548581288292E+000                  1.9097698559608198E+000 
                                     590                  2.9166678902938545E+000                  3.4651866661099168E-001                  6.3811923232048597E+000                 -1.7903689121817308E+000                  1.2723629567894482E+001                  6.9999993434068497E-001                  2.8000006565931534E-001                  1.9999999999999685E-002                  0.0000000000000000E+000                  3.8033945661503845E+008                  2.3152721573029116E+007                  6.4785609685296115E-008                  1.7258819810289417E-022                  0.0000000000000000E+000                  3.1146393694944230E+000                  4.0018515948867470E+010                  1.1415983350446168E-007                  7.5119145527153165E-014                 -3.4712433366432105E+000                  1.5265382667574792E+000                  1.7650988941173105E+000                  1.9156138919493011E+000 
                                     591                  2.9140902852212958E+000                  3.4352414342850940E-001                  6.3869511168202990E+000                 -1.7730656344786526E+000                  1.2746693375808137E+001                  6.9999992733090477E-001                  2.8000007266909543E-001                  1.9999999999999796E-002                  0.0000000000000000E+000                  3.8031927093000078E+008                  2.3307000842807103E+007                  7.4701147563405228E-008                  2.7946976615043004E-022                  0.0000000000000000E+000                  3.1091488300816756E+000                  4.0032470005116386E+010                  1.1573465471008425E-007                  8.3809520646162249E-014                 -3.4682682898592367E+000                  1.5324151003066240E+000                  1.7709757276664548E+000                  1.9214907254984457E+000 
                                     592                  2.9114383549092637E+000                  3.4050143798551269E-001                  6.3927160647616299E+000                 -1.7557185136334881E+000                  1.2769806714997390E+001                  6.9999991959286889E-001                  2.8000008040713126E-001                  1.9999999999999796E-002                  0.0000000000000000E+000                  3.8029810124232036E+008                  2.3462449562346514E+007                  8.6110224407750332E-008                  4.5190303244575944E-022                  0.0000000000000000E+000                  3.1017274707199207E+000                  4.0042950501242302E+010                  1.1746887167956617E-007                  9.3500287282134384E-014                 -3.4650386013720040E+000                  1.5383235106901409E+000                  1.7768841380499720E+000                  1.9273991358819627E+000 
                                     593                  2.9087102123088311E+000                  3.3745028271620670E-001                  6.3984841113339082E+000                 -1.7383235694228263E+000                  1.2792970292606119E+001                  6.9999991105276416E-001                  2.8000008894723599E-001                  1.9999999999999796E-002                  0.0000000000000000E+000                  3.8027507492906386E+008                  2.3618988040465306E+007                  9.9229734043409271E-008                  7.2953643396074362E-022                  0.0000000000000000E+000                  3.0922006090528269E+000                  4.0049642068066490E+010                  1.1937604789063808E-007                  1.0430710314201345E-013                 -3.4615414015632635E+000                  1.5442621760913520E+000                  1.7828228034511830E+000                  1.9333378012831739E+000 
                                     594                  2.9059039324207236E+000                  3.3437043220034945E-001                  6.4042520524203708E+000                 -1.7208766744085973E+000                  1.2816184804363470E+001                  6.9999990162948433E-001                  2.8000009837051570E-001                  2.0000000000000018E-002                  0.0000000000000000E+000                  3.8024926955711257E+008                  2.3776529919669498E+007                  1.1430599156956970E-007                  1.1755517042353799E-021                  0.0000000000000000E+000                  3.0804351956868015E+000                  4.0052217808532799E+010                  1.2146836805050492E-007                  1.1635914715745742E-013                 -3.4577684016488224E+000                  1.5502296589894458E+000                  1.7887902863492771E+000                  1.9393052841812677E+000 
                                     595                  2.9030175516145293E+000                  3.3126166530390089E-001                  6.4100168124851846E+000                 -1.7033738554807816E+000                  1.2839450932105981E+001                  6.9999989123392703E-001                  2.8000010876607312E-001                  1.9999999999999796E-002                  0.0000000000000000E+000                  3.8021952163620657E+008                  2.3934993889989849E+007                  1.3161879508629474E-007                  1.8903279387073762E-021                  0.0000000000000000E+000                  3.0665630294644184E+000                  4.0050356395286728E+010                  1.2374764635397421E-007                  1.2980073707297776E-013                 -3.4537315262384172E+000                  1.5562245246133821E+000                  1.7947851519732132E+000                  1.9453001498052038E+000 
                                     596                  2.9000490668712890E+000                  3.2812378519243202E-001                  6.4157757980173162E+000                 -1.6858116728446859E+000                  1.2862769341750866E+001                  6.9999987976822742E-001                  2.8000012023177284E-001                  1.9999999999999796E-002                  0.0000000000000000E+000                  3.8018474709799159E+008                  2.4094311662923556E+007                  1.5148645152038531E-007                  3.0328977009519710E-021                  0.0000000000000000E+000                  3.0508472474310793E+000                  4.0043773635229218E+010                  1.2620161423525036E-007                  1.4469942711855538E-013                 -3.4494675450143331E+000                  1.5622455192620235E+000                  1.8008061466218546E+000                  1.9513211444538452E+000 
                                     597                  2.8969964349351973E+000                  3.2495661646938351E-001                  6.4215269857918038E+000                 -1.6681873139674046E+000                  1.2886140682290558E+001                  6.9999986712491324E-001                  2.8000013287508679E-001                  2.0000000000000018E-002                  0.0000000000000000E+000                  3.8014415657654309E+008                  2.4254428483144790E+007                  1.7427129905166473E-007                  4.8545320411595452E-021                  0.0000000000000000E+000                  3.0335402080515825E+000                  4.0032243866760849E+010                  1.2881369000347423E-007                  1.6084670729706110E-013                 -3.4450189893847698E+000                  1.5682916441916179E+000                  1.8068522715514490E+000                  1.9573672693834399E+000 
                                     598                  2.8938575713704089E+000                  3.2176000134084287E-001                  6.4265381283411243E+000                 -1.6526977230195083E+000                  1.2906635518257673E+001                  6.9999985503422590E-001                  2.8000014496577413E-001                  2.0000000000000018E-002                  0.0000000000000000E+000                  3.8009762765664995E+008                  2.4394767986260861E+007                  1.9688514533498253E-007                  7.3047196562896342E-021                  0.0000000000000000E+000                  3.0176048585049378E+000                  4.0014218883224281E+010                  1.3155313758417791E-007                  1.7780515170652770E-013                 -3.4404493946966066E+000                  1.5743628176076432E+000                  1.8129234449674743E+000                  1.9634384427994651E+000 
                                     599                  2.8914455565096526E+000                  3.1934324909464545E-001                  6.4308391600544867E+000                 -1.6393943085557123E+000                  1.2924234761941307E+001                  6.9999984379193669E-001                  2.8000015620806329E-001                  2.0000000000000018E-002                  0.0000000000000000E+000                  3.8005832634176898E+008                  2.4515849212423481E+007                  2.1856258813881741E-007                  1.0361375198397569E-020                  0.0000000000000000E+000                  3.0029500175539194E+000                  3.9997321537593239E+010                  1.3369330053927378E-007                  1.9456199126303011E-013                 -3.4369451774898878E+000                  1.5789318613285679E+000                  1.8174924886883990E+000                  1.9680074865203898E+000 
                                     600                  2.8889829279229047E+000                  3.1690979649551759E-001                  6.4351340967129609E+000                 -1.6260531960816351E+000                  1.2941864678088647E+001                  6.9999983167861868E-001                  2.8000016832138103E-001                  2.0000000000000240E-002                  0.0000000000000000E+000                  3.8001463972140861E+008                  2.4637338329332784E+007                  2.4255869142867759E-007                  1.4676091220303920E-020                  0.0000000000000000E+000                  2.9877348512804294E+000                  3.9978498627407417E+010                  1.3591254944167910E-007                  2.1172879398778018E-013                 -3.4333702204871543E+000                  1.5835139039329356E+000                  1.8220745312927666E+000                  1.9725895291247575E+000 
                                     601                  2.8864687585065556E+000                  3.1445958924709672E-001                  6.4394227674310258E+000                 -1.6126739524601814E+000                  1.2959525518548750E+001                  6.9999981869242378E-001                  2.8000018130757598E-001                  2.0000000000000240E-002                  0.0000000000000000E+000                  3.7996638574869126E+008                  2.4759232129988730E+007                  2.6911384404662326E-007                  2.0757787506509511E-020                  0.0000000000000000E+000                  2.9720435963632368E+000                  3.9956689215115891E+010                  1.3819318840654838E-007                  2.3006818464972500E-013                 -3.4297566814850855E+000                  1.5881092685202463E+000                  1.8266698958800773E+000                  1.9771848937120680E+000 
                                     602                  2.8839021068278674E+000                  3.1199257456866564E-001                  6.4437051148618236E+000                 -1.5992562690249990E+000                  1.2977217532114183E+001                  6.9999980471472267E-001                  2.8000019528527692E-001                  2.0000000000000462E-002                  0.0000000000000000E+000                  3.7991342926015764E+008                  2.4881530630160309E+007                  2.9849302307680146E-007                  2.9317802453149837E-020                  0.0000000000000000E+000                  2.9559553832416405E+000                  3.9931892376500305E+010                  1.4053042551367882E-007                  2.5123043828829084E-013                 -3.4261148193663225E+000                  1.5927179781697580E+000                  1.8312786055295891E+000                  1.9817936033615797E+000 
                                     603                  2.8812820168110354E+000                  3.0950870041024509E-001                  6.4494358971230570E+000                 -1.5813449262850920E+000                  1.3000849706167742E+001                  6.9999978433978671E-001                  2.8000021566021271E-001                  2.0000000000000573E-002                  0.0000000000000000E+000                  3.7984826766959161E+008                  2.5046133394959819E+007                  3.4271384162636534E-007                  4.6455943374983559E-020                  0.0000000000000000E+000                  2.9332535854373663E+000                  3.9906215991502831E+010                  1.4294138721002516E-007                  2.7689286303828105E-013                 -3.4224210037481244E+000                  1.5973392266260125E+000                  1.8358998539858438E+000                  1.9864148518178344E+000 
                                     604                  2.8767938039239729E+000                  3.0533079690955933E-001                  6.4558174368011825E+000                 -1.5610452494178393E+000                  1.3027513984494981E+001                  6.9999975903536971E-001                  2.8000024096462961E-001                  2.0000000000000684E-002                  0.0000000000000000E+000                  3.7974086616030079E+008                  2.5230668677348245E+007                  3.9981745181979449E-007                  7.7456511971444575E-020                  0.0000000000000000E+000                  2.9084686583314574E+000                  3.9854965605616577E+010                  1.4704975587143977E-007                  3.0989083284163114E-013                 -3.4162678460809195E+000                  1.6050728688336355E+000                  1.8436334961934666E+000                  1.9941484940254575E+000 
                                     605                  2.8730913292454159E+000                  3.0195471020524767E-001                  6.4614944691602441E+000                 -1.5429478123460079E+000                  1.3051272803347832E+001                  6.9999973413019201E-001                  2.8000026586980692E-001                  2.0000000000001128E-002                  0.0000000000000000E+000                  3.7964153543789452E+008                  2.5395975583806664E+007                  4.5838876458776541E-007                  1.2183187627170959E-019                  0.0000000000000000E+000                  2.8854066985132993E+000                  3.9805400020999969E+010                  1.5040872570160466E-007                  3.4650751443946316E-013                 -3.4113634840858378E+000                  1.6112882795647476E+000                  1.8498489069245789E+000                  2.0003639047565693E+000 
                                     606                  2.8692867796077910E+000                  2.9854826877148627E-001                  6.4671609059360788E+000                 -1.5247804464865433E+000                  1.3075089327834410E+001                  6.9999970669212896E-001                  2.8000029330786957E-001                  2.0000000000001461E-002                  0.0000000000000000E+000                  3.7953156998522031E+008                  2.5562055818994123E+007                  5.2529721610835292E-007                  1.9116781463552482E-019                  0.0000000000000000E+000                  2.8615403823798564E+000                  3.9752104527705658E+010                  1.5389711780562314E-007                  3.8719784582177161E-013                 -3.4063847567926255E+000                  1.6175283215523031E+000                  1.8560889489121342E+000                  2.0066039467441246E+000 
                                     607                  2.8653776956516461E+000                  2.9511134282317542E-001                  6.4728162594664100E+000                 -1.5065420371050580E+000                  1.3098964149206093E+001                  6.9999967648946626E-001                  2.8000032351053167E-001                  2.0000000000002016E-002                  0.0000000000000000E+000                  3.7941015604463995E+008                  2.5728903118422177E+007                  6.0169266028684871E-007                  2.9923565044300116E-019                  0.0000000000000000E+000                  2.8366976172725700E+000                  3.9693684056701019E+010                  1.5752032598362367E-007                  4.3218269907270158E-013                 -3.4013316990547553E+000                  1.6237935237731493E+000                  1.8623541511329804E+000                  2.0128691489649708E+000 
                                     608                  2.8613615643331576E+000                  2.9164380517254546E-001                  6.4784597170455509E+000                 -1.4882311175918768E+000                  1.3122897866232098E+001                  6.9999964324927177E-001                  2.8000035675072560E-001                  2.0000000000002682E-002                  0.0000000000000000E+000                  3.7927630826100069E+008                  2.5896502030536015E+007                  6.8887504477852406E-007                  4.6724105389479304E-019                  0.0000000000000000E+000                  2.8107266560797197E+000                  3.9630115503556992E+010                  1.6129895068072591E-007                  4.8222206552125489E-013                 -3.3961842289374249E+000                  1.6300838158836735E+000                  1.8686444432435048E+000                  2.0191594410754949E+000 
                                     609                  2.8572358172019090E+000                  2.8814553380046337E-001                  6.4840901853996993E+000                 -1.4698459174012044E+000                  1.3146891085464594E+001                  6.9999960667198047E-001                  2.8000039332801602E-001                  2.0000000000003570E-002                  0.0000000000000000E+000                  3.7912899990716505E+008                  2.6064827629543792E+007                  7.8831240842689989E-007                  7.2773657485013694E-019                  0.0000000000000000E+000                  2.7834962564944328E+000                  3.9561350991377533E+010                  1.6525273441871429E-007                  5.3806582424695359E-013                 -3.3909256727800603E+000                  1.6363989719211498E+000                  1.8749595992809809E+000                  2.0254745971129715E+000 
                                     610                  2.8529978287445550E+000                  2.8461641435111956E-001                  6.4897063329698153E+000                 -1.4513844042932837E+000                  1.3170944419861224E+001                  6.9999956642879635E-001                  2.8000043357119880E-001                  2.0000000000004903E-002                  0.0000000000000000E+000                  3.7896770949120420E+008                  2.6233839015435349E+007                  9.0166082019960400E-007                  1.1305320941947303E-018                  0.0000000000000000E+000                  2.7548960094458304E+000                  3.9487322715104591E+010                  1.6940031472051534E-007                  6.0041485673774024E-013                 -3.3855428935750993E+000                  1.6427385570574333E+000                  1.8812991844172644E+000                  2.0318141822492550E+000 
                                     611                  2.8486449148656039E+000                  2.8105634262792706E-001                  6.4953066304915383E+000                 -1.4328443323264346E+000                  1.3195058486016313E+001                  6.9999952215886196E-001                  2.8000047784113158E-001                  2.0000000000006457E-002                  0.0000000000000000E+000                  3.7879201485936296E+008                  2.6403485780896354E+007                  1.0307864354857441E-006                  1.7515875500981309E-018                  0.0000000000000000E+000                  2.7248367168847278E+000                  3.9407947647409393E+010                  1.7375913016991839E-007                  6.7003727901364177E-013                 -3.3800261830718381E+000                  1.6491019299481409E+000                  1.8876625573079719E+000                  2.0381775551399626E+000 
                                     612                  2.8441743314167831E+000                  2.7746522694036663E-001                  6.5008893905247476E+000                 -1.4142232909031092E+000                  1.3219233900544655E+001                  6.9999947346616409E-001                  2.8000052653382740E-001                  2.0000000000008455E-002                  0.0000000000000000E+000                  3.7860123778505749E+008                  2.6573714183043610E+007                  1.1777898934049945E-006                  2.7063374005350843E-018                  0.0000000000000000E+000                  2.6932510318699698E+000                  3.9323132413744385E+010                  1.7834566188091110E-007                  7.4779360759334157E-013                 -3.3743687250358039E+000                  1.6554883504803330E+000                  1.8940489778401641E+000                  2.0445639756721548E+000 
                                     613                  2.8395832727334787E+000                  2.7384299023156866E-001                  6.5064529015460799E+000                 -1.3955188534536189E+000                  1.3243471275724634E+001                  6.9999941991615688E-001                  2.8000058008383177E-001                  2.0000000000011342E-002                  0.0000000000000000E+000                  3.7839481251263249E+008                  2.6744467404275108E+007                  1.3450350541032352E-006                  4.1695975226860028E-018                  0.0000000000000000E+000                  2.6601892021914710E+000                  3.9232782619261475E+010                  1.8317065997674313E-007                  8.3464788098727602E-013                 -3.3685720448937446E+000                  1.6618970336379879E+000                  1.9004576609978190E+000                  2.0509726588298096E+000 
                                     614                  2.8348688702310394E+000                  2.7018957115209824E-001                  6.5119957848439016E+000                 -1.3767289629689616E+000                  1.3267771214637143E+001                  6.9999936103206428E-001                  2.8000063896792055E-001                  2.0000000000015117E-002                  0.0000000000000000E+000                  3.7817292424013084E+008                  2.6915690295435444E+007                  1.5351866717147721E-006                  6.4053056124257627E-018                  0.0000000000000000E+000                  2.6259434650381839E+000                  3.9136827041298744E+010                  1.8822707314809435E-007                  9.3167977245800632E-013                 -3.3626589554033335E+000                  1.6683271895924574E+000                  1.9068878169522885E+000                  2.0574028147842789E+000 
                                     615                  2.8300281910388692E+000                  2.6650492192989000E-001                  6.5175172424894035E+000                 -1.3578521985868333E+000                  1.3292134306430977E+001                  6.9999929629084057E-001                  2.8000070370913910E-001                  2.0000000000020335E-002                  0.0000000000000000E+000                  3.7793599442344606E+008                  2.7087344867831931E+007                  1.7512545360750258E-006                  9.8108782579502844E-018                  0.0000000000000000E+000                  2.5908144507051820E+000                  3.9035246039810631E+010                  1.9349411551905683E-007                  1.0400976893904402E-012                 -3.3566661190343230E+000                  1.6747781872725997E+000                  1.9133388146324308E+000                  2.0638538124644215E+000 
                                     616                  2.8250582367561052E+000                  2.6278900387228432E-001                  6.5230170194188144E+000                 -1.3388877389476173E+000                  1.3316561122008485E+001                  6.9999922511876023E-001                  2.8000077488121289E-001                  2.0000000000026885E-002                  0.0000000000000000E+000                  3.7768451155891943E+008                  2.7259411524419043E+007                  1.9966398831460501E-006                  1.4983142346992764E-017                  0.0000000000000000E+000                  2.5550709994369876E+000                  3.8928080056467339E+010                  1.9895123966959737E-007                  1.1612534166304281E-012                 -3.3506266752052949E+000                  1.6812496887268062E+000                  1.9198103160866373E+000                  2.0703253139186280E+000 
                                     617                  2.8199559423713083E+000                  2.5904178298630415E-001                  6.5284953276133963E+000                 -1.3198352878408781E+000                  1.3341052210666581E+001                  6.9999914688659415E-001                  2.8000085311337014E-001                  2.0000000000035767E-002                  0.0000000000000000E+000                  3.7741909502612948E+008                  2.7431886662561618E+007                  2.2751873614307078E-006                  2.2816180654206319E-017                  0.0000000000000000E+000                  2.5189510948439460E+000                  3.8815422784500153E+010                  2.0458021332372535E-007                  1.2966589366064554E-012                 -3.3445681864357573E+000                  1.6877416351727297E+000                  1.9263022625325610E+000                  2.0768172603645514E+000 
                                     618                  2.8147181751041743E+000                  2.5526322587082795E-001                  6.5339527764599810E+000                 -1.3006950003877911E+000                  1.3365608097977606E+001                  6.9999906090433983E-001                  2.8000093909561297E-001                  2.0000000000047202E-002                  0.0000000000000000E+000                  3.7714059893985367E+008                  2.7604779070355188E+007                  2.5912440499130552E-006                  3.4646320548119992E-017                  0.0000000000000000E+000                  2.4826633084340233E+000                  3.8697412841656044E+010                  2.1036494030671972E-007                  1.4480053845493149E-012                 -3.3385133192840306E+000                  1.6942541950298453E+000                  1.9328148223896764E+000                  2.0833298202216670E+000 
                                     619                  2.8093417332560224E+000                  2.5145329597711608E-001                  6.5393903094971320E+000                 -1.2814674126242269E+000                  1.3390229284400045E+001                  6.9999896641545933E-001                  2.8000103358447820E-001                  2.0000000000062412E-002                  0.0000000000000000E+000                  3.7685004747388631E+008                  2.7778108057652894E+007                  2.9497264937006379E-006                  5.2466677988804113E-017                  0.0000000000000000E+000                  2.4463885949241626E+000                  3.8574225810787964E+010                  2.1629126910915336E-007                  1.6171841109008518E-012                 -3.3324805055468567E+000                  1.7007877174597013E+000                  1.9393483448195323E+000                  2.0898633426515230E+000 
                                     620                  2.8038233451442669E+000                  2.4761195029532446E-001                  6.5448091474653136E+000                 -1.2621533817561481E+000                  1.3414916244149708E+001                  6.9999886259058419E-001                  2.8000113740933347E-001                  2.0000000000082396E-002                  0.0000000000000000E+000                  3.7654851916055202E+008                  2.7951903024641119E+007                  3.3561968129037956E-006                  7.9244231801024122E-017                  0.0000000000000000E+000                  2.4102822883016977E+000                  3.8446067084939476E+010                  2.2234687315440515E-007                  1.8063101276324006E-012                 -3.3264844868096506E+000                  1.7073427120612035E+000                  1.9459033394210346E+000                  2.0964183372530250E+000 
                                     621                  2.7981596682227639E+000                  2.4373913647123846E-001                  6.5502107374978520E+000                 -1.2427540355337836E+000                  1.3439669424422569E+001                  6.9999874852063393E-001                  2.8000125147925720E-001                  2.0000000000108820E-002                  0.0000000000000000E+000                  3.7623690322536379E+008                  2.8126205656620365E+007                  3.8169491201791772E-006                  1.1938792292872764E-016                  0.0000000000000000E+000                  2.3744762053700432E+000                  3.8313165750833969E+010                  2.2852124064420838E-007                  2.0177484177753672E-012                 -3.3205367134078991E+000                  1.7139198602967605E+000                  1.9524804876565915E+000                  2.1029954854885822E+000 
                                     622                  2.7923472882351059E+000                  2.3983479018523898E-001                  6.5555966943387194E+000                 -1.2232707066963000E+000                  1.3464489245535484E+001                  6.9999862320927497E-001                  2.8000137679058124E-001                  2.0000000000143792E-002                  0.0000000000000000E+000                  3.7591612404293925E+008                  2.8301064788491737E+007                  4.3391069553402620E-006                  1.7943891570524326E-016                  0.0000000000000000E+000                  2.3390681248308871E+000                  3.8175768383009781E+010                  2.3480633530704168E-007                  2.2541437974983515E-012                 -3.3146450947859520E+000                  1.7205199910907991E+000                  1.9590806184506302E+000                  2.1095956162826206E+000 
                                     623                  2.7863827182728387E+000                  2.3589883286787700E-001                  6.5609687011742306E+000                 -1.2037048246937361E+000                  1.3489376101780072E+001                  6.9999848556462430E-001                  2.8000151443518606E-001                  2.0000000000189644E-002                  0.0000000000000000E+000                  3.7558720172548342E+008                  2.8476531557397474E+007                  4.9307305826680865E-006                  2.6908670743861247E-016                  0.0000000000000000E+000                  2.3040958862781826E+000                  3.8034130534008972E+010                  2.4119903896728422E-007                  2.5184550531884716E-012                 -3.3088122134650244E+000                  1.7271440024436839E+000                  1.9657046298035150E+000                  2.1162196276355059E+000 
                                     624                  2.7802623978967462E+000                  2.3193117029281957E-001                  6.5663284304280563E+000                 -1.1840578307641645E+000                  1.3514330362306076E+001                  6.9999833439012304E-001                  2.8000166560962714E-001                  2.0000000000249818E-002                  0.0000000000000000E+000                  3.7525110740897983E+008                  2.8652658274257403E+007                  5.6009374204328913E-006                  4.0266313661374603E-016                  0.0000000000000000E+000                  2.2695824278142314E+000                  3.7888507756437866E+010                  2.4770044624820596E-007                  2.8099969488235890E-012                 -3.3030366055020774E+000                  1.7337928152109794E+000                  1.9723534425708105E+000                  2.1228684404028009E+000 
                                     625                  2.7739826923875839E+000                  2.2793169193677848E-001                  6.5716775297379932E+000                 -1.1643311634410545E+000                  1.3539352371662705E+001                  6.9999816837444051E-001                  2.8000183162523062E-001                  2.0000000000328866E-002                  0.0000000000000000E+000                  3.7490860534881735E+008                  2.8829500352336723E+007                  6.3600410107490003E-006                  6.0133791609910669E-016                  0.0000000000000000E+000                  2.2355477585504384E+000                  3.7739151042204971E+010                  2.5431248046943688E-007                  3.1178076916497736E-012                 -3.2973161630776846E+000                  1.7404673791039553E+000                  1.9790280064637864E+000                  2.1295430042957770E+000 
                                     626                  2.7675398921893275E+000                  2.2390027053204845E-001                  6.5756720783821105E+000                 -1.1494099039672201E+000                  1.3558225469210324E+001                  6.9999803385792825E-001                  2.8000196614166900E-001                  2.0000000000402807E-002                  0.0000000000000000E+000                  3.7463844976557356E+008                  2.8962246662040457E+007                  6.9946836480740562E-006                  8.1089208557500088E-016                  0.0000000000000000E+000                  2.2108043839205154E+000                  3.7583636342095634E+010                  2.6100522056132530E-007                  3.4282280786593827E-012                 -3.2916754029624662E+000                  1.7471697003351510E+000                  1.9857303276949820E+000                  2.1362453255269727E+000 
                                     627                  2.7642350522397319E+000                  2.2185979689923832E-001                  6.5783402825971820E+000                 -1.1394881125831300E+000                  1.3570787748454293E+001                  6.9999793830293311E-001                  2.8000206169660408E-001                  2.0000000000462759E-002                  0.0000000000000000E+000                  3.7446316782315052E+008                  2.9051259078300938E+007                  7.4518827835909102E-006                  9.8957464745292056E-016                  0.0000000000000000E+000                  2.1941557398288247E+000                  3.7504181887784729E+010                  2.6441544839706913E-007                  3.7073619467026505E-012                 -3.2888565874570270E+000                  1.7505524441107856E+000                  1.9891130714706169E+000                  2.1396280693026073E+000 
                                     628                  2.7609302122901358E+000                  2.1983722566675934E-001                  6.5823510171915824E+000                 -1.1246462456679915E+000                  1.3589599958889540E+001                  6.9999778593300122E-001                  2.8000221406642944E-001                  2.0000000000569340E-002                  0.0000000000000000E+000                  3.7420775462718308E+008                  2.9185577964805298E+007                  8.1931998630710472E-006                  1.3337558610368624E-015                  0.0000000000000000E+000                  2.1689643883856644E+000                  3.7427637047515762E+010                  2.6784468107437022E-007                  4.0111061458641321E-012                 -3.2860584867661253E+000                  1.7538983525845770E+000                  1.9924589799444081E+000                  2.1429739777763990E+000 
                                     629                  2.7541497916170479E+000                  2.1574146365341562E-001                  6.5876777735527563E+000                 -1.1046890935301303E+000                  1.3614826996222371E+001                  6.9999756620565801E-001                  2.8000243379359363E-001                  2.0000000000748308E-002                  0.0000000000000000E+000                  3.7385054996413720E+008                  2.9364897883558579E+007                  9.2953361136295807E-006                  1.9812290910507834E-015                  0.0000000000000000E+000                  2.1364655638396868E+000                  3.7271245671790634E+010                  2.7483569920371995E-007                  4.4183519585384769E-012                 -3.2804634280911547E+000                  1.7606551802895700E+000                  1.9992158076494011E+000                  2.1497308054813917E+000 
                                     630                  2.7471946925245345E+000                  2.1161327110292963E-001                  6.5930002655723285E+000                 -1.0846579858747978E+000                  1.3640122934657802E+001                  6.9999732500586420E-001                  2.8000267499315251E-001                  2.0000000000983231E-002                  0.0000000000000000E+000                  3.7348986953459585E+008                  2.9545158786147930E+007                  1.0543087381910898E-005                  2.9384465192422104E-015                  0.0000000000000000E+000                  2.1045042341388949E+000                  3.7109343490772560E+010                  2.8190857704327077E-007                  4.9041731439559067E-012                 -3.2749458552782866E+000                  1.7674424446034913E+000                  2.0060030719633222E+000                  2.1565180697953132E+000 
                                     631                  2.7400609004744019E+000                  2.0745244800541138E-001                  6.5983200306439533E+000                 -1.0645543419316437E+000                  1.3665488008770465E+001                  6.9999706025882502E-001                  2.8000293973988383E-001                  2.0000000001291207E-002                  0.0000000000000000E+000                  3.7312635309378642E+008                  2.9726418869333766E+007                  1.1955595148927944E-005                  4.3518262890119070E-015                  0.0000000000000000E+000                  2.0730914387740937E+000                  3.6944879995299988E+010                  2.8910082445198492E-007                  5.4383870598636592E-012                 -3.2694753349076020E+000                  1.7742603696437347E+000                  2.0128209970035655E+000                  2.1633359948355562E+000 
                                     632                  2.7327443238754086E+000                  2.0325877471614204E-001                  6.6022986450301602E+000                 -1.0493522191726177E+000                  1.3684623066294405E+001                  6.9999684582809885E-001                  2.8000315417032284E-001                  2.0000000001578311E-002                  0.0000000000000000E+000                  3.7284313707842195E+008                  2.9862687956914935E+007                  1.3136373616445174E-005                  5.8343243668510792E-015                  0.0000000000000000E+000                  2.0503065687829261E+000                  3.6775424297537849E+010                  2.9638126019339989E-007                  5.9825943759321663E-012                 -3.2640746298535901E+000                  1.7811109804288672E+000                  2.0196716077886983E+000                  2.1701866056206889E+000 
                                     633                  2.7289925588965480E+000                  2.0113648133994702E-001                  6.6049580002996970E+000                 -1.0392472781071147E+000                  1.3697357804896306E+001                  6.9999669355099514E-001                  2.8000330644719412E-001                  2.0000000001810792E-002                  0.0000000000000000E+000                  3.7265989929022837E+008                  2.9954124665685788E+007                  1.3986598721805474E-005                  7.0931715238441923E-015                  0.0000000000000000E+000                  2.0350037684177034E+000                  3.6689386561796867E+010                  3.0009055607967286E-007                  6.4706380466551268E-012                 -3.2613738358547537E+000                  1.7845699167628593E+000                  2.0231305441226901E+000                  2.1736455419546812E+000 
                                     634                  2.7252407939176875E+000                  1.9903250940528580E-001                  6.6089580400094281E+000                 -1.0241368115721929E+000                  1.3716425353638273E+001                  6.9999645080406470E-001                  2.8000354919371240E-001                  2.0000000002222906E-002                  0.0000000000000000E+000                  3.7239358798768884E+008                  3.0092192979408562E+007                  1.5364513590960248E-005                  9.5078776874934298E-015                  0.0000000000000000E+000                  2.0118653458708806E+000                  3.6606577090628044E+010                  3.0382127925124301E-007                  7.0017353760086823E-012                 -3.2586909059908025E+000                  1.7879928768646334E+000                  2.0265535042244642E+000                  2.1770685020564549E+000 
                                     635                  2.7175460645215619E+000                  1.9477239279904102E-001                  6.6142781748155830E+000                 -1.0038235728630309E+000                  1.3741999002419620E+001                  6.9999610086632680E-001                  2.8000389913075835E-001                  2.0000000002914797E-002                  0.0000000000000000E+000                  3.7202508513250244E+008                  3.0276787649579547E+007                  1.7413088391782569E-005                  1.4028112810081557E-014                  0.0000000000000000E+000                  1.9819565796093075E+000                  3.6438381959736649E+010                  3.1143914470450674E-007                  7.7160602061015999E-012                 -3.2533134009887421E+000                  1.7949079196738424E+000                  2.0334685470336735E+000                  2.1839835448656642E+000 
                                     636                  2.7096558123348937E+000                  1.9047864703534817E-001                  6.6196008280921088E+000                 -9.8344266872203800E-001                  1.3767642546862760E+001                  6.9999571687614437E-001                  2.8000428312003511E-001                  2.0000000003820517E-002                  0.0000000000000000E+000                  3.7165588020899147E+008                  3.0462593996686753E+007                  1.9731717345033165E-005                  2.0674637112645346E-014                  0.0000000000000000E+000                  1.9524276896117896E+000                  3.6265712895167938E+010                  3.1917432417520928E-007                  8.5678445937510146E-012                 -3.2479860262632951E+000                  1.8018582287033382E+000                  2.0404188560631695E+000                  2.1909338538951602E+000 
                                     637                  2.7015656370528962E+000                  1.8615097498309788E-001                  6.6249268724084232E+000                 -9.6299489048643083E-001                  1.3793356133738829E+001                  6.9999529554254369E-001                  2.8000470445245079E-001                  2.0000000005005569E-002                  0.0000000000000000E+000                  3.7128632725645447E+008                  3.0649652290918987E+007                  2.2355850451866768E-005                  3.0438583705831607E-014                  0.0000000000000000E+000                  1.9232282801884173E+000                  3.6091424863606354E+010                  3.2707906421450239E-007                  9.5049910957572906E-012                 -3.2426736267254959E+000                  1.8088438190145557E+000                  2.0474044463743866E+000                  2.1979194442063776E+000 
                                     638                  2.6932710619511893E+000                  1.8178906301609243E-001                  6.6289144292396518E+000                 -9.4753474867010412E-001                  1.3812757044076209E+001                  6.9999495437251080E-001                  2.8000504562137979E-001                  2.0000000006109353E-002                  0.0000000000000000E+000                  3.7100039330290562E+008                  3.0790436151260428E+007                  2.4549502910809973E-005                  4.0639492474740918E-014                  0.0000000000000000E+000                  1.9018880334882577E+000                  3.5913022503066231E+010                  3.3512923563817176E-007                  1.0461095311515725E-011                 -3.2373938420022408E+000                  1.8158664464810450E+000                  2.0544270738408761E+000                  2.2049420716728667E+000 
                                     639                  2.6890192981861296E+000                  1.7958178138485531E-001                  6.6315807892340333E+000                 -9.3726130798639640E-001                  1.3825666622955053E+001                  6.9999471213626518E-001                  2.8000528785673223E-001                  2.0000000007002638E-002                  0.0000000000000000E+000                  3.7081571084264851E+008                  3.0884940715902627E+007                  2.6128447881843840E-005                  4.9274865080469286E-014                  0.0000000000000000E+000                  1.8874914243833623E+000                  3.5822794591505768E+010                  3.3925181097079131E-007                  1.1316860007239308E-011                 -3.2347389126704833E+000                  1.8194131609921018E+000                  2.0579737883519331E+000                  2.2084887861839233E+000 
                                     640                  2.6847675344210691E+000                  1.7739312143165198E-001                  6.6355926814051047E+000                 -9.2190321445380641E-001                  1.3844992750973532E+001                  6.9999432605630496E-001                  2.8000567393511128E-001                  2.0000000008583818E-002                  0.0000000000000000E+000                  3.7054767944346774E+008                  3.1027691408596266E+007                  2.8686302016982806E-005                  6.5786847544417103E-014                  0.0000000000000000E+000                  1.8656387839338171E+000                  3.5735997127254868E+010                  3.4341387995628597E-007                  1.2248297463913943E-011                 -3.2320910778452618E+000                  1.8229243647049758E+000                  2.0614849920648068E+000                  2.2119999898967975E+000 
                                     641                  2.6760504266603049E+000                  1.7296172347239336E-001                  6.6409326301553602E+000                 -9.0125818672064206E-001                  1.3870917116572684E+001                  6.9999376960179138E-001                  2.8000623038697325E-001                  2.0000000011235364E-002                  0.0000000000000000E+000                  3.7017866463433862E+008                  3.1218699695863210E+007                  3.2488854195443746E-005                  9.6577352221816567E-014                  0.0000000000000000E+000                  1.8372049684469292E+000                  3.5560288389867172E+010                  3.5194910525027945E-007                  1.3504446297706368E-011                 -3.2267600672766235E+000                  1.8300191046712269E+000                  2.0685797320310577E+000                  2.2190947298630488E+000 
                                     642                  2.6671150365764937E+000                  1.6849505565651696E-001                  6.6462781743332258E+000                 -8.8054825157614447E-001                  1.3896911938183182E+001                  6.9999315912974258E-001                  2.8000684085555538E-001                  2.0000000014702035E-002                  0.0000000000000000E+000                  3.6981024458785450E+008                  3.1411080920719378E+007                  3.6791230994663997E-005                  1.4165170689816289E-013                  0.0000000000000000E+000                  1.8089724650730681E+000                  3.5380742396958237E+010                  3.6066131032584525E-007                  1.5014796487475828E-011                 -3.2214502219004371E+000                  1.8371525192202363E+000                  2.0757131465800676E+000                  2.2262281444120582E+000 
                                     643                  2.6579565890026098E+000                  1.6399274709487685E-001                  6.6516296297795519E+000                 -8.5977370060155933E-001                  1.3922977268668291E+001                  6.9999248941777115E-001                  2.8000751056299550E-001                  2.0000000019233299E-002                  0.0000000000000000E+000                  3.6944256473089236E+008                  3.1604857960590065E+007                  4.1658742334354401E-005                  2.0758094649462107E-013                  0.0000000000000000E+000                  1.7809245566951319E+000                  3.5200138470016716E+010                  3.6960480569572781E-007                  1.6739085972576954E-011                 -3.2161311953039307E+000                  1.8443243820945869E+000                  2.0828850094544178E+000                  2.2334000072864084E+000 
                                     644                  2.6485702370882267E+000                  1.5945441413880893E-001                  6.6563070128933992E+000                 -8.4151242362465906E-001                  1.3945862043676170E+001                  6.9999185117017071E-001                  2.8000814880551816E-001                  2.0000000024311126E-002                  0.0000000000000000E+000                  3.6911695229382908E+008                  3.1775195515517421E+007                  4.6435766285856727E-005                  2.8963986179277950E-013                  0.0000000000000000E+000                  1.7567644919385357E+000                  3.5017245589799950E+010                  3.7876647515725465E-007                  1.8629151896286563E-011                 -3.2108142338134389E+000                  1.8515357600688291E+000                  2.0900963874286602E+000                  2.2406113852606508E+000 
                                     645                  2.6413779556420249E+000                  1.5602704315254165E-001                  6.6610101184648549E+000                 -8.2326457736576419E-001                  1.3968760759441269E+001                  6.9999115734453909E-001                  2.8000884262469966E-001                  2.0000000030761189E-002                  0.0000000000000000E+000                  3.6880147868011940E+008                  3.1947406622730557E+007                  5.1764221065988338E-005                  4.0433688044066747E-013                  0.0000000000000000E+000                  1.7323442469237855E+000                  3.4880543865389854E+010                  3.8580937359662818E-007                  2.0597651878914775E-011                 -3.2068136124883200E+000                  1.8569696045805149E+000                  2.0955302319403457E+000                  2.2460452297723363E+000 
                                     646                  2.6315808983853590E+000                  1.5142470355105422E-001                  6.6663795839827857E+000                 -8.0231417769377866E-001                  1.3995020048042241E+001                  6.9999029350991826E-001                  2.8000970644986339E-001                  2.0000000040218291E-002                  0.0000000000000000E+000                  3.6843662830219144E+008                  3.2145147951741554E+007                  5.8596108258946566E-005                  5.9116567935326822E-013                  0.0000000000000000E+000                  1.7049731955545888E+000                  3.4698814259568840E+010                  3.9542524629253532E-007                  2.2940268768161958E-011                 -3.2014678031010626E+000                  1.8642496890330182E+000                  2.1028103163928491E+000                  2.2533253142248397E+000 
                                     647                  2.6215422515688331E+000                  1.4678521359760660E-001                  6.6717566425788561E+000                 -7.8130098018086758E-001                  1.4021349836519475E+001                  6.9998934595845097E-001                  2.8001065398897595E-001                  2.0000000052573075E-002                  0.0000000000000000E+000                  3.6807320216973948E+008                  3.2344392956865877E+007                  6.6323671977956388E-005                  8.6365171542915958E-013                  0.0000000000000000E+000                  1.6779429271943782E+000                  3.4515059813183327E+010                  4.0524283187523316E-007                  2.5585159339575044E-011                 -3.1961423292077242E+000                  1.8715709154294753E+000                  2.1101315427893064E+000                  2.2606465406212970E+000 
                                     648                  2.6112569149412770E+000                  1.4210813216980267E-001                  6.6771420497314882E+000                 -7.6022584955485140E-001                  1.4047750062667419E+001                  6.9998830661130040E-001                  2.8001169331998954E-001                  2.0000000068710055E-002                  0.0000000000000000E+000                  3.6771146447621208E+008                  3.2545183258702882E+007                  7.5064180431059645E-005                  1.2608130843836044E-012                  0.0000000000000000E+000                  1.6512951052384390E+000                  3.4330723027600021E+010                  4.1527779797900184E-007                  2.8424311199227489E-011                 -3.1908306434902727E+000                  1.8789336816617754E+000                  2.1174943090216063E+000                  2.2680093068535969E+000 
                                     649                  2.6007197259100301E+000                  1.3739299776911981E-001                  6.6811783770432420E+000                 -7.4429155390727020E-001                  1.4067674171292955E+001                  6.9998746523183542E-001                  2.8001253468444426E-001                  2.0000000083720382E-002                  0.0000000000000000E+000                  3.6743330380186528E+008                  3.2696478938192662E+007                  8.2370301909884312E-005                  1.6732070447032534E-012                  0.0000000000000000E+000                  1.6318862398938425E+000                  3.4143322999372013E+010                  4.2548255436266793E-007                  3.1269229473086176E-011                 -3.1855591210791809E+000                  1.8863399064216939E+000                  2.1249005337815250E+000                  2.2754155316135156E+000 
                                     650                  2.5953225940220981E+000                  1.3500703331012548E-001                  6.6838782878416065E+000                 -7.3370853107446510E-001                  1.4080927126302187E+001                  6.9998686796850373E-001                  2.8001313193564653E-001                  2.0000000095849790E-002                  0.0000000000000000E+000                  3.6725403722383308E+008                  3.2798080835201815E+007                  8.7625556053238341E-005                  2.0206531595846929E-012                  0.0000000000000000E+000                  1.6188768700858063E+000                  3.4048979088087029E+010                  4.3069270090481605E-007                  3.3607930197168569E-011                 -3.1829162441554102E+000                  1.8900813244847703E+000                  2.1286419518446014E+000                  2.2791569496765920E+000 
                                     651                  2.5899254621341665E+000                  1.3263996619328017E-001                  6.6865810304725786E+000                 -7.2311167379626573E-001                  1.4094196837713419E+001                  6.9998624378736429E-001                  2.8001375610324986E-001                  2.0000000109385851E-002                  0.0000000000000000E+000                  3.6707547725925618E+008                  3.2900105568106879E+007                  9.3214776873036176E-005                  2.4399005379942227E-012                  0.0000000000000000E+000                  1.6059770560380369E+000                  3.3957009331280296E+010                  4.3591222945326472E-007                  3.5815026084213478E-011                 -3.1803004733719025E+000                  1.8937884476381890E+000                  2.1323490749980198E+000                  2.2828640728300105E+000 
                                     652                  2.5843971531611083E+000                  1.3023448673206098E-001                  6.6892862550854684E+000                 -7.1249905685250592E-001                  1.4107484843597991E+001                  6.9998558872331862E-001                  2.8001441115145825E-001                  2.0000000125223183E-002                  0.0000000000000000E+000                  3.6689741449614227E+008                  3.3002541515894245E+007                  9.9159056926514328E-005                  2.9456652148926466E-012                  0.0000000000000000E+000                  1.5932009445905140E+000                  3.3863878484321171E+010                  4.4124400092828056E-007                  3.8202968990281173E-011                 -3.1776605930756641E+000                  1.8975515027889505E+000                  2.1361121301487813E+000                  2.2866271279807719E+000 
                                     653                  2.5788688441880505E+000                  1.2784790004578334E-001                  6.6933583938647212E+000                 -6.9664355423153468E-001                  1.4127369308933433E+001                  6.9998454495783324E-001                  2.8001545488893287E-001                  2.0000000153233888E-002                  0.0000000000000000E+000                  3.6663971863720542E+008                  3.3157350093534455E+007                  1.0878175910954165E-004                  3.9077511538113397E-012                  0.0000000000000000E+000                  1.5739693446647243E+000                  3.3773126607034370E+010                  4.4658020584400811E-007                  4.1128373631805872E-011                 -3.1750502652216692E+000                  1.9012803761806352E+000                  2.1398410035404662E+000                  2.2903560013724569E+000 
                                     654                  2.5675445385228124E+000                  1.2301559796667204E-001                  6.6987867006620974E+000                 -6.7533195106832411E-001                  1.4154050063406491E+001                  6.9998304103091125E-001                  2.8001695876895299E-001                  2.0000000200135704E-002                  0.0000000000000000E+000                  3.6628766875122762E+008                  3.3364830176520102E+007                  1.2308979165340808E-004                  5.6911672033343782E-012                  0.0000000000000000E+000                  1.5491752312852503E+000                  3.3590401565272278E+010                  4.5745681649547442E-007                  4.5343162659873057E-011                 -3.1698249483319838E+000                  1.9088178699193152E+000                  2.1473784972791461E+000                  2.2978934951111372E+000 
                                     655                  2.5559471607402648E+000                  1.1814314689662044E-001                  6.7042286484803553E+000                 -6.5396463261922633E-001                  1.4180800611033041E+001                  6.9998139174373863E-001                  2.8001860799490852E-001                  2.0000000261352846E-002                  0.0000000000000000E+000                  3.6593886294575310E+008                  3.3574135930474028E+007                  1.3927609614504350E-004                  8.2848693727132043E-012                  0.0000000000000000E+000                  1.5249007943330808E+000                  3.3405119833979687E+010                  4.6846969723861476E-007                  5.0428073831787220E-011                 -3.1646592480099600E+000                  1.9164028717033299E+000                  2.1549634990631610E+000                  2.3054784968951516E+000 
                                     656                  2.5440712789962516E+000                  1.1322994784988699E-001                  6.7096854499048195E+000                 -6.3254305068655314E-001                  1.4207620768675048E+001                  6.9997958313345332E-001                  2.8002041652530490E-001                  2.0000000341241719E-002                  0.0000000000000000E+000                  3.6559361903654599E+008                  3.3785332963226691E+007                  1.5758864069555147E-004                  1.2056122091072003E-011                  0.0000000000000000E+000                  1.5011214095745791E+000                  3.3220073048369961E+010                  4.7966363093961940E-007                  5.6119487940354337E-011                 -3.1595316046830613E+000                  1.9240357484885970E+000                  2.1625963758484281E+000                  2.3131113736804187E+000 
                                     657                  2.5319114172808561E+000                  1.0827536762429305E-001                  6.7137725981629455E+000                 -6.1638113227050495E-001                  1.4227825252227605E+001                  6.9997811573557567E-001                  2.8002188384797089E-001                  2.0000000416453445E-002                  0.0000000000000000E+000                  3.6532998775776935E+008                  3.3944379770773053E+007                  1.7287333127095306E-004                  1.5957413375429377E-011                  0.0000000000000000E+000                  1.4838835928622816E+000                  3.3032780619944321E+010                  4.9100485495711215E-007                  6.2099787671124741E-011                 -3.1544571068197178E+000                  1.9317187948898347E+000                  2.1702794222496657E+000                  2.3207944200816564E+000 
                                     658                  2.5257232714709881E+000                  1.0578270475458557E-001                  6.7179013181238458E+000                 -6.0031314632288768E-001                  1.4247980260172216E+001                  6.9997653762174128E-001                  2.8002346186928667E-001                  2.0000000508971993E-002                  0.0000000000000000E+000                  3.6508317173622274E+008                  3.4105828044244394E+007                  1.8966913696853819E-004                  2.1151870346916262E-011                  0.0000000000000000E+000                  1.4662852412830485E+000                  3.2940691088651443E+010                  4.9677350399930170E-007                  6.7507652413201916E-011                 -3.1519207879110698E+000                  1.9355782453023567E+000                  2.1741388726621875E+000                  2.3246538704941786E+000 
                                     659                  2.5131270845031910E+000                  1.0076478612666899E-001                  6.7220078246144759E+000                 -5.8409192064219229E-001                  1.4268264078188794E+001                  6.9997485273490345E-001                  2.8002514664404260E-001                  2.0000000621053893E-002                  0.0000000000000000E+000                  3.6482420018675655E+008                  3.4267148679166295E+007                  2.0806814838117407E-004                  2.7988746411259578E-011                  0.0000000000000000E+000                  1.4495025460266198E+000                  3.2756788854079556E+010                  5.0847076231705418E-007                  7.3995154801524517E-011                 -3.1468670072402625E+000                  1.9433362616145111E+000                  2.1818968889743422E+000                  2.3324118868063328E+000 
                                     660                  2.5067176507337332E+000                  9.8240066538848314E-002                  6.7261561604766422E+000                 -5.6796811185338203E-001                  1.4288495193078880E+001                  6.9997303816134171E-001                  2.8002696107881808E-001                  2.0000000759840209E-002                  0.0000000000000000E+000                  3.6458200895779115E+008                  3.4430910846611887E+007                  2.2828436072945129E-004                  3.7088951317635294E-011                  0.0000000000000000E+000                  1.4323524278932773E+000                  3.2665139154928223E+010                  5.1440165828282079E-007                  8.0089125473772372E-011                 -3.1443488200206127E+000                  1.9472342764232524E+000                  2.1857949037830835E+000                  2.3363099016150741E+000 
                                     661                  2.4936726064152706E+000                  9.3157186849795376E-002                  6.7302833838541520E+000                 -5.5168927794065692E-001                  1.4308858053728216E+001                  6.9997110663713735E-001                  2.8002889243699447E-001                  2.0000000925868178E-002                  0.0000000000000000E+000                  3.6432796081360155E+008                  3.4594595841523826E+007                  2.5043544787132035E-004                  4.9066656630855427E-011                  0.0000000000000000E+000                  1.4159707430476689E+000                  3.2482219395043518E+010                  5.2643734478855654E-007                  8.7689894955525039E-011                 -3.1393266550044974E+000                  1.9550707206435209E+000                  2.1936313480033518E+000                  2.3441463458353429E+000 
                                     662                  2.4870355919828988E+000                  9.0599569289807974E-002                  6.7344525949363918E+000                 -5.3551131465057289E-001                  1.4329164908499466E+001                  6.9996902293023711E-001                  2.8003097593698817E-001                  2.0000001132774781E-002                  0.0000000000000000E+000                  3.6409062847419149E+008                  3.4760759520974405E+007                  2.7477202062216370E-004                  6.5005045581059322E-011                  0.0000000000000000E+000                  1.3992163900863748E+000                  3.2391110440345890E+010                  5.3254508705521507E-007                  9.4903972540682738E-011                 -3.1368218087517832E+000                  1.9590085788430356E+000                  2.1975692062028664E+000                  2.3480842040348575E+000 
                                     663                  2.4735290569008304E+000                  8.5449982427377350E-002                  6.7386016360151215E+000                 -5.1917627809938660E-001                  1.4349606536961556E+001                  6.9996680645556009E-001                  2.8003319216458789E-001                  2.0000001379852028E-002                  0.0000000000000000E+000                  3.6384168374648589E+008                  3.4926891446906902E+007                  3.0144378523332767E-004                  8.5983793897065259E-011                  0.0000000000000000E+000                  1.3831870134479665E+000                  3.2209356334047852E+010                  5.4494820092876189E-007                  1.0392862006995337E-010                 -3.1318223884212504E+000                  1.9669259838582003E+000                  2.2054866112180314E+000                  2.3560016090500220E+000 
                                     664                  2.4666581233588949E+000                  8.2858562719450593E-002                  6.7427927307478104E+000                 -5.0294553974950618E-001                  1.4369988785662313E+001                  6.9996441412068089E-001                  2.8003558419116953E-001                  2.0000001688149638E-002                  0.0000000000000000E+000                  3.6360935953191149E+008                  3.5095536554546356E+007                  3.3074411770035223E-004                  1.1389235625448770E-010                  0.0000000000000000E+000                  1.3667807009158055E+000                  3.2118870887484783E+010                  5.5124761393941167E-007                  1.1248509925665457E-010                 -3.1293266386760568E+000                  1.9709049405668697E+000                  2.2094655679267006E+000                  2.3599805657586912E+000 
                                     665                  2.4526773831185587E+000                  7.7640394116941888E-002                  6.7469644562474054E+000                 -4.8655542366306853E-001                  1.4390508940949776E+001                  6.9996187089220019E-001                  2.8003812705197284E-001                  2.0000002055826971E-002                  0.0000000000000000E+000                  3.6336560581468093E+008                  3.5264190796258956E+007                  3.6286278682663725E-004                  1.5062805735230102E-010                  0.0000000000000000E+000                  1.3510586484362266E+000                  3.1938431476647549E+010                  5.6404840225692293E-007                  1.2318763460970770E-010                 -3.1243418133175971E+000                  1.9789058039717173E+000                  2.2174664313315486E+000                  2.3679814291635393E+000 
                                     666                  2.4455661569176055E+000                  7.5014202477330177E-002                  6.7511782131602658E+000                 -4.7027300686448076E-001                  1.4410966275587000E+001                  6.9995912434966845E-001                  2.8004087313523773E-001                  2.0000002515093818E-002                  0.0000000000000000E+000                  3.6313835835102612E+008                  3.5435389936727226E+007                  3.9814302715197885E-004                  1.9948628605104916E-010                  0.0000000000000000E+000                  1.3349558888326252E+000                  3.1848636173780888E+010                  5.7055518733035201E-007                  1.3332681214083328E-010                 -3.1218511708955679E+000                  1.9829271013063039E+000                  2.2214877286661348E+000                  2.3720027264981254E+000 
                                     667                  2.4310984375264053E+000                  6.9725443066687376E-002                  6.7553732844993384E+000                 -4.5382866412207840E-001                  1.4431564768227455E+001                  6.9995620686548410E-001                  2.8004379007241670E-001                  2.0000003062099259E-002                  0.0000000000000000E+000                  3.6289983044980735E+008                  3.5606635301570743E+007                  4.3682472032248015E-004                  2.6380005642414073E-010                  0.0000000000000000E+000                  1.3195051373497262E+000                  3.1669630400368649E+010                  5.8378399012503294E-007                  1.4601245525038136E-010                 -3.1168739097062854E+000                  1.9910139060892735E+000                  2.2295745334491044E+000                  2.3800895312810950E+000 
                                     668                  2.4237405205672053E+000                  6.7063440624843443E-002                  6.7596103189824284E+000                 -4.3749543446985961E-001                  1.4452096937350870E+001                  6.9995305437362054E-001                  2.8004694188044643E-001                  2.0000003745933026E-002                  0.0000000000000000E+000                  3.6267767843297869E+008                  3.5780456160518445E+007                  4.7930927740225842E-004                  3.4931625555746949E-010                  0.0000000000000000E+000                  1.3036952069637648E+000                  3.1580578863129536E+010                  5.9050887443417469E-007                  1.5802336777936549E-010                 -3.1143867856138603E+000                  1.9950787919190296E+000                  2.2336394192788607E+000                  2.3841544171108513E+000 
                                     669                  2.4087730098499951E+000                  6.1701938651676724E-002                  6.7638294255345670E+000                 -4.2099767241969382E-001                  1.4472773648288545E+001                  6.9994970785172783E-001                  2.8005028758853390E-001                  2.0000004559738271E-002                  0.0000000000000000E+000                  3.6244438881394625E+008                  3.5954364418780766E+007                  5.2590005509862536E-004                  4.6189184602068545E-010                  0.0000000000000000E+000                  1.2885369050603259E+000                  3.1403111904040615E+010                  6.0416874685655656E-007                  1.7305794501382949E-010                 -3.1094208720858174E+000                  2.0032541165932130E+000                  2.2418147439530443E+000                  2.3923297417850349E+000 
                                     670                  2.4011619906632449E+000                  5.9003011754480764E-002                  6.7680904934884323E+000                 -4.0461456300750509E-001                  1.4493380475335350E+001                  6.9994609054176871E-001                  2.8005390388072726E-001                  2.0000005577504032E-002                  0.0000000000000000E+000                  3.6222736444584942E+008                  3.6130882326407522E+007                  5.7706611639165022E-004                  6.1154933370409941E-010                  0.0000000000000000E+000                  1.2730565375613161E+000                  3.1314858493226898E+010                  6.1110494849691687E-007                  1.8728708822761594E-010                 -3.1069420997566768E+000                  2.0073639412542659E+000                  2.2459245686140967E+000                  2.3964395664460878E+000 
                                     671                  2.3856818614663817E+000                  5.3566456980853376E-002                  6.7723346110868352E+000                 -3.8806439234293011E-001                  1.4514135375992879E+001                  6.9994225203481508E-001                  2.8005774117692145E-001                  2.0000006788263525E-002                  0.0000000000000000E+000                  3.6199939014479375E+008                  3.6307539115664400E+007                  6.3319162535805935E-004                  8.0858960329897255E-010                  0.0000000000000000E+000                  1.2582288717333925E+000                  3.1139049212909794E+010                  6.2517397659658373E-007                  2.0538593096935889E-010                 -3.1019995540786041E+000                  2.0156306641817507E+000                  2.2541912915415816E+000                  2.4047062893735722E+000 
                                     672                  2.3778113269818446E+000                  5.0829407169454104E-002                  6.7766207837047494E+000                 -3.7163256329876404E-001                  1.4534816780580583E+001                  6.9993810195025052E-001                  2.8006188974696239E-001                  2.0000008302787142E-002                  0.0000000000000000E+000                  3.6178758697039109E+008                  3.6486844690118805E+007                  6.9482369108686201E-004                  1.0704938128268857E-009                  0.0000000000000000E+000                  1.2431178920892345E+000                  3.1051658854721786E+010                  6.3230938677961942E-007                  2.2319697511022707E-010                 -3.0995351854682665E+000                  2.0197869624073559E+000                  2.2583475897671872E+000                  2.4088625875991778E+000 
                                     673                  2.3618057609378500E+000                  4.5315307357292639E-002                  6.7823365435668785E+000                 -3.4958863810081936E-001                  1.4562526651989664E+001                  6.9993213514124875E-001                  2.8006785403557133E-001                  2.0000010823179926E-002                  0.0000000000000000E+000                  3.6150028012614053E+008                  3.6727319810403690E+007                  7.8644210331220942E-004                  1.5547846901028989E-009                  0.0000000000000000E+000                  1.2235919538290376E+000                  3.0880261803634464E+010                  6.4680937042464218E-007                  2.4592436814131492E-010                 -3.0946118485152878E+000                  2.0281471832715274E+000                  2.2667078106313583E+000                  2.4172228084633489E+000 
                                     674                  2.3454427981794921E+000                  3.9748026066431213E-002                  6.7866254898507661E+000                 -3.3295402042893979E-001                  1.4583412150134713E+001                  6.9992731276948295E-001                  2.8007267406027558E-001                  2.0000013170241471E-002                  0.0000000000000000E+000                  3.6128148201010102E+008                  3.6908796044359103E+007                  8.6302792255630819E-004                  2.0558013707634339E-009                  0.0000000000000000E+000                  1.2094061521181318E+000                  3.0704916835331493E+010                  6.6143036877472542E-007                  2.7089945326487505E-010                 -3.0897579344295560E+000                  2.0365747574971977E+000                  2.2751353848570286E+000                  2.4256503826890192E+000 
                                     675                  2.3371255217466969E+000                  3.6944504368715193E-002                  6.7909568957646016E+000                 -3.1644424612946948E-001                  1.4604218032253263E+001                  6.9992209836888830E-001                  2.8007788552462382E-001                  2.0000016106487939E-002                  0.0000000000000000E+000                  3.6107874977203792E+008                  3.7092999783208802E+007                  9.4712135331232177E-004                  2.7216932836485167E-009                  0.0000000000000000E+000                  1.1950054316269778E+000                  3.0619141669098679E+010                  6.6885473480306186E-007                  2.9418690295220656E-010                 -3.0873340971129610E+000                  2.0408125235896679E+000                  2.2793731509494988E+000                  2.4298881487814894E+000 
                                     676                  2.3202158478398838E+000                  3.1295044280842566E-002                  6.7952752260059937E+000                 -2.9976109076474228E-001                  1.4625182280730964E+001                  6.9991657123116813E-001                  2.8008340917150204E-001                  2.0000019597329777E-002                  0.0000000000000000E+000                  3.6086573834791785E+008                  3.7277542089298166E+007                  1.0394486744991827E-003                  3.5991873750810362E-009                  0.0000000000000000E+000                  1.1812642588621722E+000                  3.0448507887952114E+010                  6.8383639619621213E-007                  3.2287285004490549E-010                 -3.0825238941165045E+000                  2.0493402783920001E+000                  2.2879009057518314E+000                  2.4384159035838220E+000 
                                     677                  2.3116220428533407E+000                  2.8449686747546440E-002                  6.7996364367019764E+000                 -2.8320690810218369E-001                  1.4646063193960073E+001                  6.9991059414762424E-001                  2.8008938188745092E-001                  2.0000023964924840E-002                  0.0000000000000000E+000                  3.6066876057515872E+008                  3.7464869014657333E+007                  1.1408275977666403E-003                  4.7655497487188237E-009                  0.0000000000000000E+000                  1.1673513928710670E+000                  3.0363824197601254E+010                  6.9140017826507543E-007                  3.5073826808692622E-010                 -3.0801352564092959E+000                  2.0536297289609706E+000                  2.2921903563208019E+000                  2.4427053541527926E+000 
                                     678                  2.2941529924689430E+000                  2.2714926902111566E-002                  6.8054579086195464E+000                 -2.6099796379677975E-001                  1.4674046735300539E+001                  6.9990200795768454E-001                  2.8009796081070459E-001                  2.0000031231610871E-002                  0.0000000000000000E+000                  3.6040205246230108E+008                  3.7716371835676774E+007                  1.2916640649747232E-003                  6.9246205874937039E-009                  0.0000000000000000E+000                  1.1494746413710797E+000                  3.0198098997075592E+010                  7.0667650904746006E-007                  3.8571319977004197E-010                 -3.0753896725120353E+000                  2.0622620650882526E+000                  2.3008226924480835E+000                  2.4513376902800745E+000 
                                     679                  2.2763040419235052E+000                  1.6921420451588703E-002                  6.8098307669218769E+000                 -2.4423821231147919E-001                  1.4695143574390404E+001                  6.9989507544177187E-001                  2.8010488656125221E-001                  2.0000037996975917E-002                  0.0000000000000000E+000                  3.6019934796626359E+008                  3.7906390133585483E+007                  1.4178781899314233E-003                  9.1612942494144608E-009                  0.0000000000000000E+000                  1.1365366146203564E+000                  3.0028764525252789E+010                  7.2199023458593469E-007                  4.2225920827478124E-010                 -3.0707343382609720E+000                  2.0709700573618202E+000                  2.3095306847216515E+000                  2.4600456825536421E+000 
                                     680                  2.2672353713894862E+000                  1.4002631117488633E-002                  6.8127645817096676E+000                 -2.3310596957932736E-001                  1.4709186810041643E+001                  6.9989016225083023E-001                  2.8010979437347477E-001                  2.0000043375695054E-002                  0.0000000000000000E+000                  3.6007032262793148E+008                  3.8034418871820174E+007                  1.5088465443674744E-003                  1.1045800688775494E-008                  0.0000000000000000E+000                  1.1279026568572628E+000                  2.9944816190344906E+010                  7.2971367014572727E-007                  4.5352320280277199E-010                 -3.0684237588914498E+000                  2.0753518218748308E+000                  2.3139124492346621E+000                  2.4644274470666527E+000 
                                     681                  2.2580696523214709E+000                  1.1068546332065584E-002                  6.8157063595927703E+000                 -2.2196443006029520E-001                  1.4723247505960661E+001                  6.9988502308138456E-001                  2.8011492740314398E-001                  2.0000049515471519E-002                  0.0000000000000000E+000                  3.5994273056637126E+008                  3.8163228833596587E+007                  1.6057095406711917E-003                  1.3319095899885330E-008                  0.0000000000000000E+000                  1.1193622757530259E+000                  2.9862620752798527E+010                  7.3750615406702626E-007                  4.8507292645258154E-010                 -3.0661171756978147E+000                  2.0797522551611807E+000                  2.3183128825210120E+000                  2.4688278803530026E+000 
                                     682                  2.2488061999310820E+000                  8.1189478721118286E-003                  6.8201469628746461E+000                 -2.0531421487921456E-001                  1.4744305896544198E+001                  6.9987685982858505E-001                  2.8012307974329193E-001                  2.0000060428122968E-002                  0.0000000000000000E+000                  3.5976030387360388E+008                  3.8358502796662539E+007                  1.7628698424648152E-003                  1.7647521926222474E-008                  0.0000000000000000E+000                  1.1065350968718386E+000                  2.9782194191125710E+010                  7.4537176344545860E-007                  5.2003260064222294E-010                 -3.0638135317181745E+000                  2.0841716014522103E+000                  2.3227322288120411E+000                  2.4732472266440317E+000 
                                     683                  2.2299833735863404E+000                  2.1712687764372371E-003                  6.8253291558780971E+000                 -1.8572187961835609E-001                  1.4769041156636716E+001                  6.9986663661256299E-001                  2.8013328723513281E-001                  2.0000076152304258E-002                  0.0000000000000000E+000                  3.5954049569150478E+008                  3.8587631532247432E+007                  1.9661151028215764E-003                  2.4490832776735784E-008                  0.0000000000000000E+000                  1.0921245271986662E+000                  2.9621241577901512E+010                  7.6119244177677804E-007                  5.6633523952194671E-010                 -3.0592527663347409E+000                  2.0930717364335578E+000                  2.3316323637933891E+000                  2.4821473616253797E+000 
                                     684                  2.2156046640932532E+000                 -2.3314929528559453E-003                  6.8290470907930860E+000                 -1.7171053171419101E-001                  1.4786742779348064E+001                  6.9985883229320545E-001                  2.8014107787104431E-001                  2.0000089835750190E-002                  0.0000000000000000E+000                  3.5938632333345771E+008                  3.8752859901216991E+007                  2.1256898920951456E-003                  3.0956800355117762E-008                  0.0000000000000000E+000                  1.0819653412823929E+000                  2.9498847566043610E+010                  7.7312805453064007E-007                  6.1257429867362872E-010                 -3.0558742835905686E+000                  2.0998012617143047E+000                  2.3383618890741356E+000                  2.4888768869061262E+000 
                                     685                  2.2058930360300675E+000                 -5.3537886718616513E-003                  6.8320354769833429E+000                 -1.6051892047232039E-001                  1.4800901252650299E+001                  6.9985226889691565E-001                  2.8014762855191333E-001                  2.0000102551171017E-002                  0.0000000000000000E+000                  3.5926675197303104E+008                  3.8886181493787572E+007                  2.2627381676933933E-003                  3.7349416579433653E-008                  0.0000000000000000E+000                  1.0738541854276515E+000                  2.9418533784888245E+010                  7.8117977421186490E-007                  6.5660648693135095E-010                 -3.0536245048515207E+000                  2.1043132093560692E+000                  2.3428738367159005E+000                  2.4933888345478912E+000 
                                     686                  2.1960799767649655E+000                 -8.3929221932783453E-003                  6.8365467719339206E+000                 -1.4379731241447213E-001                  1.4822103329442548E+001                  6.9984181493856057E-001                  2.8015805966632429E-001                  2.0000125395115198E-002                  0.0000000000000000E+000                  3.5909626893673998E+008                  3.9088321392933197E+007                  2.4852309679276145E-003                  4.9529802961560051E-008                  0.0000000000000000E+000                  1.0616352725387799E+000                  2.9340680882364208E+010                  7.8933720941614367E-007                  7.0228902502149425E-010                 -3.0513687120185691E+000                  2.1088454678054189E+000                  2.3474060951652502E+000                  2.4979210929972409E+000 
                                     687                  2.1761469384680936E+000                 -1.4523873957188843E-002                  6.8410544326631904E+000                 -1.2688659913879563E-001                  1.4843489079131031E+001                  6.9983077271718130E-001                  2.8016907472552743E-001                  2.0000152557291262E-002                  0.0000000000000000E+000                  3.5891661504753387E+008                  3.9291325644780107E+007                  2.7302938453564363E-003                  6.5642305056708255E-008                  0.0000000000000000E+000                  1.0498830345693053E+000                  2.9183594809517845E+010                  8.0574073166535350E-007                  7.5910360030289607E-010                 -3.0469023407109437E+000                  2.1179773725216187E+000                  2.3565379998814495E+000                  2.5070529977134401E+000 
                                     688                  2.1660256595214951E+000                 -1.7615141637002861E-002                  6.8440791106136558E+000                 -1.1565853399769974E-001                  1.4857721056481033E+001                  6.9982296902163910E-001                  2.8017685682163174E-001                  2.0000174156729167E-002                  0.0000000000000000E+000                  3.5880285247970080E+008                  3.9428138454109021E+007                  2.9071436566325218E-003                  7.9236684204882118E-008                  0.0000000000000000E+000                  1.0419953729895379E+000                  2.9104520931662079E+010                  8.1402469631035390E-007                  8.0831368360907021E-010                 -3.0446812095279969E+000                  2.1225765417403286E+000                  2.3611371691001599E+000                  2.5116521669321501E+000 
                                     689                  2.1558003501414982E+000                 -2.0724352906109259E-002                  6.8471130957940574E+000                 -1.0442119071674801E-001                  1.4871971799712291E+001                  6.9981482848311050E-001                  2.8018497269939624E-001                  2.0000198817493264E-002                  0.0000000000000000E+000                  3.5869051729059350E+008                  3.9565849053596824E+007                  3.0957273959742230E-003                  9.5658725980165051E-008                  0.0000000000000000E+000                  1.0341521759488186E+000                  2.9027247025717960E+010                  8.2241404969218398E-007                  8.5649047676237721E-010                 -3.0424547395126362E+000                  2.1271976651760287E+000                  2.3657582925358596E+000                  2.5162732903678502E+000 
                                     690                  2.1454703748970032E+000                 -2.3851804595565015E-002                  6.8501564709564686E+000                 -9.3174464799646139E-002                  1.4886241492042984E+001                  6.9980634106449691E-001                  2.8019343196084395E-001                  2.0000226974659085E-002                  0.0000000000000000E+000                  3.5857959707267773E+008                  3.9704467148686536E+007                  3.2968755995097464E-003                  1.1549927433934850E-007                  0.0000000000000000E+000                  1.0263488814961670E+000                  2.8950445233070011E+010                  8.3087695063875960E-007                  9.0375068707803627E-010                 -3.0402316443146149E+000                  2.1318416746745066E+000                  2.3704023020343374E+000                  2.5209172998663285E+000 
                                     691                  2.1350351047380385E+000                 -2.6997802097447062E-002                  6.8532093129810594E+000                 -8.1918234139720464E-002                  1.4900530328338085E+001                  6.9979749735819641E-001                  2.8020224351634521E-001                  2.0000259125458442E-002                  0.0000000000000000E+000                  3.5847007737036669E+008                  3.9844002285511784E+007                  3.5114887503490469E-003                  1.3947315923753540E-007                  0.0000000000000000E+000                  1.0185823612809346E+000                  2.8874112476082169E+010                  8.3941883613339710E-007                  9.5201424637920052E-010                 -3.0380106448335225E+000                  2.1365089139359594E+000                  2.3750695412957907E+000                  2.5255845391277814E+000 
                                     692                  2.1244939173308564E+000                 -3.0162659594920732E-002                  6.8562717021745962E+000                 -7.0652368379947816E-002                  1.4914838515466579E+001                  6.9978828879351496E-001                  2.8021141536825400E-001                  2.0000295838231041E-002                  0.0000000000000000E+000                  3.5836194363787484E+008                  3.9984464281795941E+007                  3.7405457312745002E-003                  1.6844538407896474E-007                  0.0000000000000000E+000                  1.0108543428050014E+000                  2.8798245237600594E+010                  8.4804114636562711E-007                  1.0021499009974773E-009                 -3.0357915377831852E+000                  2.1411997349624197E+000                  2.3797603623222505E+000                  2.5302753601542411E+000 
                                     693                  2.1138461974049449E+000                 -3.3346700372551351E-002                  6.8593437311916636E+000                 -5.9376737872455759E-002                  1.4929166272668104E+001                  6.9977870787158136E-001                  2.8022095436573430E-001                  2.0000337762684284E-002                  0.0000000000000000E+000                  3.5825518309607232E+008                  4.0125863649611250E+007                  3.9851135724782213E-003                  2.0346291542291490E-007                  0.0000000000000000E+000                  1.0031675357689678E+000                  2.8722840178655827E+010                  8.5674138118349853E-007                  1.0540841206356497E-009                 -3.0335751279388492E+000                  2.1459145029916198E+000                  2.3844751303514506E+000                  2.5349901281834413E+000 
                                     694                  2.1030913371186353E+000                 -3.6550257206743805E-002                  6.8624255066780524E+000                 -4.8091215093166849E-002                  1.4943513831920185E+001                  6.9976874841956160E-001                  2.8023086593879359E-001                  2.0000385641644858E-002                  0.0000000000000000E+000                  3.5814978619063079E+008                  4.0268211685412727E+007                  4.2463583532067282E-003                  2.4579321630638013E-007                  0.0000000000000000E+000                  9.9552457686713480E-001                  2.8647894473130489E+010                  8.6551634469911898E-007                  1.1077113133092317E-009                 -3.0313623631747033E+000                  2.1506535995809704E+000                  2.3892142269408012E+000                  2.5397292247727918E+000 
                                     695                  2.0922287364663474E+000                 -3.9773672777885516E-002                  6.8655171493356297E+000                 -3.6795674396480682E-002                  1.4957881438327258E+001                  6.9975840585673199E-001                  2.8024115381896569E-001                  2.0000440324302371E-002                  0.0000000000000000E+000                  3.5804574736693609E+008                  4.0411520487308249E+007                  4.5255574906670620E-003                  2.9697099022189355E-007                  0.0000000000000000E+000                  9.8792803054493294E-001                  2.8573405833957153E+010                  8.7436266179926338E-007                  1.1628911829409532E-009                 -3.0291541982423360E+000                  2.1554174234618872E+000                  2.3939780508217181E+000                  2.5444930486537092E+000 
                                     696                  2.0812578036787497E+000                 -4.3017300108240661E-002                  6.8686187940044041E+000                 -2.5489991734094618E-002                  1.4972269350558960E+001                  6.9974767745917144E-001                  2.8025181976348251E-001                  2.0000502777345996E-002                  0.0000000000000000E+000                  3.5794306350132996E+008                  4.0555802980490141E+007                  4.8241134984686332E-003                  3.5885491299759670E-007                  0.0000000000000000E+000                  9.8038039009406508E-001                  2.8499372484134808E+010                  8.8327677312869310E-007                  1.2194476206387285E-009                 -3.0269515948657020E+000                  2.1602063910611933E+000                  2.3987670184210246E+000                  2.5492820162530152E+000 
                                     697                  2.0701779556265394E+000                 -4.6281503023526536E-002                  6.8717305897604879E+000                 -1.4174044349774902E-002                  1.4986677841324989E+001                  6.9973656260196226E-001                  2.8026286327685579E-001                  2.0000574121181947E-002                  0.0000000000000000E+000                  3.5784173363437891E+008                  4.0701072941101223E+007                  5.1435691584430501E-003                  4.3369649679946349E-007                  0.0000000000000000E+000                  9.7288407906252272E-001                  2.8425793127048927E+010                  8.9225493204127148E-007                  1.2771699243433361E-009                 -3.0247555213766026E+000                  2.1650209370770246E+000                  2.4035815644368559E+000                  2.5540965622688465E+000 
                                     698                  2.0589886182383141E+000                 -4.9566656636390510E-002                  6.8748527000303490E+000                 -2.8477104447679064E-003                  1.5001107197881439E+001                  6.9972506295063486E-001                  2.8027428143258221E-001                  2.0000655616782881E-002                  0.0000000000000000E+000                  3.5774175897290325E+008                  4.0847345019254714E+007                  5.4856239225021244E-003                  5.2422372661839682E-007                  0.0000000000000000E+000                  9.6544145296207284E-001                  2.8352666915839851E+010                  9.0129320485134760E-007                  1.3358175461067726E-009                 -3.0225669516057199E+000                  2.1698615150579723E+000                  2.4084221424178032E+000                  2.5589371402497938E+000 
                                     699                  2.0476892269329339E+000                 -5.2873147853036602E-002                  6.8779853027234701E+000                  8.4891312032439985E-003                  1.5015557722571627E+001                  6.9971318256671866E-001                  2.8028606873653122E-001                  2.0000748696750170E-002                  0.0000000000000000E+000                  3.5764314292480695E+008                  4.0994634761819087E+007                  5.8521511980947514E-003                  6.3374263515876927E-007                  0.0000000000000000E+000                  9.5805480125629405E-001                  2.8279993420958809E+010                  9.1038747555930939E-007                  1.3951297543917747E-009                 -3.0203868628058372E+000                  2.1747285979943713E+000                  2.4132892253542026E+000                  2.5638042231861933E+000 
                                     700                  2.0362792270647105E+000                 -5.6201375904827579E-002                  6.8811285903798796E+000                  1.9836601661364629E-002                  1.5030029733379285E+001                  6.9970092787674920E-001                  2.8029821707206726E-001                  2.0000855051183541E-002                  0.0000000000000000E+000                  3.5754589223623264E+008                  4.1142958631955631E+007                  6.2452159843419631E-003                  7.6626067038563634E-007                  0.0000000000000000E+000                  9.5072634961849023E-001                  2.8207772595011791E+010                  9.1953345638119433E-007                  1.4548412713012072E-009                 -3.0182162323660755E+000                  2.1796226789126476E+000                  2.4181833062724789E+000                  2.5686983041044695E+000 
                                     701                  2.0247580744231684E+000                 -5.9551752894072947E-002                  6.8842827703337086E+000                  3.1194822316516178E-002                  1.5044523564492323E+001                  6.9968830745463750E-001                  2.8031071598376905E-001                  2.0000976561593387E-002                  0.0000000000000000E+000                  3.5745001715028769E+008                  4.1292334028073274E+007                  6.6670921412110779E-003                  9.2663670209027359E-007                  0.0000000000000000E+000                  9.4345826244140063E-001                  2.8136004734276291E+010                  9.2872670484171156E-007                  1.5147049457073488E-009                 -3.0160560332297242E+000                  2.1845442714562817E+000                  2.4231048988161130E+000                  2.5736198966481036E+000 
                                     702                  2.0131252357535581E+000                 -6.2924704365337966E-002                  6.8874480649049188E+000                  4.2563915481827030E-002                  1.5059039566927170E+001                  6.9967533156049122E-001                  2.8032355298781902E-001                  2.0001115451689699E-002                  0.0000000000000000E+000                  3.5735553016838753E+008                  4.1442779302888080E+007                  7.1202784435204919E-003                  1.1207632070933424E-006                  0.0000000000000000E+000                  9.3625264557684873E-001                  2.8064690434926273E+010                  9.3796264809651304E-007                  1.5745224398641436E-009                 -3.0139072279578891E+000                  2.1894939104853273E+000                  2.4280545378451586E+000                  2.5785695356771487E+000 
                                     703                  2.0013801892578327E+000                 -6.6320669915012898E-002                  6.8906247116220660E+000                  5.3944005115277603E-002                  1.5073578109221275E+001                  6.9966201138123918E-001                  2.8033671446368535E-001                  2.0001274155075466E-002                  0.0000000000000000E+000                  3.5726244547900903E+008                  4.1594313781061053E+007                  7.6075125620336482E-003                  1.3557879884240394E-006                  0.0000000000000000E+000                  9.2911154925514994E-001                  2.7993830543359577E+010                  9.4723661514797417E-007                  1.6341830126472398E-009                 -3.0117707613867091E+000                  2.1944721527055546E+000                  2.4330327800653859E+000                  2.5835477778973761E+000 
                                     704                  1.9895224251080044E+000                 -6.9740103831084824E-002                  6.8938129634733540E+000                  6.5335217694244330E-002                  1.5088139578173768E+001                  6.9964835793475844E-001                  2.8035018648100196E-001                  2.0001455584239602E-002                  0.0000000000000000E+000                  3.5717077860521281E+008                  4.1746957770129882E+007                  8.1317823180195644E-003                  1.6403834055219629E-006                  0.0000000000000000E+000                  9.2203697122966444E-001                  2.7923426099741447E+010                  9.5654387537663584E-007                  1.6937086416243371E-009                 -3.0096475523390178E+000                  2.1994795772803979E+000                  2.4380402046402292E+000                  2.5885552024722198E+000 
                                     705                  1.9775514459743726E+000                 -7.3183475763382300E-002                  6.8970130891877837E+000                  7.6737683201087134E-002                  1.5102724379635944E+001                  6.9963438062675742E-001                  2.8036395638586908E-001                  2.0001662987373492E-002                  0.0000000000000000E+000                  3.5708054606710434E+008                  4.1900732568403676E+007                  8.6963340527892261E-003                  1.9850742269459869E-006                  0.0000000000000000E+000                  9.1503086010304158E-001                  2.7853478274486656E+010                  9.6587967992151977E-007                  1.7533023697597710E-009                 -3.0075384852398126E+000                  2.2045167864193340E+000                  2.4430774137791653E+000                  2.5935924116111559E+000 
                                     706                  1.9654667675682362E+000                 -7.6651271425767664E-002                  6.9002253735473884E+000                  8.8151536242610268E-002                  1.5117332939350963E+001                  6.9962008548582921E-001                  2.8037801444001770E-001                  2.0001900074153145E-002                  0.0000000000000000E+000                  3.5699176604654968E+008                  4.2055660466454044E+007                  9.3046788087433521E-003                  2.4026361109172837E-006                  0.0000000000000000E+000                  9.0809511863733938E-001                  2.7783988298451874E+010                  9.7523930190054314E-007                  1.8133954943795472E-009                 -3.0054444025388691E+000                  2.2095844059474867E+000                  2.4481450333073180E+000                  2.5986600311393087E+000 
                                     707                  1.9532679192054812E+000                 -8.0143993329843968E-002                  6.9034501162777513E+000                  9.9576918773668296E-002                  1.5131965703836324E+001                  6.9960547316502486E-001                  2.8039235562956544E-001                  2.0002171205409702E-002                  0.0000000000000000E+000                  3.5690445757041889E+008                  4.2211764677002609E+007                  9.9605980391170440E-003                  2.9085798988768215E-006                  0.0000000000000000E+000                  9.0123077619451963E-001                  2.7714957338715267E+010                  9.8461864418233627E-007                  1.8746863020475263E-009                 -3.0033659724652355E+000                  2.2146830855052198E+000                  2.4532437128650511E+000                  2.6037587106970417E+000 
                                     708                  1.9409544444007363E+000                 -8.3662161536693286E-002                  6.9066876262050059E+000                  1.1101398779382643E-001                  1.5146623141322268E+001                  6.9959053684627059E-001                  2.8040698189851504E-001                  2.0002481255214422E-002                  0.0000000000000000E+000                  3.5681863799894589E+008                  4.2369069031036459E+007                  1.0668151601144253E-002                  3.5217403390409189E-006                  0.0000000000000000E+000                  8.9443615852126312E-001                  2.7646386168034161E+010                  9.9401620010435555E-007                  1.9381629640044829E-009                 -3.0013032687879648E+000                  2.2198134972080044E+000                  2.4583741245678357E+000                  2.6088891223998263E+000 
                                     709                  1.9285259014637692E+000                 -8.7206314395542661E-002                  6.9099382159422653E+000                  1.2246292253536963E-001                  1.5161305742753452E+001                  6.9957526024007988E-001                  2.8042190394548833E-001                  2.0002835814431741E-002                  0.0000000000000000E+000                  3.5673432111332786E+008                  4.2527597695342802E+007                  1.1431692806078709E-002                  4.2649904871805609E-006                  0.0000000000000000E+000                  8.8770911997764101E-001                  2.7578274706387123E+010                  1.0034329948350445E-006                  2.0051046043023544E-009                 -2.9992558113116985E+000                  2.2249763332445007E+000                  2.4635369606043320E+000                  2.6140519584363227E+000 
                                     710                  1.9159818641075441E+000                 -9.0777009270032100E-002                  6.9132022015107477E+000                  1.3392392648760246E-001                  1.5176014022842587E+001                  6.9955961590144966E-001                  2.8043714271627457E-001                  2.0003241382275716E-002                  0.0000000000000000E+000                  3.5665151649039435E+008                  4.2687375131607741E+007                  1.2255896269682551E-002                  5.1661096616517721E-006                  0.0000000000000000E+000                  8.8104759975356339E-001                  2.7510621757214867E+010                  1.0128706841365263E-006                  2.0770544828589145E-009                 -2.9972229993094444E+000                  2.2301723048642534E+000                  2.4687329322240843E+000                  2.6192479300560749E+000 
                                     711                  1.9033219220722155E+000                 -9.4374823293442059E-002                  6.9164799029743493E+000                  1.4539722823030699E-001                  1.5190748521175264E+001                  6.9954356407951945E-001                  2.8045273062657589E-001                  2.0003705293904606E-002                  0.0000000000000000E+000                  3.5657022934060198E+008                  4.2848426113897249E+007                  1.3145803504746015E-002                  6.2588386549081675E-006                  0.0000000000000000E+000                  8.7444961704329160E-001                  2.7443424948668701E+010                  1.0223311104419411E-006                  2.1557642892492967E-009                 -2.9952042115191500E+000                  2.2354021429586721E+000                  2.4739627703185030E+000                  2.6244777681504936E+000 
                                     712                  1.8905456817656110E+000                 -9.8000354165081086E-002                  6.9197716450816298E+000                  1.5688308209087165E-001                  1.5205509803369903E+001                  6.9952705226995560E-001                  2.8046871177783245E-001                  2.0004235952211902E-002                  0.0000000000000000E+000                  3.5649046149655151E+008                  4.3010775755692191E+007                  1.4106890322051263E-002                  7.5841592391170737E-006                  0.0000000000000000E+000                  8.6791326648874489E-001                  2.7376680718605274E+010                  1.0318162285090467E-006                  2.2431150126610408E-009                 -2.9931988228909292E+000                  2.2406665990305696E+000                  2.4792272263904009E+000                  2.6297422242223916E+000 
                                     713                  1.8776527669205385E+000                 -1.0165422099253772E-001                  6.9230777579202725E+000                  1.6838176860618134E-001                  1.5220298462309675E+001                  6.9951001555159686E-001                  2.8048514138589986E-001                  2.0004843062503275E-002                  0.0000000000000000E+000                  3.5641221169832063E+008                  4.3174449552919410E+007                  1.5145158245822877E-002                  9.1918455851427847E-006                  0.0000000000000000E+000                  8.6143671388551812E-001                  2.7310384311633995E+010                  1.0413280154856645E-006                  2.3410226577763968E-009                 -2.9912062236805967E+000                  2.2459664463322562E+000                  2.4845270736920875E+000                  2.6350420715240781E+000 
                                     714                  1.8646428192468765E+000                 -1.0533706519129526E-001                  6.9263985775853456E+000                  1.7989359478791811E-001                  1.5235115119448013E+001                  6.9949237767455985E-001                  2.8050208469282456E-001                  2.0005537632615589E-002                  0.0000000000000000E+000                  3.5633547526287472E+008                  4.3339473442588255E+007                  1.6267249617375894E-002                  1.1142345566413613E-005                  0.0000000000000000E+000                  8.5501819213120778E-001                  2.7244529788506680E+010                  1.0508683782692523E-006                  2.4513420030035323E-009                 -2.9892258380710510E+000                  2.2513024812131199E+000                  2.4898631085729512E+000                  2.6403781064049419E+000 
                                     715                  1.8515154991065732E+000                 -1.0904955143964830E-001                  6.9297344468590794E+000                  1.9141889424099218E-001                  1.5249960426172068E+001                  6.9947405275018071E-001                  2.8051961499307065E-001                  2.0006332256748638E-002                  0.0000000000000000E+000                  3.5626024432411945E+008                  4.3505873873809598E+007                  1.7480583740950337E-002                  1.3509056115777988E-005                  0.0000000000000000E+000                  8.4865599740138165E-001                  2.7179110045380089E+010                  1.0604390744071248E-006                  2.5757842670396618E-009                 -2.9872571390140079E+000                  2.2566755246501642E+000                  2.4952361520099950E+000                  2.6457511498419857E+000 
                                     716                  1.8382704862212131E+000                 -1.1279236869188798E-001                  6.9330857159050190E+000                  2.0295802721493217E-001                  1.5264835065232761E+001                  6.9945494729937396E-001                  2.8053781129337052E-001                  2.0007241407255516E-002                  0.0000000000000000E+000                  3.5618650835775864E+008                  4.3673677886344694E+007                  1.8793509832606980E-002                  1.6381072336987106E-005                  0.0000000000000000E+000                  8.4234848549600516E-001                  2.7114116838137188E+010                  1.0700416590053460E-006                  2.7158606200959679E-009                 -2.9852996569873231E+000                  2.2620864239204042E+000                  2.5006470512802350E+000                  2.6511620491122256E+000 
                                     717                  1.8249074803997833E+000                 -1.1656623125887952E-001                  6.9364527429806868E+000                  2.1451138068455544E-001                  1.5279739752256042E+001                  6.9943496236903402E-001                  2.8055675609793168E-001                  2.0008281533034245E-002                  0.0000000000000000E+000                  3.5611425485512298E+008                  4.3842913192946523E+007                  2.0215472315266880E-002                  1.9866506813904482E-005                  0.0000000000000000E+000                  8.3609406828483634E-001                  2.7049540806244190E+010                  1.0796774660442865E-006                  2.8728599166692617E-009                 -2.9833529813479571E+000                  2.2675360543799927E+000                  2.5060966817398236E+000                  2.6566116795718142E+000 
                                     718                  1.8114262022868808E+000                 -1.2037187996125288E-001                  6.9398358951708810E+000                  2.2607936858131611E-001                  1.5294675237341917E+001                  6.9941399542586147E-001                  2.8057653315857489E-001                  2.0009471415563640E-002                  0.0000000000000000E+000                  3.5604347065548891E+008                  4.4013608258593395E+007                  2.1757185202249132E-002                  2.4096483246168411E-005                  0.0000000000000000E+000                  8.2989121020525836E-001                  2.6985371489500370E+010                  1.0893476279656523E-006                  3.0478640000765377E-009                 -2.9814167539624425E+000                  2.2730253213008611E+000                  2.5115859486606924E+000                  2.6621009464926830E+000 
                                     719                  1.7978263941338448E+000                 -1.2421008335914561E-001                  6.9432355491461024E+000                  2.3766243225902747E-001                  1.5309642306768296E+001                  6.9939194179975717E-001                  2.8059722565830636E-001                  2.0010832541936474E-002                  0.0000000000000000E+000                  3.5597414291916716E+008                  4.4185792375518285E+007                  2.3430814670911852E-002                  2.9229930921445593E-005                  0.0000000000000000E+000                  8.2373842475236847E-001                  2.6921597331745499E+010                  1.0990531289157555E-006                  3.2417956407986840E-009                 -2.9794906565010675E+000                  2.2785551617284510E+000                  2.5171157890882823E+000                  2.6676307869202729E+000 
                                     720                  1.7841078205746772E+000                 -1.2808163906804379E-001                  6.9466520919505097E+000                  2.4926104125735729E-001                  1.5324641784818077E+001                  6.9936869552973713E-001                  2.8061891514993653E-001                  2.0012389320326340E-002                  0.0000000000000000E+000                  3.5590625867091066E+008                  4.4359495733751312E+007                  2.5250172059367131E-002                  3.5459327924262635E-005                  0.0000000000000000E+000                  8.1763427092050067E-001                  2.6858205667719151E+010                  1.1087948826559869E-006                  3.4554900721925189E-009                 -2.9775743935484011E+000                  2.2841265463654379E+000                  2.5226871737252692E+000                  2.6732021715572598E+000 
                                     721                  1.7702702694070200E+000                 -1.3198737516500772E-001                  6.9500859218162745E+000                  2.6087569436837782E-001                  1.5339674535714341E+001                  6.9934414956367241E-001                  2.8064168088716790E-001                  2.0014169549159688E-002                  0.0000000000000000E+000                  3.5583980454822248E+008                  4.4534749483752392E+007                  2.7230922754169475E-002                  4.3017544896940054E-005                  0.0000000000000000E+000                  8.1157734960863137E-001                  2.6795182691107056E+010                  1.1185738249902839E-006                  3.6897795744263030E-009                 -2.9756676737640704E+000                  2.2897404814695688E+000                  2.5283011088294001E+000                  2.6788161066613907E+000 
                                     722                  1.7563135524228619E+000                 -1.3592815167720290E-001                  6.9535374523446807E+000                  2.7250691752739625E-001                  1.5354741465660327E+001                  6.9931819535510964E-001                  2.8066559982964556E-001                  2.0016204815244798E-002                  0.0000000000000000E+000                  3.5577476724801797E+008                  4.4711585963663340E+007                  2.9390820618302404E-002                  5.2185977812396647E-005                  0.0000000000000000E+000                  8.0556789697536235E-001                  2.6732513511524662E+010                  1.1283894602983019E-006                  3.9455789868252595E-009                 -2.9737704895088077E+000                  2.2953980115750219E+000                  2.5339586389348532E+000                  2.6844736367668438E+000 
                                     723                  1.7422375062688573E+000                 -1.3990486219566137E-001                  6.9570071293590878E+000                  2.8415524891588928E-001                  1.5369843525012127E+001                  6.9929072196530928E-001                  2.8069074710361119E-001                  2.0018530931079526E-002                  0.0000000000000000E+000                  3.5571113619517052E+008                  4.4890039581282035E+007                  3.1749983481460332E-002                  6.3304191297013280E-005                  0.0000000000000000E+000                  7.9961208341649481E-001                  2.6670182699037083E+010                  1.1382339415958313E-006                  4.2239619907031812E-009                 -2.9718842340396527E+000                  2.3011002262670854E+000                  2.5396608536269167E+000                  2.6901758514589074E+000 
                                     724                  1.7280419933338551E+000                 -1.4391843574583926E-001                  6.9604954476627992E+000                  2.9582122446039505E-001                  1.5384981710617552E+001                  6.9926161481606908E-001                  2.8071719668435974E-001                  2.0021188499571130E-002                  0.0000000000000000E+000                  3.5564890637862670E+008                  4.5070147704961054E+007                  3.4331219853561641E-002                  7.6781266331593968E-005                  0.0000000000000000E+000                  7.9371735654535025E-001                  2.6608175178509926E+010                  1.1480917804792240E-006                  4.5262216985268714E-009                 -2.9700116961421927E+000                  2.3068482703024871E+000                  2.5454088976623184E+000                  2.6959238954943090E+000 
                                     725                  1.7137269026651223E+000                 -1.4796983893325769E-001                  6.9640029551971523E+000                  3.0750537660972638E-001                  1.5400157068356187E+001                  6.9923075424483916E-001                  2.8074502243638549E-001                  2.0024223318775292E-002                  0.0000000000000000E+000                  3.5558807956233478E+008                  4.5251950911161005E+007                  3.7160414669892387E-002                  9.3109024584671815E-005                  0.0000000000000000E+000                  7.8789105931975245E-001                  2.6546476671474903E+010                  1.1579455159667742E-006                  4.8539128526353506E-009                 -2.9681559373473188E+000                  2.3126433507605291E+000                  2.5512039781203599E+000                  2.7017189759523506E+000 
                                     726                  1.6992921509119296E+000                 -1.5206007826237289E-001                  6.9675302543820195E+000                  3.1920823630350170E-001                  1.5415370695907550E+001                  6.9919801399773063E-001                  2.8077429900681861E-001                  2.0027686995450766E-002                  0.0000000000000000E+000                  3.5552866321431237E+008                  4.5435493091959640E+007                  4.0266989992280081E-002                  1.1287727408967501E-004                  0.0000000000000000E+000                  7.8214045257524423E-001                  2.6485073628566452E+010                  1.1677770439452590E-006                  5.2088761393750808E-009                 -2.9663200331610895E+000                  2.3184867404705680E+000                  2.5570473678303989E+000                  2.7075623656623895E+000 
                                     727                  1.6847376832850551E+000                 -1.5619020261729008E-001                  6.9710780036705273E+000                  3.3093033493145202E-001                  1.5430623745758956E+001                  6.9916325976725191E-001                  2.8080510276793758E-001                  2.0031637464810514E-002                  0.0000000000000000E+000                  3.5547066958892423E+008                  4.5620821578794211E+007                  4.3684455668503257E-002                  1.3679118371205871E-004                  0.0000000000000000E+000                  7.7647273925504612E-001                  2.6423953066293964E+010                  1.1775675468722720E-006                  5.5932464102269467E-009                 -2.9645070858818992E+000                  2.3243797809648288E+000                  2.5629404083246596E+000                  2.7134554061566503E+000 
                                     728                  1.6700634745567224E+000                 -1.6036130591255227E-001                  6.9746469193357763E+000                  3.4267220625947220E-001                  1.5445917428461113E+001                  6.9912634785063243E-001                  2.8083751263572820E-001                  2.0036139513639362E-002                  0.0000000000000000E+000                  3.5541411542498070E+008                  4.5807987282203890E+007                  4.7451064776975964E-002                  1.6569074602355608E-004                  0.0000000000000000E+000                  7.7089509046283200E-001                  2.6363102405956516E+010                  1.1872974004258930E-006                  6.0094475920277150E-009                 -2.9627202415394374E+000                  2.3303238857236970E+000                  2.5688845130835283E+000                  2.7193995109155185E+000 
                                     729                  1.6552695300997842E+000                 -1.6457452993131294E-001                  6.9782377775127653E+000                  3.5443438830771329E-001                  1.5461253016156803E+001                  6.9908712397383277E-001                  2.8087161077380629E-001                  2.0041265252360940E-002                  0.0000000000000000E+000                  3.5535902179905486E+008                  4.5997044851795502E+007                  5.1610590474428730E-002                  2.0057209427860347E-004                  0.0000000000000000E+000                  7.6541467347750081E-001                  2.6302509315157326E+010                  1.1969460587263317E-006                  6.4601771568838234E-009                 -2.9609627104799010E+000                  2.3363205437453880E+000                  2.5748811711052193E+000                  2.7253961689372099E+000 
                                     730                  1.6403558869626789E+000                 -1.6883106737085518E-001                  6.9818514165206702E+000                  3.6621742516395084E-001                  1.5476631846409283E+001                  6.9904542232251243E-001                  2.8090748320021680E-001                  2.0047094477270821E-002                  0.0000000000000000E+000                  3.5530541414907348E+008                  4.6188052859465845E+007                  5.6213243810684682E-002                  2.4261012955197102E-004                  0.0000000000000000E+000                  7.6003868190484480E-001                  2.6242161552386868E+010                  1.2064919178893355E-006                  6.9483811405925579E-009                 -2.9592377915099308E+000                  2.3423713234888135E+000                  2.5809319508486448E+000                  2.7314469486806354E+000 
                                     731                  1.6253226149817348E+000                 -1.7313216511626744E-001                  6.9854887394926513E+000                  3.7802186871618992E-001                  1.5492055326357374E+001                  6.9900106480969892E-001                  2.8094522022711421E-001                  2.0053714963186864E-002                  0.0000000000000000E+000                  3.5525332344442320E+008                  4.6381074006099656E+007                  6.1316756380630735E-002                  2.9318142225210768E-004                  0.0000000000000000E+000                  7.5477436818116950E-001                  2.6182046815024719E+010                  1.2159046654426772E-006                  7.4697285872219136E-009                 -2.9575502375708176E+000                  2.3484778772189365E+000                  2.5870385045787678E+000                  2.7375535024107585E+000 
                                     732                  1.6101698179320953E+000                 -1.7747912776581160E-001                  6.9891507173428620E+000                  3.8984828028198842E-001                  1.5507524937223664E+001                  6.9895386063086129E-001                  2.8098491700925293E-001                  2.0061222359885722E-002                  0.0000000000000000E+000                  3.5520278630722505E+008                  4.6576175361661948E+007                  6.6987657269878889E-002                  3.5388575369151389E-004                  0.0000000000000000E+000                  7.4962907869724948E-001                  2.6122152591029873E+010                  1.2251352168116261E-006                  8.0026885220378126E-009                 -2.9559079880275267E+000                  2.3546419458183268E+000                  2.5932025731781576E+000                  2.7437175710101482E+000 
                                     733                  1.5948976347265131E+000                 -1.8187332143203533E-001                  6.9919158279950420E+000                  3.9877253092565856E-001                  1.5519199634677188E+001                  6.9891657673442464E-001                  2.8101596477032448E-001                  2.0067458495250934E-002                  0.0000000000000000E+000                  3.5516446946981436E+008                  4.6724007486830093E+007                  7.1667925856785344E-002                  4.0726600792341961E-004                  0.0000000000000000E+000                  7.4586974920569016E-001                  2.6061710485314762E+010                  1.2341161535106918E-006                  8.5179849824072985E-009                 -2.9543219815554527E+000                  2.3608658831156450E+000                  2.5994265104754763E+000                  2.7499415083074670E+000 
                                     734                  1.5872019376912212E+000                 -1.8409271632379393E-001                  6.9937663180098308E+000                  4.0470262466758739E-001                  1.5526970406852271E+001                  6.9889063561170750E-001                  2.8103738303898745E-001                  2.0071981349305101E-002                  0.0000000000000000E+000                  3.5514041256443173E+008                  4.6823187157300659E+007                  7.5001750951531831E-002                  4.4695200114347781E-004                  0.0000000000000000E+000                  7.4339302050933875E-001                  2.6031515472774834E+010                  1.2386843400378582E-006                  8.9382882187244305E-009                 -2.9535196764511165E+000                  2.3640066148938206E+000                  2.6025672422536514E+000                  2.7530822400856425E+000 
                                     735                  1.5795062406559295E+000                 -1.8631586387336357E-001                  6.9956235628946386E+000                  4.1063828873463498E-001                  1.5534753364599581E+001                  6.9886390091133288E-001                  2.8105933225459251E-001                  2.0076766834074666E-002                  0.0000000000000000E+000                  3.5511678760186732E+008                  4.6922928544700466E+007                  7.8524757560277603E-002                  4.9030865596340052E-004                  0.0000000000000000E+000                  7.4095025548115756E-001                  2.6001862701388439E+010                  1.2431419526844390E-006                  9.3266448932969095E-009                 -2.9527396385160292E+000                  2.3671504970842050E+000                  2.6057111244440359E+000                  2.7562261222760265E+000 
                                     736                  1.5717510446617364E+000                 -1.8856015147770563E-001                  6.9974877485477380E+000                  4.1658009049446720E-001                  1.5542549223942681E+001                  6.9883626991095171E-001                  2.8108186152321485E-001                  2.0081868565833494E-002                  0.0000000000000000E+000                  3.5509356419454587E+008                  4.7023242373818256E+007                  8.2249776727106094E-002                  5.3759312140489021E-004                  0.0000000000000000E+000                  7.3854257619525376E-001                  2.5972140477311150E+010                  1.2475649810532896E-006                  9.7367442684498849E-009                 -2.9519684121597418E+000                  2.3703223656443333E+000                  2.6088829930041642E+000                  2.7593979908361548E+000 
                                     737                  1.5639958486675436E+000                 -1.9080856268421356E-001                  7.0002951542978229E+000                  4.2546328558902513E-001                  1.5554224546056512E+001                  6.9879307086216702E-001                  2.8111679801268269E-001                  2.0090131125150235E-002                  0.0000000000000000E+000                  3.5506099220117807E+008                  4.7174690852877595E+007                  8.8234785358505333E-002                  6.1627153866709958E-004                  2.1320895818486589E-055                  7.3498270822316292E-001                  2.5942956652173153E+010                  1.2519802412233686E-006                  1.0227888715041123E-008                 -2.9512012625577517E+000                  2.3734978914809459E+000                  2.6120585188407768E+000                  2.7625735166727678E+000 
                                     738                  1.5483667106885164E+000                 -1.9535332403136474E-001                  7.0040669178896406E+000                  4.3738342657483442E-001                  1.5569895137171356E+001                  6.9873232534030283E-001                  2.8116539586446704E-001                  2.0102278795230077E-002                  0.0000000000000000E+000                  3.5501714417513722E+008                  4.7378880261178873E+007                  9.7075249730698240E-002                  7.3831768748436550E-004                  3.6353179941068004E-055                  7.3038628980737386E-001                  2.5884577640288979E+010                  1.2602646281630626E-006                  1.0891462915979751E-008                 -2.9497691264554677E+000                  2.3799108498315653E+000                  2.6184714771913962E+000                  2.7689864750233872E+000 
                                     739                  1.5326191189978595E+000                 -1.9995148342271224E-001                  7.0078692676149386E+000                  4.4932860388479218E-001                  1.5585620564427007E+001                  6.9866760472305534E-001                  2.8121651604808440E-001                  2.0115879228860267E-002                  0.0000000000000000E+000                  3.5497511360077655E+008                  4.7585557946742311E+007                  1.0701109407336347E-001                  8.8202281621772112E-004                  6.3132558868033475E-055                  7.2592769836362314E-001                  2.5825577481566525E+010                  1.2682903617047571E-006                  1.1630179480948565E-008                 -2.9483906539644797E+000                  2.3863920856580796E+000                  2.6249527130179109E+000                  2.7754677108499015E+000 
                                     740                  1.5167534076473224E+000                 -2.0460478280692479E-001                  7.0107445810329230E+000                  4.5834634406145558E-001                  1.5597496284319833E+001                  6.9861645424454877E-001                  2.8125649924435331E-001                  2.0127046511097868E-002                  0.0000000000000000E+000                  3.5494339299832416E+008                  4.7742403256385788E+007                  1.1529622858047125E-001                  1.0060339461376649E-003                  9.5733766028299840E-055                  7.2268299094038180E-001                  2.5765920066943142E+010                  1.2760088896027703E-006                  1.2387003717557932E-008                 -2.9470731499970904E+000                  2.3929439879658188E+000                  2.6315046153256496E+000                  2.7820196131576402E+000 
                                     741                  1.5087616807967270E+000                 -2.0695683134394996E-001                  7.0126699473337339E+000                  4.6433832794891250E-001                  1.5605401932369654E+001                  6.9858086948291898E-001                  2.8128408431388957E-001                  2.0135046203191509E-002                  0.0000000000000000E+000                  3.5492380131248325E+008                  4.7847695960712887E+007                  1.2123966309756605E-001                  1.0966929962426023E-003                  1.2642724539603019E-054                  7.2054700538524141E-001                  2.5736085292558155E+010                  1.2800533923270843E-006                  1.3059112289744690E-008                 -2.9463859575551967E+000                  2.3962528741763478E+000                  2.6348135015361787E+000                  2.7853284993681693E+000 
                                     742                  1.5007699539461310E+000                 -2.0931469747441916E-001                  7.0155708268471715E+000                  4.7329634527588160E-001                  1.5617243053815097E+001                  6.9852525213317906E-001                  2.8132686437253440E-001                  2.0147883494286534E-002                  0.0000000000000000E+000                  3.5489675906164616E+008                  4.8006740770759158E+007                  1.3084401511864516E-001                  1.2453556292642905E-003                  1.9202444678423547E-054                  7.1738123861176395E-001                  2.5707164243456875E+010                  1.2840557566903053E-006                  1.3762903872356441E-008                 -2.9457080588901290E+000                  2.3995674418140975E+000                  2.6381280691739288E+000                  2.7886430670059195E+000 
                                     743                  1.4846691800200631E+000                 -2.1408386924877651E-001                  7.0194727423486132E+000                  4.8532195268686468E-001                  1.5633145734601188E+001                  6.9844714025459831E-001                  2.8138638416492445E-001                  2.0166475580477239E-002                  0.0000000000000000E+000                  3.5486050733271426E+008                  4.8221439941804945E+007                  1.4515135921396072E-001                  1.4699276301157608E-003                  3.3641652547570888E-054                  7.1327264787070832E-001                  2.5649230299974339E+010                  1.2913384285854062E-006                  1.4641516347513995E-008                 -2.9444799623656932E+000                  2.4062657713354887E+000                  2.6448263986953195E+000                  2.7953413965273102E+000 
                                     744                  1.4684515544042520E+000                 -2.1891397101785551E-001                  7.0234104503899069E+000                  4.9737656191045138E-001                  1.5649112179732084E+001                  6.9836410946051686E-001                  2.8144901102975417E-001                  2.0186879509728972E-002                  0.0000000000000000E+000                  3.5482628751433247E+008                  4.8439004681764923E+007                  1.6138362639712364E-001                  1.7254268894779474E-003                  5.9127247350277370E-054                  7.0925976620638143E-001                  2.5590517045026642E+010                  1.2984213187939595E-006                  1.5592983832119173E-008                 -2.9432921812186970E+000                  2.4130423964378740E+000                  2.6516030237977053E+000                  2.8021180216296959E+000 
                                     745                  1.4521175936900617E+000                 -2.2380714081219288E-001                  7.0263914664621288E+000                  5.0648155742954104E-001                  1.5661177890847732E+001                  6.9829866115379724E-001                  2.8149800807598024E-001                  2.0203330770222516E-002                  0.0000000000000000E+000                  3.5480057482633340E+008                  4.8604313653612733E+007                  1.7503275563298346E-001                  1.9384216750285151E-003                  9.0510941063689524E-054                  7.0632071674477914E-001                  2.5530956387581684E+010                  1.3052431842455222E-006                  1.6539552542802539E-008                 -2.9421542829610510E+000                  2.4199001166516174E+000                  2.6584607440114483E+000                  2.8089757418434389E+000 
                                     746                  1.4438927289617225E+000                 -2.2628222694018038E-001                  7.0283884303176585E+000                  5.1253167224813423E-001                  1.5669211224960579E+001                  6.9825328290162403E-001                  2.8153182275623378E-001                  2.0214894342142187E-002                  0.0000000000000000E+000                  3.5478505818825573E+008                  4.8715341372631297E+007                  1.8487851192045807E-001                  2.0896011565385885E-003                  1.2029718056420790E-053                  7.0437609211024044E-001                  2.5501103095087154E+010                  1.3088599982279355E-006                  1.7296779509456709E-008                 -2.9415534025644923E+000                  2.4233659181889764E+000                  2.6619265455488077E+000                  2.8124415433807983E+000 
                                     747                  1.4356678642333833E+000                 -2.2876523026776008E-001                  7.0303950450992208E+000                  5.1858956496123354E-001                  1.5677261715928624E+001                  6.9820659569996979E-001                  2.8156648257152495E-001                  2.0226921728505265E-002                  0.0000000000000000E+000                  3.5477009498916489E+008                  4.8827140926883884E+007                  1.9539259687529037E-001                  2.2480018130073692E-003                  1.6002493582683091E-053                  7.0244941443804998E-001                  2.5471727311060970E+010                  1.3123516978778105E-006                  1.7979637268684495E-008                 -2.9409748812685548E+000                  2.4268404280425244E+000                  2.6654010554023553E+000                  2.8159160532343459E+000 
                                     748                  1.4273854240800739E+000                 -2.3127385839922943E-001                  7.0324115368518010E+000                  5.2465594178768693E-001                  1.5685330288835161E+001                  6.9815856818704125E-001                  2.8160207536710608E-001                  2.0239356445852730E-002                  0.0000000000000000E+000                  3.5475567782180148E+008                  4.8939728784147948E+007                  2.0662522052784202E-001                  2.4134261137275311E-003                  2.1306383963821012E-053                  7.0053944264698831E-001                  2.5442207392811298E+010                  1.3158034723552486E-006                  1.8659415447039735E-008                 -2.9404044859253622E+000                  2.4303486990655427E+000                  2.6689093264253736E+000                  2.8194243242573642E+000 
                                     749                  1.4191029839267641E+000                 -2.3379100515451900E-001                  7.0354511738281431E+000                  5.3372566204210936E-001                  1.5697417878667988E+001                  6.9808384786012490E-001                  2.8165729596352235E-001                  2.0258856176352813E-002                  0.0000000000000000E+000                  3.5473653815774858E+008                  4.9109891879191183E+007                  2.2489970671208193E-001                  2.6715101282982667E-003                  3.2766086225919438E-053                  6.9768913674768329E-001                  2.5413149977507385E+010                  1.3192502703121133E-006                  1.9375328870874759E-008                 -2.9398364040823179E+000                  2.4338664385590105E+000                  2.6724270659188414E+000                  2.8229420637508320E+000 
                                     750                  1.4024236240409202E+000                 -2.3888740212637488E-001                  7.0385217942045113E+000                  5.4290742437966832E-001                  1.5709647488152383E+001                  6.9800643401803431E-001                  2.8171444552842723E-001                  2.0279120453538413E-002                  0.0000000000000000E+000                  3.5471583548577034E+008                  4.9282351144861870E+007                  2.4521782042114365E-001                  2.9424817019265623E-003                  5.0568220255262807E-053                  6.9489618734490499E-001                  2.5353884975568401E+010                  1.3254760086476942E-006                  2.0265122352286170E-008                 -2.9388140643336875E+000                  2.4409827587857156E+000                  2.6795433861455464E+000                  2.8300583839775371E+000 
                                     751                  1.3940270676019821E+000                 -2.4146689201971810E-001                  7.0405793349095225E+000                  5.4900888975862405E-001                  1.5717791123073162E+001                  6.9795305881399061E-001                  2.8175390328951361E-001                  2.0293037896495836E-002                  0.0000000000000000E+000                  3.5470376352225447E+008                  4.9398223949521743E+007                  2.5992745434557740E-001                  3.1265249325881754E-003                  6.7580678384981425E-053                  6.9303918311643931E-001                  2.5323684797262867E+010                  1.3288722252315280E-006                  2.1049785315725805E-008                 -2.9382583878373763E+000                  2.4445816942948251E+000                  2.6831423216546559E+000                  2.8336573194866470E+000 
                                     752                  1.3856305111630445E+000                 -2.4405621087883056E-001                  7.0436813686361237E+000                  5.5813149796142170E-001                  1.5729992420625903E+001                  6.9787033410564969E-001                  2.8181513709364753E-001                  2.0314528800702725E-002                  0.0000000000000000E+000                  3.5468825632156307E+008                  4.9573394122951992E+007                  2.8391285247780496E-001                  3.4019406211871035E-003                  1.0452032272971976E-052                  6.9025830918807995E-001                  2.5294332169545395E+010                  1.3322510494503978E-006                  2.1824595825796050E-008                 -2.9377069644906681E+000                  2.4481914272911536E+000                  2.6867520546509844E+000                  2.8372670524829751E+000 
                                     753                  1.3687244291951788E+000                 -2.4930112117669595E-001                  7.0468167510638819E+000                  5.6737148245148317E-001                  1.5742343507493842E+001                  6.9778501484250510E-001                  2.8187853067196794E-001                  2.0336454485526900E-002                  0.0000000000000000E+000                  3.5467130194431454E+008                  4.9751044793116383E+007                  3.1065999664621358E-001                  3.6754404098320453E-003                  1.6226790505926938E-052                  6.8752139044214311E-001                  2.5234323973945580E+010                  1.3382712263320710E-006                  2.2714193498920064E-008                 -2.9367279297705906E+000                  2.4554969364843284E+000                  2.6940575638441597E+000                  2.8445725616761504E+000 
                                     754                  1.3602153253059048E+000                 -2.5195699707593733E-001                  7.0489180303770977E+000                  5.7351197931534248E-001                  1.5750568977490705E+001                  6.9772649338604875E-001                  2.8192231609430668E-001                  2.0351190519644513E-002                  0.0000000000000000E+000                  3.5466184132015896E+008                  4.9870436855095968E+007                  3.3006208729460490E-001                  3.8512976302762713E-003                  2.1772900796198412E-052                  6.8569479975341341E-001                  2.5203673389654854E+010                  1.3415016528373736E-006                  2.3409243865883066E-008                 -2.9362043939530804E+000                  2.4591931241381344E+000                  2.6977537514979653E+000                  2.8482687493299559E+000 
                                     755                  1.3517062214166304E+000                 -2.5462417389658926E-001                  7.0510306310658786E+000                  5.7966269347012001E-001                  1.5758815763969240E+001                  6.9766669434970896E-001                  2.8196721738401404E-001                  2.0366088266277060E-002                  0.0000000000000000E+000                  3.5465307102560389E+008                  4.9990743807250634E+007                  3.5087627307554270E-001                  4.0167900835760212E-003                  2.9244884850949147E-052                  6.8387214532412388E-001                  2.5173407993124237E+010                  1.3446828793345421E-006                  2.4052090882906723E-008                 -2.9356900622894244E+000                  2.4629022966371821E+000                  2.7014629239970129E+000                  2.8519779218290040E+000 
                                     756                  1.3431415070212631E+000                 -2.5732051790073568E-001                  7.0531548054926398E+000                  5.8582440378368728E-001                  1.5767084969345595E+001                  6.9760578095421688E-001                  2.8201336198336563E-001                  2.0380857062417546E-002                  0.0000000000000000E+000                  3.5464504394742620E+008                  5.0111989555768616E+007                  3.7320815785426109E-001                  4.1728298665505148E-003                  3.9322990899398436E-052                  6.8205307364705237E-001                  2.5142886430460445E+010                  1.3478122805715195E-006                  2.4635607091661502E-008                 -2.9351852954392927E+000                  2.4666495846561665E+000                  2.7052102120159973E+000                  2.8557252098479879E+000 
                                     757                  1.3345767926258958E+000                 -2.6002896727766006E-001                  7.0552906559386983E+000                  5.9199693645287266E-001                  1.5775376493759003E+001                  6.9754367744743384E-001                  2.8206070038746694E-001                  2.0395622165099159E-002                  0.0000000000000000E+000                  3.5463775893958008E+008                  5.0234183567176111E+007                  3.9718109271948404E-001                  4.3120862902393964E-003                  5.2930767117670542E-052                  6.8023808082113801E-001                  2.5112291819885395E+010                  1.3509009326403438E-006                  2.5186982115890267E-008                 -2.9346882492436768E+000                  2.4704112157868243E+000                  2.7089718431466552E+000                  2.8594868409786458E+000 
                                     758                  1.3259569519960039E+000                 -2.6276741685295563E-001                  7.0574384525897615E+000                  5.9818111331500812E-001                  1.5783691482874728E+001                  6.9748050677077178E-001                  2.8210932445423836E-001                  2.0410168774989801E-002                  0.0000000000000000E+000                  3.5463125669363993E+008                  5.0357350101538450E+007                  4.2291616194038761E-001                  4.4340112958339874E-003                  7.1326128886620748E-052                  6.7842790279540410E-001                  2.5081411037326698E+010                  1.3539698391047221E-006                  2.5712458505169222E-008                 -2.9341955049215525E+000                  2.4742119769745314E+000                  2.7127726043343627E+000                  2.8632876021663534E+000 
                                     759                  1.3173371113661119E+000                 -2.6551882677678190E-001                  7.0595983112742742E+000                  6.0437673939718806E-001                  1.5792029861579131E+001                  6.9741626716546345E-001                  2.8215923750739441E-001                  2.0424495327142189E-002                  0.0000000000000000E+000                  3.5462556264120561E+008                  5.0481501570349447E+007                  4.5055109910374408E-001                  4.5330437549438917E-003                  9.6221184733834461E-052                  6.7662310900240485E-001                  2.5050425927649605E+010                  1.3569800755398210E-006                  2.6191500946305338E-008                 -2.9337132645071380E+000                  2.4780281602429883E+000                  2.7165887876028196E+000                  2.8671037854348103E+000 
                                     760                  1.3086626618019617E+000                 -2.6830111917465771E-001                  7.0612284927072748E+000                  6.0904675045153134E-001                  1.5798317130945243E+001                  6.9736750982531603E-001                  2.8219751473879418E-001                  2.0434975435889791E-002                  0.0000000000000000E+000                  3.5462148247777587E+008                  5.0575405487812705E+007                  4.7265496959976228E-001                  4.5928818494301565E-003                  1.2057636745249863E-051                  6.7527596111933941E-001                  2.5018901483052792E+010                  1.3599473170447959E-006                  2.6636351206587055E-008                 -2.9332389577119140E+000                  2.4818847490248253E+000                  2.7204453763846561E+000                  2.8709603742166467E+000 
                                     761                  1.3043254370198865E+000                 -2.6969740920404761E-001                  7.0623160166994738E+000                  6.1214885585018530E-001                  1.5802498150432923E+001                  6.9733466291826629E-001                  2.8222356926828784E-001                  2.0441767813445866E-002                  0.0000000000000000E+000                  3.5461926826046813E+008                  5.0638142895139977E+007                  4.8800811180180215E-001                  4.6258388181742716E-003                  1.4013439831520865E-051                  6.7437959739188302E-001                  2.5003090057903324E+010                  1.3615387976830576E-006                  2.6970564177577665E-008                 -2.9329849893619380E+000                  2.4838191904419302E+000                  2.7223798178017611E+000                  2.8728948156337517E+000 
                                     762                  1.2999882122378115E+000                 -2.7109721460901876E-001                  7.0639552092277453E+000                  6.1680448949166566E-001                  1.5808780080411063E+001                  6.9728489989285969E-001                  2.8226319114224263E-001                  2.0451908964897680E-002                  0.0000000000000000E+000                  3.5461674772156572E+008                  5.0732848821310274E+007                  5.1211362151545181E-001                  4.6562675806773469E-003                  1.7571399031088489E-051                  6.7303240497574024E-001                  2.4987466586497284E+010                  1.3631149085536493E-006                  2.7285206704235003E-008                 -2.9327337661225412E+000                  2.4857576531099750E+000                  2.7243182804698063E+000                  2.8748332783017969E+000 
                                     763                  1.2912597052741754E+000                 -2.7392519589363462E-001                  7.0661527019726762E+000                  6.2303756023649659E-001                  1.5817193350225024E+001                  6.9721782746997285E-001                  2.8231729294070917E-001                  2.0464879589317975E-002                  0.0000000000000000E+000                  3.5461366884914118E+008                  5.0860084721488655E+007                  5.4636028526743863E-001                  4.6732648410366118E-003                  2.3787023964237922E-051                  6.7124791970119313E-001                  2.4955901269259148E+010                  1.3660380669718428E-006                  2.7683432932962768E-008                 -2.9322685990660928E+000                  2.4896718273046217E+000                  2.7282324546644525E+000                  2.8787474524964431E+000 
                                     764                  1.2825311983105396E+000                 -2.7676801739666113E-001                  7.0683631372164095E+000                  6.2928347614507807E-001                  1.5825632378681679E+001                  6.9714986858690375E-001                  2.8237285084963409E-001                  2.0477280563462097E-002                  0.0000000000000000E+000                  3.5461152301191610E+008                  5.0988386025072195E+007                  5.8314880312083928E-001                  4.6561060552055208E-003                  3.2239894034796348E-051                  6.6947151802847127E-001                  2.4923938012930920E+010                  1.3689388917592559E-006                  2.8087081689992855E-008                 -2.9318079689805154E+000                  2.4936039896916165E+000                  2.7321646170514478E+000                  2.8826796148834384E+000 
                                     765                  1.2737492209718768E+000                 -2.7964365097287169E-001                  7.0705868526260751E+000                  6.3554316160432400E-001                  1.5834098461817197E+001                  6.9708108921265721E-001                  2.8242998232625122E-001                  2.0488928461091627E-002                  0.0000000000000000E+000                  3.5461034101227146E+008                  5.1117780975476183E+007                  6.2266615267011172E-001                  4.6086810177527930E-003                  4.3750596523093876E-051                  6.6770396796007525E-001                  2.4891587069679691E+010                  1.3718462754330305E-006                  2.8502957507559301E-008                 -2.9313472757547125E+000                  2.4975787547894477E+000                  2.7361393821492790E+000                  2.8866543799812696E+000 
                                     766                  1.2649672436332138E+000                 -2.8253515961496484E-001                  7.0728240104936262E+000                  6.4181647802335440E-001                  1.5842591615753392E+001                  6.9701146606363218E-001                  2.8248861808360703E-001                  2.0499915852760786E-002                  0.0000000000000000E+000                  3.5461014476491672E+008                  5.1248285077310473E+007                  6.6511634808570430E-001                  4.5226658654246629E-003                  5.9445056211110859E-051                  6.6594591261791214E-001                  2.4859025138791298E+010                  1.3747303895252800E-006                  2.8918358996277654E-008                 -2.9308912333977655E+000                  2.5015726427579583E+000                  2.7401332701177896E+000                  2.8906482679497802E+000 
                                     767                  1.2561324197365777E+000                 -2.8546053715346109E-001                  7.0750749743298780E+000                  6.4810439633352912E-001                  1.5851113194789271E+001                  6.9694101760236971E-001                  2.8254894633644723E-001                  2.0510036061183068E-002                  0.0000000000000000E+000                  3.5461095557070690E+008                  5.1379927720324717E+007                  7.1069873432748920E-001                  4.4071577119413645E-003                  8.0873764674283659E-051                  6.6419813515442461E-001                  2.4826034717725113E+010                  1.3776027318513708E-006                  2.9331904506195879E-008                 -2.9304380023315342E+000                  2.5056104336254719E+000                  2.7441710609853032E+000                  2.8946860588172938E+000 
                                     768                  1.2472975958399417E+000                 -2.8840289521334450E-001                  7.0773399247742006E+000                  6.5440678461093393E-001                  1.5859663252303946E+001                  6.9686975176476429E-001                  2.8261089086559305E-001                  2.0519357369642721E-002                  0.0000000000000000E+000                  3.5461280695486909E+008                  5.1512726626832820E+007                  7.5965179307096808E-001                  4.2574624114119029E-003                  1.1017041072233819E-050                  6.6246131971427502E-001                  2.4792791315360844E+010                  1.3804501575112865E-006                  2.9747220670648582E-008                 -2.9299896346820757E+000                  2.5096687460834111E+000                  2.7482293734432424E+000                  2.8987443712752330E+000 
                                     769                  1.2384105873511979E+000                 -2.9138024745418001E-001                  7.0796192531978237E+000                  6.6072467815711944E-001                  1.5868243205673036E+001                  6.9679761882559677E-001                  2.8267458955596542E-001                  2.0527791618437874E-002                  0.0000000000000000E+000                  3.5461569994582397E+008                  5.1646711596332274E+007                  8.1218057912550756E-001                  4.0808187330865584E-003                  1.5028220761294477E-050                  6.6073627115270539E-001                  2.4759074932062950E+010                  1.3832875328449938E-006                  3.0166876479122951E-008                 -2.9295437686044989E+000                  2.5137723463350641E+000                  2.7523329736948949E+000                  2.9028479715268856E+000 
                                     770                  1.2295235788624543E+000                 -2.9437576268164506E-001                  7.0819131602840510E+000                  6.6705796437372211E-001                  1.5876853149671781E+001                  6.9672461917931439E-001                  2.8274004589650725E-001                  2.0535334924178361E-002                  0.0000000000000000E+000                  3.5461967115832216E+008                  5.1781902108566858E+007                  8.6853323441852870E-001                  3.8815051746844175E-003                  2.0527778701132675E-050                  6.5902371327561959E-001                  2.4725059297842518E+010                  1.3860968463045718E-006                  3.0589193584026612E-008                 -2.9291032122985130E+000                  2.5178979573270492E+000                  2.7564585846868801E+000                  2.9069735825188707E+000 
                                     771                  1.2205850873088695E+000                 -2.9740747181911481E-001                  7.0836459923266775E+000                  6.7183528414815918E-001                  1.5883350281177574E+001                  6.9666921202047349E-001                  2.8279028962294622E-001                  2.0540498356580228E-002                  0.0000000000000000E+000                  3.5462294801135558E+008                  5.1884257534972534E+007                  9.1356918727002878E-001                  3.7123152884128798E-003                  2.5971069899615028E-050                  6.5775035350089495E-001                  2.4690281502087742E+010                  1.3888981982733460E-006                  3.1029547121490536E-008                 -2.9286647927353640E+000                  2.5220705234182450E+000                  2.7606311507780759E+000                  2.9111461486100665E+000 
                                     772                  1.2161158415320774E+000                 -2.9893053637360706E-001                  7.0848025915433226E+000                  6.7500971224805473E-001                  1.5887672652257397E+001                  6.9663192051902989E-001                  2.8282453228694648E-001                  2.0543547194023626E-002                  0.0000000000000000E+000                  3.5462570857695866E+008                  5.1952684456149243E+007                  9.4478847841959357E-001                  3.6071786174961310E-003                  3.0378888715488685E-050                  6.5690533834757026E-001                  2.4672763469984428E+010                  1.3904006170713980E-006                  3.1364072258423927E-008                 -2.9284300240759249E+000                  2.5241655564522416E+000                  2.7627261838120725E+000                  2.9132411816440631E+000 
                                     773                  1.2116465957552851E+000                 -3.0045852616101648E-001                  7.0865461693562928E+000                  6.7977369092639972E-001                  1.5894167305544542E+001                  6.9657556745280091E-001                  2.8287661156712895E-001                  2.0547820980070131E-002                  0.0000000000000000E+000                  3.5463081279074460E+008                  5.2056008555536568E+007                  9.9373940475037303E-001                  3.4359593590784208E-003                  3.8464077634456357E-050                  6.5563926076923851E-001                  2.4655396590735039E+010                  1.3919086507949080E-006                  3.1706196838501998E-008                 -2.9281946329940127E+000                  2.5262663750800418E+000                  2.7648270024398727E+000                  2.9153420002718633E+000 
                                     774                  1.2026573636977984E+000                 -3.0354713926456339E-001                  7.0888859746772246E+000                  6.8615747143576233E-001                  1.5902873519927375E+001                  6.9649937473020440E-001                  2.8294781573186950E-001                  2.0552809537926153E-002                  0.0000000000000000E+000                  3.5463799112181640E+008                  5.2194979731063314E+007                  1.0630790320692949E+000                  3.2054654254195414E-003                  5.2767481335700057E-050                  6.5396909049486218E-001                  2.4620172603333130E+010                  1.3947341377669424E-006                  3.2215562207841392E-008                 -2.9277542845481355E+000                  2.5305104504406120E+000                  2.7690710778004433E+000                  2.9195860756324339E+000 
                                     775                  1.1936681316403117E+000                 -3.0665653957790051E-001                  7.0912417036785138E+000                  6.9255877238553942E-001                  1.5911613103810796E+001                  6.9642198779272524E-001                  2.8302102704659798E-001                  2.0556985160676833E-002                  0.0000000000000000E+000                  3.5464626842472690E+008                  5.2335262361150481E+007                  1.1372463392410750E+000                  2.9865614146607150E-003                  7.2498536126966392E-050                  6.5231472088656572E-001                  2.4584299050671028E+010                  1.3975955934798524E-006                  3.2807237063149598E-008                 -2.9273092386613895E+000                  2.5347800112572156E+000                  2.7733406386170469E+000                  2.9238556364490376E+000 
                                     776                  1.1846289442073414E+000                 -3.0980478364548042E-001                  7.0936138458701370E+000                  6.9897886544360077E-001                  1.5920387698327289E+001                  6.9634306662238077E-001                  2.8309640924870244E-001                  2.0560524128916846E-002                  0.0000000000000000E+000                  3.5465556662711436E+008                  5.2476887106416442E+007                  1.2165480877171031E+000                  2.7705807220907131E-003                  9.9762798273744156E-050                  6.5067705531385200E-001                  2.4547786672310436E+010                  1.4005129025242640E-006                  3.3483842590438358E-008                 -2.9268564428956512E+000                  2.5390995416013169E+000                  2.7776601689611482E+000                  2.9281751667931388E+000 
                                     777                  1.1755897567743709E+000                 -3.1297527285287652E-001                  7.0960026747810332E+000                  7.0541763627469578E-001                  1.5929197552748422E+001                  6.9626283551353596E-001                  2.8317386093560715E-001                  2.0563303550856893E-002                  0.0000000000000000E+000                  3.5466599645714647E+008                  5.2619884410412692E+007                  1.3012075688379003E+000                  2.5979665168958869E-003                  1.3749710576497091E-049                  6.4905703818473592E-001                  2.4510806279946014E+010                  1.4034563387440799E-006                  3.4230745996241452E-008                 -2.9264005468184635E+000                  2.5434461769897831E+000                  2.7820068043496144E+000                  2.9325218021816051E+000 
                                     778                  1.1665014432590266E+000                 -3.1618607191207260E-001                  7.0984087186570362E+000                  7.1187649631731831E-001                  1.5938044396620681E+001                  6.9618070487623307E-001                  2.8325367167391591E-001                  2.0565623449851023E-002                  0.0000000000000000E+000                  3.5467741121833223E+008                  5.2764282444224983E+007                  1.3914854908244201E+000                  2.4364771287187790E-003                  1.8981530987751071E-049                  6.4745560070706876E-001                  2.4473121823224686E+010                  1.4064409778268739E-006                  3.5053701379744535E-008                 -2.9259392442776315E+000                  2.5478445687988400E+000                  2.7864051961586709E+000                  2.9369201939906615E+000 
                                     779                  1.1574131297436825E+000                 -3.1942068434648418E-001                  7.1008322806311517E+000                  7.1835533904332438E-001                  1.5946928543126589E+001                  6.9609697078763544E-001                  2.8333570005779091E-001                  2.0567329154573599E-002                  0.0000000000000000E+000                  3.5468994589466417E+008                  5.2910115691762127E+007                  1.4875960487839486E+000                  2.3412095546232626E-003                  2.6247730722512325E-049                  6.4587377236891230E-001                  2.4434901845336563E+010                  1.4094561392342186E-006                  3.5956549591467676E-008                 -2.9254742171806631E+000                  2.5522720110342698E+000                  2.7908326383941011E+000                  2.9413476362260917E+000 
                                     780                  1.1482765652749849E+000                 -3.2269717894853645E-001                  7.1032739301270604E+000                  7.2485564049409101E-001                  1.5955851818559797E+001                  6.9601101585595071E-001                  2.8342025607079868E-001                  2.0568728073250608E-002                  0.0000000000000000E+000                  3.5470345006256753E+008                  5.3057414930187829E+007                  1.5897720428470015E+000                  2.2662510507759398E-003                  3.6358361225037001E-049                  6.4431191721069858E-001                  2.4395906257797909E+010                  1.4125124171246291E-006                  3.6940061811129049E-008                 -2.9250038628462955E+000                  2.5567531234214584E+000                  2.7953137507812893E+000                  2.9458287486132799E+000 
                                     781                  1.1391400008062871E+000                 -3.2599917651410992E-001                  7.1057339977765812E+000                  7.3137735112408564E-001                  1.5964814607671078E+001                  6.9592310094429077E-001                  2.8350720551912356E-001                  2.0569693536585665E-002                  0.0000000000000000E+000                  3.5471805112618351E+008                  5.3206216254959628E+007                  1.6983105570350254E+000                  2.2679825039691225E-003                  5.0452198734888629E-049                  6.4276952826283229E-001                  2.4356302344569584E+010                  1.4155815367089170E-006                  3.7984348266337866E-008                 -2.9245325552289478E+000                  2.5612653882225156E+000                  2.7998260155823465E+000                  2.9503410134143371E+000 
                                     782                  1.1299561080960880E+000                 -3.2934474570910532E-001                  7.1082130887854040E+000                  7.3792194881162543E-001                  1.5973818842915907E+001                  6.9583279180164581E-001                  2.8359679089936163E-001                  2.0570417298992560E-002                  0.0000000000000000E+000                  3.5473365574232328E+008                  5.3356557572540149E+007                  1.8131238633102249E+000                  2.3175500223437968E-003                  7.0137372939601909E-049                  6.4124596457107985E-001                  2.4315846072916630E+010                  1.4186326615659301E-006                  3.9042789242626390E-008                 -2.9240650227461535E+000                  2.5658333928139472E+000                  2.8043940201737785E+000                  2.9549090180057691E+000 
                                     783                  1.1207722153858894E+000                 -3.3271764177096275E-001                  7.1100867174320195E+000                  7.4285980740046431E-001                  1.5980615392812572E+001                  6.9576354956133180E-001                  2.8366566843435914E-001                  2.0570782004309063E-002                  0.0000000000000000E+000                  3.5474563866528273E+008                  5.3470443925486028E+007                  1.9035739802795786E+000                  2.4076029501317203E-003                  8.9927690721367299E-049                  6.4011853184717959E-001                  2.4274441462778099E+010                  1.4216284524103080E-006                  4.0089025969288859E-008                 -2.9236069465824057E+000                  2.5704350779063421E+000                  2.8089957052661734E+000                  2.9595107030981640E+000 
                                     784                  1.1161570909705114E+000                 -3.3442312159876431E-001                  7.1113425017657770E+000                  7.4615368211108546E-001                  1.5985154997422343E+001                  6.9571662239932186E-001                  2.8371236259191090E-001                  2.0571015008767235E-002                  0.0000000000000000E+000                  3.5475427386433905E+008                  5.3546901555877738E+007                  1.9659975671991174E+000                  2.4698842409380901E-003                  1.0620112561975991E-048                  6.3936932365171095E-001                  2.4253368283757565E+010                  1.4235321418363136E-006                  4.1024667754530274E-008                 -2.9233163612502380E+000                  2.5727604263374078E+000                  2.8113210536972391E+000                  2.9618360515292297E+000 
                                     785                  1.1115419665551336E+000                 -3.3613581629476713E-001                  7.1132299972901309E+000                  7.5108128027976129E-001                  1.5991954677917450E+001                  6.9564459192397632E-001                  2.8378414148147874E-001                  2.0571266594545001E-002                  0.0000000000000000E+000                  3.5476796863551605E+008                  5.3661996847069554E+007                  2.0621248719114962E+000                  2.6031593896138805E-003                  1.3631282476947379E-048                  6.3825262998475696E-001                  2.4232367338770855E+010                  1.4256199969502109E-006                  4.2143760646552345E-008                 -2.9229981107416250E+000                  2.5750943386168124E+000                  2.8136549659766437E+000                  2.9641699638086343E+000 
                                     786                  1.1023117177243773E+000                 -3.3958340175387924E-001                  7.1170358672524792E+000                  7.6094886725328836E-001                  1.6005596515521383E+001                  6.9549595548637411E-001                  2.8393251814451953E-001                  2.0571526369106419E-002                  0.0000000000000000E+000                  3.5479799809862131E+008                  5.3894757166807823E+007                  2.2649459705838626E+000                  3.0097675576082829E-003                  2.2518809674349174E-048                  6.3604128896348100E-001                  2.4190301590289261E+010                  1.4289945718268838E-006                  4.3581845144720112E-008                 -2.9224847104575966E+000                  2.5797887787395752E+000                  2.8183494060994065E+000                  2.9688644039313972E+000 
                                     787                  1.0837605547031635E+000                 -3.4660567390690455E-001                  7.1209092466519071E+000                  7.7101007869379834E-001                  1.6019497537784453E+001                  6.9534067377276454E-001                  2.8408767691218656E-001                  2.0571649315048957E-002                  0.0000000000000000E+000                  3.5482697350233853E+008                  5.4132598734740175E+007                  2.4839033777211688E+000                  3.5710344858809694E-003                  3.7484732429222338E-048                  6.3388871941568825E-001                  2.4101584691111862E+010                  1.4348062941188544E-006                  4.5588330488296472E-008                 -2.9216033634279590E+000                  2.5893396353631011E+000                  2.8279002627229324E+000                  2.9784152605549230E+000 
                                     788                  1.0744516423795432E+000                 -3.5017730555960785E-001                  7.1235144153762127E+000                  7.7771052412593045E-001                  1.6028781043109888E+001                  6.9523593625552504E-001                  2.8419258139806075E-001                  2.0571482346414260E-002                  0.0000000000000000E+000                  3.5484958773799437E+008                  5.4293155241288520E+007                  2.6371390172571147E+000                  4.0369754104355223E-003                  5.2749015154947363E-048                  6.3246364566217350E-001                  2.4055229007827690E+010                  1.4382027061789843E-006                  4.7094186907882978E-008                 -2.9210899491981461E+000                  2.5941917616459396E+000                  2.8327523890057709E+000                  2.9832673868377615E+000 
                                     789                  1.0651100980044590E+000                 -3.5379531868625252E-001                  7.1261408518694580E+000                  7.8443846117971294E-001                  1.6038110243948303E+001                  6.9512103869597697E-001                  2.8430709261549159E-001                  2.0571868688531447E-002                  0.0000000000000000E+000                  3.5487136688918918E+008                  5.4455308392796636E+007                  2.7957065973761885E+000                  4.6102686967224027E-003                  7.4384395706848439E-048                  6.3105215328415798E-001                  2.4008244286266342E+010                  1.4425465922966731E-006                  4.9507710154426338E-008                 -2.9204350754117434E+000                  2.5991015792253811E+000                  2.8376622065852124E+000                  2.9881772044172030E+000 
                                     790                  1.0557685536293755E+000                 -3.5744830871104277E-001                  7.1287905736120170E+000                  7.9118840617294350E-001                  1.6047491541789050E+001                  6.9502510776257742E-001                  2.8440339881177845E-001                  2.0571493425644127E-002                  0.0000000000000000E+000                  3.5490038288168669E+008                  5.4619816050902717E+007                  2.9594040057898647E+000                  5.2643679112510874E-003                  1.0510301229446120E-047                  6.2965777403166501E-001                  2.3960380817889996E+010                  1.4530841427350325E-006                  5.8109485598633243E-008                 -2.9188546182923281E+000                  2.6040556684283249E+000                  2.8426162957881562E+000                  2.9931312936201468E+000 
                                     791                  1.0463844730396448E+000                 -3.6115434606995855E-001                  7.1314643634082131E+000                  7.9799696694939970E-001                  1.6056927506575477E+001                  6.9484455236461140E-001                  2.8458398059562334E-001                  2.0571467039765201E-002                  0.0000000000000000E+000                  3.5490842792165565E+008                  5.4784549148176357E+007                  3.1271590689827491E+000                  6.0362900587370314E-003                  1.4900146295490598E-047                  6.2826127864169456E-001                  2.3910657101703747E+010                  1.4753334198521148E-006                  7.8318922230104001E-008                 -2.9155549098299272E+000                  2.6090721270758435E+000                  2.8476327544356748E+000                  2.9981477522676654E+000 
                                     792                  1.0370003924499145E+000                 -3.6489782388827330E-001                  7.1341626771040181E+000                  8.0484770190526211E-001                  1.6066419097148852E+001                  6.9462957679318316E-001                  2.8480023566382756E-001                  2.0570187542989338E-002                  0.0000000000000000E+000                  3.5490928398046511E+008                  5.4950607024956137E+007                  3.2986250224357430E+000                  6.9425679741306062E-003                  2.1182010797621585E-047                  6.2687081543442702E-001                  2.3858783068085201E+010                  1.5117751206920539E-006                  1.1255950315882739E-007                 -2.9102564030635740E+000                  2.6141252967960242E+000                  2.8526859241558555E+000                  3.0032009219878462E+000 
                                     793                  1.0275749950624908E+000                 -3.6869661588641245E-001                  7.1368863085665533E+000                  8.1177552457574231E-001                  1.6075969041042391E+001                  6.9428195214085187E-001                  2.8515031475401764E-001                  2.0567733105130492E-002                  0.0000000000000000E+000                  3.5487622198562318E+008                  5.5115955820732974E+007                  3.4717668739582628E+000                  8.0090783103728726E-003                  3.0234071002628688E-047                  6.2546810568031397E-001                  2.3804030624133987E+010                  1.5586222661601518E-006                  1.5697066250692717E-007                 -2.9036295619050154E+000                  2.6192351508949612E+000                  2.8577957782547925E+000                  3.0083107760867831E+000 
                                     794                  1.0181495976750672E+000                 -3.7253522178336956E-001                  7.1389478047243085E+000                  8.1704645126632136E-001                  1.6083188375440539E+001                  6.9391045026630782E-001                  2.8552464482777823E-001                  2.0564904905914005E-002                  0.0000000000000000E+000                  3.5482224172086555E+008                  5.5239126020702526E+007                  3.6019946770400604E+000                  8.9368775202298134E-003                  3.9610177516680088E-047                  6.2440682427879213E-001                  2.3745297659286514E+010                  1.5983294142459750E-006                  1.9389481375488906E-007                 -2.8981668540486485E+000                  2.6243715460801065E+000                  2.8629321734399378E+000                  3.0134471712719284E+000 
                                     795                  1.0134218028893418E+000                 -3.7447583887847258E-001                  7.1403291189540417E+000                  8.2055043738510314E-001                  1.6088008469830495E+001                  6.9369264324221735E-001                  2.8574405723537011E-001                  2.0563299522412537E-002                  0.0000000000000000E+000                  3.5479540456508315E+008                  5.5322475282615490E+007                  3.6894995841912488E+000                  9.6127340327708272E-003                  4.7436300140907362E-047                  6.2370537117329772E-001                  2.3715024550380817E+010                  1.6126509717173064E-006                  2.0674914297773231E-007                 -2.8962298086984104E+000                  2.6269632894491064E+000                  2.8655239168089377E+000                  3.0160389146409283E+000 
                                     796                  1.0086940081036164E+000                 -3.7642691118978994E-001                  7.1424115637563332E+000                  8.2581767074064272E-001                  1.6095249247189685E+001                  6.9333205978169254E-001                  2.8610739514650346E-001                  2.0560545071804048E-002                  0.0000000000000000E+000                  3.5474748550941664E+008                  5.5447679352174148E+007                  3.8208409453107044E+000                  1.0733033393944685E-002                  6.2248059008860959E-047                  6.2264804464841961E-001                  2.3684812477122353E+010                  1.6040975986294276E-006                  1.9670726399832078E-007                 -2.8973846056641110E+000                  2.6295684680351150E+000                  2.8681290953949459E+000                  3.0186440932269369E+000 
                                     797                  9.9920905625291168E-001                 -3.8037347323874499E-001                  7.1452148709361030E+000                  8.3285648907196375E-001                  1.6104984858288823E+001                  6.9296587178086932E-001                  2.8647601624455266E-001                  2.0558111974578019E-002                  0.0000000000000000E+000                  3.5471615526615375E+008                  5.5619230349884026E+007                  3.9963335942892284E+000                  1.2426124256328845E-002                  8.9547488791878211E-047                  6.2127061551016649E-001                  2.3623924882544758E+010                  1.5796136722171646E-006                  1.6925169874719352E-007                 -2.9007245579593985E+000                  2.6348412920255302E+000                  2.8734019193853615E+000                  3.0239169172173521E+000 
                                     798                  9.8972410440220715E-001                 -3.8436451449376119E-001                  7.1494578868436696E+000                  8.4335590462207344E-001                  1.6119614729975883E+001                  6.9255401678638551E-001                  2.8689002232322391E-001                  2.0555960890390579E-002                  0.0000000000000000E+000                  3.5471294019183648E+008                  5.5882971970871255E+007                  4.2552191811180338E+000                  1.5468546592346673E-002                  1.5470225257235555E-046                  6.1923088496324752E-001                  2.3563910307400200E+010                  1.5469685701406084E-006                  1.3374749800630062E-007                 -2.9052592548998835E+000                  2.6401867104371086E+000                  2.8787473377969395E+000                  3.0292623356289301E+000 
                                     799                  9.7067820972825403E-001                 -3.9252153287962382E-001                  7.1537980597811188E+000                  8.5408266864833660E-001                  1.6134603047095357E+001                  6.9224177611602167E-001                  2.8720338989299893E-001                  2.0554833990979349E-002                  0.0000000000000000E+000                  3.5473884462406421E+008                  5.6156409733322702E+007                  4.5115578098577034E+000                  1.9313276685752556E-002                  2.6982446034882807E-046                  6.1724144076670306E-001                  2.3440570899287365E+010                  1.5256314726266842E-006                  1.0668871880151305E-007                 -2.9082751803510059E+000                  2.6511267247330172E+000                  2.8896873520928485E+000                  3.0402023499248387E+000 
                                     800                  9.6111871131370297E-001                 -3.9668992891330063E-001                  7.1567195628651348E+000                  8.6122122386981159E-001                  1.6144618154424062E+001                  6.9205345987481126E-001                  2.8739191195437269E-001                  2.0554628170815992E-002                  0.0000000000000000E+000                  3.5476612044238603E+008                  5.6341700176775597E+007                  4.6756069655165282E+000                  2.2401377653921074E-002                  3.9173402059911524E-046                  6.1591265222557445E-001                  2.3376437918098618E+010                  1.5125539869377407E-006                  9.0608203505110160E-008                 -2.9101445576565159E+000                  2.6567182852572802E+000                  2.8952789126171110E+000                  3.0457939104491016E+000 
                                     801                  9.5155921289915213E-001                 -4.0091091687738584E-001                  7.1604087108683716E+000                  8.7015860956670010E-001                  1.6157198181226306E+001                  6.9184433737848028E-001                  2.8760129777923882E-001                  2.0554364842280903E-002                  0.0000000000000000E+000                  3.5481204584314644E+008                  5.6577181816491008E+007                  4.8708823229984990E+000                  2.6996002562433334E-002                  6.2611524808904665E-046                  6.1424878353496537E-001                  2.3311888770719635E+010                  1.5091851007219768E-006                  8.4016499953964226E-008                 -2.9106287454892215E+000                  2.6623779819484743E+000                  2.9009386093083056E+000                  3.0514536071402962E+000 
                                     802                  9.3717169285398338E-001                 -4.0736781263771871E-001                  7.1641656983446387E+000                  8.7925313733869392E-001                  1.6170000586374041E+001                  6.9162565911202178E-001                  2.8782017344754257E-001                  2.0554167440435700E-002                  0.0000000000000000E+000                  3.5485824314257860E+008                  5.6817879580469005E+007                  5.0583922956471898E+000                  3.2627288345486165E-002                  1.0080885456845100E-045                  6.1258229327043490E-001                  2.3210883372388721E+010                  1.5147809809225814E-006                  8.4324820265646583E-008                 -2.9098250781857677E+000                  2.6710281236776541E+000                  2.9095887510374854E+000                  3.0601037488694760E+000 
                                     803                  9.2755197036308090E-001                 -4.1175710485329697E-001                  7.1672031870793269E+000                  8.8655322120756963E-001                  1.6180296724673312E+001                  6.9144219530059736E-001                  2.8800380270254666E-001                  2.0554001996855975E-002                  0.0000000000000000E+000                  3.5489683748903662E+008                  5.7013085365702406E+007                  5.1982223261189846E+000                  3.8011094241321187E-002                  1.4798870157563792E-045                  6.1123298938093296E-001                  2.3140383699325146E+010                  1.5314816474034944E-006                  9.7098445201907667E-008                 -2.9074441016092942E+000                  2.6769006526897341E+000                  2.9154612800495654E+000                  3.0659762778815560E+000 
                                     804                  9.1793224787217864E-001                 -4.1620703071328741E-001                  7.1718068979971861E+000                  8.9750617549934830E-001                  1.6195788426565947E+001                  6.9115458955240916E-001                  2.8829166755184032E-001                  2.0553742895750515E-002                  0.0000000000000000E+000                  3.5495903380918193E+008                  5.7310018195353791E+007                  5.3907896545953351E+000                  4.7872487969773850E-002                  2.6425482560367652E-045                  6.0916955446329502E-001                  2.3068617045376968E+010                  1.7322628055598767E-006                  2.9349066937640033E-007                 -2.8806931097545472E+000                  2.6828463285958155E+000                  2.9214069559556468E+000                  3.0719219537876374E+000 
                                     805                  8.9862839352364421E-001                 -4.2533107712992951E-001                  7.1781008590228863E+000                  9.1266106734880670E-001                  1.6216929917259463E+001                  6.9010934692938808E-001                  2.8934271214772345E-001                  2.0547940922888475E-002                  0.0000000000000000E+000                  3.5486951781836617E+008                  5.7703914302380942E+007                  5.6145178485873846E+000                  6.5996676680883049E-002                  5.8639526401488079E-045                  6.0624326833151165E-001                  2.2911495786265804E+010                  2.7008750051583716E-006                  1.2511343328755797E-006                 -2.7842477571151032E+000                  2.6949623156397906E+000                  2.9335229429996219E+000                  3.0840379408316125E+000 
                                     806                  8.7926357815643286E-001                 -4.3475471640298163E-001                  7.1845421914073313E+000                  9.3166018519936156E-001                  1.6238475131811516E+001                  6.7843211540052228E-001                  3.0110913598491967E-001                  2.0458748614557987E-002                  0.0000000000000000E+000                  3.5188632501617074E+008                  5.7870699076543704E+007                  5.7130990038843770E+000                  1.0092927164834296E-001                  1.4959518219710862E-044                  6.0127933212808249E-001                  2.2641415535411701E+010                  4.8263194222650521E-006                  3.3491413340091683E-006                 -2.6581919691936808E+000                  2.7064993695248512E+000                  2.9450599968846820E+000                  3.0955749947166726E+000 
                                     807                  8.5984141493144739E-001                 -4.4441812619428583E-001                  7.1894751775113095E+000                  9.5072666116843907E-001                  1.6255046770549580E+001                  6.5659039193765933E-001                  3.2310240529257594E-001                  2.0307202769764721E-002                  0.0000000000000000E+000                  3.4607126518503898E+008                  5.7702731378531925E+007                  5.6568859460741496E+000                  1.4991912345951278E-001                  3.5193081029901545E-044                  5.9517228613954642E-001                  2.2122713508509418E+010                  7.2660748185847345E-006                  5.7221460835738057E-006                 -2.5693500672656087E+000                  2.7159495903997706E+000                  2.9545102177596019E+000                  3.1050252155915925E+000 
                                     808                  8.5010355204998500E-001                 -4.4929453150287069E-001                  7.1927868143610940E+000                  9.6320887041283609E-001                  1.6266133807823575E+001                  6.4293599660715994E-001                  3.3683735076124927E-001                  2.0226652631590847E-002                  0.0000000000000000E+000                  3.4244225050062573E+008                  5.7608762707449578E+007                  5.6229924854726931E+000                  1.8907926152069329E-001                  6.1272240850416626E-044                  5.9125712864308699E-001                  2.1802913609778103E+010                  8.4979304584282655E-006                  6.9089507677779541E-006                 -2.5353434136086865E+000                  2.7200502612647259E+000                  2.9586108886245572E+000                  3.1091258864565479E+000 
                                     809                  8.4036568916852272E-001                 -4.5419551754486487E-001                  7.1961269202831017E+000                  9.7541443359932001E-001                  1.6277323801412614E+001                  6.3043235024567545E-001                  3.4940175557485681E-001                  2.0165894179467792E-002                  0.0000000000000000E+000                  3.3912620844193590E+008                  5.7540071450661793E+007                  5.5981656054982460E+000                  2.3342464143572522E-001                  1.0517794895386279E-043                  5.8754100038036794E-001                  2.1503739029627907E+010                  8.8254253233257645E-006                  7.1934503900365322E-006                 -2.5271321777506737E+000                  2.7243385227027570E+000                  2.9628991500625879E+000                  3.1134141478945785E+000 
                                     810                  8.3060302765172245E-001                 -4.5913802539162196E-001                  7.1994959787475130E+000                  9.8805106119979247E-001                  1.6288617467685743E+001                  6.1706255011347289E-001                  3.6283055630934363E-001                  2.0106893577183538E-002                  0.0000000000000000E+000                  3.3557173997835994E+008                  5.7449782778315082E+007                  5.5659767018308708E+000                  2.8697480272466197E-001                  1.8189827631116973E-043                  5.8366976360329670E-001                  2.1209061214050068E+010                  9.1546353209366310E-006                  7.4791561297611386E-006                 -2.5191794756680004E+000                  2.7286806792692153E+000                  2.9672413066290462E+000                  3.1177563044610368E+000 
                                     811                  8.2084036613492195E-001                 -4.6410596366904416E-001                  7.2045834221665510E+000                  1.0075296145021768E+000                  1.6305606923918049E+001                  5.9590673981976006E-001                  3.8406352716082504E-001                  2.0029733019414908E-002                  0.0000000000000000E+000                  3.2993823545706904E+008                  5.7283229661768310E+007                  5.5106119216212823E+000                  3.8576787647042421E-001                  4.1582089347061141E-043                  5.7765836180276720E-001                  2.0902891302358109E+010                  9.5882182000124936E-006                  7.8659720335713773E-006                 -2.5091310456221172E+000                  2.7328882397656402E+000                  2.9714488671254711E+000                  3.1219638649574617E+000 
                                     812                  8.0126959929118258E-001                 -4.7413279971469546E-001                  7.2114856518581787E+000                  1.0336098726946332E+000                  1.6328803327169769E+001                  5.6908702675760625E-001                  4.1096563388134960E-001                  1.9947339361044092E-002                  0.0000000000000000E+000                  3.2279724787058568E+008                  5.7090494821212411E+007                  5.4640018236742591E+000                  5.6340214402003219E-001                  1.2342378852576042E-042                  5.6940708038924248E-001                  2.0300844551382034E+010                  1.0149437272048874E-005                  8.3286104767997715E-006                 -2.4967790181078402E+000                  2.7413429614670828E+000                  2.9799035888269136E+000                  3.1304185866589043E+000 
                                     813                  7.8165773907477276E-001                 -4.8427775727870670E-001                  7.2184923081766161E+000                  1.0605378255835802E+000                  1.6352392012108680E+001                  5.4135484595327699E-001                  4.3876915611980000E-001                  1.9875997926922961E-002                  0.0000000000000000E+000                  3.1539999883794415E+008                  5.6868533628535472E+007                  5.4314800371521814E+000                  8.1497800559936018E-001                  3.6792451734201352E-042                  5.6087981239934304E-001                  1.9718190404415112E+010                  1.0625755180270452E-005                  8.7005743309442918E-006                 -2.4868200972755563E+000                  2.7499104129685339E+000                  2.9884710403283647E+000                  3.1389860381603554E+000 
                                     814                  7.6200934227128891E-001                 -4.9452769208062980E-001                  7.2256029434601396E+000                  1.0873102837653048E+000                  1.6376359482590672E+001                  5.1540821997566300E-001                  4.6477149574020826E-001                  1.9820284284128742E-002                  0.0000000000000000E+000                  3.0848576049150431E+008                  5.6682218170350976E+007                  5.4428274464127098E+000                  1.1688790461802403E+000                  1.0776949932690451E-041                  5.5284398022591397E-001                  1.9158370162711819E+010                  1.1115892789821589E-005                  9.0850884622454519E-006                 -2.4770278252714339E+000                  2.7586014120058846E+000                  2.9971620393657159E+000                  3.1476770371977065E+000 
                                     815                  7.4232918201267906E-001                 -5.0489272184240441E-001                  7.2319213216481737E+000                  1.1115300167640374E+000                  1.6397721380512976E+001                  4.9197666434451798E-001                  4.8824669357266542E-001                  1.9776642082816598E-002                  0.0000000000000000E+000                  3.0222846420974380E+008                  5.6493387925261676E+007                  5.4698471804169966E+000                  1.5990764175208290E+000                  2.7795047936167653E-041                  5.4559981904735466E-001                  1.8619189164089893E+010                  1.1687604878379886E-005                  9.5503554271897348E-006                 -2.4661372394865664E+000                  2.7674255653239235E+000                  3.0059861926837548E+000                  3.1565011905157454E+000 
                                     816                  7.2755193124485118E-001                 -5.1273173883854939E-001                  7.2369353535003436E+000                  1.1306098087257732E+000                  1.6414661496779328E+001                  4.7401957706469994E-001                  5.0623344506550494E-001                  1.9746977869795179E-002                  0.0000000000000000E+000                  2.9743470674692112E+008                  5.6352287670594327E+007                  5.5086634213167462E+000                  2.0417257220007659E+000                  5.8247633335610826E-041                  5.3971922025981756E-001                  1.8223753630953518E+010                  1.2240902308114310E-005                  1.0019549017079715E-005                 -2.4560932840285661E+000                  2.7740507416693312E+000                  3.0126113690291620E+000                  3.1631263668611527E+000 
                                     817                  7.1522287073900892E-001                 -5.1931075402322813E-001                  7.2415280735749130E+000                  1.1483046504324721E+000                  1.6430166831364456E+001                  4.5724585220527536E-001                  5.2303244663666060E-001                  1.9721701158064042E-002                  0.0000000000000000E+000                  2.9295193563242412E+008                  5.6208475487993665E+007                  5.5462396870415507E+000                  2.5466618992674559E+000                  1.1442486286470447E-040                  5.3433445498857057E-001                  1.7899276687982075E+010                  1.2808956085519103E-005                  1.0514913159277867E-005                 -2.4462431316449296E+000                  2.7795809134156659E+000                  3.0181415407754968E+000                  3.1686565386074879E+000 
                                     818                  7.0289381023316655E-001                 -5.2592149778949748E-001                  7.2460413361811158E+000                  1.1659585361199469E+000                  1.6445415488626956E+001                  4.4040333834475665E-001                  5.3989837206037228E-001                  1.9698289594871077E-002                  0.0000000000000000E+000                  2.8844441301385617E+008                  5.6051130772030756E+007                  5.5747211388821789E+000                  3.1557722709068425E+000                  2.2180438874745101E-040                  5.2904397424882244E-001                  1.7572610776643890E+010                  1.3255480987225847E-005                  1.0886251780993104E-005                 -2.4388022544366574E+000                  2.7850128662483313E+000                  3.0235734936081622E+000                  3.1740884914401533E+000 
                                     819                  6.9116842365766407E-001                 -5.3223370700645078E-001                  7.2504709848980795E+000                  1.1829229727166288E+000                  1.6460378919433747E+001                  4.2499488042166061E-001                  5.5532649056081229E-001                  1.9678629017527038E-002                  0.0000000000000000E+000                  2.8432580944932157E+008                  5.5920260433653668E+007                  5.6183996563343346E+000                  3.8898991427643890E+000                  4.1948050120935654E-040                  5.2410327138146673E-001                  1.7272258481811165E+010                  1.3392746766970718E-005                  1.0953153841327105E-005                 -2.4365651714117917E+000                  2.7902239116590222E+000                  3.0287845390188535E+000                  3.1792995368508441E+000 
                                     820                  6.7944303708216147E-001                 -5.3857528455641523E-001                  7.2542313617688725E+000                  1.1969337927360573E+000                  1.6473100347037303E+001                  4.1306522955604869E-001                  5.6726997436662796E-001                  1.9664796077323299E-002                  0.0000000000000000E+000                  2.8114278508836466E+008                  5.5835701509383731E+007                  5.6767823602048137E+000                  4.6420672013345046E+000                  7.1254580968001367E-040                  5.2014863001250877E-001                  1.6995722912076019E+010                  1.3552094272586418E-005                  1.1047658282873794E-005                 -2.4339967929576258E+000                  2.7956675337727415E+000                  3.0342281611325728E+000                  3.1847431589645634E+000 
                                     821                  6.7141861750527743E-001                 -5.4293586690378015E-001                  7.2572995868120183E+000                  1.2086579437417675E+000                  1.6483455729125268E+001                  4.0271660737134862E-001                  5.7763033822705412E-001                  1.9653054401597259E-002                  0.0000000000000000E+000                  2.7837581897701448E+008                  5.5746442711090647E+007                  5.6956629912334034E+000                  5.3552139169675153E+000                  1.1007780902173546E-039                  5.1682746776528343E-001                  1.6810116639900036E+010                  1.3987557174835100E-005                  1.1439145843859828E-005                 -2.4271290626298434E+000                  2.7994137001390369E+000                  3.0379743274988682E+000                  3.1884893253308588E+000 
                                     822                  6.6339419792839316E-001                 -5.4731031003529129E-001                  7.2599688790570163E+000                  1.2190108715693684E+000                  1.6492471994753984E+001                  3.9347222900387219E-001                  5.8688461917556045E-001                  1.9643151820567306E-002                  0.0000000000000000E+000                  2.7590062748196691E+008                  5.5659552156796195E+007                  5.7202447386810178E+000                  6.0593168797060200E+000                  1.6078007119949587E-039                  5.1391353645899462E-001                  1.6618369710653040E+010                  1.4660384290576144E-005                  1.2065393083762213E-005                 -2.4169273227229824E+000                  2.8030493607756415E+000                  3.0416099881354728E+000                  3.1921249859674634E+000 
                                     823                  6.5752832255682969E-001                 -5.5051559237037495E-001                  7.2622297742906454E+000                  1.2278332969070069E+000                  1.6500098452004387E+001                  3.8555148502876085E-001                  5.9481356952148801E-001                  1.9634945449751084E-002                  0.0000000000000000E+000                  2.7377898214316905E+008                  5.5581972466752954E+007                  5.7214906632067093E+000                  6.7222732224946871E+000                  2.2152680387724969E-039                  5.1143226299440636E-001                  1.6476850312983961E+010                  1.5229477271091859E-005                  1.2599466763756214E-005                 -2.4086575014566116E+000                  2.8056656552896144E+000                  3.0442262826494457E+000                  3.1947412804814364E+000 
                                     824                  6.5166244718526667E-001                 -5.5372680134468388E-001                  7.2639320309293725E+000                  1.2345474140937185E+000                  1.6505848235053836E+001                  3.7947869265973949E-001                  6.0089227582365778E-001                  1.9629031516602780E-002                  0.0000000000000000E+000                  2.7215076596542948E+008                  5.5519553469574489E+007                  5.7259260943351986E+000                  7.2656340090934126E+000                  2.8204855642764092E-039                  5.0955309782588010E-001                  1.6334478315381062E+010                  1.5810663828282091E-005                  1.3144846163729645E-005                 -2.4005249476743908E+000                  2.8082486163339677E+000                  3.0468092436937990E+000                  3.1973242415257896E+000 
                                     825                  6.4872950949948516E-001                 -5.5533433190496595E-001                  7.2650678947550009E+000                  1.2390832333082711E+000                  1.6509678624726988E+001                  3.7530502224969697E-001                  6.0506996684764958E-001                  1.9625010902653450E-002                  0.0000000000000000E+000                  2.7103090830351710E+008                  5.5473980896536373E+007                  5.7199681980118928E+000                  7.6495211484420782E+000                  3.3155513164394502E-039                  5.0827883523760531E-001                  1.6262093676668880E+010                  1.6457714163637233E-005                  1.3773405251224027E-005                 -2.3918152423703885E+000                  2.8095151432077916E+000                  3.0480757705676229E+000                  3.1985907683996135E+000 
                                     826                  6.4579657181370398E-001                 -5.5694293021849706E-001                  7.2667731197411980E+000                  1.2460140596206803E+000                  1.6515419962175308E+001                  3.6877718018361033E-001                  6.1160386242107401E-001                  1.9618957395315606E-002                  0.0000000000000000E+000                  2.6927755213059318E+008                  5.5397307507777184E+007                  5.7063830777345546E+000                  8.2589223018742999E+000                  4.2323795099386226E-039                  5.0632478899013356E-001                  1.6187351676085600E+010                  1.7294977485841053E-005                  1.4591307789104389E-005                 -2.3810399995013452E+000                  2.8107452560789916E+000                  3.0493058834388229E+000                  3.1998208812708135E+000 
                                     827                  6.3993069644214096E-001                 -5.6016238359807780E-001                  7.2683952470598507E+000                  1.2529364736143540E+000                  1.6520900436708811E+001                  3.6191538027784764E-001                  6.1847175044135727E-001                  1.9612869280795087E-002                  0.0000000000000000E+000                  2.6742873650231317E+008                  5.5304707093870990E+007                  5.6769839862777642E+000                  8.8728139313901728E+000                  5.3609860059933890E-039                  5.0437403480945675E-001                  1.6028450476093391E+010                  1.8026174079816744E-005                  1.5280201505995520E-005                 -2.3720482196210462E+000                  2.8130529887637561E+000                  3.0516136161235874E+000                  3.2021286139555780E+000 
                                     828                  6.3746120368453241E-001                 -5.6151758548781761E-001                  7.2693567425238523E+000                  1.2569116365282855E+000                  1.6524143183338150E+001                  3.5814059808566584E-001                  6.2224986920010961E-001                  1.9609532714224498E-002                  0.0000000000000000E+000                  2.6641349498704329E+008                  5.5257667780797407E+007                  5.6618011612699783E+000                  9.2597491390102196E+000                  6.1531768525597032E-039                  5.0326218003320378E-001                  1.5961351889473732E+010                  1.7864340205019701E-005                  1.5100257290774619E-005                 -2.3740065096191176E+000                  2.8140080746956415E+000                  3.0525687020554728E+000                  3.2030836998874634E+000 
                                     829                  6.3499171092692386E-001                 -5.6287307095619366E-001                  7.2707998865423420E+000                  1.2626782043489979E+000                  1.6529003757757117E+001                  3.5292750582849503E-001                  6.2746754836949004E-001                  1.9604945802014884E-002                  0.0000000000000000E+000                  2.6501441157367134E+008                  5.5199420319458939E+007                  5.6446809670398874E+000                  9.8760394735956041E+000                  7.5411241830762317E-039                  5.0166121790994078E-001                  1.5899199215054790E+010                  1.7156207202322858E-005                  1.4375610560315074E-005                 -2.3827893586272406E+000                  2.8150261237497314E+000                  3.0535867511095622E+000                  3.2041017489415529E+000 
                                     830                  6.3005272541170720E-001                 -5.6558611168815542E-001                  7.2727296301864293E+000                  1.2702641371840884E+000                  1.6535511069246549E+001                  3.4629157611315003E-001                  6.3410919394285292E-001                  1.9599229943997099E-002                  0.0000000000000000E+000                  2.6323504998387274E+008                  5.5130062663239367E+007                  5.6243831673676690E+000                  1.0765356617850074E+001                  9.8707650199510235E-039                  4.9944389160163538E-001                  1.5783202115393082E+010                  1.6368437263709568E-005                  1.3556170065486011E-005                 -2.3929963909032104E+000                  2.8171608251673410E+000                  3.0557214525271723E+000                  3.2062364503591629E+000 
                                     831                  6.2511373989649055E-001                 -5.6830264304835998E-001                  7.2746636363040622E+000                  1.2776196639977917E+000                  1.6542032389645566E+001                  3.4022436648654397E-001                  6.4018148443614931E-001                  1.9594149077306722E-002                  0.0000000000000000E+000                  2.6161203165921894E+008                  5.5076283924703643E+007                  5.6091499269405576E+000                  1.1741216768376880E+001                  1.2869115587520220E-038                  4.9723065664263544E-001                  1.5675613054621857E+010                  1.5479986813566326E-005                  1.2636634614913712E-005                 -2.4051147068006529E+000                  2.8193923789851199E+000                  3.0579530063449512E+000                  3.2084680041769418E+000 
                                     832                  6.2017475438127379E-001                 -5.7102419290357231E-001                  7.2761181333646938E+000                  1.2828318201621558E+000                  1.6546942046739549E+001                  3.3639061830199440E-001                  6.4401824704219379E-001                  1.9591134655811748E-002                  0.0000000000000000E+000                  2.6059192517192817E+008                  5.5056464880019344E+007                  5.6134821440631955E+000                  1.2543183618386561E+001                  1.5627555625530205E-038                  4.9570404533480650E-001                  1.5581531542190657E+010                  1.4904998777255418E-005                  1.2034544855430898E-005                 -2.4133340276295376E+000                  2.8217977326453272E+000                  3.0603583600051585E+000                  3.2108733578371491E+000 
                                     833                  6.1770650948754768E-001                 -5.7238716261188494E-001                  7.2770881040983859E+000                  1.2864366506363845E+000                  1.6550211275923782E+001                  3.3355453848511835E-001                  6.4685662258771182E-001                  1.9588838927169894E-002                  0.0000000000000000E+000                  2.5983463608536842E+008                  5.5034764235511832E+007                  5.6067339564409986E+000                  1.3100998940396060E+001                  1.7819258322357252E-038                  4.9463282423160287E-001                  1.5536301014238779E+010                  1.4973260559960396E-005                  1.2089884044079739E-005                 -2.4123418089463908E+000                  2.8230230135031102E+000                  3.0615836408629411E+000                  3.2120986386949317E+000 
                                     834                  6.1523826459382158E-001                 -5.7375165956351437E-001                  7.2785438947071226E+000                  1.2919170819123436E+000                  1.6555110982007552E+001                  3.2915000788339821E-001                  6.5126472085597198E-001                  1.9585271260629811E-002                  0.0000000000000000E+000                  2.5865727593257216E+008                  5.4997326431498915E+007                  5.5908046849460789E+000                  1.3979049156495002E+001                  2.1714952385324126E-038                  4.9299641155180901E-001                  1.5487995568417725E+010                  1.5313663712160383E-005                  1.2416088574712167E-005                 -2.4074604471190377E+000                  2.8242034075053861E+000                  3.0627640348652174E+000                  3.2132790326972080E+000 
                                     835                  6.1030177480636927E-001                 -5.7648481143679875E-001                  7.2800045838781822E+000                  1.2973655553243120E+000                  1.6560039200361810E+001                  3.2488686777089454E-001                  6.5553119743836907E-001                  1.9581934790736444E-002                  0.0000000000000000E+000                  2.5751823104728338E+008                  5.4963742526973702E+007                  5.5765625927680498E+000                  1.4919534216643887E+001                  2.6446171062812199E-038                  4.9138721468427499E-001                  1.5391955444967796E+010                  1.5456007275273394E-005                  1.2530024422667253E-005                 -2.4054513432512232E+000                  2.8265626791730756E+000                  3.0651233065329069E+000                  3.2156383043648975E+000 
                                     836                  6.0783352991264317E-001                 -5.7785362112523098E-001                  7.2809789385247239E+000                  1.3009735175840855E+000                  1.6563321739098576E+001                  3.2210102029497756E-001                  6.5831919683097462E-001                  1.9579782874047824E-002                  0.0000000000000000E+000                  2.5677443116678438E+008                  5.4942715057867900E+007                  5.5663435121301372E+000                  1.5580796170256818E+001                  3.0145342743979199E-038                  4.9032279164497156E-001                  1.5345490002614910E+010                  1.5251411184704099E-005                  1.2311730488851025E-005                 -2.4083449849987542E+000                  2.8277599618451164E+000                  3.0663205892049477E+000                  3.2168355870369383E+000 
                                     837                  6.0536528501891707E-001                 -5.7922401024758297E-001                  7.2824413403120873E+000                  1.3063223066294143E+000                  1.6568241151942054E+001                  3.1806214589882426E-001                  6.6236108878694067E-001                  1.9576765314235134E-002                  0.0000000000000000E+000                  2.5569740803927922E+008                  5.4914897804179832E+007                  5.5523900566297781E+000                  1.6628661387773231E+001                  3.6646276779266668E-038                  4.8874857283308887E-001                  1.5300330120676710E+010                  1.4972186199570109E-005                  1.2019272943385898E-005                 -2.4123573902397015E+000                  2.8289739531658511E+000                  3.0675345805256824E+000                  3.2180495783576730E+000 
                                     838                  6.0042879523146475E-001                 -5.8196997367616665E-001                  7.2839084745662133E+000                  1.3115726966228074E+000                  1.6573187486782057E+001                  3.1429728562368009E-001                  6.6612859595925988E-001                  1.9574118417060027E-002                  0.0000000000000000E+000                  2.5469538710992870E+008                  5.4895016636219256E+007                  5.5434023346123089E+000                  1.7754966441038427E+001                  4.4482291585190038E-038                  4.8722288200498998E-001                  1.5215148708361622E+010                  1.4974591691252849E-005                  1.1997071929432273E-005                 -2.4123225052924750E+000                  2.8314684166037636E+000                  3.0700290439635949E+000                  3.2205440417955855E+000 
                                     839                  5.9796267637615408E-001                 -5.8334473112005136E-001                  7.2848866105293437E+000                  1.3151630525299207E+000                  1.6576480065503691E+001                  3.1159741786314049E-001                  6.6883040712089359E-001                  1.9572175015965865E-002                  0.0000000000000000E+000                  2.5397499112310889E+008                  5.4875754359180517E+007                  5.5309874370005483E+000                  1.8539192843721210E+001                  5.0673059199473399E-038                  4.8616958823562362E-001                  1.5172744363792679E+010                  1.5345582438473620E-005                  1.2355724579832479E-005                 -2.4070083116801144E+000                  2.8327145761372412E+000                  3.0712752034970721E+000                  3.2217902013290627E+000 
                                     840                  5.9549655752084318E-001                 -5.8472118777901028E-001                  7.2863546298741140E+000                  1.3206386515452502E+000                  1.6581414344551156E+001                  3.0736538341244857E-001                  6.7306546825473634E-001                  1.9569148332815089E-002                  0.0000000000000000E+000                  2.5284413957852006E+008                  5.4840889213092983E+007                  5.5054596069017645E+000                  1.9770503718370897E+001                  6.1677197380264748E-038                  4.8455433335008397E-001                  1.5127803197315338E+010                  1.5945621688832817E-005                  1.2942314354436305E-005                 -2.3986792718961123E+000                  2.8339228316516798E+000                  3.0724834590115111E+000                  3.2229984568435017E+000 
                                     841                  5.9056431981022051E-001                 -5.8747867125339082E-001                  7.2881944249840505E+000                  1.3275897131098215E+000                  1.6587607035488045E+001                  3.0192833513990547E-001                  6.7850624692749217E-001                  1.9565417932602358E-002                  0.0000000000000000E+000                  2.5138925074433094E+008                  5.4792180587132744E+007                  5.4661999111188164E+000                  2.1415290032999415E+001                  7.8946401511763898E-038                  4.8250900269558328E-001                  1.5035092186770067E+010                  1.6516444031953481E-005                  1.3484838813153497E-005                 -2.3910417249828595E+000                  2.8362904619963780E+000                  3.0748510893562093E+000                  3.2253660871881999E+000 
                                     842                  5.8625089785355455E-001                 -5.8989469718648579E-001                  7.2899139450737795E+000                  1.3341008621362067E+000                  1.6593391798941614E+001                  2.9684268855172347E-001                  6.8359533062649813E-001                  1.9561980821778402E-002                  0.0000000000000000E+000                  2.5002802492063352E+008                  5.4745580950397819E+007                  5.4252923039856435E+000                  2.3065309201673202E+001                  9.9397413299694196E-038                  4.8059395369150126E-001                  1.4953436542567440E+010                  1.6910657920672683E-005                  1.3853762117539273E-005                 -2.3859197477753655E+000                  2.8383416892832440E+000                  3.0769023166430753E+000                  3.2274173144750660E+000 
                                     843                  5.8193747589688882E-001                 -5.9231486070140582E-001                  7.2916364913531586E+000                  1.3406551868931114E+000                  1.6599185682070225E+001                  2.9170332501008833E-001                  6.8873808772635037E-001                  1.9558587263561300E-002                  0.0000000000000000E+000                  2.4865180244193959E+008                  5.4696874185534887E+007                  5.3792310902905776E+000                  2.4831723277909141E+001                  1.2518616612737180E-037                  4.7866450373823549E-001                  1.4871827326812038E+010                  1.7277074904954747E-005                  1.4194586160580841E-005                 -2.3812648919288417E+000                  2.8403838182200070E+000                  3.0789444455798378E+000                  3.2294594434118284E+000 
                                     844                  5.7762405394022287E-001                 -5.9473899577938016E-001                  7.2933619555230322E+000                  1.3472666633774326E+000                  1.6604988472265035E+001                  2.8648244585711968E-001                  6.9396233861670942E-001                  1.9555215526170899E-002                  0.0000000000000000E+000                  2.4725288736408722E+008                  5.4645173335129045E+007                  5.3272119197480787E+000                  2.6719488047115167E+001                  1.5774299206859181E-037                  4.7671581921311590E-001                  1.4789802315453045E+010                  1.7661099017271371E-005                  1.4552471262819228E-005                 -2.3764911372907336E+000                  2.8424093283882250E+000                  3.0809699557480559E+000                  3.2314849535800469E+000 
                                     845                  5.7331063198355725E-001                 -5.9716685395576841E-001                  7.2949664649551682E+000                  1.3534750079461384E+000                  1.6610385655062050E+001                  2.8152963242280599E-001                  6.9891824271003744E-001                  1.9552124867156628E-002                  0.0000000000000000E+000                  2.4592465650754297E+008                  5.4593421630203925E+007                  5.2727003600447633E+000                  2.8583905510594217E+001                  1.9563298038994412E-037                  4.7488489076597068E-001                  1.4706890526680351E+010                  1.7945884808334028E-005                  1.4810353411369992E-005                 -2.3730175621202645E+000                  2.8444101907366335E+000                  3.0829708180964643E+000                  3.2334858159284550E+000 
                                     846                  5.6961602578084625E-001                 -5.9924907892592261E-001                  7.2964487677061793E+000                  1.3591588803084258E+000                  1.6615369570356286E+001                  2.7707484804229976E-001                  7.0337579559362451E-001                  1.9549356364075732E-002                  0.0000000000000000E+000                  2.4473081155628806E+008                  5.4548757721495591E+007                  5.2230230017561015E+000                  3.0417296416765591E+001                  2.3841814532592235E-037                  4.7320942823963646E-001                  1.4636610996279991E+010                  1.8050699352493771E-005                  1.4892112548324475E-005                 -2.3717529836092126E+000                  2.8461248309067266E+000                  3.0846854582665575E+000                  3.2352004560985481E+000 
                                     847                  5.6592141957813491E-001                 -6.0133402353962218E-001                  7.2979322561498927E+000                  1.3648132921819336E+000                  1.6620356837521015E+001                  2.7270341337032783E-001                  7.0774984553606468E-001                  1.9546741093607434E-002                  0.0000000000000000E+000                  2.4355980819138315E+008                  5.4506187993960634E+007                  5.1734094781924949E+000                  3.2362454892713131E+001                  2.9036204615054265E-037                  4.7154380584100364E-001                  1.4568441094871138E+010                  1.8201580011260880E-005                  1.5020553912830171E-005                 -2.3699454554473447E+000                  2.8478624277005635E+000                  3.0864230550603944E+000                  3.2369380528923850E+000 
                                     848                  5.6223082995779516E-001                 -6.0341958730072542E-001                  7.2994168554535257E+000                  1.3705510973078865E+000                  1.6625347271289360E+001                  2.6818828606579459E-001                  7.1226764909284956E-001                  1.9544064841355846E-002                  0.0000000000000000E+000                  2.4234888043063384E+008                  5.4458618616791710E+007                  5.1171463223235376E+000                  3.4409060428547846E+001                  3.5390567422527332E-037                  4.6985021503941138E-001                  1.4500270006054657E+010                  1.8580966739640263E-005                  1.5377195051347136E-005                 -2.3654658470342413E+000                  2.8495889701638659E+000                  3.0881495975236968E+000                  3.2386645953556874E+000 
                                     849                  5.5854024033745497E-001                 -6.0550766240801035E-001                  7.3009032582260414E+000                  1.3763423589765194E+000                  1.6630343440065097E+001                  2.6359574834744132E-001                  7.1686287913583024E-001                  1.9541372516728384E-002                  0.0000000000000000E+000                  2.4111633910716054E+008                  5.4408098675529294E+007                  5.0562263162672805E+000                  3.6566403525323359E+001                  4.3154655574945931E-037                  4.6813924997333001E-001                  1.4430744414445940E+010                  1.9137148266002177E-005                  1.5909712115137867E-005                 -2.3590613891994381E+000                  2.8512859204987175E+000                  3.0898465478585488E+000                  3.2403615456905395E+000 
                                     850                  5.5484965071711512E-001                 -6.0759802925553064E-001                  7.3023913519405959E+000                  1.3822118474579421E+000                  1.6635345172569547E+001                  2.5887805252230522E-001                  7.2158325412167013E-001                  1.9538693356024650E-002                  0.0000000000000000E+000                  2.3984903643788901E+008                  5.4353075499686107E+007                  4.9891482239976890E+000                  3.8832291283273619E+001                  5.2661016600054912E-037                  4.6640423330523750E-001                  1.4360034417578794E+010                  1.9721008581505887E-005                  1.6469058916187614E-005                 -2.3525354389625757E+000                  2.8529550472501612E+000                  3.0915156746099921E+000                  3.2420306724419827E+000 
                                     851                  5.5115906109677537E-001                 -6.0969034409883027E-001                  7.3038802261851172E+000                  1.3881801380298164E+000                  1.6640349696622629E+001                  2.5399310883517234E-001                  7.2647086690518370E-001                  1.9536024259643958E-002                  0.0000000000000000E+000                  2.3853540475142550E+008                  5.4292103769346215E+007                  4.9144829269332782E+000                  4.1202188033108520E+001                  6.4319865848121489E-037                  4.6464008914794896E-001                  1.4287389232655436E+010                  2.0120263643087176E-005                  1.6842614319230060E-005                 -2.3481831664306245E+000                  2.8545838088598270E+000                  3.0931444362196583E+000                  3.2436594340516489E+000 
                                     852                  5.4747230207913855E-001                 -6.1178196826868225E-001                  7.3053698112787471E+000                  1.3940616768507554E+000                  1.6645356760371357E+001                  2.4930802857342002E-001                  7.3115852414805216E-001                  1.9533447278527794E-002                  0.0000000000000000E+000                  2.3727706455076113E+008                  5.4236774665115796E+007                  4.8438676463411268E+000                  4.3720292530921526E+001                  7.8443665962800826E-037                  4.6290412724024310E-001                  1.4215621783275873E+010                  2.0225297791700408E-005                  1.6921991226800777E-005                 -2.3470525376182865E+000                  2.8562104136425188E+000                  3.0947710410023501E+000                  3.2452860388343407E+000 
                                     853                  5.4378554306150184E-001                 -6.1387550141794522E-001                  7.3068608735970750E+000                  1.3999408275079932E+000                  1.6650368785152381E+001                  2.4465837599112844E-001                  7.3581067837276304E-001                  1.9530945636108576E-002                  0.0000000000000000E+000                  2.3602865388410497E+008                  5.4181958106989242E+007                  4.7723134642232141E+000                  4.6376980162218814E+001                  9.5638029757976103E-037                  4.6117040652091235E-001                  1.4146288490631927E+010                  2.0198058566621610E-005                  1.6869869564529354E-005                 -2.3473451864233166E+000                  2.8578629586913711E+000                  3.0964235860512019E+000                  3.2469385838831926E+000 
                                     854                  5.4009878404386502E-001                 -6.1597098474153000E-001                  7.3083533707674375E+000                  1.4058037676226460E+000                  1.6655385579183793E+001                  2.4007053211578808E-001                  7.4040092311859906E-001                  1.9528544765612832E-002                  0.0000000000000000E+000                  2.3479753623645687E+008                  5.4128502128862575E+007                  4.7007721662801556E+000                  4.9181730902393980E+001                  1.1654370541950907E-036                  4.5944319918883847E-001                  1.4078274676719677E+010                  2.0215763572800395E-005                  1.6862973739863859E-005                 -2.3471549251075001E+000                  2.8595245164482548E+000                  3.0980851438080861E+000                  3.2486001416400767E+000 
                                     855                  5.3641202502622831E-001                 -6.1806852739203733E-001                  7.3098459733323962E+000                  1.4116340208627591E+000                  1.6660402604335893E+001                  2.3556955263449628E-001                  7.4490416006765248E-001                  1.9526287297851219E-002                  0.0000000000000000E+000                  2.3359066345311439E+008                  5.4077146720580727E+007                  4.6301034223436872E+000                  5.2141499864599425E+001                  1.4190550811881648E-036                  4.5772747548002934E-001                  1.4011967214866428E+010                  2.0355204576073079E-005                  1.6978285144239264E-005                 -2.3456622642346954E+000                  2.8612014116978504E+000                  3.0997620390576817E+000                  3.2502770368896723E+000 
                                     856                  5.3273169044286184E-001                 -6.2016463502378516E-001                  7.3113386038292845E+000                  1.4175215495247844E+000                  1.6665419612755528E+001                  2.3098147964930649E-001                  7.4949455484084893E-001                  1.9523965509844587E-002                  0.0000000000000000E+000                  2.3235991868105927E+008                  5.4022274098136418E+007                  4.5546474640533630E+000                  5.5239877076774775E+001                  1.7284092717670122E-036                  4.5599601868716716E-001                  1.3946176498896641E+010                  2.0645903034363798E-005                  1.7244769024544626E-005                 -2.3425830583499754E+000                  2.8628711325476655E+000                  3.1014317599074968E+000                  3.2519467577394874E+000 
                                     857                  5.2905135585949548E-001                 -6.2226269206030294E-001                  7.3128324724983216E+000                  1.4234254580379389E+000                  1.6670440809641068E+001                  2.2639211262695014E-001                  7.5408618995760812E-001                  1.9521697415441741E-002                  0.0000000000000000E+000                  2.3112907263903475E+008                  5.3966697023448981E+007                  4.4772949257169827E+000                  5.8494536069928884E+001                  2.1049943100584521E-036                  4.5426205329228159E-001                  1.3880115636130468E+010                  2.1035496979840247E-005                  1.7609698512731570E-005                 -2.3385236114918406E+000                  2.8645252259104406E+000                  3.1030858532702719E+000                  3.2536008511022625E+000 
                                     858                  5.2537102127612889E-001                 -6.2436264903202676E-001                  7.3143274936360667E+000                  1.4293768008727994E+000                  1.6675465995922959E+001                  2.2174303836449880E-001                  7.5873750757403935E-001                  1.9519454061461827E-002                  0.0000000000000000E+000                  2.2988193199341995E+008                  5.3908477634721130E+007                  4.3961019941366128E+000                  6.1899261339448834E+001                  2.5643196383669651E-036                  4.5251725172253487E-001                  1.3814027098676046E+010                  2.1417315415325350E-005                  1.7966528273204302E-005                 -2.3346174836843430E+000                  2.8661672913641358E+000                  3.1047279187239671E+000                  3.2552429165559578E+000 
                                     859                  5.2169068669276253E-001                 -6.2646430422560428E-001                  7.3160707938312282E+000                  1.4363690419980959E+000                  1.6681322096812437E+001                  2.1624914118292585E-001                  7.6423396650590902E-001                  1.9516892311165157E-002                  0.0000000000000000E+000                  2.2840789277273828E+008                  5.3837181521801792E+007                  4.2965360817673730E+000                  6.6056201509121777E+001                  3.2284323904112296E-036                  4.5047025432244769E-001                  1.3747330750135302E+010                  2.1577961245043077E-005                  1.8101601740573393E-005                 -2.3329947956248644E+000                  2.8677880404606690E+000                  3.1063486678204999E+000                  3.2568636656524905E+000 
                                     860                  5.1679152868418843E-001                 -6.2926427079018565E-001                  7.3180640808154687E+000                  1.4442355475050173E+000                  1.6688022811589736E+001                  2.1026157459364458E-001                  7.7022430991522151E-001                  1.9514115491133910E-002                  0.0000000000000000E+000                  2.2680405266616309E+008                  5.3764026476938933E+007                  4.1896178524043348E+000                  7.1154396307061120E+001                  4.1915557304304083E-036                  4.4817244498866798E-001                  1.3661038409556116E+010                  2.1461505992017535E-005                  1.7951791442001536E-005                 -2.3341699030425649E+000                  2.8699645482627849E+000                  3.1085251756226162E+000                  3.2590401734546068E+000 
                                     861                  5.1189237067561399E-001                 -6.3206771187997857E-001                  7.3195605593157573E+000                  1.4500418036024376E+000                  1.6693060085222626E+001                  2.0599257932089085E-001                  7.7449519661228128E-001                  1.9512224066827843E-002                  0.0000000000000000E+000                  2.2566257348751611E+008                  5.3715742792204812E+007                  4.1150731248440202E+000                  7.5246073497870938E+001                  5.0905890977622018E-036                  4.4648106028372103E-001                  1.3580649372742075E+010                  2.1337069975900538E-005                  1.7796226420145173E-005                 -2.3354326092473432E+000                  2.8722124115632277E+000                  3.1107730389230590E+000                  3.2612880367550496E+000 
                                     862                  5.0944612042417481E-001                 -6.3346916004497511E-001                  7.3205571570833143E+000                  1.4539467237186057E+000                  1.6696410075940918E+001                  2.0308315557548415E-001                  7.7740591230057965E-001                  1.9510932123936175E-002                  0.0000000000000000E+000                  2.2488420876160562E+008                  5.3680961261378594E+007                  4.0621501583476878E+000                  7.8059150710787534E+001                  5.7954968704459715E-036                  4.4534322632398804E-001                  1.3541458625084011E+010                  2.1398007704616527E-005                  1.7841868046564039E-005                 -2.3348133302219001E+000                  2.8733432438039057E+000                  3.1119038711637366E+000                  3.2624188689957276E+000 
                                     863                  5.0699987017273596E-001                 -6.3487157946869077E-001                  7.3220517230570490E+000                  1.4598140896674674E+000                  1.6701427365326129E+001                  1.9870683989067259E-001                  7.8178413529364521E-001                  1.9509024815682174E-002                  0.0000000000000000E+000                  2.2371357331052324E+008                  5.3627734230610050E+007                  3.9808176679968996E+000                  8.2431026582201852E+001                  7.0387767576788743E-036                  4.4358473865059489E-001                  1.3501716430067799E+010                  2.1510384180927816E-005                  1.7938133159359895E-005                 -2.3336759164667282E+000                  2.8744614252869440E+000                  3.1130220526467749E+000                  3.2635370504787655E+000 
                                     864                  5.0210736966985692E-001                 -6.3767927892304310E-001                  7.3240449879835534E+000                  1.4675786927510404E+000                  1.6708129986318426E+001                  1.9302637537053910E-001                  7.8746702877028385E-001                  1.9506595859177023E-002                  0.0000000000000000E+000                  2.2219547156119728E+008                  5.3561263017232232E+007                  3.8751076804152902E+000                  8.8615629218953956E+001                  9.1095210364253422E-036                  4.4111581664219468E-001                  1.3424084736444607E+010                  2.1502129133395896E-005                  1.7895252000540255E-005                 -2.3337592671328187E+000                  2.8767124184090132E+000                  3.1152730457688445E+000                  3.2657880436008351E+000 
                                     865                  4.9722209708623005E-001                 -6.4048708555321299E-001                  7.3260372146627395E+000                  1.4752659055524451E+000                  1.6714832014238674E+001                  1.8751228842353768E-001                  7.9298342047062864E-001                  1.9504291105833627E-002                  0.0000000000000000E+000                  2.2072364052840817E+008                  5.3499611763460606E+007                  3.7720985067464587E+000                  9.5219320729501447E+001                  1.1770764499533574E-035                  4.3867663147307567E-001                  1.3350342186231810E+010                  2.1386971488174992E-005                  1.7744742020571243E-005                 -2.3349253547711317E+000                  2.8790010036319442E+000                  3.1175616309917755E+000                  3.2680766288237661E+000 
                                     866                  4.9233682450260285E-001                 -6.4329970253438573E-001                  7.3275317219884375E+000                  1.4810093695942146E+000                  1.6719868537812737E+001                  1.8345082571747981E-001                  7.9704654808108855E-001                  1.9502626201431617E-002                  0.0000000000000000E+000                  2.1964006454638204E+008                  5.3455393286530815E+007                  3.6955527981079954E+000                  1.0045652134054106E+002                  1.4256045279683458E-035                  4.3686190165891331E-001                  1.3279852830136189E+010                  2.1422232183332967E-005                  1.7745670601048640E-005                 -2.3345676389650691E+000                  2.8813239634922563E+000                  3.1198845908520876E+000                  3.2703995886840782E+000 
                                     867                  4.8989809485587099E-001                 -6.4470566907820881E-001                  7.3285264876418426E+000                  1.4848491795800352E+000                  1.6723217052376135E+001                  1.8071834011369778E-001                  7.9978013438289430E-001                  1.9501525503407890E-002                  0.0000000000000000E+000                  2.1891085834463787E+008                  5.3424703447221480E+007                  3.6426164018721701E+000                  1.0405311939576559E+002                  1.6195407522383185E-035                  4.3564805541478269E-001                  1.3245177530382788E+010                  2.1628935479551977E-005                  1.7935235200965905E-005                 -2.3324824274448841E+000                  2.8824856377281272E+000                  3.1210462650879585E+000                  3.2715612629199491E+000 
                                     868                  4.8745936520913941E-001                 -6.4611286613733432E-001                  7.3300178242013887E+000                  1.4906321360330264E+000                  1.6728231488408319E+001                  1.7657800442203547E-001                  8.0392210906167316E-001                  1.9499886516291420E-002                  0.0000000000000000E+000                  2.1780557071954423E+008                  5.3376758888720930E+007                  3.5602696560573208E+000                  1.0960880275546451E+002                  1.9609395566510244E-035                  4.3381991674596693E-001                  1.3210151229525879E+010                  2.2055944038824850E-005                  1.8344749464840156E-005                 -2.3282371744046322E+000                  2.8836381776673825E+000                  3.1221988050272138E+000                  3.2727138028592044E+000 
                                     869                  4.8258190591567557E-001                 -6.4893082431988158E-001                  7.3320055914648270E+000                  1.4984542971377197E+000                  1.6734927763272854E+001                  1.7090658757815655E-001                  8.0959572185734263E-001                  1.9497690564500791E-002                  0.0000000000000000E+000                  2.1628903207489672E+008                  5.3306695984138295E+007                  3.4426081954032437E+000                  1.1728296606950775E+002                  2.5321431242197702E-035                  4.3136226343434736E-001                  1.3138957385211521E+010                  2.2690541058574213E-005                  1.8943168255830172E-005                 -2.3220775740947377E+000                  2.8859107801290662E+000                  3.1244714074888975E+000                  3.2749864053208881E+000 
                                     870                  4.7771286075271374E-001                 -6.5174800855671200E-001                  7.3339912338655795E+000                  1.5063571290497697E+000                  1.6741620875869934E+001                  1.6512704723432303E-001                  8.1537744490783082E-001                  1.9495507857846150E-002                  0.0000000000000000E+000                  2.1474156391951224E+008                  5.3231589246763989E+007                  3.3181305785734145E+000                  1.2526142205414058E+002                  3.2700243321927989E-035                  4.2889275754092315E-001                  1.3066610408332100E+010                  2.3274024836311868E-005                  1.9489039728266381E-005                 -2.3165642532846076E+000                  2.8881368414000419E+000                  3.1266974687598732E+000                  3.2772124665918638E+000 
                                     871                  4.7284381558975186E-001                 -6.5456878941535301E-001                  7.3359743888502065E+000                  1.5142799599346812E+000                  1.6748309980436982E+001                  1.5935019525266031E-001                  8.2115642802041100E-001                  1.9493376726928746E-002                  0.0000000000000000E+000                  2.1319372065131256E+008                  5.3155121476424567E+007                  3.1908540607370388E+000                  1.3358519310702346E+002                  4.2202407485126043E-035                  4.2643198426774875E-001                  1.2994159668260630E+010                  2.3694990692793972E-005                  1.9871616978970064E-005                 -2.3126717287760017E+000                  2.8903390116369705E+000                  3.1288996389968018E+000                  3.2794146368287924E+000 
                                     872                  4.6798380140517409E-001                 -6.5738782123844863E-001                  7.3374605978677216E+000                  1.5202139612241576E+000                  1.6753332955196022E+001                  1.5507254793422043E-001                  8.2543562435169193E-001                  1.9491827714087639E-002                  0.0000000000000000E+000                  2.1204703864854190E+008                  5.3098719886584774E+007                  3.0955941451438633E+000                  1.4008936913011041E+002                  5.1067076119704568E-035                  4.2460296558491056E-001                  1.2923377367572496E+010                  2.4103823925020698E-005                  2.0242270216129929E-005                 -2.3089570268910302E+000                  2.8925387408503251E+000                  3.1310993682101560E+000                  3.2816143660421466E+000 
                                     873                  4.6555379431288563E-001                 -6.5879868790362484E-001                  7.3384505894012291E+000                  1.5242034184343163E+000                  1.6756675450967951E+001                  1.5216694937759784E-001                  8.2834225559358032E-001                  1.9490795028821895E-002                  0.0000000000000000E+000                  2.1126731390461394E+008                  5.3058729741962604E+007                  3.0293069544558828E+000                  1.4448657502546703E+002                  5.7996041424917093E-035                  4.2337670862915733E-001                  1.2888111063985374E+010                  2.4549932607029544E-005                  2.0669101372266492E-005                 -2.3049748478689862E+000                  2.8936322946633273E+000                  3.1321929220231586E+000                  3.2827079198551492E+000 
                                     874                  4.6312378722059716E-001                 -6.6021034853833316E-001                  7.3399323045673617E+000                  1.5302890527815636E+000                  1.6761673359819028E+001                  1.4763380436875609E-001                  8.3287699927664194E-001                  1.9489196354602001E-002                  0.0000000000000000E+000                  2.1004846184997720E+008                  5.2991641021798678E+007                  2.9223800256923109E+000                  1.5106551775594986E+002                  7.0230952626280963E-035                  4.2151377171658239E-001                  1.2851400742745283E+010                  2.4803050101120606E-005                  2.0901990832133919E-005                 -2.3027474547353775E+000                  2.8946969973897740E+000                  3.1332576247496053E+000                  3.2837726225815960E+000 
                                     875                  4.5827343743545612E-001                 -6.6302971536983069E-001                  7.3419063831657443E+000                  1.5382280296133373E+000                  1.6768346136096927E+001                  1.4195244248990227E-001                  8.3856031849196266E-001                  1.9487239018135094E-002                  0.0000000000000000E+000                  2.0852256608647418E+008                  5.2913542894163318E+007                  2.7906403644909208E+000                  1.6036753379010889E+002                  9.0408244349162071E-035                  4.1910134154244133E-001                  1.2779802259718607E+010                  2.4675596242678887E-005                  2.0734671119750632E-005                 -2.3038661722820133E+000                  2.8968300645791905E+000                  3.1353906919390218E+000                  3.2859056897710124E+000 
                                     876                  4.5342308765031514E-001                 -6.6585248737062874E-001                  7.3438770537287157E+000                  1.5460125545197221E+000                  1.6775011829435766E+001                  1.3657411883271972E-001                  8.4394044235327947E-001                  1.9485438814000777E-002                  0.0000000000000000E+000                  2.0707938765287644E+008                  5.2844526492540874E+007                  2.6672574798010897E+000                  1.7022218961959308E+002                  1.1608328006938593E-034                  4.1674987247492223E-001                  1.2714731855660587E+010                  2.4518177610962187E-005                  2.0540551450553596E-005                 -2.3052559066142475E+000                  2.8990488303089781E+000                  3.1376094576688094E+000                  3.2881244555008000E+000 
                                     877                  4.4858305285426886E-001                 -6.6867367944250777E-001                  7.3453532040351037E+000                  1.5519577738497943E+000                  1.6780014887526910E+001                  1.3239865167227119E-001                  8.4811728655514784E-001                  1.9484061772580996E-002                  0.0000000000000000E+000                  2.0595594551652855E+008                  5.2786563365696728E+007                  2.5683842556224006E+000                  1.7765149623545230E+002                  1.4009614508891859E-034                  4.1497328519935289E-001                  1.2651461005086142E+010                  2.4827607619409910E-005                  2.0813628462408737E-005                 -2.3025325634556220E+000                  2.9012691262652637E+000                  3.1398297536250950E+000                  3.2903447514570856E+000 
                                     878                  4.4616303545624453E-001                 -6.7008560652803884E-001                  7.3463363100145260E+000                  1.5559440246008494E+000                  1.6783343614419998E+001                  1.2958218561882015E-001                  8.5093466933473660E-001                  1.9483145046443218E-002                  0.0000000000000000E+000                  2.0519735139120451E+008                  5.2746166815497056E+007                  2.5006882300532061E+000                  1.8262962260641467E+002                  1.5880353360738237E-034                  4.1378680509123622E-001                  1.2618988265384365E+010                  2.5274494988062636E-005                  2.1241585230310903E-005                 -2.2986587566635119E+000                  2.9023559106669850E+000                  3.1409165380268158E+000                  3.2914315358588064E+000 
                                     879                  4.4374301805821992E-001                 -6.7149834906333283E-001                  7.3478072015009461E+000                  1.5619345598506453E+000                  1.6788319235900325E+001                  1.2533931623013012E-001                  8.5517890291805532E-001                  1.9481780851814623E-002                  0.0000000000000000E+000                  2.0405356246357226E+008                  5.2683890001738898E+007                  2.3975929322209750E+000                  1.9012256417736651E+002                  1.9156437211502547E-034                  4.1201098357910498E-001                  1.2586125400112341E+010                  2.5641780383021974E-005                  2.1589621312733795E-005                 -2.2955259118917741E+000                  2.9034311641816757E+000                  3.1419917915415070E+000                  3.2925067893734976E+000 
                                     880                  4.3891396663707322E-001                 -6.7431973088738240E-001                  7.3497659916667342E+000                  1.5698807645228130E+000                  1.6794959426886283E+001                  1.1980852353659018E-001                  8.6071143571835107E-001                  1.9480040745058713E-002                  0.0000000000000000E+000                  2.0256155157797503E+008                  5.2603832341691233E+007                  2.2632183065546210E+000                  2.0037163800170603E+002                  2.4568985174904795E-034                  4.0967763960727782E-001                  1.2521884458966305E+010                  2.6088191242658867E-005                  2.1998003127723258E-005                 -2.2917780152709546E+000                  2.9055805921701516E+000                  3.1441412195299825E+000                  3.2946562173619736E+000 
                                     881                  4.3408491521592646E-001                 -6.7714451256896080E-001                  7.3517201165331931E+000                  1.5780558010929815E+000                  1.6801589446424021E+001                  1.1394300465203691E-001                  8.6657822308851695E-001                  1.9478772259446164E-002                  0.0000000000000000E+000                  2.0097350851771325E+008                  5.2509442167997941E+007                  2.1161570065301696E+000                  2.1015883718649624E+002                  3.1553921125638810E-034                  4.0731364121763669E-001                  1.2456535928976032E+010                  2.6316797415145156E-005                  2.2187363847128200E-005                 -2.2898834813428044E+000                  2.9076847367389043E+000                  3.1462453640987356E+000                  3.2967603619307262E+000 
                                     882                  4.2926753401346734E-001                 -6.7996436256907788E-001                  7.3536693738406287E+000                  1.5859724860240141E+000                  1.6808208521369085E+001                  1.0854218853972353E-001                  8.7198174826714137E-001                  1.9476063193135107E-002                  0.0000000000000000E+000                  1.9951317868244797E+008                  5.2430156714722380E+007                  1.9839141003990977E+000                  2.2053187929187928E+002                  4.0375914365052156E-034                  4.0502532638758698E-001                  1.2393244315794031E+010                  2.5929598829749749E-005                  2.1761586936724714E-005                 -2.2931021011867423E+000                  2.9097868928554922E+000                  3.1483475202153235E+000                  3.2988625180473141E+000 
                                     883                  4.2445015281100856E-001                 -6.8278777418473802E-001                  7.3556140279312050E+000                  1.5936857596664671E+000                  1.6814816795121459E+001                  1.0350680094617887E-001                  8.7701812659737632E-001                  1.9475072456444753E-002                  0.0000000000000000E+000                  1.9815288620677078E+008                  5.2362603916310348E+007                  1.8629725728692508E+000                  2.3148963886883152E+002                  5.1508325412363553E-034                  4.0281763018758715E-001                  1.2337821574323854E+010                  2.5190343442505844E-005                  2.0988098336674723E-005                 -2.2993829556680065E+000                  2.9120018713777749E+000                  3.1505624987376062E+000                  3.3010774965695968E+000 
                                     884                  4.1964358973143051E-001                 -6.8560974577866141E-001                  7.3575533261318098E+000                  1.6013344917945083E+000                  1.6821411555941673E+001                  9.8603108090873803E-002                  8.8192324305882863E-001                  1.9473648850297565E-002                  0.0000000000000000E+000                  1.9682733723945922E+008                  5.2298211046707489E+007                  1.7455548329213273E+000                  2.4260246993871124E+002                  6.5604069148681466E-034                  4.0059941152497819E-001                  1.2287452204455017E+010                  2.4860042217124022E-005                  2.0625552320500648E-005                 -2.3022490690891733E+000                  2.9142769017272649E+000                  3.1528375290870962E+000                  3.3033525269190869E+000 
                                     885                  4.1484014284431925E-001                 -6.8843523349958069E-001                  7.3593662827251896E+000                  1.6084224727509309E+000                  1.6827584197074604E+001                  9.4163952286323890E-002                  8.8636368273570143E-001                  1.9472364977974665E-002                  0.0000000000000000E+000                  1.9562693809568429E+008                  5.2242295018580839E+007                  1.6400401512079867E+000                  2.5322007839531364E+002                  8.2162122709891165E-034                  3.9846456254153578E-001                  1.2240410889432301E+010                  2.5524217433911359E-005                  2.1256533085215559E-005                 -2.2965237821982738E+000                  2.9165872030723139E+000                  3.1551478304321448E+000                  3.3056628282641354E+000 
                                     886                  4.1064702169086004E-001                 -6.9090659774239560E-001                  7.3620117761228574E+000                  1.6194071777080292E+000                  1.6836573737237842E+001                  8.6703659606149203E-002                  8.9382604617508399E-001                  1.9470294218766782E-002                  0.0000000000000000E+000                  1.9359717283517304E+008                  5.2121193615354888E+007                  1.4548245302665290E+000                  2.6580460853184638E+002                  1.1476716403768933E-033                  3.9519132906443183E-001                  1.2195421066872316E+010                  2.6931890353690657E-005                  2.2630703828800629E-005                 -2.2848665811597475E+000                  2.9185212306764106E+000                  3.1570818580362414E+000                  3.3075968558682320E+000 
                                     887                  4.0167410356274680E-001                 -6.9620300109202815E-001                  7.3647694098443495E+000                  1.6312073158976481E+000                  1.6846015328191928E+001                  7.8586527966818476E-002                  9.0194536702786166E-001                  1.9468105005319813E-002                  0.0000000000000000E+000                  1.9137919423628172E+008                  5.1978596931759112E+007                  1.2542360319981860E+000                  2.7632907159652547E+002                  1.6294641001023912E-033                  3.9176136486289753E-001                  1.2086407580221033E+010                  2.8038902090688002E-005                  2.3656793650977252E-005                 -2.2761194979434696E+000                  2.9223545679109799E+000                  3.1609151952708108E+000                  3.3114301931028014E+000 
                                     888                  3.9689430658809172E-001                 -6.9902693481527689E-001                  7.3676264365261233E+000                  1.6430744231853180E+000                  1.6855760950984426E+001                  7.0778898436353127E-002                  9.0975510468223875E-001                  1.9465996881408154E-002                  0.0000000000000000E+000                  1.8924766014618766E+008                  5.1850469770966418E+007                  1.0687416911361058E+000                  2.8651430413886095E+002                  2.3328489512013588E-033                  3.8832746809786600E-001                  1.2031540979772150E+010                  2.7734229915068509E-005                  2.3311657797477808E-005                 -2.2784919442468090E+000                  2.9244068967390300E+000                  3.1629675240988608E+000                  3.3134825219308515E+000 
                                     889                  3.8736375346479968E-001                 -7.0466815680440975E-001                  7.3714135069793176E+000                  1.6584430347889696E+000                  1.6868740178255408E+001                  6.1220901842290912E-002                  9.1931563819404660E-001                  1.9463459963662499E-002                  0.0000000000000000E+000                  1.8663698127882668E+008                  5.1706300121062011E+007                  8.5292495557033754E-001                  2.9826151220760789E+002                  3.7345048886357569E-033                  3.8395916030191840E-001                  1.1939262339056061E+010                  2.6925859246560961E-005                  2.2436437578246928E-005                 -2.2849152143940841E+000                  2.9287288101603126E+000                  3.1672894375201435E+000                  3.3178044353521341E+000 
                                     890                  3.7786381645296607E-001                 -7.1031146770169151E-001                  7.3747032399815362E+000                  1.6717148109272248E+000                  1.6880047350450461E+001                  5.3208132447063815E-002                  9.2733047887283482E-001                  1.9461388680101388E-002                  0.0000000000000000E+000                  1.8444499704700729E+008                  5.1587982139466114E+007                  6.8149855775886281E-001                  3.0427336045905872E+002                  5.6092013328537503E-033                  3.8025341067551771E-001                  1.1862134734202532E+010                  2.6172868164549124E-005                  2.1630021293870141E-005                 -2.2910743412061763E+000                  2.9331986897179556E+000                  3.1717593170777869E+000                  3.3222743149097775E+000 
                                     891                  3.7077151898330157E-001                 -7.1453959087962682E-001                  7.3775056573511977E+000                  1.6828139316512747E+000                  1.6889674239448670E+001                  4.6766789932425494E-002                  9.3377347206858907E-001                  1.9459737998985482E-002                  0.0000000000000000E+000                  1.8268324630900687E+008                  5.1499326649343491E+007                  5.5211060726956340E-001                  3.0628585792248958E+002                  7.9120463698939920E-033                  3.7718145273733700E-001                  1.1813115821205717E+010                  2.5519521982379125E-005                  2.0946441644478928E-005                 -2.2965637324197812E+000                  2.9366279233539681E+000                  3.1751885507137989E+000                  3.3257035485457895E+000 
                                     892                  3.6367922151363691E-001                 -7.1878340448509348E-001                  7.3807528583560957E+000                  1.6955611333275191E+000                  1.6900819454107996E+001                  3.9545965670285163E-002                  9.4099612610881611E-001                  1.9457908220898767E-002                  0.0000000000000000E+000                  1.8070772834918347E+008                  5.1402918527043186E+007                  4.1712841075374368E-001                  3.0285337548617753E+002                  1.1768091490755177E-032                  3.7368531203111022E-001                  1.1771655617073545E+010                  2.4830069660706431E-005                  2.0236526065325285E-005                 -2.3025110310157508E+000                  2.9401482673660562E+000                  3.1787088947258875E+000                  3.3292238925578781E+000 
                                     893                  3.5428150164149802E-001                 -7.2443373499153918E-001                  7.3844442704844804E+000                  1.7097997036232284E+000                  1.6913502785414728E+001                  3.1834413375757313E-002                  9.4870964136704361E-001                  1.9455945257199070E-002                  0.0000000000000000E+000                  1.7859880348068148E+008                  5.1309237553656437E+007                  2.8768529425670936E-001                  2.9089778538902959E+002                  1.8427255537279899E-032                  3.6982435749287912E-001                  1.1727760076118607E+010                  2.4008016268071154E-005                  1.9404294576200092E-005                 -2.3098218616504167E+000                  2.9449387112450629E+000                  3.1834993386048942E+000                  3.3340143364368848E+000 
                                     894                  3.4488378176935908E-001                 -7.3012016995427975E-001                  7.3872038748344364E+000                  1.7201922235774068E+000                  1.6922995946239272E+001                  2.6515808521646589E-002                  9.5402959844781465E-001                  1.9454593030538758E-002                  0.0000000000000000E+000                  1.7714596409339425E+008                  5.1254841887689725E+007                  2.0901677308211197E-001                  2.7620958367282344E+002                  2.5702350760073403E-032                  3.6702969180824374E-001                  1.1698953405039265E+010                  2.3136055909270069E-005                  1.8546609132193814E-005                 -2.3178553374465389E+000                  2.9499211852475087E+000                  3.1884818126073400E+000                  3.3389968104393302E+000 
                                     895                  3.4021320828031437E-001                 -7.3296206947844855E-001                  7.3890329318148709E+000                  1.7270270451737260E+000                  1.6929264102901403E+001                  2.3060502343593223E-002                  9.5748578767823644E-001                  1.9453709978170308E-002                  0.0000000000000000E+000                  1.7620289560308549E+008                  5.1220535771019191E+007                  1.6300748887842878E-001                  2.6190381274969178E+002                  3.2033507243106856E-032                  3.6519232041850069E-001                  1.1689752389479788E+010                  2.2424219532745407E-005                  1.7852023644890636E-005                 -2.3246413317455130E+000                  2.9524647274539100E+000                  3.1910253548137413E+000                  3.3415403526457319E+000 
                                     896                  3.3554263479127000E-001                 -7.3581516515365519E-001                  7.3908593995059553E+000                  1.7337070499291594E+000                  1.6935513438258692E+001                  1.9822840287692135E-002                  9.6072428400076260E-001                  1.9452875711545303E-002                  0.0000000000000000E+000                  1.7532117929992449E+008                  5.1194259165932573E+007                  1.2415240633725248E-001                  2.4528993071513074E+002                  3.9864165193839760E-032                  3.6339410929429433E-001                  1.1684340962469395E+010                  2.1829463143503242E-005                  1.7282555310632762E-005                 -2.3304784724267193E+000                  2.9550608782526311E+000                  3.1936215056124619E+000                  3.3441365034444530E+000 
                                     897                  3.3088186869228253E-001                 -7.3867467971813627E-001                  7.3926799489482065E+000                  1.7403735006861392E+000                  1.6941729977958975E+001                  1.6585156223377476E-002                  9.6396280074914364E-001                  1.9452043027478827E-002                  0.0000000000000000E+000                  1.7443938625215024E+008                  5.1166853334404118E+007                  8.9588934553165897E-002                  2.2347104869012637E+002                  4.9587220237584550E-032                  3.6160433288305011E-001                  1.1682056610930820E+010                  2.1017551930580285E-005                  1.6503870623514201E-005                 -2.3387089354230670E+000                  2.9576925504897975E+000                  3.1962531778496284E+000                  3.3467681756816190E+000 
                                     898                  3.2624166024133511E-001                 -7.4153414291565667E-001                  7.3944973695342062E+000                  1.7467654034045910E+000                  1.6947919951863863E+001                  1.3717782892273631E-002                  9.6683092375793001E-001                  1.9451293349796339E-002                  0.0000000000000000E+000                  1.7366245350517648E+008                  5.1154055680124514E+007                  6.3134573729271934E-002                  2.0105481377350475E+002                  6.1528506519835326E-032                  3.5987370810603764E-001                  1.1684481507946009E+010                  1.9666384652579856E-005                  1.5195916967574970E-005                 -2.3531377353872305E+000                  2.9603816631090241E+000                  3.1989422904688549E+000                  3.3494572883008460E+000 
                                     899                  3.2160145179038763E-001                 -7.4440818280246113E-001                  7.3963125427054832E+000                  1.7528657679280264E+000                  1.6954082757402315E+001                  1.1236817822685709E-002                  9.6931255191378263E-001                  1.9450630263531665E-002                  0.0000000000000000E+000                  1.7299516576038101E+008                  5.1156819456358723E+007                  4.3604549170863316E-002                  1.7895445065282047E+002                  7.6157081313610023E-032                  3.5820189848534750E-001                  1.1695372644839748E+010                  1.7887444215334350E-005                  1.3472877719398650E-005                 -2.3737258538211217E+000                  2.9632131400422246E+000                  3.2017737674020559E+000                  3.3522887652340465E+000 
                                     900                  3.1698277399813773E-001                 -7.4728557949580032E-001                  7.3981264770765858E+000                  1.7587185589478371E+000                  1.6960218194900392E+001                  9.0743146342229433E-003                  9.7147564747407100E-001                  1.9450037891706073E-002                  0.0000000000000000E+000                  1.7241852735134754E+008                  5.1172541611064672E+007                  2.9250555399718024E-002                  1.5688904183250827E+002                  9.4085399213001888E-032                  3.5657662020176939E-001                  1.1714259368463625E+010                  1.6005208915722134E-005                  1.1658340479192047E-005                 -2.3978693263221502E+000                  2.9661689723995583E+000                  3.2047295997593896E+000                  3.3552445975913803E+000 
                                     901                  3.1236409620588790E-001                 -7.5018163603317134E-001                  7.3999400267080109E+000                  1.7642966265321918E+000                  1.6966325827677139E+001                  7.2623752333117603E-003                  9.7328811087228295E-001                  1.9449513894405301E-002                  0.0000000000000000E+000                  1.7194180734416410E+008                  5.1202808251000427E+007                  1.9257230168102286E-002                  1.3622670150885392E+002                  1.1600556547374161E-031                  3.5500035168931743E-001                  1.1740993135045574E+010                  1.4105718983097125E-005                  9.8381873312274461E-006                 -2.4253023862525822E+000                  2.9692604794330482E+000                  3.2078211067928790E+000                  3.3583361046248696E+000 
                                     902                  3.0776795368005133E-001                 -7.5308434101940380E-001                  7.4017541705332563E+000                  1.7695951203245326E+000                  1.6972405622948106E+001                  5.8028416844229319E-003                  9.7474812598250393E-001                  1.9449032333073157E-002                  0.0000000000000000E+000                  1.7156572341149014E+008                  5.1247926561462998E+007                  1.2626966459766464E-002                  1.1810543326271211E+002                  1.4277081279464137E-031                  3.5347124418749382E-001                  1.1775861792392736E+010                  1.2199803102549337E-005                  8.0224754623186174E-006                 -2.4568235892596082E+000                  2.9724825491317870E+000                  3.2110431764916183E+000                  3.3615581743236089E+000 
                                     903                  3.0317181115421477E-001                 -7.5601015742624478E-001                  7.4035696779909559E+000                  1.7746303548523044E+000                  1.6978457314443673E+001                  4.6690935134790128E-003                  9.7588235827829140E-001                  1.9448548208229610E-002                  0.0000000000000000E+000                  1.7128291463764438E+008                  5.1306955218322143E+007                  8.3893218262537685E-003                  1.0322973475057022E+002                  1.7544336263520327E-031                  3.5198393484211449E-001                  1.1818885261783766E+010                  1.0440730013357025E-005                  6.3638668371257539E-006                 -2.4906345672526680E+000                  2.9758502688854849E+000                  3.2144108962453162E+000                  3.3649258940773068E+000 
                                     904                  2.9859924166055396E-001                 -7.5894626181679403E-001                  7.4049336438860429E+000                  1.7782444822819314E+000                  1.6982982925419403E+001                  4.0223059165481840E-003                  9.7652953227901174E-001                  1.9448161804440089E-002                  0.0000000000000000E+000                  1.7112917269794083E+008                  5.1360075954773873E+007                  6.3450198603635360E-003                  9.4747330507752778E+001                  2.0461687125927663E-031                  3.5089336346041972E-001                  1.1869096334147608E+010                  9.0561304511808915E-006                  5.0879270742678079E-006                 -2.5215286651063926E+000                  2.9793352919724065E+000                  3.2178959193322374E+000                  3.3684109171642285E+000 
                                     905                  2.9631295691372306E-001                 -7.6042453429485346E-001                  7.4058443317851594E+000                  1.7806109272258024E+000                  1.6985991736205378E+001                  3.6372229330578665E-003                  9.7691490612800413E-001                  1.9447870938937961E-002                  0.0000000000000000E+000                  1.7104019695786238E+008                  5.1397565892902024E+007                  5.2535608706506106E-003                  8.9456017912290960E+001                  2.2671631299962535E-031                  3.5017020580641639E-001                  1.1896611444111620E+010                  8.1666484947801663E-006                  4.2553964075139992E-006                 -2.5439780683587165E+000                  2.9811217939703187E+000                  3.2196824213301496E+000                  3.3701974191621402E+000 
                                     906                  2.9402667216689254E-001                 -7.6190990032015882E-001                  7.4072076488501395E+000                  1.7840888463346887E+000                  1.6990476632747075E+001                  3.1233472970475852E-003                  9.7742927877813723E-001                  1.9447373924815214E-002                  0.0000000000000000E+000                  1.7092538972437873E+008                  5.1456414791130319E+007                  3.9464282632341412E-003                  8.2069948242492444E+001                  2.6430114641476492E-031                  3.4909405001412652E-001                  1.1925471971454462E+010                  7.4583092784853518E-006                  3.6054678664093212E-006                 -2.5636798057170016E+000                  2.9829318963328868E+000                  3.2214925236927177E+000                  3.3720075215247083E+000 
                                     907                  2.8947874830752157E-001                 -7.6488653604913570E-001                  7.4090312657908424E+000                  1.7885910108907901E+000                  1.6996444457093261E+001                  2.5994866851458266E-003                  9.7795386868117673E-001                  1.9446644633677401E-002                  0.0000000000000000E+000                  1.7081924049836296E+008                  5.1542261613797389E+007                  2.8009267211219686E-003                  7.4757322677103446E+001                  3.2433364378322828E-031                  3.4767451704474739E-001                  1.1986644996514219E+010                  6.6537158875008041E-006                  2.9211325790584402E-006                 -2.5884678736846753E+000                  2.9866013102965563E+000                  3.2251619376563871E+000                  3.3756769354883778E+000 
                                     908                  2.8493082444815054E-001                 -7.6789399360212218E-001                  7.4108585201510007E+000                  1.7929718209187671E+000                  1.7002384414124364E+001                  2.1989476565197697E-003                  9.7835518967377122E-001                  1.9445862669709046E-002                  0.0000000000000000E+000                  1.7074952974154446E+008                  5.1633782376746565E+007                  2.0528914254921010E-003                  6.9307062638642321E+001                  3.9812240600065693E-031                  3.4626587396502811E-001                  1.2052435365290062E+010                  5.8813815711751549E-006                  2.2735459613612236E-006                 -2.6152603218038171E+000                  2.9903570899371896E+000                  3.2289177172970205E+000                  3.3794327151290111E+000 
                                     909                  2.8040865546915134E-001                 -7.7091671054303124E-001                  7.4126898480499737E+000                  1.7972571054603226E+000                  1.7008296830968462E+001                  1.8858027315389969E-003                  9.7866914442311026E-001                  1.9445052845350697E-002                  0.0000000000000000E+000                  1.7070616018612790E+008                  5.1729485862414107E+007                  1.5460452824798154E-003                  6.5180930962859009E+001                  4.8902452956771960E-031                  3.4486305198779393E-001                  1.2121837769561155E+010                  5.2464959144315089E-006                  1.7661856809086422E-006                 -2.6400653304982673E+000                  2.9941660738037261E+000                  3.2327267011635570E+000                  3.3832416989955476E+000 
                                     910                  2.7588648649015213E-001                 -7.7397325637354586E-001                  7.4145255040938300E+000                  1.8014659829726698E+000                  1.7014181714511455E+001                  1.6332837124424830E-003                  9.7892249176272272E-001                  1.9444224524834741E-002                  0.0000000000000000E+000                  1.7068160813594413E+008                  5.1828253124833263E+007                  1.1872941870106604E-003                  6.1924547836309493E+001                  6.0125606983718682E-031                  3.4346236683082287E-001                  1.2194683268317385E+010                  4.7329368630550618E-006                  1.3828935014068009E-006                 -2.6624346444710185E+000                  2.9980401823276899E+000                  3.2366008096875212E+000                  3.3871158075195118E+000 
                                     911                  2.7139122023204715E-001                 -7.7704670222869854E-001                  7.4172773814293489E+000                  1.8076291130888948E+000                  1.7022920861718738E+001                  1.3407707463033015E-003                  9.7921623504660926E-001                  1.9442994207087394E-002                  0.0000000000000000E+000                  1.7067227889742437E+008                  5.1980415215276651E+007                  8.2842925840477630E-004                  5.8339584909102882E+001                  8.2055628444936009E-031                  3.4136867583078079E-001                  1.2270414290925177E+010                  4.2813540830676379E-006                  1.0631040626396763E-006                 -2.6842094264982488E+000                  3.0019520916887239E+000                  3.2405127190485548E+000                  3.3910277168805454E+000 
                                     912                  2.6242877898035766E-001                 -7.8328513806713096E-001                  7.4209781292786170E+000                  1.8156884722089712E+000                  1.7034528698980580E+001                  1.0609038300307965E-003                  9.7949761422342785E-001                  1.9441481946541384E-002                  0.0000000000000000E+000                  1.7069744723797330E+008                  5.2190711371621244E+007                  5.4315798078961278E-004                  5.5311726275995198E+001                  1.2505347841286123E-030                  3.3856225340865376E-001                  1.2430036568603125E+010                  3.7260795711641146E-006                  7.7602933355133508E-007                 -2.7143739374482156E+000                  3.0099184467304738E+000                  3.2484790740903051E+000                  3.3989940719222957E+000 
                                     913                  2.5352375178875963E-001                 -7.8964011732005346E-001                  7.4247011378202581E+000                  1.8235524736007431E+000                  1.7046030409709495E+001                  8.6979121706667200E-004                  9.7969002515977832E-001                  1.9440183623155027E-002                  0.0000000000000000E+000                  1.7075526783971772E+008                  5.2407105255106471E+007                  3.8216666842040298E-004                  5.4068996934996647E+001                  1.9192912431074139E-030                  3.3574458396369150E-001                  1.2599374257743370E+010                  3.2245331303925870E-006                  5.4674720067028608E-007                 -2.7457665782774510E+000                  3.0180489000934032E+000                  3.2566095274532341E+000                  3.4071245252852251E+000 
                                     914                  2.4467864718660803E-001                 -7.9612002479294153E-001                  7.4284483774825318E+000                  1.8312466326303498E+000                  1.7057427759388588E+001                  7.3189006822656233E-004                  9.7982904024720974E-001                  1.9439069684563659E-002                  0.0000000000000000E+000                  1.7083606688502580E+008                  5.2628219880480982E+007                  2.8313024030518085E-004                  5.4028934592991334E+001                  2.9700036656084269E-030                  3.3291071124497423E-001                  1.2778582881987349E+010                  2.7882008309164694E-006                  3.8544422153847965E-007                 -2.7773379738563158E+000                  3.0263417821855856E+000                  3.2649024095454169E+000                  3.4154174073774075E+000 
                                     915                  2.3589606733597401E-001                 -8.0273354072322556E-001                  7.4312885959100239E+000                  1.8369385353016376E+000                  1.7065947397084628E+001                  6.5405978222576194E-004                  9.7990759944926220E-001                  1.9438340768512030E-002                  0.0000000000000000E+000                  1.7090974844531429E+008                  5.2797619989924960E+007                  2.3384417635859134E-004                  5.4835212363667999E+001                  4.1517174456463560E-030                  3.3076400722580490E-001                  1.2967414609082182E+010                  2.4009649907297293E-006                  2.7490392019080443E-007                 -2.8098070862446520E+000                  3.0347974172433725E+000                  3.2733580446032038E+000                  3.4238730424351944E+000 
                                     916                  2.3152073988947755E-001                 -8.0609963560946263E-001                  7.4331822864464936E+000                  1.8406642602066896E+000                  1.7071569330482482E+001                  6.1605848941456264E-004                  9.7994598637937669E-001                  1.9437955131208717E-002                  0.0000000000000000E+000                  1.7096524873297912E+008                  5.2911486283475049E+007                  2.1172900243244259E-004                  5.6097575608380779E+001                  5.2011309709756267E-030                  3.2933380617324615E-001                  1.3065886606605396E+010                  2.1762429402491398E-006                  1.8913375235950339E-007                 -2.8311463123636851E+000                  3.0390969541954513E+000                  3.2776575815552826E+000                  3.4281725793872733E+000 
                                     917                  2.2717871367212342E-001                 -8.0948976840990017E-001                  7.4350831684084522E+000                  1.8443436929297947E+000                  1.7077166291896017E+001                  5.9651444217960915E-004                  9.7996573676134169E-001                  1.9437748796478749E-002                  0.0000000000000000E+000                  1.7102820292157066E+008                  5.3026859956814557E+007                  1.9986045645302962E-004                  5.8806267187419074E+001                  6.5320321478295846E-030                  3.2790093675142334E-001                  1.3166918569181938E+010                  1.9617398657054225E-006                  1.1319033784901817E-007                 -2.8536792911331856E+000                  3.0434260879230930E+000                  3.2819867152829243E+000                  3.4325017131149149E+000 
                                     918                  2.2283668745476937E-001                 -8.1293156233421426E-001                  7.4369913979716387E+000                  1.8479816508495490E+000                  1.7082738324316207E+001                  5.8862823746208049E-004                  9.7997370872214129E-001                  1.9437663040396624E-002                  0.0000000000000000E+000                  1.7109673601906461E+008                  5.3143456237410158E+007                  1.8166039387265231E-004                  6.2691759168849920E+001                  8.2248539157022249E-030                  3.2646418850433651E-001                  1.3271230611871517E+010                  1.7653347860542531E-006                  5.5704749031424616E-008                 -2.8765864604501594E+000                  3.0478197187365139E+000                  3.2863803460963448E+000                  3.4368953439283354E+000 
                                     919                  2.1852939306203700E-001                 -8.1639911354754380E-001                  7.4384290706934992E+000                  1.8506885742309551E+000                  1.7086905602395650E+001                  5.8654965846781230E-004                  9.7997581050678240E-001                  1.9437639834749776E-002                  0.0000000000000000E+000                  1.7115080510036027E+008                  5.3231643314521499E+007                  1.5627614596383692E-004                  6.6157737244122174E+001                  9.7957784708772620E-030                  3.2538218715105699E-001                  1.3377873650802490E+010                  1.5952795352835735E-006                  2.3512528852954404E-008                 -2.8985816030136737E+000                  3.0522422198775803E+000                  3.2908028472374111E+000                  3.4413178450694017E+000 
                                     920                  2.1637574586567099E-001                 -8.1815350540962706E-001                  7.4393909149148394E+000                  1.8524842993010733E+000                  1.7089678974299719E+001                  5.8575638084367929E-004                  9.7997661275444836E-001                  1.9437630864707955E-002                  0.0000000000000000E+000                  1.7118779442111948E+008                  5.3290751832510687E+007                  1.3819273179376714E-004                  6.8639929098945458E+001                  1.1017281479352640E-029                  3.2465831843427428E-001                  1.3432409303909662E+010                  1.5129839745022565E-006                  1.0112002814486580E-008                 -2.9100828359957092E+000                  3.0544775588132000E+000                  3.2930381861730313E+000                  3.4435531840050220E+000 
                                     921                  2.1422209866930531E-001                 -8.1992204683100078E-001                  7.4408307663800617E+000                  1.8551499802982756E+000                  1.7093808833009273E+001                  5.8509135327352733E-004                  9.7997728539738482E-001                  1.9437623249341618E-002                  0.0000000000000000E+000                  1.7124428322090507E+008                  5.3379382823960558E+007                  1.1408537717163982E-004                  7.2580864176721633E+001                  1.3147614453579820E-029                  3.2357473599748404E-001                  1.3487828862549931E+010                  1.4388743500400236E-006                  4.8699050487167363E-009                 -2.9209885646254525E+000                  3.0567290771202100E+000                  3.2952897044800409E+000                  3.4458047023120315E+000 
                                     922                  2.0995102454647582E-001                 -8.2347248860196021E-001                  7.4427623395051397E+000                  1.8586838190470865E+000                  1.7099307884414781E+001                  5.8482130776386259E-004                  9.7997755861298819E-001                  1.9437620079247986E-002                  0.0000000000000000E+000                  1.7132209445108953E+008                  5.3498542527518503E+007                  9.7225380706246332E-005                  7.8284444690164378E+001                  1.6693163235060705E-029                  3.2212113374564982E-001                  1.3600220860660843E+010                  1.2997906208281436E-006                  2.1946708137946753E-009                 -2.9430633005937206E+000                  3.0612436340102502E+000                  3.2998042613700815E+000                  3.4503192592020722E+000 
                                     923                  2.0567995042364631E-001                 -8.2708233414079813E-001                  7.4447020307025777E+000                  1.8621846338351686E+000                  1.7104782952560207E+001                  5.8474288669609878E-004                  9.7997763797781101E-001                  1.9437619135492912E-002                  0.0000000000000000E+000                  1.7140243471567672E+008                  5.3618481580076769E+007                  9.1732974409248081E-005                  8.4470002288189875E+001                  2.1255230882676457E-029                  3.2066152271255149E-001                  1.3715966554403162E+010                  1.1622656246665170E-006                  7.7663651223023277E-010                 -2.9673473033808526E+000                  3.0658261230351922E+000                  3.3043867503950231E+000                  3.4549017482270137E+000 
                                     924                  2.0144664674138335E-001                 -8.3072151361493995E-001                  7.4466501041726607E+000                  1.8656526798741913E+000                  1.7110234476627657E+001                  5.8472068352293861E-004                  9.7997766045489509E-001                  1.9437618861582018E-002                  0.0000000000000000E+000                  1.7148532381205055E+008                  5.3739214605672799E+007                  9.1836633189579754E-005                  9.1162979429310710E+001                  2.7141676204448887E-029                  3.1919582273048508E-001                  1.3834212691021267E+010                  1.0271543978932277E-006                  2.2571236393894648E-010                 -2.9941821350109357E+000                  3.0704378273638637E+000                  3.3089984547236950E+000                  3.4595134525556857E+000 
                                     925                  1.9721334305912008E-001                 -8.3442446681274274E-001                  7.4486066950576921E+000                  1.8690878714895660E+000                  1.7115662493683924E+001                  5.8471458758097624E-004                  9.7997766662794705E-001                  1.9437618784471922E-002                  0.0000000000000000E+000                  1.7157081095391610E+008                  5.3860751450177133E+007                  9.4276996824254274E-005                  9.8400840453970375E+001                  3.4757299123308106E-029                  3.1772405593347747E-001                  1.3956132679142525E+010                  8.9283649732824474E-007                  6.3493128755448170E-011                 -3.0246140324871376E+000                  3.0751220242689121E+000                  3.3136826516287430E+000                  3.4641976494607336E+000 
                                     926                  1.9301942598568744E-001                 -8.3815876611367346E-001                  7.4505720780751306E+000                  1.8724903682844125E+000                  1.7121067449238986E+001                  5.8471293841014650E-004                  9.7997766829850907E-001                  1.9437618763080811E-002                  0.0000000000000000E+000                  1.7165895177464610E+008                  5.3983114086619347E+007                  9.7663532891680683E-005                  1.0622815554430672E+002                  4.4636548648172855E-029                  3.1624614435116494E-001                  1.4080716162539074E+010                  7.6034822635318921E-007                  1.7410442723605762E-011                 -3.0594937313942396E+000                  3.0798373428121790E+000                  3.3183979701720099E+000                  3.4689129680040010E+000 
                                     927                  1.8882550891225483E-001                 -8.4196164014890507E-001                  7.4525463988843654E+000                  1.8758600434460020E+000                  1.7126449378362672E+001                  5.8471250310480438E-004                  9.7997766873960601E-001                  1.9437618757289221E-002                  0.0000000000000000E+000                  1.7174980720761016E+008                  5.4106315977397516E+007                  1.0150179029481938E-004                  1.1469393937093002E+002                  5.7484984885030327E-029                  3.1476223828382821E-001                  1.4209266234864326E+010                  6.2842511433830933E-007                  4.6767968557892362E-012                 -3.1008732335851299E+000                  3.0846304334018280E+000                  3.3231910607616588E+000                  3.4737060585936494E+000 
                                     928                  1.8467266533746871E-001                 -8.4579806527336820E-001                  7.4540349036982620E+000                  1.8783681781098245E+000                  1.7130475082994874E+001                  5.8471241776435505E-004                  9.7997766882611126E-001                  1.9437618756124375E-002                  0.0000000000000000E+000                  1.7181987695971164E+008                  5.4199389091156967E+007                  1.0458344104364487E-004                  1.2150269660042930E+002                  6.9637037227407194E-029                  3.1364417368027958E-001                  1.4340596039114307E+010                  4.9841937887825750E-007                  1.2692619185407710E-012                 -3.1512025401805848E+000                  3.0894569163280616E+000                  3.3280175436878925E+000                  3.4785325415198831E+000 
                                     929                  1.8259624355007598E-001                 -8.4774374427622234E-001                  7.4550315481500729E+000                  1.8800326899612414E+000                  1.7133155918588283E+001                  5.8471238884264573E-004                  9.7997766885543280E-001                  1.9437618755724584E-002                  0.0000000000000000E+000                  1.7186752875710464E+008                  5.4261797591037609E+007                  1.0671891874639373E-004                  1.2627770688767870E+002                  7.9216496950316178E-029                  3.1289612872194250E-001                  1.4407856650864990E+010                  4.3365985190128702E-007                  3.9782893646667302E-013                 -3.1814253914213757E+000                  3.0919012265032628E+000                  3.3304618538630937E+000                  3.4809768516950843E+000 
                                     930                  1.8051982176268291E-001                 -8.4970833469001028E-001                  7.4565227979697246E+000                  1.8825011804012941E+000                  1.7137145433092545E+001                  5.8471236705813750E-004                  9.7997766887752236E-001                  1.9437618755419495E-002                  0.0000000000000000E+000                  1.7193993639169547E+008                  5.4355313311208159E+007                  1.1002097013320034E-004                  1.3376195646215095E+002                  9.6132663695192094E-029                  3.1177788263107198E-001                  1.4476283348461227E+010                  3.6904581582460103E-007                  1.6060965418329425E-013                 -3.2164598571309728E+000                  3.0943667829346664E+000                  3.3329274102944977E+000                  3.4834424081264883E+000 
                                     931                  1.7640981453852161E-001                 -8.5365460394167003E-001                  7.4585254111804806E+000                  1.8857726778111055E+000                  1.7142460175355701E+001                  5.8471235967013529E-004                  9.7997766888501658E-001                  1.9437618755313246E-002                  0.0000000000000000E+000                  1.7203935527201328E+008                  5.4481153031134605E+007                  1.1465991995556212E-004                  1.4448764564419423E+002                  1.2481924764259158E-028                  3.1027818344206559E-001                  1.4615084870582846E+010                  2.4169056338816690E-007                  6.5657540248735766E-014                 -3.3083701529683980E+000                  3.0993121672357917E+000                  3.3378727945956226E+000                  3.4883877924276132E+000 
                                     932                  1.7229980731436031E-001                 -8.5768059736764102E-001                  7.4605378822255535E+000                  1.8890113324822086E+000                  1.7147752877150985E+001                  5.8471235777144976E-004                  9.7997766888694338E-001                  1.9437618755285158E-002                  0.0000000000000000E+000                  1.7214177717583656E+008                  5.4607908349335924E+007                  1.1956420500256996E-004                  1.5609883222051076E+002                  1.6248751246098708E-028                  3.0877410529374988E-001                  1.4758477564566597E+010                  1.1515258277832693E-007                  2.2447394996648058E-014                 -3.4693631583600961E+000                  3.1043476907944001E+000                  3.3429083181542314E+000                  3.4934233159862220E+000 
                                     933                  1.6823448108898412E-001                 -8.6174524511828632E-001                  7.4625591234822064E+000                  1.8922187531683685E+000                  1.7153024013643840E+001                  5.8471235618673238E-004                  9.7997766888855209E-001                  1.9437618755261177E-002                  0.0000000000000000E+000                  1.7224706603933844E+008                  5.4735516549927510E+007                  1.2474789662015446E-004                  1.6866469881856938E+002                  2.1202485762148811E-028                  3.0726767142670974E-001                  1.4905114062594734E+010                 -2.1718786629356223E-014                  9.1926145190095797E-015                 -9.8999999999999986E+001                  3.1094210484876590E+000                  3.3479816758474898E+000                  3.4984966736794805E+000 
                                     934                  1.6416915486360759E-001                 -8.6589610568516218E-001                  7.4645716075878834E+000                  1.8954133881591575E+000                  1.7158273621689901E+001                  5.8471235472655145E-004                  9.7997766889003490E-001                  1.9437618755238528E-002                  0.0000000000000000E+000                  1.7235258388981241E+008                  5.4862870305397496E+007                  1.3019505191676445E-004                  1.8216313965684836E+002                  2.7670716886861929E-028                  3.0577942467604385E-001                  1.5056438701084711E+010                 -1.7453768544757563E-013                  6.7173525107387104E-015                 -9.8999999999999986E+001                  3.1145863079871798E+000                  3.3531469353470111E+000                  3.5036619331790018E+000 
                                     935                  1.6015044260017752E-001                 -8.7008837737824685E-001                  7.4665756107719021E+000                  1.8985954335328810E+000                  1.7163502180763064E+001                  5.8471235332894134E-004                  9.7997766889145499E-001                  1.9437618755216102E-002                  0.0000000000000000E+000                  1.7245835358283529E+008                  5.4989983018506214E+007                  1.3592028334168409E-004                  1.9665885978306878E+002                  3.6113912585867554E-028                  3.0430935065855635E-001                  1.5210584911371973E+010                 -2.7209115904033543E-013                  6.3730577635779708E-015                 -9.8999999999999986E+001                  3.1197828496216862E+000                  3.3583434769815170E+000                  3.5088584748135077E+000 
                                     936                  1.5613173033674779E-001                 -8.7437369561517597E-001                  7.4685710538537950E+000                  1.9017649962861511E+000                  1.7168709712890859E+001                  5.8471235196586914E-004                  9.7997766889284044E-001                  1.9437618755193675E-002                  0.0000000000000000E+000                  1.7256435334910101E+008                  5.5116847420681387E+007                  1.4193809911451524E-004                  2.1221826172716257E+002                  4.7128670342445452E-028                  3.0285777184914753E-001                  1.5369532375170151E+010                 -3.5314463378880400E-013                  6.2659618495407404E-015                 -9.8999999999999986E+001                  3.1250741339840502E+000                  3.3636347613438815E+000                  3.5141497591758721E+000 
                                     937                  1.5216166062633482E-001                 -8.7870328559471922E-001                  7.4700622769255132E+000                  1.9041379371102976E+000                  1.7172605745386139E+001                  5.8471235095744251E-004                  9.7997766889386584E-001                  1.9437618755176689E-002                  0.0000000000000000E+000                  1.7264387583767101E+008                  5.5211847466304429E+007                  1.4665472188285432E-004                  2.2463238265072238E+002                  5.7537656237120520E-028                  3.0178169485567885E-001                  1.5531489547658243E+010                 -4.2390051755522388E-013                  5.9135719808322080E-015                 -9.8999999999999986E+001                  3.1303995307165939E+000                  3.3689601580764252E+000                  3.5194751559084159E+000 
                                     938                  1.5017662577112850E-001                 -8.8090546903141298E-001                  7.4710569122286863E+000                  1.9057184745533338E+000                  1.7175202265440504E+001                  5.8471235028577503E-004                  9.7997766889454907E-001                  1.9437618755165142E-002                  0.0000000000000000E+000                  1.7269722884500012E+008                  5.5275303486746311E+007                  1.4990835635719213E-004                  2.3330531367483923E+002                  6.5745484224194736E-028                  3.0106756871215340E-001                  1.5614429068069447E+010                 -4.5680874692853463E-013                  5.5568203263201944E-015                 -9.8999999999999986E+001                  3.1331003743857595E+000                  3.3716610017455904E+000                  3.5221759995775814E+000 
                                     939                  1.4819159091592254E-001                 -8.8313348425304672E-001                  7.4725369722289576E+000                  1.9080672315170417E+000                  1.7179062982866334E+001                  5.8471234928632841E-004                  9.7997766889556570E-001                  1.9437618755147934E-002                  0.0000000000000000E+000                  1.7277708235867611E+008                  5.5369864522246473E+007                  1.5491586543134130E-004                  2.4682174766073754E+002                  8.0202560375055520E-028                  3.0001040725788414E-001                  1.5698796733925991E+010                 -4.8798725991914556E-013                  5.4758686907312534E-015                 -9.8999999999999986E+001                  3.1358274573359748E+000                  3.3743880846958061E+000                  3.5249030825277967E+000 
                                     940                  1.4427229621615029E-001                 -8.8761118146446216E-001                  7.4745076738166967E+000                  1.9112003065024328E+000                  1.7184209351130683E+001                  5.8471234795351348E-004                  9.7997766889692239E-001                  1.9437618755124064E-002                  0.0000000000000000E+000                  1.7288381347775158E+008                  5.5496025485709742E+007                  1.6190981549287726E-004                  2.6602335894002510E+002                  1.0456512516186352E-027                  2.9861490240283295E-001                  1.5869537031058685E+010                 -5.4550010907960232E-013                  5.6007042681729292E-015                 -9.8999999999999986E+001                  3.1412922596893202E+000                  3.3798528870491515E+000                  3.5303678848811422E+000 
                                     941                  1.4035300151637808E-001                 -8.9219806447351824E-001                  7.4764701879111968E+000                  1.9143214733860492E+000                  1.7189335642307370E+001                  5.8471234661913686E-004                  9.7997766889828120E-001                  1.9437618755099639E-002                  0.0000000000000000E+000                  1.7299077447104150E+008                  5.5621950220020220E+007                  1.6926400566881256E-004                  2.8660302025217453E+002                  1.3625419669960751E-027                  2.9723848675369424E-001                  1.6046034752351543E+010                 -5.9876104908516153E-013                  5.6237827196117940E-015                 -9.8999999999999986E+001                  3.1468688676499421E+000                  3.3854294950097730E+000                  3.5359444928417636E+000 
                                     942                  1.3648672747535276E-001                 -8.9683592755042751E-001                  7.4784247991118828E+000                  1.9174309125568745E+000                  1.7194442329485206E+001                  5.8471234528000775E-004                  9.7997766889964555E-001                  1.9437618755074437E-002                  0.0000000000000000E+000                  1.7309798862721431E+008                  5.5747653677029669E+007                  1.7699815919608076E-004                  3.0865360141950134E+002                  1.7743838439039419E-027                  2.9588111090247193E-001                  1.6226229279911592E+010                 -6.4790845867471712E-013                  5.3390792751732655E-015                 -9.8999999999999986E+001                  3.1524857330318192E+000                  3.3910463603916505E+000                  3.5415613582236412E+000 
                                     943                  1.3262045343432743E-001                 -9.0159255631756008E-001                  7.4803713989598384E+000                  1.9205287161095981E+000                  1.7199529389387781E+001                  5.8471234393398430E-004                  9.7997766890101767E-001                  1.9437618755048347E-002                  0.0000000000000000E+000                  1.7320543371018296E+008                  5.5873126208378576E+007                  1.8513164180930573E-004                  3.3226955678392648E+002                  2.3090399976034929E-027                  2.9454306239645667E-001                  1.6412874714476204E+010                 -6.9384785119310159E-013                  4.9563396107906986E-015                 -9.8999999999999986E+001                  3.1582242615726854E+000                  3.3967848889325163E+000                  3.5472998867645074E+000 
                                     944                  1.2880956949465119E-001                 -9.0640412157917516E-001                  7.4823102761914271E+000                  1.9236150597414849E+000                  1.7204597294904936E+001                  5.8471234257931695E-004                  9.7997766890239923E-001                  1.9437618755021480E-002                  0.0000000000000000E+000                  1.7331313107698411E+008                  5.5998384010404922E+007                  1.9368620046683518E-004                  3.5755541216544538E+002                  3.0024683644599836E-027                  2.9322426277091501E-001                  1.6603593850947918E+010                 -7.3588401599687927E-013                  4.8398409970913057E-015                 -9.8999999999999986E+001                  3.1640067529465457E+000                  3.4025673803063770E+000                  3.5530823781383676E+000 
                                     945                  1.2499868555497495E-001                 -9.1134527135516463E-001                  7.4842413117236548E+000                  1.9266900307779355E+000                  1.7209646007079865E+001                  5.8471234121483734E-004                  9.7997766890379168E-001                  1.9437618754993502E-002                  0.0000000000000000E+000                  1.7342105853177148E+008                  5.6123416543953165E+007                  2.0268309966156657E-004                  3.8461711662069928E+002                  3.9007285450232280E-027                  2.9192497500954001E-001                  1.6801484415785116E+010                 -7.7473377695682310E-013                  5.1231603634302837E-015                 -9.8999999999999986E+001                  3.1699221721911370E+000                  3.4084827995509679E+000                  3.5589977973829585E+000 
                                     946                  1.2124569707776689E-001                 -9.1634580754843464E-001                  7.4861647992071063E+000                  1.9297538005791643E+000                  1.7214675999648481E+001                  5.8471233983952841E-004                  9.7997766890519578E-001                  1.9437618754964747E-002                  0.0000000000000000E+000                  1.7352924254253191E+008                  5.6248239542620033E+007                  2.1214629556685766E-004                  4.1357219217778487E+002                  5.0631015179990439E-027                  2.9064508769661390E-001                  1.7003882162201876E+010                 -8.1018552206541173E-013                  5.6060733569811754E-015                 -9.8999999999999986E+001                  3.1758857193625949E+000                  3.4144463467224258E+000                  3.5649613445544164E+000 
                                     947                  1.1749270860055885E-001                 -9.2148820889803251E-001                  7.4876063389116716E+000                  1.9320541320397702E+000                  1.7218449982556091E+001                  5.8471233879661840E-004                  9.7997766890626126E-001                  1.9437618754942099E-002                  0.0000000000000000E+000                  1.7361061249193138E+008                  5.6341970408191293E+007                  2.1958631187649871E-004                  4.3667089563281354E+002                  6.1564051657430396E-027                  2.8969592278910300E-001                  1.7214216275336006E+010                 -8.4326439902127812E-013                  5.9427697174575512E-015                 -9.8999999999999986E+001                  3.1819950735332436E+000                  3.4205557008930749E+000                  3.5710706987250656E+000 
                                     948                  1.1564648970366061E-001                 -9.2407272378870908E-001                  7.4885584543509571E+000                  1.9335713785868303E+000                  1.7220940643507365E+001                  5.8471233810310447E-004                  9.7997766890697002E-001                  1.9437618754926889E-002                  0.0000000000000000E+000                  1.7366466104770309E+008                  5.6403964848490395E+007                  2.2466895713464405E-004                  4.5261541333308816E+002                  7.0049354211229681E-027                  2.8907324041533283E-001                  1.7320807957335018E+010                 -8.5881227439538626E-013                  5.9280558539299333E-015                 -9.8999999999999986E+001                  3.1850567477850578E+000                  3.4236173751448891E+000                  3.5741323729768797E+000 
                                     949                  1.1380027080676269E-001                 -9.2669495962716963E-001                  7.4899889902715806E+000                  1.9358480045078417E+000                  1.7224679940238225E+001                  5.8471233705395585E-004                  9.7997766890804250E-001                  1.9437618754903574E-002                  0.0000000000000000E+000                  1.7374632313605031E+008                  5.6497239852467880E+007                  2.3256758858766535E-004                  4.7764957707257855E+002                  8.5043844983753293E-027                  2.8814409620484627E-001                  1.7429632464268578E+010                 -8.7413287049746849E-013                  5.5672945500460905E-015                 -9.8999999999999986E+001                  3.1881570500453864E+000                  3.4267176774052173E+000                  3.5772326752372079E+000 
                                     950                  1.1010783301296821E-001                 -9.3205766120291533E-001                  7.4928290506456152E+000                  1.9403630707904795E+000                  1.7232099269860953E+001                  5.8471233494316373E-004                  9.7997766891020144E-001                  1.9437618754855390E-002                  0.0000000000000000E+000                  1.7390983621300179E+008                  5.6682880645648293E+007                  2.4923483718433014E-004                  5.3144307516533468E+002                  1.2496877465535970E-026                  2.8632350317089711E-001                  1.7654238824187820E+010                 -9.0268365114007070E-013                  5.2133675557411334E-015                 -9.8999999999999986E+001                  3.1944789313685336E+000                  3.4330395587283644E+000                  3.5835545565603550E+000 
                                     951                  1.0284970121528166E-001                 -9.4309593911815826E-001                  7.4956703652668359E+000                  1.9449097298731395E+000                  1.7239551567493798E+001                  5.8471233278111618E-004                  9.7997766891241567E-001                  1.9437618754803210E-002                  0.0000000000000000E+000                  1.7407376433697885E+008                  5.6869218035828255E+007                  2.6734125431932698E-004                  5.9124752807127368E+002                  1.8362700386700088E-026                  2.8453940599367750E-001                  1.8124309629147076E+010                 -9.5151938914492864E-013                  4.9323551428564981E-015                 -9.8999999999999986E+001                  3.2074175527000346E+000                  3.4459781800598659E+000                  3.5964931778918565E+000 
                                     952                  9.9287013204674285E-002                 -9.4877746039031341E-001                  7.4975496369207821E+000                  1.9479087393391319E+000                  1.7244472751177874E+001                  5.8471233133108045E-004                  9.7997766891390159E-001                  1.9437618754767350E-002                  0.0000000000000000E+000                  1.7418340894470936E+008                  5.6992802854128964E+007                  2.8015098842271006E-004                  6.3437406254854238E+002                  2.3677943806457774E-026                  2.8337700765374291E-001                  1.8370556298388954E+010                 -9.7214901101024922E-013                  4.7361258617401245E-015                 -9.8999999999999986E+001                  3.2140394784997861E+000                  3.4526001058596170E+000                  3.6031151036916076E+000 
                                     953                  9.5724325194066942E-002                 -9.5464957026252717E-001                  7.4994216845881558E+000                  1.9508973422699771E+000                  1.7249376329173511E+001                  5.8471232986797260E-004                  9.7997766891540206E-001                  1.9437618754729935E-002                  0.0000000000000000E+000                  1.7429328253795245E+008                  5.7116182104055665E+007                  2.9362152447413864E-004                  6.8040563941054870E+002                  3.0493919381234566E-026                  2.8223422415470756E-001                  1.8628427961410450E+010                 -9.9051526319914876E-013                  4.5886085321831084E-015                 -9.8999999999999986E+001                  3.2208571742684886E+000                  3.4594178016283199E+000                  3.6099327994603105E+000 
                                     954                  9.2231227900025720E-002                 -9.6060592138594847E-001                  7.5012868309122647E+000                  1.9538756944520994E+000                  1.7254262790724248E+001                  5.8471232839172130E-004                  9.7997766891691696E-001                  1.9437618754691299E-002                  0.0000000000000000E+000                  1.7440341496092376E+008                  5.7239374695517235E+007                  3.0778783396035407E-004                  7.2952826433570215E+002                  3.9223639375248573E-026                  2.8111076564052107E-001                  1.8893390282567982E+010                 -1.0061436386038999E-012                  4.6018387156425478E-015                 -9.8999999999999986E+001                  3.2277463246616511E+000                  3.4663069520214824E+000                  3.6168219498534731E+000 
                                     955                  8.8738130605984150E-002                 -9.6677452913656248E-001                  7.5031448930128821E+000                  1.9568438612669372E+000                  1.7259132008404428E+001                  5.8471232690245642E-004                  9.7997766891844640E-001                  1.9437618754651109E-002                  0.0000000000000000E+000                  1.7451377601138449E+008                  5.7362366065367259E+007                  3.2268317280738921E-004                  7.8192647146681452E+002                  5.0387745432998450E-026                  2.8000641197250781E-001                  1.9171451098802692E+010                 -1.0195205511976220E-012                  4.6134752572372745E-015                 -9.8999999999999986E+001                  3.2348537981729963E+000                  3.4734144255328276E+000                  3.6239294233648183E+000 
                                     956                  8.5318069785460471E-002                 -9.7303614575997577E-001                  7.5049962037784104E+000                  1.9598019952492889E+000                  1.7263984478966840E+001                  5.8471232540019738E-004                  9.7997766891999016E-001                  1.9437618754609587E-002                  0.0000000000000000E+000                  1.7462439968436423E+008                  5.7485175432402998E+007                  3.3834590449145584E-004                  8.3780843657264290E+002                  6.4647471264020341E-026                  2.7892035915945290E-001                  1.9457571245328484E+010                 -1.0304783667167530E-012                  4.5180523569579738E-015                 -9.8999999999999986E+001                  3.2420409790486189E+000                  3.4806016064084497E+000                  3.6311166042404404E+000 
                                     957                  8.1898008964936778E-002                 -9.7953545359552308E-001                  7.5077493945219613E+000                  1.9641904874969458E+000                  1.7271190665902832E+001                  5.8471232313626019E-004                  9.7997766892231841E-001                  1.9437618754545305E-002                  0.0000000000000000E+000                  1.7479067385801566E+008                  5.7668304937013544E+007                  3.6324686353738907E-004                  9.2821796771309937E+002                  9.3576055103666054E-026                  2.7732928910271831E-001                  1.9758889681915680E+010                 -1.0391100675125546E-012                  4.4772036963408217E-015                 -9.8999999999999986E+001                  3.2494723673237536E+000                  3.4880329946835844E+000                  3.6385479925155755E+000 
                                     958                  7.5211379948387988E-002                 -9.9300929609631716E-001                  7.5105099407557452E+000                  1.9686188794239805E+000                  1.7278444367693236E+001                  5.8471232081674560E-004                  9.7997766892470739E-001                  1.9437618754475916E-002                  0.0000000000000000E+000                  1.7495771522336870E+008                  5.7852512992070533E+007                  3.9032888067918204E-004                  1.0285438714351787E+003                  1.3547400563830430E-025                  2.7576672012737447E-001                  2.0397060353382256E+010                 -1.0489630117931402E-012                  4.5080428751068213E-015                 -9.8999999999999986E+001                  3.2647909515038558E+000                  3.5033515788636866E+000                  3.6538665766956777E+000 
                                     959                  7.1948823240152573E-002                 -9.9999512641932653E-001                  7.5123344138607084E+000                  1.9715378403041490E+000                  1.7283230959427645E+001                  5.8471231926450029E-004                  9.7997766892630733E-001                  1.9437618754428176E-002                  0.0000000000000000E+000                  1.7506932047044829E+008                  5.7974584736810744E+007                  4.0945740801164601E-004                  1.1005996114778725E+003                  1.7290294425369898E-025                  2.7474855625027716E-001                  2.0735373666242477E+010                 -1.0501567543679975E-012                  4.5781572067402137E-015                 -9.8999999999999986E+001                  3.2726884312665376E+000                  3.5112490586263689E+000                  3.6617640564583596E+000 
                                     960                  6.8686266531917478E-002                 -1.0072848086247335E+000                  7.5141521872608337E+000                  1.9744472338994048E+000                  1.7288001311706147E+001                  5.8471231770050808E-004                  9.7997766892792082E-001                  1.9437618754378660E-002                  0.0000000000000000E+000                  1.7518115061968839E+008                  5.8096467342451230E+007                  4.2955973851216086E-004                  1.1773192243660592E+003                  2.2037528584004115E-025                  2.7374612902923484E-001                  2.1094189798675179E+010                 -1.0492609877487944E-012                  4.3353431007655550E-015                 -9.8999999999999986E+001                  3.2808978874017325E+000                  3.5194585147615638E+000                  3.6699735125935544E+000 
                                     961                  6.5508826570851456E-002                 -1.0147044133014271E+000                  7.5159636348105643E+000                  1.9773472036468254E+000                  1.7292755955674664E+001                  5.8471231612500685E-004                  9.7997766892954741E-001                  1.9437618754327590E-002                  0.0000000000000000E+000                  1.7529324794117820E+008                  5.8218183059309542E+007                  4.5068631475593237E-004                  1.2589932869518277E+003                  2.8051316411462293E-025                  2.7275870896850241E-001                  2.1465411705065464E+010                 -1.0460374136004893E-012                  4.0206356280692051E-015                 -9.8999999999999986E+001                  3.2892219634513884E+000                  3.5277825908112193E+000                  3.6782975886432099E+000 
                                     962                  6.2331386609785780E-002                 -1.0224714655379268E+000                  7.5186552313129926E+000                  1.9816460584201250E+000                  1.7299811147547885E+001                  5.8471231375669503E-004                  9.7997766893199456E-001                  1.9437618754248764E-002                  0.0000000000000000E+000                  1.7546154892592889E+008                  5.8399515003352664E+007                  4.8421365884738685E-004                  1.3906946341286539E+003                  4.0109477395197179E-025                  2.7131071856916644E-001                  2.1860794351511513E+010                 -1.0401650820774853E-012                  3.8656705497573948E-015                 -9.8999999999999986E+001                  3.2979025608777595E+000                  3.5364631882375908E+000                  3.6869781860695814E+000 
                                     963                  5.6156266128972163E-002                 -1.0387025402943368E+000                  7.5213603920914665E+000                  1.9859938010156912E+000                  1.7306929200957509E+001                  5.8471231133346859E-004                  9.7997766893450278E-001                  1.9437618754163721E-002                  0.0000000000000000E+000                  1.7563099930074158E+008                  5.8582334683651127E+007                  5.2071992346468070E-004                  1.5367713563931338E+003                  5.7397285288325256E-025                  2.6988216654459890E-001                  2.2709010494623528E+010                 -1.0210369660081383E-012                  3.7139374162970366E-015                 -9.8999999999999986E+001                  3.3159397192315119E+000                  3.5545003465913432E+000                  3.7050153444233338E+000 
                                     964                  5.3163823457395377E-002                 -1.0471868862946863E+000                  7.5231465331730192E+000                  1.9888569160688456E+000                  1.7311621826962380E+001                  5.8471230971683229E-004                  9.7997766893617755E-001                  1.9437618754105657E-002                  0.0000000000000000E+000                  1.7574408374202582E+008                  5.8703362565212101E+007                  5.4645526804281478E-004                  1.6413466539742228E+003                  7.2672016868371523E-025                  2.6895051238521567E-001                  2.3164691600764156E+010                 -1.0077721538741635E-012                  3.7105640598923538E-015                 -9.8999999999999986E+001                  3.3253150707667594E+000                  3.5638756981265907E+000                  3.7143906959585813E+000 
                                     965                  5.0171380785818599E-002                 -1.0561385176194358E+000                  7.5249263014986916E+000                  1.9917110108746956E+000                  1.7316299088155461E+001                  5.8471230809152553E-004                  9.7997766893786287E-001                  1.9437618754045594E-002                  0.0000000000000000E+000                  1.7585738850563106E+008                  5.8824210382151090E+007                  5.7348056773982848E-004                  1.7524972239674892E+003                  9.1887535197748473E-025                  2.6803183518884011E-001                  2.3655131109726185E+010                 -9.9184987932064867E-013                  3.6798536264927222E-015                 -9.8999999999999986E+001                  3.3351690750276024E+000                  3.5737297023874337E+000                  3.7242447002194243E+000 
                                     966                  4.7279858564968989E-002                 -1.0652858438021835E+000                  7.5267001350294906E+000                  1.9945562206687044E+000                  1.7320961575209488E+001                  5.8471230645806838E-004                  9.7997766893955829E-001                  1.9437618753983643E-002                  0.0000000000000000E+000                  1.7597096392962819E+008                  5.8944905928369045E+007                  6.0186187117257980E-004                  1.8706266626972224E+003                  1.1603314712293690E-024                  2.6712546979213753E-001                  2.4166577801397190E+010                 -9.7371977495527599E-013                  3.6894579078677904E-015                 -9.8999999999999986E+001                  3.3452003905592829E+000                  3.5837610179191142E+000                  3.7342760157511048E+000 
                                     967                  4.4388336344119712E-002                 -1.0749844398069055E+000                  7.5284676886147919E+000                  1.9973925737339846E+000                  1.7325608953678294E+001                  5.8471230481754147E-004                  9.7997766894126248E-001                  1.9437618753920027E-002                  0.0000000000000000E+000                  1.7608475949906451E+008                  5.9065422995078929E+007                  6.3165707363388890E-004                  1.9961129426334276E+003                  1.4632691098402453E-024                  2.6623129793673928E-001                  2.4720458577069607E+010                 -9.5270513137653652E-013                  3.7741666867070297E-015                 -9.8999999999999986E+001                  3.3557959841616638E+000                  3.5943566115214947E+000                  3.7448716093534853E+000 
                                     968                  4.1604219513642841E-002                 -1.0849126214344114E+000                  7.5302294295551491E+000                  2.0002202023369411E+000                  1.7330241842109334E+001                  5.8471230317059652E-004                  9.7997766894297500E-001                  1.9437618753854413E-002                  0.0000000000000000E+000                  1.7619882944021198E+008                  5.9185791703198068E+007                  6.6293840893098745E-004                  2.1294060812216808E+003                  1.8429254057659900E-024                  2.6534866995286993E-001                  2.5300123003721970E+010                 -9.2972299399890009E-013                  3.7914355742943528E-015                 -9.8999999999999986E+001                  3.3666013624723981E+000                  3.6051619898322294E+000                  3.7556769876642200E+000 
                                     969                  3.8820102683165630E-002                 -1.0955003871449112E+000                  7.5328416971811833E+000                  2.0044035734140575E+000                  1.7337102509889768E+001                  5.8471230070995263E-004                  9.7997766894553606E-001                  1.9437618753753938E-002                  0.0000000000000000E+000                  1.7636966577694327E+008                  5.9364730279366076E+007                  7.1239702253948127E-004                  2.3432343427652654E+003                  2.5918685409448761E-024                  2.6405408346981246E-001                  2.5932947438809254E+010                 -9.0398654129326560E-013                  3.6460667976124047E-015                 -9.8999999999999986E+001                  3.3780807777697470E+000                  3.6166414051295779E+000                  3.7671564029615685E+000 
                                     970                  3.3481323931576504E-002                 -1.1180275503029011E+000                  7.5354805779266876E+000                  2.0086556812159873E+000                  1.7344059267282201E+001                  5.8471229820196912E-004                  9.7997766894815164E-001                  1.9437618753646357E-002                  0.0000000000000000E+000                  1.7654252470638952E+008                  5.9546045151830412E+007                  7.6641988816971351E-004                  2.5807794501149806E+003                  3.6539139162415858E-024                  2.6276685890062956E-001                  2.7330176961235062E+010                 -8.4590257538208397E-013                  3.3054941805815672E-015                 -9.8999999999999986E+001                  3.4023663498577039E+000                  3.6409269772175352E+000                  3.7914419750495258E+000 
                                     971                  3.0935032132233631E-002                 -1.1300230544578269E+000                  7.5372187187169573E+000                  2.0114490262200975E+000                  1.7348634425152337E+001                  5.8471229654150460E-004                  9.7997766894988503E-001                  1.9437618753573416E-002                  0.0000000000000000E+000                  1.7665757639437500E+008                  5.9665778104241066E+007                  8.0435209918004703E-004                  2.7499508057027169E+003                  4.5781518935716473E-024                  2.6192757468719124E-001                  2.8103729673537422E+010                 -8.1364481186695713E-013                  3.1215539477631266E-015                 -9.8999999999999986E+001                  3.4152255151484483E+000                  3.6537861425082796E+000                  3.8043011403402702E+000 
                                     972                  2.8388740332890763E-002                 -1.1430153332430908E+000                  7.5387433869562415E+000                  2.0139020558725989E+000                  1.7352650554677567E+001                  5.8471229508078124E-004                  9.7997766895141147E-001                  1.9437618753507691E-002                  0.0000000000000000E+000                  1.7675891822073510E+008                  5.9771006614660218E+007                  8.3926645216582483E-004                  2.9072965599573413E+003                  5.5771080562903484E-024                  2.6119760135288211E-001                  2.8965808733956669E+010                 -7.7824996061653945E-013                  2.8955992294384869E-015                 -9.8999999999999986E+001                  3.4291003559330946E+000                  3.6676609832929259E+000                  3.8181759811249165E+000 
                                     973                  2.6570172214876214E-002                 -1.1530058382631612E+000                  7.5400363816567397E+000                  2.0159811761887565E+000                  1.7356055398412831E+001                  5.8471229383969491E-004                  9.7997766895270944E-001                  1.9437618753450847E-002                  0.0000000000000000E+000                  1.7684532568896383E+008                  5.9860393123086423E+007                  8.7012558758974218E-004                  3.0476268836231625E+003                  6.5911304898567302E-024                  2.6058267224506876E-001                  2.9646250613080536E+010                 -7.5086383411145077E-013                  2.7454648526589493E-015                 -9.8999999999999986E+001                  3.4397341529084211E+000                  3.6782947802682520E+000                  3.8288097781002426E+000 
                                     974                  2.4751604096861675E-002                 -1.1636840652257461E+000                  7.5415310085710985E+000                  2.0183837768055506E+000                  1.7359990607040071E+001                  5.8471229240347766E-004                  9.7997766895421268E-001                  1.9437618753383790E-002                  0.0000000000000000E+000                  1.7694571518434840E+008                  5.9963887149107397E+007                  9.0728880105799556E-004                  3.2181356293636359E+003                  7.9921094492529287E-024                  2.5987652871768446E-001                  3.0390903523608849E+010                 -7.2162063663741670E-013                  2.6021138798376872E-015                 -9.8999999999999986E+001                  3.4510676931182749E+000                  3.6896283204781057E+000                  3.8401433183100964E+000 
                                     975                  2.2445602422003975E-002                 -1.1783800927201511E+000                  7.5432484368947685E+000                  2.0211469522586034E+000                  1.7364515001535231E+001                  5.8471229075350876E-004                  9.7997766895594129E-001                  1.9437618753305186E-002                  0.0000000000000000E+000                  1.7706157304109603E+008                  6.0083032840087697E+007                  9.5206292759035798E-004                  3.4256663771402500E+003                  9.9685138263733793E-024                  2.5907153611458145E-001                  3.1445756768761761E+010                 -6.8169914503769678E-013                  2.4239617178744408E-015                 -9.8999999999999986E+001                  3.4666142451343194E+000                  3.7051748724941507E+000                  3.8556898703261413E+000 
                                     976                  2.0139600747146612E-002                 -1.1946285461276545E+000                  7.5457832433456637E+000                  2.0252167896384621E+000                  1.7371184762216689E+001                  5.8471228832003856E-004                  9.7997766895849370E-001                  1.9437618753186281E-002                  0.0000000000000000E+000                  1.7723421457356021E+008                  6.0259323611302823E+007                  1.0223951840844891E-003                  3.7561098385382656E+003                  1.3798612398793146E-023                  2.5789426714932268E-001                  3.2654043591328522E+010                 -6.3833533721832472E-013                  2.2543501786140037E-015                 -9.8999999999999986E+001                  3.4837379188988500E+000                  3.7222985462586813E+000                  3.8728135440906719E+000 
                                     977                  1.5836760298254361E-002                 -1.2305174508762000E+000                  7.5483702836365385E+000                  2.0293958100411835E+000                  1.7378017351845209E+001                  5.8471228584897701E-004                  9.7997766896109140E-001                  1.9437618753059605E-002                  0.0000000000000000E+000                  1.7741067111628211E+008                  6.0439784514044002E+007                  1.0998459261587347E-003                  4.1258450001865695E+003                  1.9207989723605561E-023                  2.5670929348443505E-001                  3.5373811109581833E+010                 -5.4726113982512885E-013                  1.9058065090460166E-015                 -9.8999999999999986E+001                  3.5213445892531623E+000                  3.7599052166129936E+000                  3.9104202144449842E+000 
                                     978                  1.3856402773172028E-002                 -1.2503865077041698E+000                  7.5500642136530933E+000                  2.0321247116674832E+000                  1.7382484100040671E+001                  5.8471228416448516E-004                  9.7997766896286398E-001                  1.9437618752971564E-002                  0.0000000000000000E+000                  1.7752741278504935E+008                  6.0558243788201757E+007                  1.1538178323343700E-003                  4.3869826691155349E+003                  2.3836207783440243E-023                  2.5594004933352860E-001                  3.5334012948292877E+010                 -5.0003700134087345E-013                  1.7621912225676528E-015                 -9.8999999999999986E+001                  3.5420479315767368E+000                  3.7806085589365681E+000                  3.9311235567685587E+000 
                                     979                  1.1876045248089696E-002                 -1.2732667824927799E+000                  7.5517514428697039E+000                  2.0348444608180354E+000                  1.7386934990707164E+001                  5.8471228241372688E-004                  9.7997766896470850E-001                  1.9437618752877750E-002                  0.0000000000000000E+000                  1.7764426903145283E+008                  6.0676468722571410E+007                  1.2103101449194977E-003                  4.6632171944788151E+003                  2.9539259348339314E-023                  2.5517973663304222E-001                  3.5292743521796638E+010                 -4.4898481862324136E-013                  1.6777207445539836E-015                 -9.8999999999999986E+001                  3.5657985245921653E+000                  3.8043591519519961E+000                  3.9548741497839868E+000 
                                     980                  1.0088103243799326E-002                 -1.2974124287919775E+000                  7.5534327946318047E+000                  2.0375548552486107E+000                  1.7391370688114719E+001                  5.8471228059335056E-004                  9.7997766896662863E-001                  1.9437618752778052E-002                  0.0000000000000000E+000                  1.7776137216768491E+008                  6.0794514387765683E+007                  1.2694507107635835E-003                  4.9554580542655867E+003                  3.6560638001252596E-023                  2.5442780578536162E-001                  3.5253692543720428E+010                 -3.9921737324561095E-013                  1.6108645548289135E-015                 -9.8999999999999986E+001                  3.5907681056550502E+000                  3.8293287330148815E+000                  3.9798437308468722E+000 
                                     981                  8.3001612395089547E-003                 -1.3262081558968681E+000                  7.5551064851414873E+000                  2.0402547464772360E+000                  1.7395788185660578E+001                  5.8471227869354712E-004                  9.7997766896863470E-001                  1.9437618752671804E-002                  0.0000000000000000E+000                  1.7787850414975974E+008                  6.0912253303246565E+007                  1.3312869517208882E-003                  5.2642262093030722E+003                  4.5184278504493242E-023                  2.5368522154921280E-001                  3.5212471891534042E+010                 -3.4551597430717608E-013                  1.5000154965885693E-015                 -9.8999999999999986E+001                  3.6204338065893702E+000                  3.8589944339492015E+000                  4.0095094317811917E+000 
                                     982                  6.7340921808825178E-003                 -1.3569943647404330E+000                  7.5567732374730614E+000                  2.0429433478554690E+000                  1.7400187466835288E+001                  5.8471227670973014E-004                  9.7997766897073202E-001                  1.9437618752558228E-002                  0.0000000000000000E+000                  1.7799580859515527E+008                  6.1029734381346710E+007                  1.3959452344591574E-003                  5.5904606399766071E+003                  5.5764627480602264E-023                  2.5295145413165609E-001                  3.5174076552825302E+010                 -2.9469911613531323E-013                  1.3694998385213927E-015                 -9.8999999999999986E+001                  3.6520307650438655E+000                  3.8905913924036968E+000                  4.0411063902356874E+000 
                                     983                  5.1680231222564132E-003                 -1.3958696679359830E+000                  7.5591782645854870E+000                  2.0468169094669824E+000                  1.7406529872407795E+001                  5.8471227368194737E-004                  9.7997766897393690E-001                  1.9437618752381147E-002                  0.0000000000000000E+000                  1.7816653699705395E+008                  6.1199659301480696E+007                  1.4949421642878101E-003                  6.0963594424007406E+003                  7.5474811704825136E-023                  2.5190232132110907E-001                  3.5132961938414192E+010                 -2.3966555162512559E-013                  1.2201908415181583E-015                 -9.8999999999999986E+001                  3.6917787845317731E+000                  3.9303394118916044E+000                  4.0808544097235950E+000 
                                     984                  2.5698168458590060E-003                 -1.4981201342881263E+000                  7.5618876131996577E+000                  2.0512062480292728E+000                  1.7413700538632558E+001                  5.8471226980646854E-004                  9.7997766897804917E-001                  1.9437618752144337E-002                  0.0000000000000000E+000                  1.7835918149641708E+008                  6.1391657578534342E+007                  1.6151856563560271E-003                  6.7206155068504704E+003                  1.0601822582465110E-022                  2.5073756702813516E-001                  3.5052553589330841E+010                 -1.3633615800942276E-013                  8.3853491790268030E-016                 -9.8999999999999986E+001                  3.7957252649104403E+000                  4.0342858922702716E+000                  4.1848008901022622E+000 
                                     985                  1.4180948997903548E-003                 -1.5847861720352607E+000                  7.5635026715211042E+000                  2.0538183198939763E+000                  1.7417970889406146E+001                  5.8471226726583211E-004                  9.7997766898074901E-001                  1.9437618751985131E-002                  0.0000000000000000E+000                  1.7847507979309222E+008                  6.1506400694450721E+007                  1.6914841714303322E-003                  7.1220779155203591E+003                  1.2973789923819921E-022                  2.5005027808845937E-001                  3.5008556193650597E+010                 -8.2784609718941587E-014                  6.2291660907138626E-016                 -9.8999999999999986E+001                  3.8833148540800662E+000                  4.1218754814398970E+000                  4.2723904792718876E+000 
                                     986                  7.2404911969461397E-004                 -1.6825463045221614E+000                  7.5646374014793940E+000                  2.0556539010473385E+000                  1.7420971671524185E+001                  5.8471226530120205E-004                  9.7997766898283867E-001                  1.9437618751860120E-002                  0.0000000000000000E+000                  1.7855686434693369E+008                  6.1587148811468124E+007                  1.7472708077524469E-003                  7.4181352831645781E+003                  1.4946922073839627E-022                  2.4957078778333699E-001                  3.4976076323147797E+010                 -4.6528601261788096E-014                  4.2872128765613816E-016                 -9.8999999999999986E+001                  3.9817596839616489E+000                  4.2203203113214798E+000                  4.3708353091534704E+000 
                                     987                  3.7702622964688157E-004                 -1.7772898044773691E+000                  7.5653405966429608E+000                  2.0567910848829705E+000                  1.7422830984444726E+001                  5.8471226397459656E-004                  9.7997766898425076E-001                  1.9437618751774632E-002                  0.0000000000000000E+000                  1.7860772015315029E+008                  6.1637242563254505E+007                  1.7827716742764654E-003                  7.6076246602219217E+003                  1.6315569793613821E-022                  2.4927501399746088E-001                  3.4955927362958115E+010                 -2.6373165781826503E-014                  2.9418083540042558E-016                 -9.8999999999999986E+001                  4.0769284631935321E+000                  4.3154890905533634E+000                  4.4660040883853540E+000 
                                     988                  2.0351478462301534E-004                 -1.8667194087662393E+000                  7.5657716501002135E+000                  2.0574880413698282E+000                  1.7423970620133439E+001                  5.8471226309654740E-004                  9.7997766898518568E-001                  1.9437618751717789E-002                  0.0000000000000000E+000                  1.7863896048296711E+008                  6.1667970088985763E+007                  1.8048920842098151E-003                  7.7261182858626998E+003                  1.7215009898893754E-022                  2.4909422563981651E-001                  3.4943533907931725E+010                 -1.5343114179010890E-014                  2.0765685711386038E-016                 -9.8999999999999986E+001                  4.1666200494754335E+000                  4.4051806768352648E+000                  4.5556956746672554E+000 
                                     989                  1.1675906211108225E-004                 -1.9472580083060114E+000                  7.5660307486764840E+000                  2.0579069196704212E+000                  1.7424655592186323E+001                  5.8471226253235548E-004                  9.7997766898578664E-001                  1.9437618751681041E-002                  0.0000000000000000E+000                  1.7865776282009074E+008                  6.1686447343324594E+007                  1.8183208235351567E-003                  7.7982115316288073E+003                  1.7779041638423008E-022                  2.4898574684184341E-001                  3.4936024982367546E+010                 -9.3888276220574167E-015                  1.5115381788366541E-016                 -9.8999999999999986E+001                  4.2473175291149898E+000                  4.4858781564748211E+000                  4.6363931543068118E+000 
                                     990                  7.3381200855115683E-005                 -2.0145541891213248E+000                  7.5661818921602606E+000                  2.0581512508435615E+000                  1.7425055149938856E+001                  5.8471226218478835E-004                  9.7997766898615679E-001                  1.9437618751658392E-002                  0.0000000000000000E+000                  1.7866873955576426E+008                  6.1697228529648110E+007                  1.8262005649392777E-003                  7.8405708228168096E+003                  1.8116457138264076E-022                  2.4892253221280961E-001                  3.4931586764260231E+010                 -6.2036235795298836E-015                  1.2919362340532069E-016                 -9.8999999999999986E+001                  4.3147076735421379E+000                  4.5532683009019692E+000                  4.7037832987339598E+000 
                                     991                  5.1692270226965891E-005                 -2.0653085435742384E+000                  7.5662950908972313E+000                  2.0583342170950472E+000                  1.7425354374423275E+001                  5.8471226191368338E-004                  9.7997766898644556E-001                  1.9437618751640739E-002                  0.0000000000000000E+000                  1.7867696553870997E+008                  6.1705304344531313E+007                  1.8321243621951381E-003                  7.8724431327741831E+003                  1.8373299274682099E-022                  2.4887521792925957E-001                  3.4929050832053085E+010                 -4.5127864362544911E-015                  1.3348905426554471E-016                 -9.8999999999999986E+001                  4.3655157478403215E+000                  4.6040763752001528E+000                  4.7545913730321434E+000 
                                     992                  3.0003339598977408E-005                 -2.1441011162250607E+000                  7.5664098312426908E+000                  2.0585196919709383E+000                  1.7425657691472363E+001                  5.8471226162120726E-004                  9.7997766898675720E-001                  1.9437618751621644E-002                  0.0000000000000000E+000                  1.7868530582196990E+008                  6.1713491235214703E+007                  1.8381483341578242E-003                  7.9048795914281081E+003                  1.8637312956779206E-022                  2.4882728940791232E-001                  3.4926101943555191E+010                 -2.7622317112727186E-015                  1.0851164855502623E-016                 -9.8999999999999986E+001                  4.4443708012270928E+000                  4.6829314285869241E+000                  4.8334464264189148E+000 
                                     993                  1.5001669790920551E-005                 -2.2444793050418075E+000                  7.5664984635985872E+000                  2.0586629708804329E+000                  1.7425891999309545E+001                  5.8471226137679156E-004                  9.7997766898701766E-001                  1.9437618751605545E-002                  0.0000000000000000E+000                  1.7869175016973236E+008                  6.1719816039122857E+007                  1.8428149166821286E-003                  7.9300253671493610E+003                  1.8843816988672021E-022                  2.4879028685178234E-001                  3.4923589333607933E+010                 -1.4811054291231018E-015                  7.1939895870802240E-017                 -9.8999999999999986E+001                  4.5448022189181438E+000                  4.7833628462779743E+000                  4.9338778441099649E+000 
                                     994                  7.5008348927208041E-006                 -2.3448445859747595E+000                  7.5665542858334671E+000                  2.0587532085620457E+000                  1.7426039568947420E+001                  5.8471226121035438E-004                  9.7997766898719496E-001                  1.9437618751594665E-002                  0.0000000000000000E+000                  1.7869581001301891E+008                  6.1723799852225274E+007                  1.8457598527881276E-003                  7.9459028672736349E+003                  1.8975035361909964E-022                  2.4876699060394483E-001                  3.4922006974339775E+010                 -7.8614981454460795E-016                  5.3480079038382439E-017                 -9.8999999999999986E+001                  4.6452010228285063E+000                  4.8837616501883367E+000                  5.0342766480203274E+000 
                                     995                  3.7504174437874590E-006                 -2.4452017347102566E+000                  7.5665894466166899E+000                  2.0588100458592633E+000                  1.7426132518083403E+001                  5.8471226109705211E-004                  9.7997766898731564E-001                  1.9437618751587338E-002                  0.0000000000000000E+000                  1.7869836761532384E+008                  6.1726309273765571E+007                  1.8476170151725810E-003                  7.9559196354139085E+003                  1.9058148874945679E-022                  2.4875232040366499E-001                  3.4921010440491722E+010                 -4.1629733365524707E-016                  3.7447308373107529E-017                 -9.8999999999999986E+001                  4.7455792860178860E+000                  4.9841399133777173E+000                  5.1346549112097080E+000 
                                     996                  1.8752087191542545E-006                 -2.5455537537430475E+000                  7.5666115945266359E+000                  2.0588458475846405E+000                  1.7426191066842083E+001                  5.8471226101993660E-004                  9.7997766898739791E-001                  1.9437618751582120E-002                  0.0000000000000000E+000                  1.7869997882939875E+008                  6.1727890020599380E+007                  1.8487876771324917E-003                  7.9622355911708228E+003                  1.9110686919514027E-022                  2.4874308094666889E-001                  3.4920382778610275E+010                 -2.2199101868141663E-016                  2.3153075226682040E-017                 -9.8999999999999986E+001                  4.8459446048514430E+000                  5.0845052322112743E+000                  5.2350202300432649E+000 
                                     997                  9.3760435667111887E-007                 -2.6459025257210391E+000                  7.5666255460396306E+000                  2.0588683998517028E+000                  1.7426227948044822E+001                  5.8471226096745677E-004                  9.7997766898745375E-001                  1.9437618751578789E-002                  0.0000000000000000E+000                  1.7870099384147975E+008                  6.1728885793337360E+007                  1.8495253948005786E-003                  7.9662166909808102E+003                  1.9143855360837010E-022                  2.4873726132425289E-001                  3.4919987422160721E+010                 -1.1418327784118443E-016                  1.8238442531917255E-017                 -9.8999999999999986E+001                  4.9463017545936125E+000                  5.1848623819534438E+000                  5.3353773797854336E+000 
                                     998                  4.6880217559608463E-007                 -2.7462492201889317E+000                  7.5666343346209688E+000                  2.0588826063231012E+000                  1.7426251180857903E+001                  5.8471226093174532E-004                  9.7997766898749183E-001                  1.9437618751576458E-002                  0.0000000000000000E+000                  1.7870163325603279E+008                  6.1729513077226996E+007                  1.8499901983362202E-003                  7.9687255371525462E+003                  1.9164778600185197E-022                  2.4873359553959182E-001                  3.4919738381469139E+010                 -5.9048816685952599E-017                  1.2474971016788883E-017                 -9.8999999999999986E+001                  5.0466537264923961E+000                  5.2852143538522274E+000                  5.4357293516842180E+000 
                                     999                  2.3440108536766918E-007                 -2.8465945415045919E+000                  7.5666417163722830E+000                  2.0588945386019968E+000                  1.7426270694594770E+001                  5.8471226089934589E-004                  9.7997766898752636E-001                  1.9437618751574237E-002                  0.0000000000000000E+000                  1.7870217034625712E+008                  6.1730039952153876E+007                  1.8503806303396383E-003                  7.9708333778337055E+003                  1.9182370009160313E-022                  2.4873051667594639E-001                  3.4919581505232819E+010                 -4.9724215616759845E-017                 -1.1095462234682757E-017                 -9.8999999999999986E+001                  5.1470023722792950E+000                  5.3855629996391263E+000                  5.5360779974711170E+000 
