                                       1                                        2                                        3                                        4                                        5                                        6                                        7                                        8                                        9                                       10                                       11                                       12                                       13                                       14                                       15                                       16                                       17                                       18                                       19                                       20                                       21                                       22                                       23                                       24                                       25                                       26                                       27                                       28                                       29                                       30                                       31                                       32                                       33                                       34                                       35                                       36                                       37                                       38                                       39                                       40                                       41                                       42                                       43                                       44                                       45                                       46                                       47                                       48                                       49 
                            model_number                                num_zones                             initial_mass                                initial_z                                 star_age                                time_step                                     Teff                            photosphere_L                            photosphere_r                               center_eta                                center_h1                               center_he3                               center_he4                               center_c12                               center_n14                               center_o16                              center_ne20                                star_mass                                star_mdot                             star_mass_h1                            star_mass_he3                            star_mass_he4                            star_mass_c12                            star_mass_n14                            star_mass_o16                           star_mass_ne20                             he_core_mass                             co_core_mass                             fe_core_mass                   neutron_rich_core_mass                             dynamic_time                             kh_timescale                            nuc_timescale                           power_nuc_burn                             power_h_burn                            power_he_burn                                power_neu                                burn_min1                                burn_min2                             time_seconds                           version_number                                 compiler                                    build                         MESA_SDK_version                             math_backend                                     date                                     msun                                     rsun                                     lsun 
                                     100                                      949                  3.0000000000000000E+000                  2.0000000000000000E-002                  3.4477981718015832E+008                  1.0349429743815773E+006                  9.0762452138388799E+003                  1.2015738692353149E+002                  4.4331860393788256E+000                 -3.6979723391215917E+000                  2.1827400761549466E-002                  1.2442076307467531E-010                  9.5872073139590896E-001                  1.2532691393950495E-004                  1.2597580594082412E-002                  5.6671395694156510E-004                  2.0850244238836079E-003                  3.0000000000000000E+000                  0.0000000000000000E+000                  1.7713373364185228E+000                  3.6890500272903737E-004                  1.1681584895631654E+000                  5.6380733409872423E-003                  1.3056824148054060E-002                  2.2953632767129091E-002                  6.2550732716316528E-003                  3.1928939091715142E-001                  0.0000000000000000E+000                  0.0000000000000000E+000                  0.0000000000000000E+000                  5.3934960425424746E+004                  3.9788446751565725E+005                  2.4967254005858240E+008                  1.1972075578790111E+002                  1.1972075578790115E+002                  2.2422878363248979E-030                  8.1196947644686119E+000                  5.0000000000000000E+001                  1.0000000000000000E+003                  1.0880423558644564E+016                               "r25.12.1"                               "gfortran"                                 "13.3.0"                   "x86_64-linux-25.12.1"                                 "CRMATH"                               "20260218"                  1.9884098706980504E+033                  6.9570000000000000E+010                  3.8280000000000003E+033 

                                       1                                        2                                        3                                        4                                        5                                        6                                        7                                        8                                        9                                       10                                       11                                       12                                       13                                       14                                       15                                       16                                       17                                       18                                       19                                       20                                       21                                       22                                       23 
                                    zone                                     mass                                     logR                                     logT                                   logRho                                     logP                        x_mass_fraction_H                       y_mass_fraction_He                   z_mass_fraction_metals                                 velocity                                       cp                                   csound                                       pp                                      cno                                tri_alpha                                  opacity                        mlt_mixing_length                                 brunt_N2                brunt_N2_composition_term                              log_brunt_N                             log_lamb_Sl1                             log_lamb_Sl2                             log_lamb_Sl3 
                                       1                  3.0000000000000000E+000                  6.4671595692087991E-001                  3.9585859118893882E+000                 -9.2847511032560508E+000                  2.6320342218028223E+000                  6.9999999999776086E-001                  2.8000000000223924E-001                  1.9999999999999907E-002                  0.0000000000000000E+000                  4.1977167002811928E+009                  9.5370023175881139E+005                  7.6119437835427172E-029                  0.0000000000000000E+000                  0.0000000000000000E+000                  6.7270336364847214E+000                  3.5505927502822238E+008                 -3.9516590101318550E-006                  0.0000000000000000E+000                 -9.8999999999999986E+001                 -1.5739094263225009E-001                  8.1169684727581029E-002                  2.3168468255957164E-001 
                                       2                  2.9999999999984999E+000                  6.4670918800694144E-001                  3.9603712140483323E+000                 -9.2751393996091078E+000                  2.6455798285664409E+000                  6.9999999999776086E-001                  2.8000000000223924E-001                  1.9999999999999907E-002                  0.0000000000000000E+000                  4.2167115474997859E+009                  9.5835638359583169E+005                  7.7822914062985222E-029                  0.0000000000000000E+000                  0.0000000000000000E+000                  7.0396962522074631E+000                  3.5630774576937419E+008                 -4.1563355257273899E-006                  0.0000000000000000E+000                 -9.8999999999999986E+001                 -1.5656943421128386E-001                  8.1991193148547220E-002                  2.3250619098053787E-001 
                                       3                  2.9999999999960996E+000                  6.4669859416923225E-001                  3.9624006888815022E+000                 -9.2654000043843681E+000                  2.6599594516218916E+000                  6.9999999999776086E-001                  2.8000000000223924E-001                  1.9999999999999907E-002                  0.0000000000000000E+000                  4.2382361196604819E+009                  9.6384337442549400E+005                  7.9587910385990011E-029                  0.0000000000000000E+000                  0.0000000000000000E+000                  7.4012539228061192E+000                  3.6044312781332022E+008                 -4.8155176913312388E-006                  0.0000000000000000E+000                 -9.8999999999999986E+001                 -1.5386472709206656E-001                  8.4695900267764523E-002                  2.3521089809975512E-001 
                                       4                  2.9999999999942246E+000                  6.4669050075103263E-001                  3.9648681661834253E+000                 -9.2547783958979615E+000                  2.6763954059006987E+000                  6.9999999999776086E-001                  2.8000000000223924E-001                  1.9999999999999907E-002                  0.0000000000000000E+000                  4.2627428941764617E+009                  9.7073387459570612E+005                  8.1558447748414707E-029                  0.0000000000000000E+000                  0.0000000000000000E+000                  7.8509136902760774E+000                  3.6393175322296947E+008                 -5.3372109482669990E-006                  0.0000000000000000E+000                 -9.8999999999999986E+001                 -1.5162251539609348E-001                  8.6938111963737574E-002                  2.3745310979572820E-001 
                                       5                  2.9999999999910374E+000                  6.4667707336188862E-001                  3.9676449962325586E+000                 -9.2445749745902042E+000                  2.6933844366226301E+000                  6.9999999999776086E-001                  2.8000000000223924E-001                  1.9999999999999907E-002                  0.0000000000000000E+000                  4.2876923578622618E+009                  9.7879979902561277E+005                  8.3497333589970417E-029                  0.0000000000000000E+000                  0.0000000000000000E+000                  8.3671381257610946E+000                  3.7037419987365067E+008                 -6.2295308501938885E-006                  0.0000000000000000E+000                 -9.8999999999999986E+001                 -1.4755351354956475E-001                  9.1007113810266285E-002                  2.4152211164225698E-001 
                                       6                  2.9999999999887872E+000                  6.4666781456603895E-001                  3.9697185543963380E+000                 -9.2378632727848604E+000                  2.7052857762879898E+000                  6.9999999999776086E-001                  2.8000000000223924E-001                  1.9999999999999907E-002                  0.0000000000000000E+000                  4.3033336303347588E+009                  9.8499999585503258E+005                  8.4797776405692909E-029                  0.0000000000000000E+000                  0.0000000000000000E+000                  8.7600822411437296E+000                  3.7529377586133927E+008                 -6.8563671083403317E-006                  0.0000000000000000E+000                 -9.8999999999999986E+001                 -1.4449163594222364E-001                  9.4068991417607453E-002                  2.4458398924959812E-001 
                                       7                  2.9999999999871001E+000                  6.4666097657991461E-001                  3.9721402625319504E+000                 -9.2308111323177311E+000                  2.7185003760795485E+000                  6.9999999999776086E-001                  2.8000000000223924E-001                  1.9999999999999907E-002                  0.0000000000000000E+000                  4.3174285589591331E+009                  9.9240670149905875E+005                  8.6186008791292890E-029                  0.0000000000000000E+000                  0.0000000000000000E+000                  9.2270243549652680E+000                  3.7922708511554277E+008                 -7.3217512161659736E-006                  0.0000000000000000E+000                 -9.8999999999999986E+001                 -1.4208871645886853E-001                  9.6471910900962507E-002                  2.4698690873295318E-001 
                                       8                  2.9999999999842872E+000                  6.4664976280326525E-001                  3.9759085413903383E+000                 -9.2215039072091631E+000                  2.7375995678852094E+000                  6.9999999999776086E-001                  2.8000000000223924E-001                  1.9999999999999907E-002                  0.0000000000000000E+000                  4.3289614013587036E+009                  1.0042817266356448E+006                  8.8053011490729850E-029                  0.0000000000000000E+000                  0.0000000000000000E+000                  9.9673260834149833E+000                  3.8623594782769114E+008                 -8.0789311236219375E-006                  0.0000000000000000E+000                 -9.8999999999999986E+001                 -1.3788702915097234E-001                  1.0067359820885877E-001                  2.5118859604084937E-001 
                                       9                  2.9999999999803499E+000                  6.4663439497195585E-001                  3.9801968360511486E+000                 -9.2130957866782968E+000                  2.7573871447671130E+000                  6.9999999999776086E-001                  2.8000000000223924E-001                  1.9999999999999907E-002                  0.0000000000000000E+000                  4.3234262314392939E+009                  1.0182652607555700E+006                  8.9774404820294623E-029                  0.0000000000000000E+000                  0.0000000000000000E+000                  1.0823486621344804E+001                  3.9689438951505500E+008                 -9.0725232151143113E-006                  0.0000000000000000E+000                 -9.8999999999999986E+001                 -1.3162173410276778E-001                  1.0693889325706332E-001                  2.5745389108905392E-001 
                                      10                  2.9999999999769753E+000                  6.4662147385349600E-001                  3.9843054089044578E+000                 -9.2066189043011661E+000                  2.7748874820386824E+000                  6.9999999999776086E-001                  2.8000000000223924E-001                  1.9999999999999907E-002                  0.0000000000000000E+000                  4.2960140735627527E+009                  1.0320290925095455E+006                  9.1123327968137910E-029                  0.0000000000000000E+000                  0.0000000000000000E+000                  1.1649426432849252E+001                  4.0681531953559005E+008                 -9.8293062095539850E-006                  0.0000000000000000E+000                 -9.8999999999999986E+001                 -1.2592212779824971E-001                  1.1263849956158140E-001                  2.6315349739357202E-001 
                                      11                  2.9999999999736002E+000                  6.4660874287736891E-001                  3.9876134020909215E+000                 -9.2023980051222090E+000                  2.7880289769403657E+000                  6.9999999999776086E-001                  2.8000000000223924E-001                  1.9999999999999907E-002                  0.0000000000000000E+000                  4.2573544760174651E+009                  1.0433389371930299E+006                  9.2013293002711775E-029                  0.0000000000000000E+000                  0.0000000000000000E+000                  1.2309430209451728E+001                  4.1742934380006272E+008                 -1.0463839605708137E-005                  0.0000000000000000E+000                 -9.8999999999999986E+001                 -1.1995481193276976E-001                  1.1860581542706125E-001                  2.6912081325905196E-001 
                                      12                  2.9999999999717248E+000                  6.4660173804247478E-001                  3.9900129776191884E+000                 -9.1997081036800203E+000                  2.7971786944390336E+000                  6.9999999999776086E-001                  2.8000000000223924E-001                  1.9999999999999907E-002                  0.0000000000000000E+000                  4.2197974874432082E+009                  1.0516354317441848E+006                  9.2584980696813844E-029                  0.0000000000000000E+000                  0.0000000000000000E+000                  1.2782493822681213E+001                  4.2360980322063684E+008                 -1.0751056470437986E-005                  0.0000000000000000E+000                 -9.8999999999999986E+001                 -1.1653989365174738E-001                  1.2202073370808374E-001                  2.7253573154007438E-001 
                                      13                  2.9999999999698503E+000                  6.4659477612370009E-001                  3.9936603864921567E+000                 -9.1961018437232376E+000                  2.8105525272260214E+000                  6.9999999999776086E-001                  2.8000000000223924E-001                  1.9999999999999907E-002                  0.0000000000000000E+000                  4.1473401303110166E+009                  1.0643631574696368E+006                  9.3357000169499576E-029                  0.0000000000000000E+000                  0.0000000000000000E+000                  1.3486032114124196E+001                  4.2999005978782159E+008                 -1.0981107568334203E-005                  0.0000000000000000E+000                 -9.8999999999999986E+001                 -1.1306790600790033E-001                  1.2549272135193082E-001                  2.7600771918392142E-001 
                                      14                  2.9999999999661000E+000                  6.4658096643639007E-001                  3.9986457885086084E+000                 -9.1920895592337750E+000                  2.8277689710043372E+000                  6.9999999999776086E-001                  2.8000000000223924E-001                  1.9999999999999907E-002                  0.0000000000000000E+000                  4.0185530325116501E+009                  1.0819463155030182E+006                  9.4223508320713520E-029                  0.0000000000000000E+000                  0.0000000000000000E+000                  1.4398576586026167E+001                  4.4318257852293247E+008                 -1.1264300046911466E-005                  0.0000000000000000E+000                 -9.8999999999999986E+001                 -1.0600549360387716E-001                  1.3255513375595390E-001                  2.8307013158794453E-001 
                                      15                  2.9999999999623506E+000                  6.4656728244472339E-001                  4.0024487276399849E+000                 -9.1894987424739369E+000                  2.8402492581099126E+000                  6.9999999999776086E-001                  2.8000000000223924E-001                  1.9999999999999907E-002                  0.0000000000000000E+000                  3.8979225881955237E+009                  1.0954324203080861E+006                  9.4787299663306073E-029                  0.0000000000000000E+000                  0.0000000000000000E+000                  1.5043836141146549E+001                  4.5678065568864107E+008                 -1.1312049727871143E-005                  0.0000000000000000E+000                 -9.8999999999999986E+001                 -9.8854464164067915E-002                  1.3970616319576318E-001                  2.9022116102775380E-001 
                                      16                  2.9999999999604752E+000                  6.4656048066258431E-001                  4.0062566921570166E+000                 -9.1870522372778893E+000                  2.8523816454637867E+000                  6.9999999999776086E-001                  2.8000000000223924E-001                  1.9999999999999907E-002                  0.0000000000000000E+000                  3.7597817289972315E+009                  1.1089399760125407E+006                  9.5322783703476929E-029                  0.0000000000000000E+000                  0.0000000000000000E+000                  1.5640991240033875E+001                  4.6367902962030113E+008                 -1.1241398910919504E-005                  0.0000000000000000E+000                 -9.8999999999999986E+001                 -9.5280357136025728E-002                  1.4328027022380538E-001                  2.9379526805579598E-001 
                                      17                  2.9999999999567257E+000                  6.4654695256577299E-001                  4.0100836883777182E+000                 -9.1847490580034208E+000                  2.8641857457392996E+000                  6.9999999999776086E-001                  2.8000000000223924E-001                  1.9999999999999907E-002                  0.0000000000000000E+000                  3.6061130178865199E+009                  1.1225100196625080E+006                  9.5829661184704195E-029                  0.0000000000000000E+000                  0.0000000000000000E+000                  1.6187563208398942E+001                  4.7750677941498286E+008                 -1.0939033740980602E-005                  0.0000000000000000E+000                 -9.8999999999999986E+001                 -8.8197200365383005E-002                  1.5036342699444807E-001                  3.0087842482643873E-001 
                                      18                  2.9999999999548503E+000                  6.4654022382320653E-001                  4.0138918994673620E+000                 -9.1824440525232962E+000                  2.8756781853873692E+000                  6.9999999999776086E-001                  2.8000000000223924E-001                  1.9999999999999907E-002                  0.0000000000000000E+000                  3.4415027373219204E+009                  1.1359749754502380E+006                  9.6339639129625307E-029                  0.0000000000000000E+000                  0.0000000000000000E+000                  1.6679030533838336E+001                  4.8438856464830130E+008                 -1.0719081104846401E-005                  0.0000000000000000E+000                 -9.8999999999999986E+001                 -8.4703822020884278E-002                  1.5385680533894683E-001                  3.0437180317093743E-001 
                                      19                  2.9999999999511004E+000                  6.4652683664400290E-001                  4.0189278467698566E+000                 -9.1792875419534923E+000                  2.8905449471869260E+000                  6.9999999999776086E-001                  2.8000000000223924E-001                  1.9999999999999907E-002                  0.0000000000000000E+000                  3.2111787881117411E+009                  1.1536979382220514E+006                  9.7042416851642681E-029                  0.0000000000000000E+000                  0.0000000000000000E+000                  1.7248844176863976E+001                  4.9793815283468032E+008                 -1.0173079550339093E-005                  0.0000000000000000E+000                 -9.8999999999999986E+001                 -7.7870259630472893E-002                  1.6069036772935821E-001                  3.1120536556134887E-001 
                                      20                  2.9999999999473506E+000                  6.4651354518719473E-001                  4.0238861203870719E+000                 -9.1759188147164927E+000                  2.9049213210055509E+000                  6.9999999999776086E-001                  2.8000000000223924E-001                  1.9999999999999907E-002                  0.0000000000000000E+000                  2.9769250784038343E+009                  1.1710293624144068E+006                  9.7798099515984325E-029                  0.0000000000000000E+000                  0.0000000000000000E+000                  1.7724768751100477E+001                  5.1109689693803257E+008                 -9.5386747604422357E-006                  0.0000000000000000E+000                 -9.8999999999999986E+001                 -7.1258398917487142E-002                  1.6730222844234385E-001                  3.1781722627433451E-001 
                                      21                  2.9999999999436007E+000                  6.4650035522413507E-001                  4.0287430988056796E+000                 -9.1722767008747237E+000                  2.9188386694802699E+000                  6.9999999999776086E-001                  2.8000000000223924E-001                  1.9999999999999907E-002                  0.0000000000000000E+000                  2.7462152471364717E+009                  1.1879100684868069E+006                  9.8621730856090046E-029                  0.0000000000000000E+000                  0.0000000000000000E+000                  1.8113991171892089E+001                  5.2373791558331293E+008                 -8.8579253557100907E-006                  0.0000000000000000E+000                 -9.8999999999999986E+001                 -6.4900434866829351E-002                  1.7366019249300171E-001                  3.2417519032499231E-001 
                                      22                  2.9999999999398503E+000                  6.4648727422635899E-001                  4.0334808658565731E+000                 -9.1683389485945526E+000                  2.9323254378658987E+000                  6.9999999999776086E-001                  2.8000000000223924E-001                  1.9999999999999907E-002                  0.0000000000000000E+000                  2.5248934665359492E+009                  1.2043230125320700E+006                  9.9520023885143844E-029                  0.0000000000000000E+000                  0.0000000000000000E+000                  1.8419954030795019E+001                  5.3579164605067599E+008                 -8.1653489884689884E-006                  0.0000000000000000E+000                 -9.8999999999999986E+001                 -5.8800652041002884E-002                  1.7975997531882823E-001                  3.3027497315081888E-001 
                                      23                  2.9999999999361009E+000                  6.4647431013188639E-001                  4.0380857225701501E+000                 -9.1641023920356073E+000                  2.9454075048794013E+000                  6.9999999999776086E-001                  2.8000000000223924E-001                  1.9999999999999907E-002                  0.0000000000000000E+000                  2.3175372982984529E+009                  1.2202655539307515E+006                  1.0049562028656751E-028                  0.0000000000000000E+000                  0.0000000000000000E+000                  1.8645659278603706E+001                  5.4722190724883008E+008                 -7.4841585302915932E-006                  0.0000000000000000E+000                 -9.8999999999999986E+001                 -5.2953126833971000E-002                  1.8560750052586011E-001                  3.3612249835785069E-001 
                                      24                  2.9999999999323506E+000                  6.4646147074351057E-001                  4.0425476505747246E+000                 -9.1595774746465910E+000                  2.9581084824022965E+000                  6.9999999999776086E-001                  2.8000000000223924E-001                  1.9999999999999907E-002                  0.0000000000000000E+000                  2.1274397166798229E+009                  1.2357439457256100E+006                  1.0154818542402904E-028                  0.0000000000000000E+000                  0.0000000000000000E+000                  1.8796302579947930E+001                  5.5801391243597519E+008                 -6.8303096675331048E-006                  0.0000000000000000E+000                 -9.8999999999999986E+001                 -4.7348298001142840E-002                  1.9121232935868818E-001                  3.4172732719067889E-001 
                                      25                  2.9999999999286007E+000                  6.4644876331314038E-001                  4.0468600363297584E+000                 -9.1547887289998666E+000                  2.9704499727230091E+000                  6.9999999999776086E-001                  2.8000000000223924E-001                  1.9999999999999907E-002                  0.0000000000000000E+000                  1.9556638407968140E+009                  1.2507725411945425E+006                  1.0267413085231163E-028                  0.0000000000000000E+000                  0.0000000000000000E+000                  1.8878430125841490E+001                  5.6817316277662933E+008                 -6.2136585032500274E-006                  0.0000000000000000E+000                 -9.8999999999999986E+001                 -4.1974289680865265E-002                  1.9658633767896577E-001                  3.4710133551095651E-001 
                                      26                  2.9999999999248503E+000                  6.4643619413423181E-001                  4.0510192599387409E+000                 -9.1497686518353412E+000                  2.9824517903446575E+000                  6.9999999999776086E-001                  2.8000000000223924E-001                  1.9999999999999907E-002                  0.0000000000000000E+000                  1.8016964980570221E+009                  1.2653690034124006E+006                  1.0386787369803517E-028                  0.0000000000000000E+000                  0.0000000000000000E+000                  1.8899359494660597E+001                  5.7772317273874485E+008                 -5.6387138368368826E-006                  0.0000000000000000E+000                 -9.8999999999999986E+001                 -3.6817995146966306E-002                  2.0174263221286479E-001                  3.5225763004485539E-001 
                                      27                  2.9999999999211009E+000                  6.4642376833525550E-001                  4.0565152641924422E+000                 -9.1426016177912945E+000                  2.9984325512209593E+000                  6.9999999999776086E-001                  2.8000000000223924E-001                  1.9999999999999907E-002                  0.0000000000000000E+000                  1.6163688789204915E+009                  1.2848835916880446E+006                  1.0559624146290940E-028                  0.0000000000000000E+000                  0.0000000000000000E+000                  1.8841280332010900E+001                  5.8669333049946737E+008                 -5.1062496912328141E-006                  0.0000000000000000E+000                 -9.8999999999999986E+001                 -3.1864722430468714E-002                  2.0669590492936241E-001                  3.5721090276135309E-001 
                                      28                  2.9999999999145381E+000                  6.4640237659759492E-001                  4.0612005774694540E+000                 -9.1357198307933114E+000                  3.0124699568103086E+000                  6.9999999999776086E-001                  2.8000000000223924E-001                  1.9999999999999907E-002                  0.0000000000000000E+000                  1.4755279069899399E+009                  1.3017249630914135E+006                  1.0728288076541891E-028                  0.0000000000000000E+000                  0.0000000000000000E+000                  1.8733836089050605E+001                  6.0112873278903890E+008                 -4.2798533835075712E-006                  0.0000000000000000E+000                 -9.8999999999999986E+001                 -2.3658932806802990E-002                  2.1490169455302813E-001                  3.6541669238501878E-001 
                                      29                  2.9999999999117257E+000                  6.4639335189047420E-001                  4.0643763863665558E+000                 -9.1308507943169452E+000                  3.0220337574308473E+000                  6.9999999999776086E-001                  2.8000000000223924E-001                  1.9999999999999907E-002                  0.0000000000000000E+000                  1.3886804338340361E+009                  1.3132984297169107E+006                  1.0849246854491590E-028                  0.0000000000000000E+000                  0.0000000000000000E+000                  1.8628301090624621E+001                  6.0686387212363350E+008                 -3.9643457871720922E-006                  0.0000000000000000E+000                 -9.8999999999999986E+001                 -2.0309313379454623E-002                  2.1825131398037642E-001                  3.6876631181236702E-001 
                                      30                  2.9999999999079758E+000                  6.4638145224004906E-001                  4.0678666385040012E+000                 -9.1251890368667521E+000                  3.0327131438003354E+000                  6.9999999999776086E-001                  2.8000000000223924E-001                  1.9999999999999907E-002                  0.0000000000000000E+000                  1.3010534134735584E+009                  1.3261343439318400E+006                  1.0991614737872227E-028                  0.0000000000000000E+000                  0.0000000000000000E+000                  1.8489706472048532E+001                  6.1413449641942477E+008                 -3.5761845488266678E-006                  0.0000000000000000E+000                 -9.8999999999999986E+001                 -1.5987716790169693E-002                  2.2257291056966144E-001                  3.7308790840165207E-001 
                                      31                  2.9999999999042255E+000                  6.4636970575541264E-001                  4.0724734389897250E+000                 -9.1173417790481626E+000                  3.0469827792657909E+000                  6.9999999999776086E-001                  2.8000000000223924E-001                  1.9999999999999907E-002                  0.0000000000000000E+000                  1.1970447672696052E+009                  1.3432655954945050E+006                  1.1192032541433186E-028                  0.0000000000000000E+000                  0.0000000000000000E+000                  1.8271751940112139E+001                  6.2101001066452539E+008                 -3.2232836609050218E-006                  0.0000000000000000E+000                 -9.8999999999999986E+001                 -1.1833725813652222E-002                  2.2672690154617883E-001                  3.7724189937816954E-001 
                                      32                  2.9999999998976632E+000                  6.4634951527692996E-001                  4.0779606407112254E+000                 -9.1071974466767553E+000                  3.0644944843867084E+000                  6.9999999999776086E-001                  2.8000000000223924E-001                  1.9999999999999907E-002                  0.0000000000000000E+000                  1.0894273034618039E+009                  1.3638630263554954E+006                  1.1456542463794056E-028                  0.0000000000000000E+000                  0.0000000000000000E+000                  1.7978605491795221E+001                  6.3219278877265084E+008                 -2.6812699810945995E-006                  0.0000000000000000E+000                 -9.8999999999999986E+001                 -4.9574942434385720E-003                  2.3360313311639250E-001                  3.8411813094838310E-001 
                                      33                  2.9999999998911009E+000                  6.4632978822648901E-001                  4.0820051578966279E+000                 -9.0991717097142342E+000                  3.0777772121255627E+000                  6.9999999999776086E-001                  2.8000000000223924E-001                  1.9999999999999907E-002                  0.0000000000000000E+000                  1.0204450441018531E+009                  1.3791479738501429E+006                  1.1670232921321153E-028                  0.0000000000000000E+000                  0.0000000000000000E+000                  1.7745528636031629E+001                  6.4240694683987927E+008                 -2.2220952391022861E-006                  0.0000000000000000E+000                 -9.8999999999999986E+001                  1.4403985889855377E-003                  2.4000102594881667E-001                  3.9051602378080730E-001 
                                      34                  2.9999999998873510E+000                  6.4631872085312514E-001                  4.0862481192054689E+000                 -9.0905197873036041E+000                  3.0918200641204283E+000                  6.9999999999776086E-001                  2.8000000000223924E-001                  1.9999999999999907E-002                  0.0000000000000000E+000                  9.5647754785940707E+008                  1.3952623783162008E+006                  1.1905062606521338E-028                  0.0000000000000000E+000                  0.0000000000000000E+000                  1.7481250824720263E+001                  6.4788571149617338E+008                 -1.9910285446466502E-006                  0.0000000000000000E+000                 -9.8999999999999986E+001                  4.8934639336571956E-003                  2.4345409129348827E-001                  3.9396908912547890E-001 
                                      35                  2.9999999998798512E+000                  6.4629702025090907E-001                  4.0915321431141578E+000                 -9.0790014330813271E+000                  3.1098678206402428E+000                  6.9999999999776086E-001                  2.8000000000223924E-001                  1.9999999999999907E-002                  0.0000000000000000E+000                  8.8805829888376963E+008                  1.4151829453496377E+006                  1.2225041927776566E-028                  0.0000000000000000E+000                  0.0000000000000000E+000                  1.7145718287244279E+001                  6.5816953271434271E+008                 -1.5872141027762866E-006                  0.0000000000000000E+000                 -9.8999999999999986E+001                  1.1361250849257555E-002                  2.4992187820908865E-001                  4.0043687604107930E-001 
                                      36                  2.9999999998723510E+000                  6.4627588449978046E-001                  4.0952477399239999E+000                 -9.0704211149295979E+000                  3.1229303940458539E+000                  6.9999999999776086E-001                  2.8000000000223924E-001                  1.9999999999999907E-002                  0.0000000000000000E+000                  8.4667634496071804E+008                  1.4289852929741028E+006                  1.2468979650248270E-028                  0.0000000000000000E+000                  0.0000000000000000E+000                  1.6909281414155405E+001                  6.6760184710718596E+008                 -1.2501955684497490E-006                  0.0000000000000000E+000                 -9.8999999999999986E+001                  1.7264483879108297E-002                  2.5582511123893947E-001                  4.0634010907093010E-001 
                                      37                  2.9999999998686007E+000                  6.4626552223655953E-001                  4.0976443939385145E+000                 -9.0647792904802511E+000                  3.1314262892158791E+000                  6.9999999999776086E-001                  2.8000000000223924E-001                  1.9999999999999907E-002                  0.0000000000000000E+000                  8.2261931549372542E+008                  1.4377819122075532E+006                  1.2632022780051554E-028                  0.0000000000000000E+000                  0.0000000000000000E+000                  1.6754393060949155E+001                  6.7205501359513986E+008                 -1.1031229556696399E-006                  0.0000000000000000E+000                 -9.8999999999999986E+001                  2.0010035863994743E-002                  2.5857066322382583E-001                  4.0908566105581640E-001 
                                      38                  2.9999999998648512E+000                  6.4625529298914675E-001                  4.1011257703704453E+000                 -9.0564370482246819E+000                  3.1438675619879475E+000                  6.9999999999776086E-001                  2.8000000000223924E-001                  1.9999999999999907E-002                  0.0000000000000000E+000                  7.9107735569322050E+008                  1.4503686026392432E+006                  1.2877020299310684E-028                  0.0000000000000000E+000                  0.0000000000000000E+000                  1.6527674157793605E+001                  6.7637572962567914E+008                 -9.6893151962605713E-007                  0.0000000000000000E+000                 -9.8999999999999986E+001                  2.2616309694811071E-002                  2.6117693705464218E-001                  4.1169193488663280E-001 
                                      39                  2.9999999998573510E+000                  6.4623522162515479E-001                  4.1055077288802524E+000                 -9.0454561541342127E+000                  3.1599231248356334E+000                  6.9999999999776086E-001                  2.8000000000223924E-001                  1.9999999999999907E-002                  0.0000000000000000E+000                  7.5677736202489936E+008                  1.4657433756506871E+006                  1.3206769284838660E-028                  0.0000000000000000E+000                  0.0000000000000000E+000                  1.6249301660366942E+001                  6.8459779702459395E+008                 -7.3398388593471946E-007                  0.0000000000000000E+000                 -9.8999999999999986E+001                  2.7452105640267930E-002                  2.6601273300009898E-001                  4.1652773083208972E-001 
                                      40                  2.9999999998498512E+000                  6.4621564871244574E-001                  4.1096525354979923E+000                 -9.0346981272555436E+000                  3.1754089676843726E+000                  6.9999999999776086E-001                  2.8000000000223924E-001                  1.9999999999999907E-002                  0.0000000000000000E+000                  7.2946242840481758E+008                  1.4796928348932622E+006                  1.3538013161575838E-028                  0.0000000000000000E+000                  0.0000000000000000E+000                  1.5989448067271324E+001                  6.9229917914993012E+008                 -5.3726831620216651E-007                  0.0000000000000000E+000                 -9.8999999999999986E+001                  3.1817103376824835E-002                  2.7037773073665594E-001                  4.2089272856864657E-001 
                                      41                  2.9999999998423510E+000                  6.4619655213947835E-001                  4.1135843751622092E+000                 -9.0241702608720580E+000                  3.1903641689354183E+000                  6.9999999999776086E-001                  2.8000000000223924E-001                  1.9999999999999907E-002                  0.0000000000000000E+000                  7.0783705990529442E+008                  1.4922655292880456E+006                  1.3870212331929039E-028                  0.0000000000000000E+000                  0.0000000000000000E+000                  1.5746024788885149E+001                  6.9956803965968823E+008                 -3.7287865938044108E-007                  0.0000000000000000E+000                 -9.8999999999999986E+001                  3.5729299170829940E-002                  2.7428992653066109E-001                  4.2480492436265171E-001 
                                      42                  2.9999999998348512E+000                  6.4617791049686957E-001                  4.1173239152593890E+000                 -9.0138754612020211E+000                  3.2048239178371549E+000                  6.9999999999776086E-001                  2.8000000000223924E-001                  1.9999999999999907E-002                  0.0000000000000000E+000                  6.9086877932171559E+008                  1.5035203833386383E+006                  1.4202938846483622E-028                  0.0000000000000000E+000                  0.0000000000000000E+000                  1.5517226836072188E+001                  7.0645746962024832E+008                 -2.3594869514300518E-007                  0.0000000000000000E+000                 -9.8999999999999986E+001                  3.9215994174060055E-002                  2.7777662153389115E-001                  4.2829161936588178E-001 
                                      43                  2.9999999998273514E+000                  6.4615970323446659E-001                  4.1208889478742030E+000                 -9.0038135469593357E+000                  3.2188200141883359E+000                  6.9999999999776086E-001                  2.8000000000223924E-001                  1.9999999999999907E-002                  0.0000000000000000E+000                  6.7772615345445108E+008                  1.5135212582022678E+006                  1.4535850105713200E-028                  0.0000000000000000E+000                  0.0000000000000000E+000                  1.5301490002322113E+001                  7.1301183720345867E+008                 -1.2261385373876894E-007                  0.0000000000000000E+000                 -9.8999999999999986E+001                  4.2304731614387005E-002                  2.8086535897421810E-001                  4.3138035680620873E-001 
                                      44                  2.9999999998198508E+000                  6.4614191074421157E-001                  4.1251419971559695E+000                 -8.9915847169706478E+000                  3.2357064608048018E+000                  6.9999999999776086E-001                  2.8000000000223924E-001                  1.9999999999999907E-002                  0.0000000000000000E+000                  6.6569619766393828E+008                  1.5244553291716059E+006                  1.4950979317609148E-028                  0.0000000000000000E+000                  0.0000000000000000E+000                  1.5044395446619053E+001                  7.1928606344755745E+008                 -3.0030286369626891E-008                  0.0000000000000000E+000                 -9.8999999999999986E+001                  4.5012913311894470E-002                  2.8357354067172558E-001                  4.3408853850371626E-001 
                                      45                  2.9999999998086011E+000                  6.4611595910578956E-001                  4.1291354723335054E+000                 -8.9796572772993724E+000                  3.2519646347411544E+000                  6.9999999999776008E-001                  2.8000000000224007E-001                  1.9999999999999796E-002                  0.0000000000000000E+000                  6.5790921207873070E+008                  1.5336846698784276E+006                  1.5367295805962989E-028                  0.0000000000000000E+000                  0.0000000000000000E+000                  1.4811204408045366E+001                  7.2818004660772872E+008                  7.7721388227734869E-008                  5.2046561861610804E-019                 -3.5547297254060419E+000                  4.8486592006151366E-002                  2.8704721936598249E-001                  4.3756221719797317E-001 
                                      46                  2.9999999998011009E+000                  6.4609912421656546E-001                  4.1321992879111242E+000                 -8.9703798418229592E+000                  3.2645486193831665E+000                  6.9999999999775597E-001                  2.8000000000224418E-001                  1.9999999999999796E-002                  0.0000000000000000E+000                  6.5419265716630328E+008                  1.5400978558963013E+006                  1.5699115278427401E-028                  0.0000000000000000E+000                  0.0000000000000000E+000                  1.4633822510842435E+001                  7.3380026217350376E+008                  1.3192766628054726E-007                  1.0005958654290676E-018                 -3.4398320599484431E+000                  5.0457143570820998E-002                  2.8901777093065206E-001                  4.3953276876264280E-001 
                                      47                  2.9999999997936011E+000                  6.4608264324533160E-001                  4.1366102958879498E+000                 -8.9569039117614633E+000                  3.2827689620963274E+000                  6.9999999999775186E-001                  2.8000000000224834E-001                  1.9999999999999796E-002                  0.0000000000000000E+000                  6.5222612983750010E+008                  1.5482866819726662E+006                  1.6193903170631847E-028                  0.0000000000000000E+000                  0.0000000000000000E+000                  1.4381245533655775E+001                  7.3926057910965455E+008                  1.7292400557333192E-007                  9.1446078357115403E-019                 -3.3810723565603826E+000                  5.2147844211536891E-002                  2.9070847157136792E-001                  4.4122346940335855E-001 
                                      48                  2.9999999997786011E+000                  6.4605068304241120E-001                  4.1407210867135387E+000                 -8.9437991757802777E+000                  3.3002606161962111E+000                  6.9999999999774964E-001                  2.8000000000225056E-001                  1.9999999999999796E-002                  0.0000000000000000E+000                  6.5380320410864496E+008                  1.5547201314682877E+006                  1.6690013897505839E-028                  0.0000000000000000E+000                  0.0000000000000000E+000                  1.4164652112424397E+001                  7.4957761749362814E+008                  2.2514289341305721E-007                  7.0433165578536226E-019                 -3.3237708784482454E+000                  5.4915213172154365E-002                  2.9347584053198544E-001                  4.4399083836397601E-001 
                                      49                  2.9999999997711009E+000                  6.4603517539211752E-001                  4.1433644329334989E+000                 -8.9353343204235127E+000                  3.3115437925510989E+000                  6.9999999999774831E-001                  2.8000000000225184E-001                  1.9999999999999796E-002                  0.0000000000000000E+000                  6.5655504679160905E+008                  1.5582642062207542E+006                  1.7018521634663252E-028                  0.0000000000000000E+000                  0.0000000000000000E+000                  1.4028705935876369E+001                  7.5446473488699687E+008                  2.3823112825758333E-007                  7.2307689561904426E-019                 -3.3115007462224888E+000                  5.6024890688888815E-002                  2.9458551804871991E-001                  4.4510051588071059E-001 
                                      50                  2.9999999997636011E+000                  6.4601996546195550E-001                  4.1459215685338924E+000                 -8.9270580416624536E+000                  3.3225427558684215E+000                  6.9999999999774709E-001                  2.8000000000225317E-001                  1.9999999999999796E-002                  0.0000000000000000E+000                  6.6047360314213884E+008                  1.5612881342550749E+006                  1.7345961722990663E-028                  0.0000000000000000E+000                  0.0000000000000000E+000                  1.3902276341965454E+001                  7.5923830987485874E+008                  2.4332271752461430E-007                  1.1055385526532860E-018                 -3.3069086709045039E+000                  5.6955441697859779E-002                  2.9551606905769084E-001                  4.4603106688968147E-001 
                                      51                  2.9999999997561013E+000                  6.4600504108730861E-001                  4.1496318213638057E+000                 -8.9150150815560618E+000                  3.3385380648734824E+000                  6.9999999999774520E-001                  2.8000000000225506E-001                  1.9999999999999796E-002                  0.0000000000000000E+000                  6.6836344475816143E+008                  1.5650615655656911E+006                  1.7833711923561576E-028                  0.0000000000000000E+000                  0.0000000000000000E+000                  1.3725409120346834E+001                  7.6390694084418011E+008                  2.4180600851111666E-007                  7.5554140218090273E-019                 -3.3082664558922934E+000                  5.7740881114040056E-002                  2.9630150847387121E-001                  4.4681650630586178E-001 
                                      52                  2.9999999997411013E+000                  6.4597600426282620E-001                  4.1538624788493657E+000                 -8.9009345187945055E+000                  3.3571161217525365E+000                  6.9999999999774287E-001                  2.8000000000225728E-001                  1.9999999999999796E-002                  0.0000000000000000E+000                  6.8037616097145641E+008                  1.5686047975711762E+006                  1.8421406592520219E-028                  0.0000000000000000E+000                  0.0000000000000000E+000                  1.3543631226061576E+001                  7.7287968313632965E+008                  2.2460248416126112E-007                  6.4293425605227722E-019                 -3.3242927223196452E+000                  5.9010678026881980E-002                  2.9757130538671306E-001                  4.4808630321870374E-001 
                                      53                  2.9999999997289133E+000                  6.4595316038926953E-001                  4.1574162288204866E+000                 -8.8890108296232846E+000                  3.3728233887868826E+000                  6.9999999999774110E-001                  2.8000000000225916E-001                  1.9999999999999796E-002                  0.0000000000000000E+000                  6.9297821721432543E+008                  1.5710865501016059E+006                  1.8934196886733412E-028                  0.0000000000000000E+000                  0.0000000000000000E+000                  1.3401031026426795E+001                  7.7982927346794081E+008                  2.0018872047962493E-007                  5.0242845173613134E-019                 -3.3492801981223064E+000                  5.9823657269978466E-002                  2.9838428462980954E-001                  4.4889928246180022E-001 
                                      54                  2.9999999997171947E+000                  6.4593178672194085E-001                  4.1600929600003536E+000                 -8.8799274002959088E+000                  3.3847595377554645E+000                  6.9999999999773965E-001                  2.8000000000226066E-001                  1.9999999999999685E-002                  0.0000000000000000E+000                  7.0394315980335104E+008                  1.5727188473070411E+006                  1.9334397152418253E-028                  0.0000000000000000E+000                  0.0000000000000000E+000                  1.3300384410508352E+001                  7.8628591290093064E+008                  1.7019495476165056E-007                  9.8361545166466256E-019                 -3.3845266591164656E+000                  6.0463367878347413E-002                  2.9902399523817852E-001                  4.4953899307016915E-001 
                                      55                  2.9999999997101638E+000                  6.4591922648686384E-001                  4.1630281734294154E+000                 -8.8700190199665094E+000                  3.3978083755673278E+000                  6.9999999999773777E-001                  2.8000000000226244E-001                  1.9999999999999796E-002                  0.0000000000000000E+000                  7.1745597112415636E+008                  1.5743282669463137E+006                  1.9780595654048330E-028                  0.0000000000000000E+000                  0.0000000000000000E+000                  1.3191777638896394E+001                  7.9008598775801146E+008                  1.4980498864671621E-007                  2.9848797309058940E-019                 -3.4122368619909507E+000                  6.0793108771991414E-002                  2.9935373613182248E-001                  4.4986873396381316E-001 
                                      56                  2.9999999996961009E+000                  6.4589466950109853E-001                  4.1661504496601278E+000                 -8.8593064191296484E+000                  3.4118647184118704E+000                  6.9999999999773566E-001                  2.8000000000226466E-001                  1.9999999999999685E-002                  0.0000000000000000E+000                  7.3323351552790129E+008                  1.5758927036319599E+006                  2.0274602528923699E-028                  0.0000000000000000E+000                  0.0000000000000000E+000                  1.3084406729196637E+001                  7.9749766490815127E+008                  1.0569062858027268E-007                  8.2367714239509767E-019                 -3.4879817595927771E+000                  6.1372612169968664E-002                  2.9993323952979978E-001                  4.5044823736179040E-001 
                                      57                  2.9999999996867261E+000                  6.4587869482738314E-001                  4.1691794054228799E+000                 -8.8489475284193340E+000                  3.4254823141009925E+000                  6.9999999999773321E-001                  2.8000000000226699E-001                  1.9999999999999796E-002                  0.0000000000000000E+000                  7.4984413512431908E+008                  1.5773338855251162E+006                  2.0764028396580182E-028                  0.0000000000000000E+000                  0.0000000000000000E+000                  1.2981942465537692E+001                  8.0230090075075436E+008                  7.4810845440573428E-008                  2.8173952058075638E-019                 -3.5630177186241720E+000                  6.1719914996336764E-002                  3.0028054235616780E-001                  4.5079554018815848E-001 
                                      58                  2.9999999996726636E+000                  6.4585529441952039E-001                  4.1726682499891004E+000                 -8.8369131830550991E+000                  3.4412824298271114E+000                  6.9999999999773066E-001                  2.8000000000226954E-001                  1.9999999999999796E-002                  0.0000000000000000E+000                  7.7025209789472115E+008                  1.5789926724011996E+006                  2.1347469427721024E-028                  0.0000000000000000E+000                  0.0000000000000000E+000                  1.2869383759052388E+001                  8.0935136990630293E+008                  2.7819077026330274E-008                  9.6304015888367712E-019                 -3.7778286415037825E+000                  6.2209765604517936E-002                  3.0077039296434904E-001                  4.5128539079633967E-001 
                                      59                  2.9999999996586015E+000                  6.4583252990834450E-001                  4.1765773363712384E+000                 -8.8234179735366904E+000                  3.4590211570851719E+000                  6.9999999999773066E-001                  2.8000000000226954E-001                  1.9999999999999796E-002                  0.0000000000000000E+000                  7.9453243273770809E+008                  1.5809841591530463E+006                  2.2021257302033639E-028                  0.0000000000000000E+000                  0.0000000000000000E+000                  1.2745995801019214E+001                  8.1620717659649336E+008                 -1.8504012949651064E-008                  0.0000000000000000E+000                 -9.8999999999999986E+001                  6.2695396962482913E-002                  3.0125602432231396E-001                  4.5177102215430465E-001 
                                      60                  2.9999999996398512E+000                  6.4580310059381019E-001                  4.1797693155894873E+000                 -8.8122438352850256E+000                  3.4736735121373115E+000                  6.9999999999773066E-001                  2.8000000000226954E-001                  1.9999999999999796E-002                  0.0000000000000000E+000                  8.1516043425129688E+008                  1.5828280908391268E+006                  2.2595225026625142E-028                  0.0000000000000000E+000                  0.0000000000000000E+000                  1.2651133899630688E+001                  8.2503169459537935E+008                 -7.7619149515095571E-008                  0.0000000000000000E+000                 -9.8999999999999986E+001                  6.3375096704840664E-002                  3.0193572406467173E-001                  4.5245072189666236E-001 
                                      61                  2.9999999996304765E+000                  6.4578875753854148E-001                  4.1828775136098582E+000                 -8.8014807044585641E+000                  3.4878494556632842E+000                  6.9999999999773066E-001                  2.8000000000226954E-001                  1.9999999999999796E-002                  0.0000000000000000E+000                  8.3593295050157452E+008                  1.5849001084687791E+006                  2.3162221612618265E-028                  0.0000000000000000E+000                  0.0000000000000000E+000                  1.2557323053882053E+001                  8.2935022932694721E+008                 -1.0526927606321233E-007                  0.0000000000000000E+000                 -9.8999999999999986E+001                  6.3747582345062795E-002                  3.0230820970489375E-001                  4.5282320753688454E-001 
                                      62                  2.9999999996117261E+000                  6.4576076952774242E-001                  4.1858514254287336E+000                 -8.7910243459807820E+000                  3.5015807506681917E+000                  6.9999999999773066E-001                  2.8000000000226954E-001                  1.9999999999999796E-002                  0.0000000000000000E+000                  8.5590866028016531E+008                  1.5871689935989506E+006                  2.3726680115638119E-028                  0.0000000000000000E+000                  0.0000000000000000E+000                  1.2473784934423142E+001                  8.3779696721494675E+008                 -1.5638253752955035E-007                  0.0000000000000000E+000                 -9.8999999999999986E+001                  6.4568534141337161E-002                  3.0312916150116825E-001                  4.5364415933315888E-001 
                                      63                  2.9999999996023519E+000                  6.4574710646206956E-001                  4.1887530811182536E+000                 -8.7809296892667081E+000                  3.5148928195360045E+000                  6.9999999999773066E-001                  2.8000000000226954E-001                  1.9999999999999796E-002                  0.0000000000000000E+000                  8.7533568290483809E+008                  1.5896697845138856E+006                  2.4284659950060477E-028                  0.0000000000000000E+000                  0.0000000000000000E+000                  1.2391548823230005E+001                  8.4192761984477580E+008                 -1.7984975854043030E-007                  0.0000000000000000E+000                 -9.8999999999999986E+001                  6.5017226227347694E-002                  3.0357785358717881E-001                  4.5409285141916939E-001 
                                      64                  2.9999999995836015E+000                  6.4572040444667733E-001                  4.1929243745120042E+000                 -8.7663407394515165E+000                  3.5341303932747574E+000                  6.9999999999773066E-001                  2.8000000000226954E-001                  1.9999999999999796E-002                  0.0000000000000000E+000                  9.0229259386753345E+008                  1.5937991245022835E+006                  2.5114327599148468E-028                  0.0000000000000000E+000                  0.0000000000000000E+000                  1.2279731979944156E+001                  8.5007606490806544E+008                 -2.2192141601580661E-007                  0.0000000000000000E+000                 -9.8999999999999986E+001                  6.6000741795234324E-002                  3.0456136915506543E-001                  4.5507636698705600E-001 
                                      65                  2.9999999995601638E+000                  6.4568812295607936E-001                  4.1968929818201515E+000                 -8.7523608495003344E+000                  3.5525572034173312E+000                  6.9999999999773066E-001                  2.8000000000226954E-001                  1.9999999999999796E-002                  0.0000000000000000E+000                  9.2610028813450706E+008                  1.5983650331271812E+006                  2.5935940945329471E-028                  0.0000000000000000E+000                  0.0000000000000000E+000                  1.2181448645926865E+001                  8.5988899147249293E+008                 -2.6745447695867984E-007                  0.0000000000000000E+000                 -9.8999999999999986E+001                  6.7349240344538458E-002                  3.0590986770436956E-001                  4.5642486553636025E-001 
                                      66                  2.9999999995414139E+000                  6.4566311088709305E-001                  4.2002857063159320E+000                 -8.7404351176351405E+000                  3.5683085390990108E+000                  6.9999999999773066E-001                  2.8000000000226954E-001                  1.9999999999999796E-002                  0.0000000000000000E+000                  9.4451759917623937E+008                  1.6028127923337412E+006                  2.6658040815390178E-028                  0.0000000000000000E+000                  0.0000000000000000E+000                  1.2101630836914065E+001                  8.6750337337322724E+008                 -2.9780326054678671E-007                  0.0000000000000000E+000                 -9.8999999999999986E+001                  6.8529819442290821E-002                  3.0709044680212194E-001                  4.5760544463411257E-001 
                                      67                  2.9999999995226641E+000                  6.4563877215713439E-001                  4.2039630439545670E+000                 -8.7275389901223335E+000                  3.5853754144580039E+000                  6.9999999999773066E-001                  2.8000000000226954E-001                  1.9999999999999796E-002                  0.0000000000000000E+000                  9.6196685271180499E+008                  1.6082444667460730E+006                  2.7461540208155360E-028                  0.0000000000000000E+000                  0.0000000000000000E+000                  1.2019867732962510E+001                  8.7497184736934114E+008                 -3.2215848130830752E-007                  0.0000000000000000E+000                 -9.8999999999999986E+001                  6.9810774725640568E-002                  3.0837140208547170E-001                  4.5888639991746227E-001 
                                      68                  2.9999999994992264E+000                  6.4560923337309040E-001                  4.2074865233017542E+000                 -8.7151246896576566E+000                  3.6018012650695463E+000                  6.9999999999773066E-001                  2.8000000000226954E-001                  1.9999999999999796E-002                  0.0000000000000000E+000                  9.7589044301008046E+008                  1.6140446313419875E+006                  2.8257888997111630E-028                  0.0000000000000000E+000                  0.0000000000000000E+000                  1.1948194585192002E+001                  8.8405229855431926E+008                 -3.4542948029046899E-007                  0.0000000000000000E+000                 -9.8999999999999986E+001                  7.1525249918124506E-002                  3.1008587727795550E-001                  4.6060087510994618E-001 
                                      69                  2.9999999994804765E+000                  6.4558626410997877E-001                  4.2105146679923919E+000                 -8.7044855706008075E+000                  3.6159010094122461E+000                  6.9999999999773066E-001                  2.8000000000226954E-001                  1.9999999999999796E-002                  0.0000000000000000E+000                  9.8550369951946604E+008                  1.6194956569108367E+006                  2.8958715078910344E-028                  0.0000000000000000E+000                  0.0000000000000000E+000                  1.1889659825934942E+001                  8.9112177940380263E+008                 -3.5879123928002930E-007                  0.0000000000000000E+000                 -9.8999999999999986E+001                  7.2975142745514268E-002                  3.1153577010534533E-001                  4.6205076793733596E-001 
                                      70                  2.9999999994617266E+000                  6.4556384718580251E-001                  4.2141775920432725E+000                 -8.6916777377050263E+000                  3.6329088219908434E+000                  6.9999999999773066E-001                  2.8000000000226954E-001                  1.9999999999999796E-002                  0.0000000000000000E+000                  9.9392557020425951E+008                  1.6266653370133534E+006                  2.9825496014193642E-028                  0.0000000000000000E+000                  0.0000000000000000E+000                  1.1821721362267663E+001                  8.9807499982425869E+008                 -3.6717591585523078E-007                  0.0000000000000000E+000                 -9.8999999999999986E+001                  7.4497453668849883E-002                  3.1305808102868099E-001                  4.6357307886067173E-001 
                                      71                  2.9999999994336020E+000                  6.4553119275969406E-001                  4.2176825906049853E+000                 -8.6793273619382134E+000                  3.6492804325354036E+000                  6.9999999999773066E-001                  2.8000000000226954E-001                  1.9999999999999796E-002                  0.0000000000000000E+000                  9.9826183060221744E+008                  1.6341042734736763E+006                  3.0685880738556464E-028                  0.0000000000000000E+000                  0.0000000000000000E+000                  1.1763257518217904E+001                  9.0819083241385043E+008                 -3.7265863950359993E-007                  0.0000000000000000E+000                 -9.8999999999999986E+001                  7.6870162338232031E-002                  3.1543078969806310E-001                  4.6594578753005378E-001 
                                      72                  2.9999999994148516E+000                  6.4551002956888193E-001                  4.2204039740607291E+000                 -8.6697856858144853E+000                  3.6619498269694990E+000                  6.9999999999773066E-001                  2.8000000000226954E-001                  1.9999999999999796E-002                  0.0000000000000000E+000                  9.9892663818423605E+008                  1.6402769029202259E+006                  3.1367556797491622E-028                  0.0000000000000000E+000                  0.0000000000000000E+000                  1.1719246045697021E+001                  9.1473507016598332E+008                 -3.7199594049699006E-007                  0.0000000000000000E+000                 -9.8999999999999986E+001                  7.8502335876379642E-002                  3.1706296323621069E-001                  4.6757796106820138E-001 
                                      73                  2.9999999993961013E+000                  6.4548932327966213E-001                  4.2230498145846465E+000                 -8.6605152872987698E+000                  3.6742623925738820E+000                  6.9999999999773066E-001                  2.8000000000226954E-001                  1.9999999999999796E-002                  0.0000000000000000E+000                  9.9718298631387281E+008                  1.6466077601495991E+006                  3.2044353060813826E-028                  0.0000000000000000E+000                  0.0000000000000000E+000                  1.1678259256140446E+001                  9.2116571015246475E+008                 -3.6761593802036658E-007                  0.0000000000000000E+000                 -9.8999999999999986E+001                  8.0178272108737472E-002                  3.1873889946856848E-001                  4.6925389730055911E-001 
                                      74                  2.9999999993773518E+000                  6.4546905143150690E-001                  4.2256245281631424E+000                 -8.6515001362669590E+000                  3.6862376951857967E+000                  6.9999999999773066E-001                  2.8000000000226954E-001                  1.9999999999999796E-002                  0.0000000000000000E+000                  9.9336155427526724E+008                  1.6530777459838868E+006                  3.2716517451727043E-028                  0.0000000000000000E+000                  0.0000000000000000E+000                  1.1639911510511995E+001                  9.2746464799621570E+008                 -3.6016842326185608E-007                  0.0000000000000000E+000                 -9.8999999999999986E+001                  8.1886628153324870E-002                  3.2044725551315595E-001                  4.7096225334514658E-001 
                                      75                  2.9999999993586015E+000                  6.4544919329972339E-001                  4.2293803437622097E+000                 -8.6384508440309489E+000                  3.7036065006196077E+000                  6.9999999999773066E-001                  2.8000000000226954E-001                  1.9999999999999796E-002                  0.0000000000000000E+000                  9.8437276623198652E+008                  1.6630665909920253E+006                  3.3714518437256542E-028                  0.0000000000000000E+000                  0.0000000000000000E+000                  1.1584349744180853E+001                  9.3367018283578575E+008                 -3.4952671940084626E-007                  0.0000000000000000E+000                 -9.8999999999999986E+001                  8.3631084632811423E-002                  3.2219171199264257E-001                  4.7270670982463320E-001 
                                      76                  2.9999999993211017E+000                  6.4541064486919342E-001                  4.2341479700296700E+000                 -8.6217793586991966E+000                  3.7257421658918308E+000                  6.9999999999773066E-001                  2.8000000000226954E-001                  1.9999999999999796E-002                  0.0000000000000000E+000                  9.6765848457779348E+008                  1.6766452597012292E+006                  3.5033959694834143E-028                  0.0000000000000000E+000                  0.0000000000000000E+000                  1.1521796969574446E+001                  9.4570431337851679E+008                 -3.2163189282295332E-007                  0.0000000000000000E+000                 -9.8999999999999986E+001                  8.7181483217274203E-002                  3.2574211057710528E-001                  4.7625710840909596E-001 
                                      77                  2.9999999992836015E+000                  6.4537353847979451E-001                  4.2375621749247081E+000                 -8.6097783395063896E+000                  3.7416389331482582E+000                  6.9999999999773066E-001                  2.8000000000226954E-001                  1.9999999999999796E-002                  0.0000000000000000E+000                  9.5244982084871387E+008                  1.6869751976220580E+006                  3.6015613403698636E-028                  0.0000000000000000E+000                  0.0000000000000000E+000                  1.1482604339447422E+001                  9.5714347799339473E+008                 -2.8838122397096523E-007                  0.0000000000000000E+000                 -9.8999999999999986E+001                  9.0760933689027823E-002                  3.2932156104885890E-001                  4.7983655888084958E-001 
                                      78                  2.9999999992648512E+000                  6.4535548751497174E-001                  4.2408908533069090E+000                 -8.5982315786275709E+000                  3.7569768143688571E+000                  6.9999999999773066E-001                  2.8000000000226954E-001                  1.9999999999999796E-002                  0.0000000000000000E+000                  9.3528633696924186E+008                  1.6975513930192101E+006                  3.6986065410372743E-028                  0.0000000000000000E+000                  0.0000000000000000E+000                  1.1444372073461130E+001                  9.6272397623540032E+008                 -2.6934514888652961E-007                  0.0000000000000000E+000                 -9.8999999999999986E+001                  9.2572966839738619E-002                  3.3113359419956973E-001                  4.8164859203156035E-001 
                                      79                  2.9999999992273514E+000                  6.4532032633249259E-001                  4.2446152052653670E+000                 -8.5852063335264024E+000                  3.7742176183524601E+000                  6.9999999999773066E-001                  2.8000000000226954E-001                  1.9999999999999796E-002                  0.0000000000000000E+000                  9.1364285906290257E+008                  1.7099226797651511E+006                  3.8112199688054545E-028                  0.0000000000000000E+000                  0.0000000000000000E+000                  1.1408874573894904E+001                  9.7359299276122773E+008                 -2.2789089727986742E-007                  0.0000000000000000E+000                 -9.8999999999999986E+001                  9.6220557693224629E-002                  3.3478118505305571E-001                  4.8529618288504633E-001 
                                      80                  2.9999999991992268E+000                  6.4529472924055686E-001                  4.2477075919306548E+000                 -8.5744362708389303E+000                  3.7884728447580041E+000                  6.9999999999773066E-001                  2.8000000000226954E-001                  1.9999999999999796E-002                  0.0000000000000000E+000                  8.9408419153725159E+008                  1.7206269162814794E+006                  3.9069208391179672E-028                  0.0000000000000000E+000                  0.0000000000000000E+000                  1.1382500202777642E+001                  9.8144217506110060E+008                 -1.9540400387836698E-007                  0.0000000000000000E+000                 -9.8999999999999986E+001                  9.8952103589662208E-002                  3.3751273094949330E-001                  4.8802772878148398E-001 
                                      81                  2.9999999991711017E+000                  6.4526975476236681E-001                  4.2507087221851325E+000                 -8.5639982299324444E+000                  3.8022781171184823E+000                  6.9999999999773066E-001                  2.8000000000226954E-001                  1.9999999999999796E-002                  0.0000000000000000E+000                  8.7404553066974831E+008                  1.7313724520196998E+006                  4.0019639886710151E-028                  0.0000000000000000E+000                  0.0000000000000000E+000                  1.1360522148917434E+001                  9.8909807883641255E+008                 -1.6178061325454111E-007                  0.0000000000000000E+000                 -9.8999999999999986E+001                  1.0168408325931363E-001                  3.4024471061914469E-001                  4.9075970845113537E-001 
                                      82                  2.9999999991429771E+000                  6.4524536921984244E-001                  4.2536247202275446E+000                 -8.5538722328683203E+000                  3.8156609959987495E+000                  6.9999999999773066E-001                  2.8000000000226954E-001                  1.9999999999999796E-002                  0.0000000000000000E+000                  8.5385871407106829E+008                  1.7421391649203361E+006                  4.0963748160055521E-028                  0.0000000000000000E+000                  0.0000000000000000E+000                  1.1342663077876111E+001                  9.9655480065287030E+008                 -1.2768618943937602E-007                  0.0000000000000000E+000                 -9.8999999999999986E+001                  1.0440651691564722E-001                  3.4296714427547831E-001                  4.9348214210746899E-001 
                                      83                  2.9999999991148525E+000                  6.4522154170522239E-001                  4.2578721918144042E+000                 -8.5392580653519854E+000                  3.8349966194516583E+000                  6.9999999999773066E-001                  2.8000000000226954E-001                  1.9999999999999796E-002                  0.0000000000000000E+000                  8.2374015580458701E+008                  1.7583960329414748E+006                  4.2365721557806302E-028                  0.0000000000000000E+000                  0.0000000000000000E+000                  1.1319877101358369E+001                  1.0038643443523740E+009                 -9.3072513943835852E-008                  0.0000000000000000E+000                 -9.8999999999999986E+001                  1.0712321299369718E-001                  3.4568384035352828E-001                  4.9619883818551891E-001 
                                      84                  2.9999999990586019E+000                  6.4517545247585317E-001                  4.2623620635307047E+000                 -8.5236729728926974E+000                  3.8555254050787959E+000                  6.9999999999773066E-001                  2.8000000000226954E-001                  1.9999999999999796E-002                  0.0000000000000000E+000                  7.9184023109727609E+008                  1.7762322393016682E+006                  4.3913749139856503E-028                  0.0000000000000000E+000                  0.0000000000000000E+000                  1.1306520714618358E+001                  1.0178986713179322E+009                 -2.4552773318072557E-008                  0.0000000000000000E+000                 -9.8999999999999986E+001                  1.1248950544629367E-001                  3.5105013280612479E-001                  5.0156513063811536E-001 
                                      85                  2.9999999990211021E+000                  6.4514580165600011E-001                  4.2658335784814314E+000                 -8.5117148907888911E+000                  3.8712814086219307E+000                  6.9999999999773066E-001                  2.8000000000226954E-001                  1.9999999999999796E-002                  0.0000000000000000E+000                  7.6750563696315312E+008                  1.7904742972729295E+006                  4.5139758917793595E-028                  0.0000000000000000E+000                  0.0000000000000000E+000                  1.1298733789015337E+001                  1.0268401883455013E+009                  2.0029943299972460E-008                  0.0000000000000000E+000                 -3.8491601400447726E+000                  1.1600470648634197E-001                  3.5456533384617311E-001                  5.0508033167816369E-001 
                                      86                  2.9999999989836024E+000                  6.4511695029018001E-001                  4.2691965452040010E+000                 -8.5001641015273357E+000                  3.8864897182461879E+000                  6.9999999999770712E-001                  2.8000000000229308E-001                  1.9999999999999796E-002                  0.0000000000000000E+000                  7.4436619805884051E+008                  1.8045892775484410E+006                  4.6356500988492042E-028                  0.0000000000000000E+000                  0.0000000000000000E+000                  1.1293843516392714E+001                  1.0355492320663035E+009                  6.3950452891380666E-008                  5.0751822740359704E-018                 -3.5970781877699030E+000                  1.1947275497831776E-001                  3.5803338233814885E-001                  5.0854838017013948E-001 
                                      87                  2.9999999989461026E+000                  6.4508885063343346E-001                  4.2724582170030825E+000                 -8.4889944177368495E+000                  3.9011871662103070E+000                  6.9999999999769968E-001                  2.8000000000230046E-001                  1.9999999999999796E-002                  0.0000000000000000E+000                  7.2247301825107098E+008                  1.8185389447876958E+006                  4.7564281655200915E-028                  0.0000000000000000E+000                  0.0000000000000000E+000                  1.1291135967373139E+001                  1.0440115158979609E+009                  1.0662474466401941E-007                  1.6019788786000285E-018                 -3.4860709979175568E+000                  1.2287798378645932E-001                  3.6143861114629039E-001                  5.1195360897828102E-001 
                                      88                  2.9999999989086024E+000                  6.4506145921214086E-001                  4.2756250102439344E+000                 -8.4781818657063361E+000                  3.9154069890797185E+000                  6.9999999999769702E-001                  2.8000000000230324E-001                  1.9999999999999796E-002                  0.0000000000000000E+000                  7.0187893877716386E+008                  1.8322933511571609E+006                  4.8763412781488505E-028                  0.0000000000000000E+000                  0.0000000000000000E+000                  1.1290007513304666E+001                  1.0522436372861181E+009                  1.4783419997358412E-007                  8.2102924555826829E-019                 -3.4151125423019715E+000                  1.2621355496536182E-001                  3.6477418232519287E-001                  5.1528918015718350E-001 
                                      89                  2.9999999988711021E+000                  6.4503473633671937E-001                  4.2787026380910032E+000                 -8.4677044684984892E+000                  3.9291792810948589E+000                  6.9999999999769513E-001                  2.8000000000230513E-001                  1.9999999999999796E-002                  0.0000000000000000E+000                  6.8263640922670567E+008                  1.8458292873042715E+006                  4.9954207921528863E-028                  0.0000000000000000E+000                  0.0000000000000000E+000                  1.1289982231972957E+001                  1.0602600401375203E+009                  1.8742902546389002E-007                  4.2046276701608528E-019                 -3.3635815764607973E+000                  1.2947459980037984E-001                  3.6803522716021092E-001                  5.1855022499220149E-001 
                                      90                  2.9999999988336019E+000                  6.4500864568003358E-001                  4.2831850335814901E+000                 -8.4526024556987398E+000                  3.9490565787250018E+000                  6.9999999999769280E-001                  2.8000000000230740E-001                  1.9999999999999796E-002                  0.0000000000000000E+000                  6.5624481312795711E+008                  1.8658071421447215E+006                  5.1721956993384824E-028                  0.0000000000000000E+000                  0.0000000000000000E+000                  1.1288895258934232E+001                  1.0681185202917856E+009                  2.2545504494779514E-007                  2.8908187709817703E-019                 -3.3234700210780725E+000                  1.3266001799249669E-001                  3.7122064535232779E-001                  5.2173564318431831E-001 
                                      91                  2.9999999987586023E+000                  6.4495823439776701E-001                  4.2885094911188135E+000                 -8.4345841969613033E+000                  3.9726990777662570E+000                  6.9999999999769025E-001                  2.8000000000230996E-001                  1.9999999999999796E-002                  0.0000000000000000E+000                  6.2753679549747145E+008                  1.8897423448473534E+006                  5.3913093489202336E-028                  0.0000000000000000E+000                  0.0000000000000000E+000                  1.1292720616783358E+001                  1.0832426241030340E+009                  2.9606195561524436E-007                  4.7898835349474885E-019                 -3.2643086982437182E+000                  1.3878287155009156E-001                  3.7734349890992264E-001                  5.2785849674191332E-001 
                                      92                  2.9999999986929775E+000                  6.4491590358058670E-001                  4.2919103329683397E+000                 -8.4230716290022603E+000                  3.9877804655199598E+000                  6.9999999999768880E-001                  2.8000000000231146E-001                  1.9999999999999796E-002                  0.0000000000000000E+000                  6.1064875168719769E+008                  1.9050744491726034E+006                  5.5361455390128185E-028                  0.0000000000000000E+000                  0.0000000000000000E+000                  1.1296636658662377E+001                  1.0957706985932729E+009                  3.5162480867363402E-007                  0.0000000000000000E+000                 -3.2269602455676654E+000                  1.4385934192050018E-001                  3.8241996928033128E-001                  5.3293496711232191E-001 
                                      93                  2.9999999986648529E+000                  6.4489823273617908E-001                  4.2949074202075490E+000                 -8.4130673100454771E+000                  4.0009220659158631E+000                  6.9999999999768747E-001                  2.8000000000231273E-001                  1.9999999999999796E-002                  0.0000000000000000E+000                  5.9667573722974479E+008                  1.9186010036073348E+006                  5.6651630623577502E-028                  0.0000000000000000E+000                  0.0000000000000000E+000                  1.1297391196454312E+001                  1.1010235394106832E+009                  3.7385572472856151E-007                  4.2350872943484447E-019                 -3.2136479823796025E+000                  1.4595350148028458E-001                  3.8451412884011571E-001                  5.3502912667210634E-001 
                                      94                  2.9999999986086028E+000                  6.4486368963697804E-001                  4.2994075485343606E+000                 -8.3980663174828969E+000                  4.0206116143871835E+000                  6.9999999999768558E-001                  2.8000000000231456E-001                  1.9999999999999796E-002                  0.0000000000000000E+000                  5.7730259370750368E+008                  1.9388056362514137E+006                  5.8642748353314574E-028                  0.0000000000000000E+000                  0.0000000000000000E+000                  1.1298754392012198E+001                  1.1113625139030020E+009                  4.1547601956924428E-007                  5.5990420367733966E-019                 -3.1907270188753127E+000                  1.4998977397686489E-001                  3.8855040133669594E-001                  5.3906539916868657E-001 
                                      95                  2.9999999985336028E+000                  6.4481918373401703E-001                  4.3043240510551231E+000                 -8.3816911064004707E+000                  4.0420809814739540E+000                  6.9999999999768381E-001                  2.8000000000231645E-001                  1.9999999999999796E-002                  0.0000000000000000E+000                  5.5832226193039799E+008                  1.9606201555925300E+006                  6.0896248171080971E-028                  0.0000000000000000E+000                  0.0000000000000000E+000                  1.1300478799983335E+001                  1.1246113959994519E+009                  4.6483716616213673E-007                  2.5361176441637886E-019                 -3.1663495775573232E+000                  1.5506460661817029E-001                  3.9362523397800142E-001                  5.4414023180999194E-001 
                                      96                  2.9999999984586023E+000                  6.4477631176081973E-001                  4.3078585411330428E+000                 -8.3698963837499090E+000                  4.0575199813082783E+000                  6.9999999999768248E-001                  2.8000000000231767E-001                  1.9999999999999796E-002                  0.0000000000000000E+000                  5.4600852377643204E+008                  1.9760853292057922E+006                  6.2572858937508210E-028                  0.0000000000000000E+000                  0.0000000000000000E+000                  1.1302876615768362E+001                  1.1372687602678783E+009                  5.0770477589671501E-007                  3.4857819857775512E-019                 -3.1471943756191134E+000                  1.5980807419535548E-001                  3.9836870155518667E-001                  5.4888369938717718E-001 
                                      97                  2.9999999984211025E+000                  6.4475544551291419E-001                  4.3107364080135886E+000                 -8.3603965190738805E+000                  4.0699817296551339E+000                  6.9999999999768148E-001                  2.8000000000231867E-001                  1.9999999999999796E-002                  0.0000000000000000E+000                  5.3675142703329742E+008                  1.9885497283537963E+006                  6.3956761606859872E-028                  0.0000000000000000E+000                  0.0000000000000000E+000                  1.1303006553634612E+001                  1.1434407118528028E+009                  5.2689171814272972E-007                  0.0000000000000000E+000                 -3.1391393138785135E+000                  1.6205774066879028E-001                  4.0061836802862144E-001                  5.5113336586061201E-001 
                                      98                  2.9999999983648524E+000                  6.4472481791073311E-001                  4.3140866604558292E+000                 -8.3493332987770845E+000                  4.0844826682949389E+000                  6.9999999999768037E-001                  2.8000000000231978E-001                  1.9999999999999796E-002                  0.0000000000000000E+000                  5.2679069704753596E+008                  2.0028677392189498E+006                  6.5607032726824468E-028                  0.0000000000000000E+000                  0.0000000000000000E+000                  1.1304192522410453E+001                  1.1525390786856191E+009                  5.5308444767044263E-007                  0.0000000000000000E+000                 -3.1286042767009343E+000                  1.6528546612896308E-001                  4.0384609348879419E-001                  5.5436109132078482E-001 
                                      99                  2.9999999983086028E+000                  6.4469495442392055E-001                  4.3178773265447372E+000                 -8.3368814784491203E+000                  4.1008147089455704E+000                  6.9999999999767915E-001                  2.8000000000232106E-001                  1.9999999999999796E-002                  0.0000000000000000E+000                  5.1651344299840665E+008                  2.0188015618370967E+006                  6.7515428198776291E-028                  0.0000000000000000E+000                  0.0000000000000000E+000                  1.1305485720090559E+001                  1.1614058608422153E+009                  5.7633161233978070E-007                  0.0000000000000000E+000                 -3.1196637791489419E+000                  1.6834865225103265E-001                  4.0690927961086382E-001                  5.5742427744285439E-001 
                                     100                  2.9999999982336023E+000                  6.4465625270295390E-001                  4.3220481249912783E+000                 -8.3231887706281977E+000                  4.1187637538941608E+000                  6.9999999999767781E-001                  2.8000000000232245E-001                  1.9999999999999796E-002                  0.0000000000000000E+000                  5.0632823305716360E+008                  2.0359446584541879E+006                  6.9678154367205795E-028                  0.0000000000000000E+000                  0.0000000000000000E+000                  1.1308968914825563E+001                  1.1728952940011735E+009                  6.0308653328657788E-007                  0.0000000000000000E+000                 -3.1098101845330741E+000                  1.7219055538989803E-001                  4.1075118274972916E-001                  5.6126618058171973E-001 
                                     101                  2.9999999981586023E+000                  6.4461874228632632E-001                  4.3260674348529626E+000                 -8.3100380072090037E+000                  4.1360061669023738E+000                  6.9999999999767648E-001                  2.8000000000232367E-001                  1.9999999999999796E-002                  0.0000000000000000E+000                  4.9753991224111140E+008                  2.0520671847820210E+006                  7.1820476811191464E-028                  0.0000000000000000E+000                  0.0000000000000000E+000                  1.1313884891691933E+001                  1.1840096627447238E+009                  6.2542712110341425E-007                  2.9951243206219262E-019                 -3.1019116449410347E+000                  1.7577653347375924E-001                  4.1433716083359029E-001                  5.6485215866558092E-001 
                                     102                  2.9999999980836027E+000                  6.4458234139722792E-001                  4.3294635412789226E+000                 -8.2989372954937703E+000                  4.1505561903776638E+000                  6.9999999999767548E-001                  2.8000000000232478E-001                  1.9999999999999796E-002                  0.0000000000000000E+000                  4.9083659074008638E+008                  2.0653882495915836E+006                  7.3680022662259337E-028                  0.0000000000000000E+000                  0.0000000000000000E+000                  1.1320072949675112E+001                  1.1947812734522533E+009                  6.4390476630683548E-007                  0.0000000000000000E+000                 -3.0955891800823765E+000                  1.7913037254300296E-001                  4.1769099990283404E-001                  5.6820599773482461E-001 
                                     103                  2.9999999980273526E+000                  6.4455572390896310E-001                  4.3322989959458651E+000                 -8.2897158436033074E+000                  4.1626539720099949E+000                  6.9999999999767459E-001                  2.8000000000232567E-001                  1.9999999999999796E-002                  0.0000000000000000E+000                  4.8571231376102477E+008                  2.0763088198303180E+006                  7.5261321059849410E-028                  0.0000000000000000E+000                  0.0000000000000000E+000                  1.1325923808158265E+001                  1.2026641647098079E+009                  6.5552468920987454E-007                  0.0000000000000000E+000                 -3.0917054733556069E+000                  1.8150573724517496E-001                  4.2006636460500607E-001                  5.7058136243699675E-001 
                                     104                  2.9999999979711025E+000                  6.4452966089479191E-001                  4.3350644702735357E+000                 -8.2807450393769084E+000                  4.1744266564899490E+000                  6.9999999999767371E-001                  2.8000000000232655E-001                  1.9999999999999796E-002                  0.0000000000000000E+000                  4.8109716975204718E+008                  2.0867814602821905E+006                  7.6832199353649019E-028                  0.0000000000000000E+000                  0.0000000000000000E+000                  1.1332807718523021E+001                  1.2104042184343886E+009                  6.6543107900819472E-007                  4.2894332564485732E-019                 -3.0884484596186614E+000                  1.8376929858728888E-001                  4.2232992594711999E-001                  5.7284492377911067E-001 
                                     105                  2.9999999979148528E+000                  6.4450412616699504E-001                  4.3377636214686746E+000                 -8.2720121686972146E+000                  4.1858912768462275E+000                  6.9999999999767282E-001                  2.8000000000232733E-001                  1.9999999999999796E-002                  0.0000000000000000E+000                  4.7693071233366823E+008                  2.0968334387309146E+006                  7.8392903374787122E-028                  0.0000000000000000E+000                  0.0000000000000000E+000                  1.1340764026671192E+001                  1.2179944971814408E+009                  6.7379855162460331E-007                  4.3769567891284034E-019                 -3.0857349634495761E+000                  1.8593070525658811E-001                  4.2449133261641919E-001                  5.7500633044840987E-001 
                                     106                  2.9999999978586027E+000                  6.4447909539696513E-001                  4.3417118379507915E+000                 -8.2593539925456696E+000                  4.2025437415995945E+000                  6.9999999999767160E-001                  2.8000000000232861E-001                  1.9999999999999796E-002                  0.0000000000000000E+000                  4.7139449583395052E+008                  2.1112454773833472E+006                  8.0711575654328606E-028                  0.0000000000000000E+000                  0.0000000000000000E+000                  1.1353073495646333E+001                  1.2254816415426533E+009                  6.8072384580925983E-007                  2.9949396869268171E-019                 -3.0835145178797276E+000                  1.8799182978392956E-001                  4.2655245714376067E-001                  5.7706745497575129E-001 
                                     107                  2.9999999977461025E+000                  6.4443045954497913E-001                  4.3467506202869224E+000                 -8.2431775973426227E+000                  4.2238073513164256E+000                  6.9999999999766993E-001                  2.8000000000233027E-001                  1.9999999999999796E-002                  0.0000000000000000E+000                  4.6516967963358611E+008                  2.1291204853387820E+006                  8.3774798231286296E-028                  0.0000000000000000E+000                  0.0000000000000000E+000                  1.1375897002638315E+001                  1.2400542798560808E+009                  6.9092145142717123E-007                  4.6358175902594448E-019                 -3.0802856616607852E+000                  1.9185601069154912E-001                  4.3041663805138025E-001                  5.8093163588337082E-001 
                                     108                  2.9999999976336027E+000                  6.4438358647525751E-001                  4.3507775812965201E+000                 -8.2302725705135558E+000                  4.2407720002163369E+000                  6.9999999999766860E-001                  2.8000000000233161E-001                  1.9999999999999796E-002                  0.0000000000000000E+000                  4.6080934182436967E+008                  2.1430293382608681E+006                  8.6301703075610770E-028                  0.0000000000000000E+000                  0.0000000000000000E+000                  1.1399482052605462E+001                  1.2540212753648803E+009                  6.9705717135419205E-007                  2.8726340844160303E-019                 -3.0783658002010683E+000                  1.9542871368303133E-001                  4.3398934104286246E-001                  5.8450433887485309E-001 
                                     109                  2.9999999975586027E+000                  6.4435324456397869E-001                  4.3539096365022232E+000                 -8.2203154811879902E+000                  4.2538857872056530E+000                  6.9999999999766749E-001                  2.8000000000233266E-001                  1.9999999999999796E-002                  0.0000000000000000E+000                  4.5776650325619560E+008                  2.1536436355604441E+006                  8.8303353522822480E-028                  0.0000000000000000E+000                  0.0000000000000000E+000                  1.1419724854020041E+001                  1.2630891146504538E+009                  6.9922635176374885E-007                  0.0000000000000000E+000                 -3.0776911063982619E+000                  1.9766218603025668E-001                  4.3622281339008778E-001                  5.8673781122207835E-001 
                                     110                  2.9999999974836022E+000                  6.4432358424289260E-001                  4.3574349022384533E+000                 -8.2091785206371100E+000                  4.2685748100209739E+000                  6.9999999999766627E-001                  2.8000000000233388E-001                  1.9999999999999796E-002                  0.0000000000000000E+000                  4.5466796679223567E+008                  2.1653919145525056E+006                  9.0597246302220623E-028                  0.0000000000000000E+000                  0.0000000000000000E+000                  1.1444628223790723E+001                  1.2720203498585565E+009                  7.0011961135322213E-007                  3.2706278163009137E-019                 -3.0774138784835556E+000                  1.9978665622339381E-001                  4.3834728358322494E-001                  5.8886228141521557E-001 
                                     111                  2.9999999973851650E+000                  6.4428563181023224E-001                  4.3613074811958725E+000                 -8.1969791089308384E+000                  4.2846736355247419E+000                  6.9999999999766493E-001                  2.8000000000233527E-001                  1.9999999999999796E-002                  0.0000000000000000E+000                  4.5160860487525386E+008                  2.1780688129902128E+006                  9.3178419901623046E-028                  0.0000000000000000E+000                  0.0000000000000000E+000                  1.1475495828570372E+001                  1.2834817036035833E+009                  6.9976630956029676E-007                  0.0000000000000000E+000                 -3.0775234852879954E+000                  2.0243339772951335E-001                  4.4099402508934449E-001                  5.9150902292133511E-001 
                                     112                  2.9999999972867268E+000                  6.4424872109154296E-001                  4.3658574273504085E+000                 -8.1827758404235613E+000                  4.3034586617557213E+000                  6.9999999999766338E-001                  2.8000000000233694E-001                  1.9999999999999685E-002                  0.0000000000000000E+000                  4.4843249434728289E+008                  2.1926962042667614E+006                  9.6276371048531718E-028                  0.0000000000000000E+000                  0.0000000000000000E+000                  1.1513930910097676E+001                  1.2946807828777413E+009                  6.9803837538964744E-007                  0.0000000000000000E+000                 -3.0780603504636090E+000                  2.0493530458554932E-001                  4.4349593194538039E-001                  5.9401092977737113E-001 
                                     113                  2.9999999971461024E+000                  6.4419767257446092E-001                  4.3701355447194254E+000                 -8.1694110434211673E+000                  4.3211268942111323E+000                  6.9999999999766171E-001                  2.8000000000233838E-001                  1.9999999999999907E-002                  0.0000000000000000E+000                  4.4578945560214722E+008                  2.2062062017866909E+006                  9.9285439481227315E-028                  0.0000000000000000E+000                  0.0000000000000000E+000                  1.1555083900842101E+001                  1.3101840158546610E+009                  6.9381234793693081E-007                  0.0000000000000000E+000                 -3.0793789875935116E+000                  2.0829646560812654E-001                  4.4685709296795761E-001                  5.9737209079994824E-001 
                                     114                  2.9999999970523525E+000                  6.4416466199373190E-001                  4.3742876652792422E+000                 -8.1566080441100421E+000                  4.3381094109668430E+000                  6.9999999999766027E-001                  2.8000000000233988E-001                  1.9999999999999796E-002                  0.0000000000000000E+000                  4.4353385838023132E+008                  2.2191435409054332E+006                  1.0225618509893969E-027                  0.0000000000000000E+000                  0.0000000000000000E+000                  1.1594790089711354E+001                  1.3202531288575656E+009                  6.9014741393113645E-007                  5.4522750097343977E-019                 -3.0805290675161658E+000                  2.1041206496411202E-001                  4.4897269232394310E-001                  5.9948769015593373E-001 
                                     115                  2.9999999969117273E+000                  6.4411657107482512E-001                  4.3786804251818241E+000                 -8.1430746994264922E+000                  4.3560615629523696E+000                  6.9999999999765883E-001                  2.8000000000234138E-001                  1.9999999999999796E-002                  0.0000000000000000E+000                  4.4140146402212447E+008                  2.2326639719555480E+006                  1.0549309413947582E-027                  0.0000000000000000E+000                  0.0000000000000000E+000                  1.1640164186026063E+001                  1.3350087817508163E+009                  6.8386510342810196E-007                  2.5506853160083428E-019                 -3.0825147785365292E+000                  2.1342282822710393E-001                  4.5198345558693498E-001                  6.0249845341892572E-001 
                                     116                  2.9999999967945397E+000                  6.4407771321219087E-001                  4.3833137112190910E+000                 -8.1289582964152807E+000                  4.3748413905987489E+000                  6.9999999999765727E-001                  2.8000000000234293E-001                  1.9999999999999796E-002                  0.0000000000000000E+000                  4.3941128101829678E+008                  2.2467936805089130E+006                  1.0897869391636739E-027                  0.0000000000000000E+000                  0.0000000000000000E+000                  1.1687415904319957E+001                  1.3469809872905865E+009                  6.7818405352829804E-007                  0.0000000000000000E+000                 -3.0843262131076936E+000                  2.1580247409455183E-001                  4.5436310145438286E-001                  6.0487809928637348E-001 
                                     117                  2.9999999966304776E+000                  6.4402503538615086E-001                  4.3873888869021984E+000                 -8.1165193681918542E+000                  4.3913786226772356E+000                  6.9999999999765583E-001                  2.8000000000234432E-001                  1.9999999999999796E-002                  0.0000000000000000E+000                  4.3782196501689541E+008                  2.2591193181265281E+006                  1.1214542713896793E-027                  0.0000000000000000E+000                  0.0000000000000000E+000                  1.1731735572926343E+001                  1.3632417662544856E+009                  6.6991444099146382E-007                  5.4243364131401085E-019                 -3.0869903301257153E+000                  2.1896477213648394E-001                  4.5752539949631510E-001                  6.0804039732830562E-001 
                                     118                  2.9999999965367277E+000                  6.4399577542297659E-001                  4.3895580714459967E+000                 -8.1099373379576036E+000                  4.4001427087810381E+000                  6.9999999999765505E-001                  2.8000000000234504E-001                  1.9999999999999907E-002                  0.0000000000000000E+000                  4.3704136205092835E+008                  2.2656501110851085E+006                  1.1385815900677169E-027                  0.0000000000000000E+000                  0.0000000000000000E+000                  1.1754966717903395E+001                  1.3722600207216134E+009                  6.6508873574545263E-007                  0.0000000000000000E+000                 -3.0885602037592279E+000                  2.2069270359827628E-001                  4.5925333095810739E-001                  6.0976832879009801E-001 
                                     119                  2.9999999964898527E+000                  6.4398136332327149E-001                  4.3916982246501934E+000                 -8.1034998671255423E+000                  4.4087345571451824E+000                  6.9999999999765439E-001                  2.8000000000234587E-001                  1.9999999999999796E-002                  0.0000000000000000E+000                  4.3631875173318064E+008                  2.2720780540897860E+006                  1.1555857499445541E-027                  0.0000000000000000E+000                  0.0000000000000000E+000                  1.1776769759662518E+001                  1.3767428529550793E+009                  6.6273194408987185E-007                  5.1694315833813811E-019                 -3.0893310478207869E+000                  2.2153512701638045E-001                  4.6009575437621159E-001                  6.1061075220820216E-001 
                                     120                  2.9999999963961024E+000                  6.4395295902876970E-001                  4.3958765310176640E+000                 -8.0910131197812021E+000                  4.4254288297152256E+000                  6.9999999999765294E-001                  2.8000000000234726E-001                  1.9999999999999796E-002                  0.0000000000000000E+000                  4.3501804419525206E+008                  2.2845858476770585E+006                  1.1892961217619688E-027                  0.0000000000000000E+000                  0.0000000000000000E+000                  1.1817829031485070E+001                  1.3856644076040287E+009                  6.5818089570890405E-007                  0.0000000000000000E+000                 -3.0908273638228696E+000                  2.2317961429912597E-001                  4.6174024165895705E-001                  6.1225523949094773E-001 
                                     121                  2.9999999962086030E+000                  6.4389774458755300E-001                  4.4005471693674174E+000                 -8.0770042364425212E+000                  4.4441368217199075E+000                  6.9999999999765128E-001                  2.8000000000234893E-001                  1.9999999999999796E-002                  0.0000000000000000E+000                  4.3367801518087369E+008                  2.2985089989163238E+006                  1.2282877301207957E-027                  0.0000000000000000E+000                  0.0000000000000000E+000                  1.1865244420894403E+001                  1.4029735772167752E+009                  6.4929424510105077E-007                  2.3306323630922122E-019                 -3.0937792231993324E+000                  2.2633266985391717E-001                  4.6489329721374822E-001                  6.1540829504573880E-001 
                                     122                  2.9999999960679777E+000                  6.4385763501362125E-001                  4.4044191304419309E+000                 -8.0654777811501450E+000                  4.4595604227506502E+000                  6.9999999999764995E-001                  2.8000000000235026E-001                  1.9999999999999796E-002                  0.0000000000000000E+000                  4.3266847287530726E+008                  2.3100289692852441E+006                  1.2613267135557938E-027                  0.0000000000000000E+000                  0.0000000000000000E+000                  1.1902148512525137E+001                  1.4155289367875171E+009                  6.4289461241758572E-007                  2.8021740443395397E-019                 -3.0959301068479190E+000                  2.2858866528613672E-001                  4.6714929264596777E-001                  6.1766429047795834E-001 
                                     123                  2.9999999959273529E+000                  6.4381856528789849E-001                  4.4087920668278189E+000                 -8.0525464935916666E+000                  4.4768946283455815E+000                  6.9999999999764850E-001                  2.8000000000235165E-001                  1.9999999999999796E-002                  0.0000000000000000E+000                  4.3163344104661983E+008                  2.3230153516308051E+006                  1.2994514180201940E-027                  0.0000000000000000E+000                  0.0000000000000000E+000                  1.1941930357085361E+001                  1.4278532851550710E+009                  6.3690181161077979E-007                  0.0000000000000000E+000                 -3.0979637579002008E+000                  2.3075708176361029E-001                  4.6931770912344140E-001                  6.1983270695543202E-001 
                                     124                  2.9999999957398531E+000                  6.4376798488484166E-001                  4.4123979031025957E+000                 -8.0418412828420163E+000                  4.4912275598321951E+000                  6.9999999999764739E-001                  2.8000000000235292E-001                  1.9999999999999685E-002                  0.0000000000000000E+000                  4.3083896770009446E+008                  2.3336959329577987E+006                  1.3318834937640004E-027                  0.0000000000000000E+000                  0.0000000000000000E+000                  1.1976632365906211E+001                  1.4437843200913236E+009                  6.2912197086400538E-007                  0.0000000000000000E+000                 -3.1006325738290643E+000                  2.3352636228345164E-001                  4.7208698964328272E-001                  6.2260198747527340E-001 
                                     125                  2.9999999956461032E+000                  6.4374330404278057E-001                  4.4159233023738205E+000                 -8.0315141522176425E+000                  4.5051056425661837E+000                  6.9999999999764617E-001                  2.8000000000235403E-001                  1.9999999999999796E-002                  0.0000000000000000E+000                  4.3015033327986598E+008                  2.3441249929152317E+006                  1.3639370375592099E-027                  0.0000000000000000E+000                  0.0000000000000000E+000                  1.2008109328535305E+001                  1.4515928392450361E+009                  6.2533058195410484E-007                  3.0382014693439955E-019                 -3.1019451657579071E+000                  2.3486054996481731E-001                  4.7342117732464845E-001                  6.2393617515663902E-001 
                                     126                  2.9999999954586030E+000                  6.4369509015213011E-001                  4.4204523031822305E+000                 -8.0182259561447360E+000                  4.5229534969017289E+000                  6.9999999999764462E-001                  2.8000000000235559E-001                  1.9999999999999796E-002                  0.0000000000000000E+000                  4.2934278161440921E+008                  2.3574893950653472E+006                  1.4063187433103900E-027                  0.0000000000000000E+000                  0.0000000000000000E+000                  1.2051465749616270E+001                  1.4669465350993915E+009                  6.1791534397885521E-007                  2.3383226547058917E-019                 -3.1045355101588465E+000                  2.3743504704572219E-001                  4.7599567440555329E-001                  6.2651067223754386E-001 
                                     127                  2.9999999952711027E+000                  6.4364831378731480E-001                  4.4248171890439645E+000                 -8.0054704709914102E+000                  4.5401039774149430E+000                  6.9999999999764317E-001                  2.8000000000235703E-001                  1.9999999999999796E-002                  0.0000000000000000E+000                  4.2866037400876391E+008                  2.3703377061766479E+006                  1.4482397534703440E-027                  0.0000000000000000E+000                  0.0000000000000000E+000                  1.2095230219482303E+001                  1.4818185554054871E+009                  6.1041268915649652E-007                  2.4094671380995081E-019                 -3.1071882234592820E+000                  2.3989640248450525E-001                  4.7845702984433636E-001                  6.2897202767632698E-001 
                                     128                  2.9999999950836034E+000                  6.4360287682353712E-001                  4.4279809021822825E+000                 -7.9962173066176341E+000                  4.5525416354619832E+000                  6.9999999999764217E-001                  2.8000000000235803E-001                  1.9999999999999796E-002                  0.0000000000000000E+000                  4.2821713742641687E+008                  2.3796253661437533E+006                  1.4794303400076272E-027                  0.0000000000000000E+000                  0.0000000000000000E+000                  1.2129693660261514E+001                  1.4962508808499398E+009                  6.0278468315527977E-007                  0.0000000000000000E+000                 -3.1099188958509454E+000                  2.4225345513137006E-001                  4.8081408249120122E-001                  6.3132908032319179E-001 
                                     129                  2.9999999949898530E+000                  6.4358063206649097E-001                  4.4300516732538249E+000                 -7.9902031054935074E+000                  4.5606414697400348E+000                  6.9999999999764162E-001                  2.8000000000235864E-001                  1.9999999999999796E-002                  0.0000000000000000E+000                  4.2796116479654670E+008                  2.3856944727310012E+006                  1.5000623365696539E-027                  0.0000000000000000E+000                  0.0000000000000000E+000                  1.2152514730061288E+001                  1.5033327511346831E+009                  5.9891807003426270E-007                  5.0299385795109396E-019                 -3.1113162917816726E+000                  2.4339455332794976E-001                  4.8195518068778087E-001                  6.3247017851977150E-001 
                                     130                  2.9999999948961031E+000                  6.4355868988787035E-001                  4.4331024224635138E+000                 -7.9814018021029938E+000                  4.5725171950856041E+000                  6.9999999999764062E-001                  2.8000000000235953E-001                  1.9999999999999796E-002                  0.0000000000000000E+000                  4.2763372452625746E+008                  2.3946193261231086E+006                  1.5307753974684271E-027                  0.0000000000000000E+000                  0.0000000000000000E+000                  1.2186866263676146E+001                  1.5103816983064926E+009                  5.9504428825090837E-007                  3.4150927588610587E-019                 -3.1127253545918756E+000                  2.4451048663681674E-001                  4.8307111399664787E-001                  6.3358611182863844E-001 
                                     131                  2.9999999947086029E+000                  6.4351567628007000E-001                  4.4370442123128706E+000                 -7.9700217880226161E+000                  4.5878686057254923E+000                  6.9999999999763951E-001                  2.8000000000236075E-001                  1.9999999999999796E-002                  0.0000000000000000E+000                  4.2727472067858213E+008                  2.4061122472972600E+006                  1.5714212328629763E-027                  0.0000000000000000E+000                  0.0000000000000000E+000                  1.2236113647219025E+001                  1.5242290167278111E+009                  5.8710240308512828E-007                  2.6185452717010074E-019                 -3.1156430709979550E+000                  2.4667487781653896E-001                  4.8523550517637004E-001                  6.3575050300836067E-001 
                                     132                  2.9999999945211027E+000                  6.4347376284577151E-001                  4.4418147040962603E+000                 -7.9563683839079342E+000                  4.6063318715360397E+000                  6.9999999999763807E-001                  2.8000000000236208E-001                  1.9999999999999796E-002                  0.0000000000000000E+000                  4.2696900384692287E+008                  2.4199636684366199E+006                  1.6216136655876541E-027                  0.0000000000000000E+000                  0.0000000000000000E+000                  1.2300754265032802E+001                  1.5377591720859747E+009                  5.7883976713423229E-007                  2.1585827626625131E-019                 -3.1187208199326113E+000                  2.4875414971725901E-001                  4.8731477707709014E-001                  6.3782977490908077E-001 
                                     133                  2.9999999942398530E+000                  6.4341281682015483E-001                  4.4463879151214662E+000                 -7.9432577755461358E+000                  4.6240518529811219E+000                  6.9999999999763707E-001                  2.8000000000236325E-001                  1.9999999999999685E-002                  0.0000000000000000E+000                  4.2678020714678085E+008                  2.4331663756469688E+006                  1.6713189761860068E-027                  0.0000000000000000E+000                  0.0000000000000000E+000                  1.2373182165456543E+001                  1.5574505237354529E+009                  5.6579830120443217E-007                  0.0000000000000000E+000                 -3.1236691804178176E+000                  2.5172847361982920E-001                  4.9028910097966033E-001                  6.4080409881165090E-001 
                                     134                  2.9999999940523527E+000                  6.4337338070759209E-001                  4.4499416736097386E+000                 -7.9331647191004899E+000                  4.6377299019582727E+000                  6.9999999999763618E-001                  2.8000000000236414E-001                  1.9999999999999685E-002                  0.0000000000000000E+000                  4.2673296688317972E+008                  2.4433733795764591E+006                  1.7106196097262221E-027                  0.0000000000000000E+000                  0.0000000000000000E+000                  1.2434548070052289E+001                  1.5702074611049583E+009                  5.5662354497683297E-007                  0.0000000000000000E+000                 -3.1272192135561032E+000                  2.5362151882835515E-001                  4.9218214618818623E-001                  6.4269714402017686E-001 
                                     135                  2.9999999938648529E+000                  6.4333484014888431E-001                  4.4542618625948798E+000                 -7.9210078244132571E+000                  4.6542488206551855E+000                  6.9999999999763507E-001                  2.8000000000236513E-001                  1.9999999999999796E-002                  0.0000000000000000E+000                  4.2679784629177499E+008                  2.4557115093439166E+006                  1.7591854184695989E-027                  0.0000000000000000E+000                  0.0000000000000000E+000                  1.2515873762934030E+001                  1.5828049843475425E+009                  5.4707770195172095E-007                  2.3456928963673486E-019                 -3.1309754930194837E+000                  2.5544444964575058E-001                  4.9400507700558166E-001                  6.4452007483757223E-001 
                                     136                  2.9999999935836024E+000                  6.4327860672463055E-001                  4.4584280131172385E+000                 -7.9092927418139949E+000                  4.6701704724950330E+000                  6.9999999999763418E-001                  2.8000000000236591E-001                  1.9999999999999907E-002                  0.0000000000000000E+000                  4.2696679460241133E+008                  2.4675234919522321E+006                  1.8072904155033366E-027                  0.0000000000000000E+000                  0.0000000000000000E+000                  1.2603867268757785E+001                  1.6012289788965786E+009                  5.3217120455683820E-007                 -2.4064466167425892E-019                 -3.1369743142726239E+000                  2.5806343487428762E-001                  4.9662406223411870E-001                  6.4713906006610933E-001 
                                     137                  2.9999999933961030E+000                  6.4324210383086744E-001                  4.4632935089223897E+000                 -7.8958418053505461E+000                  4.6885426404990813E+000                  6.9999999999763318E-001                  2.8000000000236697E-001                  1.9999999999999796E-002                  0.0000000000000000E+000                  4.2735477726830661E+008                  2.4812088040626929E+006                  1.8641477612183930E-027                  0.0000000000000000E+000                  0.0000000000000000E+000                  1.2711589009313181E+001                  1.6132874941931577E+009                  5.2194558444133414E-007                  0.0000000000000000E+000                 -3.1411873860551092E+000                  2.5973446785355792E-001                  4.9829509521338905E-001                  6.4881009304537973E-001 
                                     138                  2.9999999930211025E+000                  6.4317129827882702E-001                  4.4687285496595717E+000                 -7.8808309549111542E+000                  4.7090515196540759E+000                  6.9999999999763174E-001                  2.8000000000236847E-001                  1.9999999999999796E-002                  0.0000000000000000E+000                  4.2798503078547478E+008                  2.4963161537078773E+006                  1.9297134810787017E-027                  0.0000000000000000E+000                  0.0000000000000000E+000                  1.2844700324117275E+001                  1.6368439939151092E+009                  5.0114473396310856E-007                  1.8288650981343840E-019                 -3.1500184144277910E+000                  2.6291354233600162E-001                  5.0147416969583258E-001                  6.5198916752782332E-001 
                                     139                  2.9999999927398524E+000                  6.4311997659237574E-001                  4.4732329511690079E+000                 -7.8685463477637292E+000                  4.7258990154895848E+000                  6.9999999999763052E-001                  2.8000000000236969E-001                  1.9999999999999796E-002                  0.0000000000000000E+000                  4.2871901960178900E+008                  2.5086708048120686E+006                  1.9850836255688401E-027                  0.0000000000000000E+000                  0.0000000000000000E+000                  1.2960219501550286E+001                  1.6539628550947032E+009                  4.8535243669372071E-007                  0.0000000000000000E+000                 -3.1569713928376069E+000                  2.6516610403680418E-001                  5.0372673139663526E-001                  6.5424172922862589E-001 
                                     140                  2.9999999924586027E+000                  6.4307006882338746E-001                  4.4783211053134071E+000                 -7.8548357298288281E+000                  4.7447708949287666E+000                  6.9999999999762907E-001                  2.8000000000237102E-001                  1.9999999999999907E-002                  0.0000000000000000E+000                  4.2979985168207729E+008                  2.5224139523053458E+006                  2.0487594784409152E-027                  0.0000000000000000E+000                  0.0000000000000000E+000                  1.3095370495822364E+001                  1.6708160231580446E+009                  4.6954910258944159E-007                  1.9483583119574091E-019                 -3.1641594925737122E+000                  2.6730518533338160E-001                  5.0586581269321274E-001                  6.5638081052520336E-001 
                                     141                  2.9999999920836027E+000                  6.4300556760966010E-001                  4.4832174474873980E+000                 -7.8417096913128859E+000                  4.7628672778541583E+000                  6.9999999999762830E-001                  2.8000000000237191E-001                  1.9999999999999796E-002                  0.0000000000000000E+000                  4.3108917893437320E+008                  2.5353912339899652E+006                  2.1116333974028384E-027                  0.0000000000000000E+000                  0.0000000000000000E+000                  1.3232521993430842E+001                  1.6927203596385221E+009                  4.4851397538366993E-007                  0.0000000000000000E+000                 -3.1741120100474585E+000                  2.6999881820708932E-001                  5.0855944556692034E-001                  6.5907444339891097E-001 
                                     142                  2.9999999918023526E+000                  6.4295861385829611E-001                  4.4872920118806023E+000                 -7.8309126204539927E+000                  4.7778063992793500E+000                  6.9999999999762763E-001                  2.8000000000237263E-001                  1.9999999999999796E-002                  0.0000000000000000E+000                  4.3239288370676571E+008                  2.5459760601780675E+006                  2.1647953701834913E-027                  0.0000000000000000E+000                  0.0000000000000000E+000                  1.3349837848180819E+001                  1.7087539293428648E+009                  4.3273704669314736E-007                  2.4084260537022390E-019                 -3.1818879615921229E+000                  2.7190510454995154E-001                  5.1046573190978273E-001                  6.6098072974177335E-001 
                                     143                  2.9999999915211029E+000                  6.4291279836373150E-001                  4.4919117939191713E+000                 -7.8188054122238917E+000                  4.7946166702131210E+000                  6.9999999999762652E-001                  2.8000000000237363E-001                  1.9999999999999796E-002                  0.0000000000000000E+000                  4.3415925413059843E+008                  2.5577000505256457E+006                  2.2260016778206272E-027                  0.0000000000000000E+000                  0.0000000000000000E+000                  1.3486464780232469E+001                  1.7245757417304921E+009                  4.1692200971067370E-007                  0.0000000000000000E+000                 -3.1899725887242303E+000                  2.7371089318575581E-001                  5.1227152054558689E-001                  6.6278651837757752E-001 
                                     144                  2.9999999911461024E+000                  6.4285336890517419E-001                  4.4970105378350063E+000                 -7.8055453248118747E+000                  4.8130738390805234E+000                  6.9999999999762541E-001                  2.8000000000237485E-001                  1.9999999999999796E-002                  0.0000000000000000E+000                  4.3649138280051875E+008                  2.5702431120313206E+006                  2.2950236350652027E-027                  0.0000000000000000E+000                  0.0000000000000000E+000                  1.3643584908637951E+001                  1.7452531232320368E+009                  3.9570373675277017E-007                  1.9102343641373086E-019                 -3.2013149242687478E+000                  2.7597296442197489E-001                  5.1453359178180591E-001                  6.6504858961379654E-001 
                                     145                  2.9999999907711028E+000                  6.4279570323694302E-001                  4.5013254286401541E+000                 -7.7944104984083618E+000                  4.8286125638061197E+000                  6.9999999999762474E-001                  2.8000000000237540E-001                  1.9999999999999796E-002                  0.0000000000000000E+000                  4.3881478049160933E+008                  2.5804882005246324E+006                  2.3546336209086170E-027                  0.0000000000000000E+000                  0.0000000000000000E+000                  1.3781670946888330E+001                  1.7654025607332809E+009                  3.7428826850291402E-007                  0.0000000000000000E+000                 -3.2133968924864629E+000                  2.7807971031869821E-001                  5.1664033767852924E-001                  6.6715533551051986E-001 
                                     146                  2.9999999904898527E+000                  6.4275353421585779E-001                  4.5049312548069596E+000                 -7.7852012808787725E+000                  4.8415077470188068E+000                  6.9999999999762419E-001                  2.8000000000237601E-001                  1.9999999999999796E-002                  0.0000000000000000E+000                  4.4104078910511118E+008                  2.5887593951052832E+006                  2.4051030536287892E-027                  0.0000000000000000E+000                  0.0000000000000000E+000                  1.3899713608246065E+001                  1.7802466915503538E+009                  3.5804823236398721E-007                  2.6824577922451978E-019                 -3.2230292329928867E+000                  2.7955693065607273E-001                  5.1811755801590387E-001                  6.6863255584789449E-001 
                                     147                  2.9999999902086021E+000                  6.4271223807204003E-001                  4.5090357464419837E+000                 -7.7748224802592363E+000                  4.8560890654876747E+000                  6.9999999999762363E-001                  2.8000000000237663E-001                  1.9999999999999796E-002                  0.0000000000000000E+000                  4.4393178799907464E+008                  2.5978179258012101E+006                  2.4632799946724761E-027                  0.0000000000000000E+000                  0.0000000000000000E+000                  1.4037345089063145E+001                  1.7949313464162374E+009                  3.4158682198697495E-007                  0.0000000000000000E+000                 -3.2332494461120280E+000                  2.8094337700517097E-001                  5.1950400436500210E-001                  6.7001900219699273E-001 
                                     148                  2.9999999898336025E+000                  6.4265845915565412E-001                  4.5135872598849316E+000                 -7.7633960765013414E+000                  4.8721829836353630E+000                  6.9999999999762241E-001                  2.8000000000237779E-001                  1.9999999999999796E-002                  0.0000000000000000E+000                  4.4762384373866594E+008                  2.6073731782983043E+006                  2.5289580245055786E-027                  0.0000000000000000E+000                  0.0000000000000000E+000                  1.4195839168556523E+001                  1.8141901888085070E+009                  3.1925146077256039E-007                  0.0000000000000000E+000                 -3.2479335534472913E+000                  2.8266135018297550E-001                  5.2122197754280664E-001                  6.7173697537479726E-001 
                                     149                  2.9999999894586020E+000                  6.4260605751140065E-001                  4.5174560857636337E+000                 -7.7537547342949145E+000                  4.8857984283388918E+000                  6.9999999999762164E-001                  2.8000000000237851E-001                  1.9999999999999796E-002                  0.0000000000000000E+000                  4.5121036117191494E+008                  2.6150505411954694E+006                  2.5857360531643190E-027                  0.0000000000000000E+000                  0.0000000000000000E+000                  1.4335715124146690E+001                  1.8330390742774265E+009                  2.9644511795215271E-007                  2.4707054677370213E-019                 -3.2640278487497416E+000                  2.8424037520351758E-001                  5.2280100256334872E-001                  6.7331600039533934E-001 
                                     150                  2.9999999891773528E+000                  6.4256760708903227E-001                  4.5206997319265332E+000                 -7.7457488354633641E+000                  4.8971423855850498E+000                  6.9999999999762119E-001                  2.8000000000237896E-001                  1.9999999999999796E-002                  0.0000000000000000E+000                  4.5457286680362344E+008                  2.6211449789807228E+006                  2.6338504950140256E-027                  0.0000000000000000E+000                  0.0000000000000000E+000                  1.4456075484094153E+001                  1.8469690614647355E+009                  2.7895767988950848E-007                  0.0000000000000000E+000                 -3.2772308388372866E+000                  2.8533137815336373E-001                  5.2389200551319481E-001                  6.7440700334518544E-001 
                                     151                  2.9999999888961022E+000                  6.4252984904150945E-001                  4.5254559852735969E+000                 -7.7341711870156926E+000                  4.9136270025484032E+000                  6.9999999999762041E-001                  2.8000000000237973E-001                  1.9999999999999796E-002                  0.0000000000000000E+000                  4.6016259440989238E+008                  2.6294782188874036E+006                  2.7050187141393899E-027                  0.0000000000000000E+000                  0.0000000000000000E+000                  1.4637059195228677E+001                  1.8608253731197944E+009                  2.6101920738135723E-007                 -2.0117689960178136E-019                 -3.2916637667277699E+000                  2.8633431801743819E-001                  5.2489494537726922E-001                  6.7540994320925984E-001 
                                     152                  2.9999999883336024E+000                  6.4245629122209735E-001                  4.5305488019107045E+000                 -7.7218134112808317E+000                  4.9312497324315592E+000                  6.9999999999761986E-001                  2.8000000000238029E-001                  1.9999999999999796E-002                  0.0000000000000000E+000                  4.6707630799621195E+008                  2.6375762648771941E+006                  2.7831055640355429E-027                  0.0000000000000000E+000                  0.0000000000000000E+000                  1.4843237174328358E+001                  1.8879775584980969E+009                  2.2411659504853902E-007                  0.0000000000000000E+000                 -3.3247629921448540E+000                  2.8812817426041698E-001                  5.2668880162024811E-001                  6.7720379945223874E-001 
                                     153                  2.9999999879586023E+000                  6.4240860843030145E-001                  4.5335278474629570E+000                 -7.7146563848244245E+000                  4.9414944774622143E+000                  6.9999999999761986E-001                  2.8000000000238046E-001                  1.9999999999999685E-002                  0.0000000000000000E+000                  4.7163706555722702E+008                  2.6419011779382136E+006                  2.8293564242789005E-027                  0.0000000000000000E+000                  0.0000000000000000E+000                  1.4969014084116784E+001                  1.9056193963819284E+009                  1.9878155472114403E-007                  0.0000000000000000E+000                 -3.3508119584967049E+000                  2.8918403486917188E-001                  5.2774466222900296E-001                  6.7825966006099359E-001 
                                     154                  2.9999999877711021E+000                  6.4238515094974991E-001                  4.5364637585237704E+000                 -7.7076965382054023E+000                  4.9515052519702882E+000                  6.9999999999761964E-001                  2.8000000000238051E-001                  1.9999999999999796E-002                  0.0000000000000000E+000                  4.7655395223433208E+008                  2.6458535174772944E+006                  2.8750701319468715E-027                  0.0000000000000000E+000                  0.0000000000000000E+000                  1.5095970104855759E+001                  1.9144104438666084E+009                  1.8573865529055275E-007                  0.0000000000000000E+000                 -3.3655488514894127E+000                  2.8966106091114729E-001                  5.2822168827097837E-001                  6.7873668610296911E-001 
                                     155                  2.9999999873961025E+000                  6.4233897073277146E-001                  4.5407661700817092E+000                 -7.6975764036417242E+000                  4.9661077177115658E+000                  6.9999999999761908E-001                  2.8000000000238112E-001                  1.9999999999999796E-002                  0.0000000000000000E+000                  4.8454308336136121E+008                  2.6510733669663626E+006                  2.9428623691396504E-027                  0.0000000000000000E+000                  0.0000000000000000E+000                  1.5291188681218344E+001                  1.9319107241705925E+009                  1.5888887774553806E-007                  0.0000000000000000E+000                 -3.3994532512163143E+000                  2.9052058258779295E-001                  5.2908120994762409E-001                  6.7959620777961471E-001 
                                     156                  2.9999999869273521E+000                  6.4228255506403775E-001                  4.5458771224920769E+000                 -7.6857074546582398E+000                  4.9833218743744707E+000                  6.9999999999761808E-001                  2.8000000000238212E-001                  1.9999999999999796E-002                  0.0000000000000000E+000                  4.9536628040019029E+008                  2.6563884975519478E+006                  3.0244090758059570E-027                  0.0000000000000000E+000                  0.0000000000000000E+000                  1.5538178296280691E+001                  1.9534708466099792E+009                  1.2414045514823856E-007                  0.0000000000000000E+000                 -3.4530433333257777E+000                  2.9144791755687849E-001                  5.3000854491670957E-001                  6.8052354274870019E-001 
                                     157                  2.9999999863648523E+000                  6.4221665353178070E-001                  4.5517259738496811E+000                 -7.6723428010663479E+000                  5.0028350633586740E+000                  6.9999999999761742E-001                  2.8000000000238290E-001                  1.9999999999999685E-002                  0.0000000000000000E+000                  5.0973020367903793E+008                  2.6613943602446974E+006                  3.1189402195566183E-027                  0.0000000000000000E+000                  0.0000000000000000E+000                  1.5843586601856373E+001                  1.9789825474168932E+009                  8.0710315932369972E-008                  1.6040554911929376E-019                 -3.5465354763429424E+000                  2.9236562776751995E-001                  5.3092625512735103E-001                  6.8144125295934166E-001 
                                     158                  2.9999999857086022E+000                  6.4214206219564229E-001                  4.5582418815594901E+000                 -7.6577472358560508E+000                  5.0243264507470027E+000                  6.9999999999761608E-001                  2.8000000000238406E-001                  1.9999999999999796E-002                  0.0000000000000000E+000                  5.2851894586676681E+008                  2.6657867128247777E+006                  3.2255567346865969E-027                  0.0000000000000000E+000                  0.0000000000000000E+000                  1.6212005207138585E+001                  2.0083299272718532E+009                  2.8055689018231213E-008                  1.4367013870185997E-019                 -3.7759895305067945E+000                  2.9321465426487570E-001                  5.3177528162470677E-001                  6.8229027945669740E-001 
                                     159                  2.9999999849586021E+000                  6.4205958756746129E-001                  4.5632746247549445E+000                 -7.6466375294689861E+000                  5.0407975051357718E+000                  6.9999999999761608E-001                  2.8000000000238406E-001                  1.9999999999999796E-002                  0.0000000000000000E+000                  5.4522441914269030E+008                  2.6684604421634707E+006                  3.3091464665279379E-027                  0.0000000000000000E+000                  0.0000000000000000E+000                  1.6514032344239588E+001                  2.0412130939675357E+009                 -3.3510416463333911E-008                  0.0000000000000000E+000                 -9.8999999999999986E+001                  2.9396923276561526E-001                  5.3252986012544634E-001                  6.8304485795743697E-001 
                                     160                  2.9999999845836021E+000                  6.4201937473171822E-001                  4.5681986476833671E+000                 -7.6360477388308494E+000                  5.0566724096987681E+000                  6.9999999999761608E-001                  2.8000000000238406E-001                  1.9999999999999796E-002                  0.0000000000000000E+000                  5.6356707747539139E+008                  2.6706447784552914E+006                  3.3908401999926821E-027                  0.0000000000000000E+000                  0.0000000000000000E+000                  1.6815304256596516E+001                  2.0575721865744932E+009                 -6.4570408236673896E-008                  0.0000000000000000E+000                 -9.8999999999999986E+001                  2.9427300527039774E-001                  5.3283363263022876E-001                  6.8334863046221950E-001 
                                     161                  2.9999999838336020E+000                  6.4194085424173575E-001                  4.5729711119393768E+000                 -7.6258776402046689E+000                  5.0719983255973320E+000                  6.9999999999761608E-001                  2.8000000000238406E-001                  1.9999999999999796E-002                  0.0000000000000000E+000                  5.8314992079837835E+008                  2.6725888180807945E+006                  3.4711942779912562E-027                  0.0000000000000000E+000                  0.0000000000000000E+000                  1.7115016476504834E+001                  2.0900475021214936E+009                 -1.2604459372814896E-007                  0.0000000000000000E+000                 -9.8999999999999986E+001                  2.9479910427003025E-001                  5.3335973162986128E-001                  6.8387472946185202E-001 
                                     162                  2.9999999834586020E+000                  6.4190248720640208E-001                  4.5776455763967405E+000                 -7.6161610982041639E+000                  5.0868069303359196E+000                  6.9999999999761608E-001                  2.8000000000238406E-001                  1.9999999999999796E-002                  0.0000000000000000E+000                  6.0414549495523500E+008                  2.6745311593143181E+006                  3.5497430054508553E-027                  0.0000000000000000E+000                  0.0000000000000000E+000                  1.7407061510162787E+001                  2.1061729053235795E+009                 -1.5599660706139278E-007                  0.0000000000000000E+000                 -9.8999999999999986E+001                  2.9504798304614555E-001                  5.3360861040597662E-001                  6.8412360823796725E-001 
                                     163                  2.9999999827086024E+000                  6.4182742145411920E-001                  4.5821807819107150E+000                 -7.6068071405019060E+000                  5.1011369384331031E+000                  6.9999999999761608E-001                  2.8000000000238406E-001                  1.9999999999999796E-002                  0.0000000000000000E+000                  6.2614218500394452E+008                  2.6766746085827551E+006                  3.6270394559655249E-027                  0.0000000000000000E+000                  0.0000000000000000E+000                  1.7691467542121803E+001                  2.1382273257848873E+009                 -2.1359535242718699E-007                  0.0000000000000000E+000                 -9.8999999999999986E+001                  2.9556534237999182E-001                  5.3412596973982296E-001                  6.8464096757181359E-001 
                                     164                  2.9999999823336019E+000                  6.4179067413919944E-001                  4.5866252836633032E+000                 -7.5978498443064826E+000                  5.1150137987604829E+000                  6.9999999999761608E-001                  2.8000000000238406E-001                  1.9999999999999796E-002                  0.0000000000000000E+000                  6.4918518298177969E+008                  2.6791974082100061E+006                  3.7026353302273558E-027                  0.0000000000000000E+000                  0.0000000000000000E+000                  1.7963045641791901E+001                  2.1541590912958646E+009                 -2.4090072872456108E-007                  0.0000000000000000E+000                 -9.8999999999999986E+001                  2.9585445237535274E-001                  5.3441507973518387E-001                  6.8493007756717439E-001 
                                     165                  2.9999999815836018E+000                  6.4171865275557982E-001                  4.5923656414657330E+000                 -7.5864115376402896E+000                  5.1328639717080069E+000                  6.9999999999761608E-001                  2.8000000000238406E-001                  1.9999999999999796E-002                  0.0000000000000000E+000                  6.8050067774945962E+008                  2.6833651413028501E+006                  3.8014651253658272E-027                  0.0000000000000000E+000                  0.0000000000000000E+000                  1.8304155139631362E+001                  2.1859717921703343E+009                 -2.9161613897385573E-007                  0.0000000000000000E+000                 -9.8999999999999986E+001                  2.9653684857706336E-001                  5.3509747593689450E-001                  6.8561247376888512E-001 
                                     166                  2.9999999808336018E+000                  6.4164846902298156E-001                  4.5965360147335792E+000                 -7.5781818830423582E+000                  5.1457942751529018E+000                  6.9999999999761608E-001                  2.8000000000238406E-001                  1.9999999999999796E-002                  0.0000000000000000E+000                  7.0397451050383234E+008                  2.6872347889449866E+006                  3.8741992093991666E-027                  0.0000000000000000E+000                  0.0000000000000000E+000                  1.8541307120718368E+001                  2.2172526406380744E+009                 -3.3720284569555521E-007                  0.0000000000000000E+000                 -9.8999999999999986E+001                  2.9736175734965736E-001                  5.3592238470948850E-001                  6.8643738254147912E-001 
                                     167                  2.9999999804586017E+000                  6.4161402342261509E-001                  4.6006235033119358E+000                 -7.5702694900265026E+000                  5.1583546347280969E+000                  6.9999999999761608E-001                  2.8000000000238406E-001                  1.9999999999999796E-002                  0.0000000000000000E+000                  7.2734095562613440E+008                  2.6918760911872713E+006                  3.9454412979837655E-027                  0.0000000000000000E+000                  0.0000000000000000E+000                  1.8757870630778651E+001                  2.2328605194900942E+009                 -3.5738637145048364E-007                  0.0000000000000000E+000                 -9.8999999999999986E+001                  2.9785467697162721E-001                  5.3641530433145823E-001                  6.8693030216344886E-001 
                                     168                  2.9999999797086017E+000                  6.4154635212041300E-001                  4.6058980474222384E+000                 -7.5601079141067267E+000                  5.1745658520628792E+000                  6.9999999999761608E-001                  2.8000000000238406E-001                  1.9999999999999796E-002                  0.0000000000000000E+000                  7.5735575175989544E+008                  2.6993110340999719E+006                  4.0388597974021574E-027                  0.0000000000000000E+000                  0.0000000000000000E+000                  1.9016334651515916E+001                  2.2639727385318904E+009                 -3.9205878972378370E-007                  0.0000000000000000E+000                 -9.8999999999999986E+001                  2.9902118455655058E-001                  5.3758181191638166E-001                  6.8809680974837228E-001 
                                     169                  2.9999999789586016E+000                  6.4148021524544496E-001                  4.6109933754058599E+000                 -7.5503696265378943E+000                  5.1902030071477698E+000                  6.9999999999761608E-001                  2.8000000000238406E-001                  1.9999999999999796E-002                  0.0000000000000000E+000                  7.8533744681918061E+008                  2.7081593062093412E+006                  4.1304620012934544E-027                  0.0000000000000000E+000                  0.0000000000000000E+000                  1.9240985584731181E+001                  2.2946176854011211E+009                 -4.2002657637152215E-007                  0.0000000000000000E+000                 -9.8999999999999986E+001                  3.0039706124204762E-001                  5.3895768860187876E-001                  6.8947268643386939E-001 
                                     170                  2.9999999782086015E+000                  6.4141551563920540E-001                  4.6159142784448663E+000                 -7.5410114045089465E+000                  5.2053054882320531E+000                  6.9999999999761608E-001                  2.8000000000238406E-001                  1.9999999999999796E-002                  0.0000000000000000E+000                  8.1048676690734124E+008                  2.7183659427570272E+006                  4.2204462601235170E-027                  0.0000000000000000E+000                  0.0000000000000000E+000                  1.9434850806672241E+001                  2.3248763495734820E+009                 -4.4111192223508679E-007                  0.0000000000000000E+000                 -9.8999999999999986E+001                  3.0198944288357038E-001                  5.4055007024340151E-001                  6.9106506807539214E-001 
                                     171                  2.9999999774586015E+000                  6.4135216726293487E-001                  4.6218455701064132E+000                 -7.5298161272122979E+000                  5.2234841255718907E+000                  6.9999999999761608E-001                  2.8000000000238406E-001                  1.9999999999999796E-002                  0.0000000000000000E+000                  8.3712394451317954E+008                  2.7329844172695773E+006                  4.3306740112002593E-027                  0.0000000000000000E+000                  0.0000000000000000E+000                  1.9637026561625500E+001                  2.3548056382010674E+009                 -4.5524516273496109E-007                  0.0000000000000000E+000                 -9.8999999999999986E+001                  3.0380207293351907E-001                  5.4236270029335010E-001                  6.9287769812534072E-001 
                                     172                  2.9999999763336014E+000                  6.4125951298637796E-001                  4.6274903990535368E+000                 -7.5190418839470823E+000                  5.2409469173561565E+000                  6.9999999999761608E-001                  2.8000000000238406E-001                  1.9999999999999796E-002                  0.0000000000000000E+000                  8.5752134705556571E+008                  2.7493309733702047E+006                  4.4394741541035002E-027                  0.0000000000000000E+000                  0.0000000000000000E+000                  1.9806022681072470E+001                  2.3986564081623406E+009                 -4.6589777790888498E-007                  0.0000000000000000E+000                 -9.8999999999999986E+001                  3.0684654276905604E-001                  5.4540717012888718E-001                  6.9592216796087780E-001 
                                     173                  2.9999999755836013E+000                  6.4119922519353412E-001                  4.6329299976134557E+000                 -7.5087289674373032E+000                  5.2577437427306659E+000                  6.9999999999761608E-001                  2.8000000000238406E-001                  1.9999999999999796E-002                  0.0000000000000000E+000                  8.7204037908059728E+008                  2.7673443736930108E+006                  4.5461753985217892E-027                  0.0000000000000000E+000                  0.0000000000000000E+000                  1.9937416067469940E+001                  2.4272424654650221E+009                 -4.6637454156271477E-007                  0.0000000000000000E+000                 -9.8999999999999986E+001                  3.0907762214729279E-001                  5.4763824950712392E-001                  6.9815324733911455E-001 
                                     174                  2.9999999744586012E+000                  6.4111087028380709E-001                  4.6391383382257327E+000                 -7.4967978623548595E+000                  5.2770936833172088E+000                  6.9999999999761608E-001                  2.8000000000238406E-001                  1.9999999999999796E-002                  0.0000000000000000E+000                  8.8152600012204289E+008                  2.7905756211871514E+006                  4.6728229937180443E-027                  0.0000000000000000E+000                  0.0000000000000000E+000                  2.0051640795679120E+001                  2.4691887094143977E+009                 -4.5797750417897174E-007                  0.0000000000000000E+000                 -9.8999999999999986E+001                  3.1268455107467941E-001                  5.5124517843451049E-001                  7.0176017626650111E-001 
                                     175                  2.9999999733336011E+000                  6.4102485787037378E-001                  4.6445512184116362E+000                 -7.4862459571018638E+000                  5.2941174780551101E+000                  6.9999999999761608E-001                  2.8000000000238406E-001                  1.9999999999999796E-002                  0.0000000000000000E+000                  8.8311488706773734E+008                  2.8131190464649987E+006                  4.7877675964384664E-027                  0.0000000000000000E+000                  0.0000000000000000E+000                  2.0113353510909409E+001                  2.5096079012056732E+009                 -4.4144274076182127E-007                  0.0000000000000000E+000                 -9.8999999999999986E+001                  3.1649153875932701E-001                  5.5505216611915820E-001                  7.0556716395114882E-001 
                                     176                  2.9999999723961008E+000                  6.4095486367998189E-001                  4.6492674118201025E+000                 -7.4769526022610195E+000                  5.3090445511303557E+000                  6.9999999999761608E-001                  2.8000000000238406E-001                  1.9999999999999796E-002                  0.0000000000000000E+000                  8.7967912438611901E+008                  2.8344469680619524E+006                  4.8913421427078873E-027                  0.0000000000000000E+000                  0.0000000000000000E+000                  2.0132494351056483E+001                  2.5422187634045806E+009                 -4.2202770687822908E-007                  0.0000000000000000E+000                 -9.8999999999999986E+001                  3.1978958287236026E-001                  5.5835021023219145E-001                  7.0886520806418207E-001 
                                     177                  2.9999999714586010E+000                  6.4088631857454847E-001                  4.6549137652553094E+000                 -7.4657046614748328E+000                  5.3270207389325321E+000                  6.9999999999761608E-001                  2.8000000000238406E-001                  1.9999999999999796E-002                  0.0000000000000000E+000                  8.7030763308748829E+008                  2.8619627442057231E+006                  5.0197024511669866E-027                  0.0000000000000000E+000                  0.0000000000000000E+000                  2.0108284604964311E+001                  2.5739447938628654E+009                 -3.9805926379401396E-007                  0.0000000000000000E+000                 -9.8999999999999986E+001                  3.2317826656078175E-001                  5.6173889392061283E-001                  7.1225389175260345E-001 
                                     178                  2.9999999700523508E+000                  6.4078607121298370E-001                  4.6612906305887742E+000                 -7.4526012996000786E+000                  5.3476724466099297E+000                  6.9999999999761608E-001                  2.8000000000238406E-001                  1.9999999999999796E-002                  0.0000000000000000E+000                  8.5367850788840330E+008                  2.8954476791296941E+006                  5.1734908968031300E-027                  0.0000000000000000E+000                  0.0000000000000000E+000                  2.0034026472386497E+001                  2.6195619247082253E+009                 -3.5715158892536135E-007                  0.0000000000000000E+000                 -9.8999999999999986E+001                  3.2832424895781059E-001                  5.6688487631764173E-001                  7.1739987414963236E-001 
                                     179                  2.9999999686461010E+000                  6.4068873690124628E-001                  4.6672943375348357E+000                 -7.4399179547064662E+000                  5.3674038207126653E+000                  6.9999999999761608E-001                  2.8000000000238406E-001                  1.9999999999999796E-002                  0.0000000000000000E+000                  8.3327986802681148E+008                  2.9291352901517972E+006                  5.3268362367266476E-027                  0.0000000000000000E+000                  0.0000000000000000E+000                  1.9925408207800828E+001                  2.6627145430253334E+009                 -3.1353520821824627E-007                  0.0000000000000000E+000                 -9.8999999999999986E+001                  3.3345922957979857E-001                  5.7201985693962965E-001                  7.2253485477162027E-001 
                                     180                  2.9999999672398503E+000                  6.4059414139352044E-001                  4.6715492865306718E+000                 -7.4306249913477238E+000                  5.3816476661694326E+000                  6.9999999999761608E-001                  2.8000000000238406E-001                  1.9999999999999796E-002                  0.0000000000000000E+000                  8.1677794768198895E+008                  2.9541161798137343E+006                  5.4420687475822733E-027                  0.0000000000000000E+000                  0.0000000000000000E+000                  1.9834741545705864E+001                  2.7034849051832657E+009                 -2.6950011038939285E-007                  0.0000000000000000E+000                 -9.8999999999999986E+001                  3.3852065277394489E-001                  5.7708128013377591E-001                  7.2759627796576665E-001 
                                     181                  2.9999999665367261E+000                  6.4054782241949215E-001                  4.6752157620979187E+000                 -7.4225845318714674E+000                  5.3939333748531242E+000                  6.9999999999761608E-001                  2.8000000000238406E-001                  1.9999999999999796E-002                  0.0000000000000000E+000                  8.0165068059899342E+008                  2.9763507346191402E+006                  5.5437799299544152E-027                  0.0000000000000000E+000                  0.0000000000000000E+000                  1.9742945460894571E+001                  2.7231229530488186E+009                 -2.4760913170891713E-007                  0.0000000000000000E+000                 -9.8999999999999986E+001                  3.4101693939810007E-001                  5.7957756675793115E-001                  7.3009256458992189E-001 
                                     182                  2.9999999653648506E+000                  6.4047200824370909E-001                  4.6795966396317903E+000                 -7.4127224953181274E+000                  5.4088275595187003E+000                  6.9999999999761608E-001                  2.8000000000238406E-001                  1.9999999999999796E-002                  0.0000000000000000E+000                  7.8289666905454743E+008                  3.0036283823585222E+006                  5.6711335618362475E-027                  0.0000000000000000E+000                  0.0000000000000000E+000                  1.9627496068769684E+001                  2.7548469693333464E+009                 -2.1180245867754298E-007                  0.0000000000000000E+000                 -9.8999999999999986E+001                  3.4511078957534047E-001                  5.8367141693517155E-001                  7.3418641476716218E-001 
                                     183                  2.9999999641929760E+000                  6.4039785787269643E-001                  4.6842029697926391E+000                 -7.4021450269892508E+000                  5.4246525583136052E+000                  6.9999999999761608E-001                  2.8000000000238406E-001                  1.9999999999999796E-002                  0.0000000000000000E+000                  7.6289217417018235E+008                  3.0330669221573109E+006                  5.8109797126113855E-027                  0.0000000000000000E+000                  0.0000000000000000E+000                  1.9493095815429001E+001                  2.7851862336345859E+009                 -1.7754276158881611E-007                  0.0000000000000000E+000                 -9.8999999999999986E+001                  3.4909195123207593E-001                  5.8765257859190700E-001                  7.3816757642389763E-001 
                                     184                  2.9999999627867258E+000                  6.4031097010060223E-001                  4.6885807534281634E+000                 -7.3918049338913141E+000                  5.4399331463640506E+000                  6.9999999999761608E-001                  2.8000000000238406E-001                  1.9999999999999796E-002                  0.0000000000000000E+000                  7.4392389484734583E+008                  3.0616006884648874E+006                  5.9510204986658202E-027                  0.0000000000000000E+000                  0.0000000000000000E+000                  1.9353855643071665E+001                  2.8199022167861142E+009                 -1.3849961974617663E-007                  0.0000000000000000E+000                 -9.8999999999999986E+001                  3.5370698820710095E-001                  5.9226761556693208E-001                  7.4278261339892271E-001 
                                     185                  2.9999999616148507E+000                  6.4024022868139152E-001                  4.6927749068723719E+000                 -7.3817313313682540E+000                  5.4547037721889131E+000                  6.9999999999761608E-001                  2.8000000000238406E-001                  1.9999999999999796E-002                  0.0000000000000000E+000                  7.2603794750114715E+008                  3.0893550082825618E+006                  6.0906972717592211E-027                  0.0000000000000000E+000                  0.0000000000000000E+000                  1.9203341306787056E+001                  2.8475445541524091E+009                 -1.0766860921668745E-007                  0.0000000000000000E+000                 -9.8999999999999986E+001                  3.5740731672945797E-001                  5.9596794408928899E-001                  7.4648294192127973E-001 
                                     186                  2.9999999602086005E+000                  6.4015724131098650E-001                  4.6978547097381513E+000                 -7.3692563121785746E+000                  5.4728177301940777E+000                  6.9999999999761608E-001                  2.8000000000238406E-001                  1.9999999999999796E-002                  0.0000000000000000E+000                  7.0506854309914637E+008                  3.1233323878091904E+006                  6.2682238699806820E-027                  0.0000000000000000E+000                  0.0000000000000000E+000                  1.8997710256666220E+001                  2.8793778213606110E+009                 -7.2565265051781066E-008                  0.0000000000000000E+000                 -9.8999999999999986E+001                  3.6166594828822557E-001                  6.0022657564805659E-001                  7.5074157348004733E-001 
                                     187                  2.9999999583336003E+000                  6.4004965386968038E-001                  4.7033073661685583E+000                 -7.3554059956483409E+000                  5.4926537437987948E+000                  6.9999999999761608E-001                  2.8000000000238406E-001                  1.9999999999999796E-002                  0.0000000000000000E+000                  6.8380113278506339E+008                  3.1599874926379723E+006                  6.4713903136275887E-027                  0.0000000000000000E+000                  0.0000000000000000E+000                  1.8750346757826318E+001                  2.9194958067448893E+009                 -2.9284536383884819E-008                  0.0000000000000000E+000                 -9.8999999999999986E+001                  3.6702264656060452E-001                  6.0558327392043554E-001                  7.5609827175242628E-001 
                                     188                  2.9999999564586006E+000                  6.3994536713382388E-001                  4.7084363957779862E+000                 -7.3419906786638931E+000                  5.5116410367908086E+000                  6.9999999999761608E-001                  2.8000000000238406E-001                  1.9999999999999796E-002                  0.0000000000000000E+000                  6.6515849959566128E+008                  3.1944712478960403E+006                  6.6744524854797547E-027                  0.0000000000000000E+000                  0.0000000000000000E+000                  1.8494289865007154E+001                  2.9571411203847442E+009                  9.9613381135655578E-009                  0.0000000000000000E+000                 -4.0008411592869564E+000                  3.7201632749085739E-001                  6.1057695485068852E-001                  7.6109195268267915E-001 
                                     189                  2.9999999545836005E+000                  6.3984418077513538E-001                  4.7132728013255134E+000                 -7.3289862919243669E+000                  5.5298494755843297E+000                  6.9999999999760687E-001                  2.8000000000239333E-001                  1.9999999999999796E-002                  0.0000000000000000E+000                  6.4880595577859867E+008                  3.2268386606394206E+006                  6.8773752816949697E-027                  0.0000000000000000E+000                  0.0000000000000000E+000                  1.8240247356890826E+001                  2.9926262395524044E+009                  4.5257374771494681E-008                  5.8490723634282872E-019                 -3.6721553208084119E+000                  3.7666258024131122E-001                  6.1522320760114235E-001                  7.6573820543313298E-001 
                                     190                  2.9999999527085999E+000                  6.3974591172358108E-001                  4.7178453561827283E+000                 -7.3163725737911047E+000                  5.5473406289254550E+000                  6.9999999999760631E-001                  2.8000000000239378E-001                  1.9999999999999907E-002                  0.0000000000000000E+000                  6.3445739391753912E+008                  3.2571832902454119E+006                  7.0800950844780129E-027                  0.0000000000000000E+000                  0.0000000000000000E+000                  1.7995168479741256E+001                  3.0261621607198005E+009                  7.6664313994140985E-008                 -1.2044320489545884E-019                 -3.5577033730578167E+000                  3.8098169515992469E-001                  6.1954232251975583E-001                  7.7005732035174645E-001 
                                     191                  2.9999999508335997E+000                  6.3965039185194117E-001                  4.7232567639026435E+000                 -7.3011651964205351E+000                  5.5682761843336097E+000                  6.9999999999760609E-001                  2.8000000000239400E-001                  1.9999999999999907E-002                  0.0000000000000000E+000                  6.1891957871811461E+008                  3.2926657622768539E+006                  7.3324601657541081E-027                  0.0000000000000000E+000                  0.0000000000000000E+000                  1.7701743790876421E+001                  3.0580622785119557E+009                  1.0440571323616325E-007                  0.0000000000000000E+000                 -3.4906378677212362E+000                  3.8499323452500345E-001                  6.2355386188483453E-001                  7.7406885971682526E-001 
                                     192                  2.9999999480210997E+000                  6.3951193049768440E-001                  4.7287886234182928E+000                 -7.2850097765876347E+000                  5.5902236975658131E+000                  6.9999999999760598E-001                  2.8000000000239422E-001                  1.9999999999999796E-002                  0.0000000000000000E+000                  6.0454397135607481E+008                  3.3282444875597558E+006                  7.6104202916905682E-027                  0.0000000000000000E+000                  0.0000000000000000E+000                  1.7417443012578293E+001                  3.1029234088020401E+009                  1.3976338015212405E-007                  9.3649087365125488E-020                 -3.4273033022822252E+000                  3.9050100935672516E-001                  6.2906163671655613E-001                  7.7957663454854687E-001 
                                     193                  2.9999999456773501E+000                  6.3940066346465652E-001                  4.7344724104812661E+000                 -7.2681549824418967E+000                  5.6129882650366882E+000                  6.9999999999760576E-001                  2.8000000000239444E-001                  1.9999999999999796E-002                  0.0000000000000000E+000                  5.9129056776322043E+008                  3.3641486046022614E+006                  7.9116518371956474E-027                  0.0000000000000000E+000                  0.0000000000000000E+000                  1.7129725337010061E+001                  3.1379541749639039E+009                  1.6428660790508358E-007                 -1.7858909288963236E-019                 -3.3921989186780013E+000                  3.9467541007304746E-001                  6.3323603743287860E-001                  7.8375103526486922E-001 
                                     194                  2.9999999423961001E+000                  6.3925068406528285E-001                  4.7401890231142847E+000                 -7.2506249320193392E+000                  5.6364050811160631E+000                  6.9999999999760554E-001                  2.8000000000239472E-001                  1.9999999999999796E-002                  0.0000000000000000E+000                  5.7931631464050138E+008                  3.3994060608793572E+006                  8.2376090328016293E-027                  0.0000000000000000E+000                  0.0000000000000000E+000                  1.6856631719350382E+001                  3.1839546472384095E+009                  1.9272212428434504E-007                  1.7114479952289424E-019                 -3.3575342129808718E+000                  3.9998156335552865E-001                  6.3854219071535978E-001                  7.8905718854735041E-001 
                                     195                  2.9999999395836001E+000                  6.3912709924722322E-001                  4.7451542588229261E+000                 -7.2351336231812633E+000                  5.6569771347544604E+000                  6.9999999999760543E-001                  2.8000000000239483E-001                  1.9999999999999796E-002                  0.0000000000000000E+000                  5.6996168903037238E+008                  3.4293546473459327E+006                  8.5368185288843530E-027                  0.0000000000000000E+000                  0.0000000000000000E+000                  1.6624607849159712E+001                  3.2207791462398758E+009                  2.1264115592261937E-007                 -9.6304425561053369E-020                 -3.3361763377796532E+000                  4.0409792574827275E-001                  6.4265855310810382E-001                  7.9317355094009445E-001 
                                     196                  2.9999999367711001E+000                  6.3900774490509193E-001                  4.7490673498114928E+000                 -7.2226662896412668E+000                  5.6734238467462035E+000                  6.9999999999760543E-001                  2.8000000000239489E-001                  1.9999999999999685E-002                  0.0000000000000000E+000                  5.6319326359502840E+008                  3.4524942999066175E+006                  8.7854962615987841E-027                  0.0000000000000000E+000                  0.0000000000000000E+000                  1.6448136224847705E+001                  3.2555861345959067E+009                  2.2933976420415816E-007                  0.0000000000000000E+000                 -3.3197603191740042E+000                  4.0787247917150271E-001                  6.4643310653133390E-001                  7.9694810436332453E-001 
                                     197                  2.9999999348961004E+000                  6.3893037452596813E-001                  4.7520844037563661E+000                 -7.2129933833163982E+000                  5.6861559325089726E+000                  6.9999999999760532E-001                  2.8000000000239489E-001                  1.9999999999999796E-002                  0.0000000000000000E+000                  5.5833011506053901E+008                  3.4700945702578160E+006                  8.9834156697928975E-027                  0.0000000000000000E+000                  0.0000000000000000E+000                  1.6312408741026143E+001                  3.2778104403951163E+009                  2.3899311731706167E-007                 -1.5292747269520843E-019                 -3.3108073029867291E+000                  4.1022129572478810E-001                  6.4878192308461913E-001                  7.9929692091660987E-001 
                                     198                  2.9999999330211002E+000                  6.3885466832841087E-001                  4.7557237969395478E+000                 -7.2012556568961612E+000                  5.7015740041776644E+000                  6.9999999999760532E-001                  2.8000000000239494E-001                  1.9999999999999796E-002                  0.0000000000000000E+000                  5.5284630445904291E+008                  3.4910505432135030E+006                  9.2295820655388842E-027                  0.0000000000000000E+000                  0.0000000000000000E+000                  1.6149411088089849E+001                  3.2994543452937822E+009                  2.4767330390358681E-007                  0.0000000000000000E+000                 -3.3030604012128966E+000                  4.1244758883316707E-001                  6.5100821619299809E-001                  8.0152321402498883E-001 
                                     199                  2.9999999302086002E+000                  6.3874406596085576E-001                  4.7591919721254152E+000                 -7.1898401821348621E+000                  5.7164783444688831E+000                  6.9999999999760520E-001                  2.8000000000239489E-001                  1.9999999999999907E-002                  0.0000000000000000E+000                  5.4793950374416661E+008                  3.5106977567206481E+006                  9.4754595896171483E-027                  0.0000000000000000E+000                  0.0000000000000000E+000                  1.6000956831799893E+001                  3.3305812974133368E+009                  2.5905398568289229E-007                  2.5721645249630487E-019                 -3.2933048607373183E+000                  4.1558922062265008E-001                  6.5414984798248110E-001                  8.0466484581447173E-001 
                                     200                  2.9999999283336001E+000                  6.3867219864904967E-001                  4.7618776492330319E+000                 -7.1809630816835215E+000                  5.7280517140037306E+000                  6.9999999999760520E-001                  2.8000000000239494E-001                  1.9999999999999796E-002                  0.0000000000000000E+000                  5.4436511911060977E+008                  3.5257317013980201E+006                  9.6711822193001423E-027                  0.0000000000000000E+000                  0.0000000000000000E+000                  1.5886733105547291E+001                  3.3505072476118579E+009                  2.6566723767928252E-007                  0.0000000000000000E+000                 -3.2878309999352471E+000                  4.1756326992223264E-001                  6.5612389728206377E-001                  8.0663889511405440E-001 
                                     201                  2.9999999264586004E+000                  6.3860175079427128E-001                  4.7644820493148012E+000                 -7.1722914881645936E+000                  5.7393318798933750E+000                  6.9999999999760509E-001                  2.8000000000239494E-001                  2.0000000000000018E-002                  0.0000000000000000E+000                  5.4106692308786690E+008                  3.5401551030487902E+006                  9.8662771869440617E-027                  0.0000000000000000E+000                  0.0000000000000000E+000                  1.5777932930587523E+001                  3.3699324568624635E+009                  2.7162380178004637E-007                  3.3595283138847069E-019                 -3.2830160882399189E+000                  4.1944805541206498E-001                  6.5800868277189606E-001                  8.0852368060388669E-001 
                                     202                  2.9999999245835998E+000                  6.3853266233877060E-001                  4.7682685117702661E+000                 -7.1596800041153008E+000                  5.7557313452196555E+000                  6.9999999999760509E-001                  2.8000000000239500E-001                  1.9999999999999907E-002                  0.0000000000000000E+000                  5.3657806215220523E+008                  3.5608920669397940E+006                  1.0157058787407511E-026                  0.0000000000000000E+000                  0.0000000000000000E+000                  1.5619892412688406E+001                  3.3889351479111757E+009                  2.7699781161645280E-007                 -1.1490985075930190E-019                 -3.2787618310032505E+000                  4.2124990760406894E-001                  6.5981053496390007E-001                  8.1032553279589070E-001 
                                     203                  2.9999999208335999E+000                  6.3839834592383804E-001                  4.7718563625967203E+000                 -7.1474264850257470E+000                  5.7715532245235730E+000                  6.9999999999760520E-001                  2.8000000000239500E-001                  1.9999999999999796E-002                  0.0000000000000000E+000                  5.3255424855265993E+008                  3.5802226529917340E+006                  1.0447794190614235E-026                  0.0000000000000000E+000                  0.0000000000000000E+000                  1.5480984855316487E+001                  3.4252799574762440E+009                  2.8617602320717818E-007                 -2.3573088711759412E-019                 -3.2716833778545462E+000                  4.2464248783079594E-001                  6.6320311519062713E-001                  8.1371811302261765E-001 
                                     204                  2.9999999189585993E+000                  6.3833301104869034E-001                  4.7753390254329640E+000                 -7.1356164519322931E+000                  5.7868279265939746E+000                  6.9999999999760520E-001                  2.8000000000239500E-001                  1.9999999999999796E-002                  0.0000000000000000E+000                  5.2894245616012698E+008                  3.5987979347715224E+006                  1.0735881136509245E-026                  0.0000000000000000E+000                  0.0000000000000000E+000                  1.5344076987292880E+001                  3.4427730006765847E+009                  2.9007496407857068E-007                  0.0000000000000000E+000                 -3.2687448764323923E+000                  4.2624058633232242E-001                  6.6480121369215350E-001                  8.1531621152414413E-001 
                                     205                  2.9999999152085994E+000                  6.3820576219070446E-001                  4.7797538633658245E+000                 -7.1204034292730469E+000                  5.8064152477464912E+000                  6.9999999999760509E-001                  2.8000000000239506E-001                  1.9999999999999796E-002                  0.0000000000000000E+000                  5.2464444805396962E+008                  3.6220052317608576E+006                  1.1118717874747614E-026                  0.0000000000000000E+000                  0.0000000000000000E+000                  1.5180285300734788E+001                  3.4767262454091253E+009                  2.9678989394255045E-007                  9.3833077332191602E-020                 -3.2637754456987098E+000                  4.2926287488842474E-001                  6.6782350224825582E-001                  8.1833850008024656E-001 
                                     206                  2.9999999114586000E+000                  6.3808278736741408E-001                  4.7829110287138468E+000                 -7.1093732492581116E+000                  5.8205627060427423E+000                  6.9999999999760509E-001                  2.8000000000239506E-001                  1.9999999999999796E-002                  0.0000000000000000E+000                  5.2174510244622606E+008                  3.6383852450599754E+006                  1.1404804103569527E-026                  0.0000000000000000E+000                  0.0000000000000000E+000                  1.5069327605969180E+001                  3.5088601137902904E+009                  3.0216718729778266E-007                  0.0000000000000000E+000                 -3.2598763490011673E+000                  4.3208679966760849E-001                  6.7064742702743951E-001                  8.2116242485943025E-001 
                                     207                  2.9999999095835994E+000                  6.3802280405032474E-001                  4.7849645662431595E+000                 -7.1022135563421633E+000                  5.8297496486025580E+000                  6.9999999999760509E-001                  2.8000000000239506E-001                  1.9999999999999796E-002                  0.0000000000000000E+000                  5.1995503570213413E+008                  3.6489665724239233E+006                  1.1594431277241413E-026                  0.0000000000000000E+000                  0.0000000000000000E+000                  1.4997208705636053E+001                  3.5244257223287663E+009                  3.0445066181583822E-007                  0.0000000000000000E+000                 -3.2582415387688379E+000                  4.3343006322513355E-001                  6.7199069058496463E-001                  8.2250568841695537E-001 
                                     208                  2.9999999077085993E+000                  6.3796377724197662E-001                  4.7874719633307530E+000                 -7.0934643443254393E+000                  5.8409726281916940E+000                  6.9999999999760509E-001                  2.8000000000239506E-001                  1.9999999999999796E-002                  0.0000000000000000E+000                  5.1786051733584845E+008                  3.6618073414848866E+006                  1.1830443894413980E-026                  0.0000000000000000E+000                  0.0000000000000000E+000                  1.4910007534275049E+001                  3.5397907125041633E+009                  3.0652394585490245E-007                  0.0000000000000000E+000                 -3.2567677962229817E+000                  4.3473011947924489E-001                  6.7329074683907608E-001                  8.2380574467106660E-001 
                                     209                  2.9999999048960992E+000                  6.3787695917501430E-001                  4.7903840818369972E+000                 -7.0832258982969831E+000                  5.8540785581073349E+000                  6.9999999999760509E-001                  2.8000000000239511E-001                  1.9999999999999796E-002                  0.0000000000000000E+000                  5.1552733892900699E+008                  3.6766027411285113E+006                  1.2112737314144900E-026                  0.0000000000000000E+000                  0.0000000000000000E+000                  1.4812137715212785E+001                  3.5622757564994597E+009                  3.0924702730545179E-007                  0.0000000000000000E+000                 -3.2548472332076157E+000                  4.3660814847637186E-001                  6.7516877583620294E-001                  8.2568377366819368E-001 
                                     210                  2.9999999020835997E+000                  6.3779211360697741E-001                  4.7946074120262674E+000                 -7.0684239643970965E+000                  5.8730389500432931E+000                  6.9999999999760509E-001                  2.8000000000239511E-001                  1.9999999999999796E-002                  0.0000000000000000E+000                  5.1237631569592857E+008                  3.6978894684593254E+006                  1.2532807174851986E-026                  0.0000000000000000E+000                  0.0000000000000000E+000                  1.4670578582062635E+001                  3.5842197158983879E+009                  3.1157342248699297E-007                  0.0000000000000000E+000                 -3.2532197975785544E+000                  4.3840506816323138E-001                  6.7696569552306241E-001                  8.2748069335505314E-001 
                                     211                  2.9999998964585992E+000                  6.3762796745964223E-001                  4.7990345322617873E+000                 -7.0525943877638095E+000                  5.8932083033587768E+000                  6.9999999999760509E-001                  2.8000000000239511E-001                  1.9999999999999796E-002                  0.0000000000000000E+000                  5.0923102999258047E+008                  3.7199328991358513E+006                  1.2998176324109493E-026                  0.0000000000000000E+000                  0.0000000000000000E+000                  1.4534731994142245E+001                  3.6261798092649269E+009                  3.1518393702268543E-007                  0.0000000000000000E+000                 -3.2507179619620707E+000                  4.4178963278417038E-001                  6.8035026014400157E-001                  8.3086525797599220E-001 
                                     212                  2.9999998927085998E+000                  6.3752235515749911E-001                  4.8024397406704509E+000                 -7.0404294115326822E+000                  5.9087101972191567E+000                  6.9999999999760509E-001                  2.8000000000239511E-001                  1.9999999999999796E-002                  0.0000000000000000E+000                  5.0697384728458333E+008                  3.7367614754309896E+006                  1.3367521959356412E-026                  0.0000000000000000E+000                  0.0000000000000000E+000                  1.4431839613383413E+001                  3.6528014707796903E+009                  3.1691348437663419E-007                  0.0000000000000000E+000                 -3.2495296407933401E+000                  4.4390711844450587E-001                  6.8246774580433689E-001                  8.3298274363632763E-001 
                                     213                  2.9999998889585995E+000                  6.3741958616339001E-001                  4.8057221011482607E+000                 -7.0286610141752428E+000                  5.9236917094532657E+000                  6.9999999999760509E-001                  2.8000000000239511E-001                  1.9999999999999796E-002                  0.0000000000000000E+000                  5.0490541338703734E+008                  3.7528789347947487E+006                  1.3734812721895089E-026                  0.0000000000000000E+000                  0.0000000000000000E+000                  1.4335715096429125E+001                  3.6786944257127113E+009                  3.1825809516696350E-007                  0.0000000000000000E+000                 -3.2486102704410342E+000                  4.4592451130693428E-001                  6.8448513866676541E-001                  8.3500013649875604E-001 
                                     214                  2.9999998852085996E+000                  6.3731949447853264E-001                  4.8096790855628333E+000                 -7.0144894362824024E+000                  5.9417361471364742E+000                  6.9999999999760509E-001                  2.8000000000239511E-001                  1.9999999999999796E-002                  0.0000000000000000E+000                  5.0256334018764973E+008                  3.7721983197793234E+006                  1.4190526944267965E-026                  0.0000000000000000E+000                  0.0000000000000000E+000                  1.4221769195550330E+001                  3.7038986609445181E+009                  3.1927216980413296E-007                  0.0000000000000000E+000                 -3.2479194681140164E+000                  4.4785154580433628E-001                  6.8641217316416736E-001                  8.3692717099615799E-001 
                                     215                  2.9999998795835991E+000                  6.3717405377388892E-001                  4.8141979149308272E+000                 -6.9981683290951162E+000                  5.9624712679927772E+000                  6.9999999999760509E-001                  2.8000000000239517E-001                  1.9999999999999796E-002                  0.0000000000000000E+000                  5.0002590517929482E+008                  3.7941036013338901E+006                  1.4734131965880605E-026                  0.0000000000000000E+000                  0.0000000000000000E+000                  1.4099244800193812E+001                  3.7403428217026553E+009                  3.2025819478867979E-007                  0.0000000000000000E+000                 -3.2472498743420357E+000                  4.5059274380389991E-001                  6.8915337116373099E-001                  8.3966836899572161E-001 
                                     216                  2.9999998739585996E+000                  6.3703383913846445E-001                  4.8177914655549925E+000                 -6.9850981067478815E+000                  5.9790459862568399E+000                  6.9999999999760509E-001                  2.8000000000239517E-001                  1.9999999999999796E-002                  0.0000000000000000E+000                  4.9810364038156891E+008                  3.8114223611055003E+006                  1.5184440319760102E-026                  0.0000000000000000E+000                  0.0000000000000000E+000                  1.4007243766488317E+001                  3.7750457511551089E+009                  3.2066662708835630E-007                  0.0000000000000000E+000                 -3.2469731181423427E+000                  4.5317628834834733E-001                  6.9173691570817841E-001                  8.4225191354016904E-001 
                                     217                  2.9999998702085993E+000                  6.3694306160802217E-001                  4.8205780204170985E+000                 -6.9749868408404687E+000                  5.9918754273610997E+000                  6.9999999999760509E-001                  2.8000000000239517E-001                  1.9999999999999796E-002                  0.0000000000000000E+000                  4.9668898543617785E+008                  3.8248118683469379E+006                  1.5542225277682073E-026                  0.0000000000000000E+000                  0.0000000000000000E+000                  1.3936885016388285E+001                  3.7974397524884920E+009                  3.2070128480924305E-007                  0.0000000000000000E+000                 -3.2469496500880921E+000                  4.5481931006906756E-001                  6.9337993742889859E-001                  8.4389493526088932E-001 
                                     218                  2.9999998664585994E+000                  6.3685431814344906E-001                  4.8236208983433091E+000                 -6.9639494076614339E+000                  6.0058808041348426E+000                  6.9999999999760509E-001                  2.8000000000239517E-001                  1.9999999999999796E-002                  0.0000000000000000E+000                  4.9520819208937246E+008                  3.8393960865723714E+006                  1.5942414897026686E-026                  0.0000000000000000E+000                  0.0000000000000000E+000                  1.3861691577026876E+001                  3.8193969244240379E+009                  3.2060337213629925E-007                  0.0000000000000000E+000                 -3.2470159570039043E+000                  4.5640425834345444E-001                  6.9496488570328552E-001                  8.4547988353527626E-001 
                                     219                  2.9999998617710992E+000                  6.3674609892323297E-001                  4.8275353591754575E+000                 -6.9497514857616025E+000                  6.0238961957206509E+000                  6.9999999999760509E-001                  2.8000000000239517E-001                  1.9999999999999796E-002                  0.0000000000000000E+000                  4.9339388211124539E+008                  3.8581076262005470E+006                  1.6472388018428646E-026                  0.0000000000000000E+000                  0.0000000000000000E+000                  1.3767711395743731E+001                  3.8461939434470778E+009                  3.2031054567612023E-007                  0.0000000000000000E+000                 -3.2472143813493988E+000                  4.5831095154714036E-001                  6.9687157890697138E-001                  8.4738657673896201E-001 
                                     220                  2.9999998552085989E+000                  6.3659933578858863E-001                  4.8315846358658172E+000                 -6.9349612594951173E+000                  6.0426295674649708E+000                  6.9999999999760509E-001                  2.8000000000239517E-001                  1.9999999999999796E-002                  0.0000000000000000E+000                  4.9158349495897770E+008                  3.8773992121357596E+006                  1.7043217759326632E-026                  0.0000000000000000E+000                  0.0000000000000000E+000                  1.3677021272616564E+001                  3.8823169673154559E+009                  3.1959069493291107E-007                  0.0000000000000000E+000                 -3.2477029369539290E+000                  4.6085587546915141E-001                  6.9941650282898260E-001                  8.4993150066097312E-001 
                                     221                  2.9999998495835993E+000                  6.3647763800734891E-001                  4.8351798326357054E+000                 -6.9218408466968233E+000                  6.0592510730527511E+000                  6.9999999999760509E-001                  2.8000000000239517E-001                  1.9999999999999796E-002                  0.0000000000000000E+000                  4.9005646777907467E+008                  3.8944978564154957E+006                  1.7566139810948527E-026                  0.0000000000000000E+000                  0.0000000000000000E+000                  1.3599413466895751E+001                  3.9121028328474135E+009                  3.1872947835304408E-007                  0.0000000000000000E+000                 -3.2482888840240034E+000                  4.6293253258980155E-001                  7.0149315994963268E-001                  8.5200815778162331E-001 
                                     222                  2.9999998439585989E+000                  6.3635946397467913E-001                  4.8386447751929254E+000                 -6.9091885770385977E+000                  6.0752769291990871E+000                  6.9999999999760509E-001                  2.8000000000239517E-001                  1.9999999999999796E-002                  0.0000000000000000E+000                  4.8864416269202894E+008                  3.9109572639220906E+006                  1.8085596679295954E-026                  0.0000000000000000E+000                  0.0000000000000000E+000                  1.3527955741022955E+001                  3.9410244606782188E+009                  3.1770937871876582E-007                  0.0000000000000000E+000                 -3.2489849823476979E+000                  4.6492189744917733E-001                  7.0348252480900841E-001                  8.5399752264099904E-001 
                                     223                  2.9999998383335993E+000                  6.3624459060570271E-001                  4.8414337445918747E+000                 -6.8989712935534264E+000                  6.0882078571708274E+000                  6.9999999999760509E-001                  2.8000000000239517E-001                  1.9999999999999796E-002                  0.0000000000000000E+000                  4.8753653275322896E+008                  3.9241937751104776E+006                  1.8516273695163466E-026                  0.0000000000000000E+000                  0.0000000000000000E+000                  1.3473777542802623E+001                  3.9690249589946771E+009                  3.1653640768948735E-007                  0.0000000000000000E+000                 -3.2497881653362861E+000                  4.6683262516874635E-001                  7.0539325252857732E-001                  8.5590825036056806E-001 
                                     224                  2.9999998345835990E+000                  6.3616973998465276E-001                  4.8446988823392774E+000                 -6.8871177607895930E+000                  6.1032434798384658E+000                  6.9999999999760509E-001                  2.8000000000239517E-001                  1.9999999999999796E-002                  0.0000000000000000E+000                  4.8631513039104831E+008                  3.9397013954335498E+006                  1.9028791049010682E-026                  0.0000000000000000E+000                  0.0000000000000000E+000                  1.3410169582675598E+001                  3.9873556816025648E+009                  3.1570291300202190E-007                  0.0000000000000000E+000                 -3.2503607054193213E+000                  4.6806553552067742E-001                  7.0662616288050850E-001                  8.5714116071249913E-001 
                                     225                  2.9999998270835988E+000                  6.3602395835328407E-001                  4.8488708385595620E+000                 -6.8718832492373485E+000                  6.1225393123479934E+000                  6.9999999999760509E-001                  2.8000000000239517E-001                  1.9999999999999796E-002                  0.0000000000000000E+000                  4.8478807418735021E+008                  3.9595025660285093E+006                  1.9708384441262494E-026                  0.0000000000000000E+000                  0.0000000000000000E+000                  1.3336273121120129E+001                  4.0231277609062252E+009                  3.1391942702369102E-007                  0.0000000000000000E+000                 -3.2515909034941672E+000                  4.7044249977377334E-001                  7.0900312713360447E-001                  8.5951812496559521E-001 
                                     226                  2.9999998195835991E+000                  6.3588306246746817E-001                  4.8518759925643096E+000                 -6.8608590955064361E+000                  6.1364864137438646E+000                  6.9999999999760509E-001                  2.8000000000239517E-001                  1.9999999999999796E-002                  0.0000000000000000E+000                  4.8371237569009978E+008                  3.9737621384728025E+006                  2.0215248500731181E-026                  0.0000000000000000E+000                  0.0000000000000000E+000                  1.3288039524418158E+001                  4.0573226986285276E+009                  3.1191977578723214E-007                  0.0000000000000000E+000                 -3.2529785449987805E+000                  4.7271214162221759E-001                  7.1127276898204872E-001                  8.6178776681403935E-001 
                                     227                  2.9999998158335988E+000                  6.3581433052510472E-001                  4.8548148684596475E+000                 -6.8502019616675174E+000                  6.1500079393063105E+000                  6.9999999999760509E-001                  2.8000000000239517E-001                  1.9999999999999796E-002                  0.0000000000000000E+000                  4.8272903938598961E+008                  3.9877287762960652E+006                  2.0717628477665956E-026                  0.0000000000000000E+000                  0.0000000000000000E+000                  1.3240378997652218E+001                  4.0740881176354289E+009                  3.1088249083782498E-007                  0.0000000000000000E+000                 -3.2537018685484376E+000                  4.7380917229646247E-001                  7.1236979965629355E-001                  8.6288479748828428E-001 
                                     228                  2.9999998083335995E+000                  6.3568010475506409E-001                  4.8576485975837356E+000                 -6.8398300449555416E+000                  6.1631371384659488E+000                  6.9999999999760509E-001                  2.8000000000239517E-001                  1.9999999999999796E-002                  0.0000000000000000E+000                  4.8177707006029183E+008                  4.0011916172229350E+006                  2.1218550992177899E-026                  0.0000000000000000E+000                  0.0000000000000000E+000                  1.3199816930977965E+001                  4.1068463254493284E+009                  3.0874208820821722E-007                  0.0000000000000000E+000                 -3.2552020813868494E+000                  4.7593500690631241E-001                  7.1449563426614349E-001                  8.6501063209813411E-001 
                                     229                  2.9999998045835992E+000                  6.3561453044895044E-001                  4.8599626606393951E+000                 -6.8314330798357039E+000                  6.1737892155491476E+000                  6.9999999999760509E-001                  2.8000000000239517E-001                  1.9999999999999796E-002                  0.0000000000000000E+000                  4.8103981596067411E+008                  4.0122028565087044E+006                  2.1632951127209978E-026                  0.0000000000000000E+000                  0.0000000000000000E+000                  1.3166625001192452E+001                  4.1228148898052087E+009                  3.0763483394362712E-007                  0.0000000000000000E+000                 -3.2559822451424321E+000                  4.7696575261546637E-001                  7.1552637997529744E-001                  8.6604137780728807E-001 
                                     230                  2.9999997989585987E+000                  6.3551799848261903E-001                  4.8626663462530653E+000                 -6.8216094442661808E+000                  6.1862470544921671E+000                  6.9999999999760509E-001                  2.8000000000239517E-001                  1.9999999999999796E-002                  0.0000000000000000E+000                  4.8019290256491005E+008                  4.0250778353765858E+006                  2.2128045067546205E-026                  0.0000000000000000E+000                  0.0000000000000000E+000                  1.3130378253779270E+001                  4.1464452830133672E+009                  3.0596870530838632E-007                  0.0000000000000000E+000                 -3.2571614955940320E+000                  4.7847426774906071E-001                  7.1703489510889173E-001                  8.6754989294088236E-001 
                                     231                  2.9999997933335991E+000                  6.3542356326873284E-001                  4.8657369826419865E+000                 -6.8104947123513071E+000                  6.2003555232473211E+000                  6.9999999999760509E-001                  2.8000000000239517E-001                  1.9999999999999796E-002                  0.0000000000000000E+000                  4.7926746816860002E+008                  4.0397209975658609E+006                  2.2701886613185945E-026                  0.0000000000000000E+000                  0.0000000000000000E+000                  1.3090843155929317E+001                  4.1695735757985001E+009                  3.0428029053555862E-007                  0.0000000000000000E+000                 -3.2583630888699893E+000                  4.7994044239044359E-001                  7.1850106975027472E-001                  8.6901606758226535E-001 
                                     232                  2.9999997858335989E+000                  6.3530073909343843E-001                  4.8691309397853377E+000                 -6.7982041475639692E+000                  6.2159548189960683E+000                  6.9999999999760509E-001                  2.8000000000239517E-001                  1.9999999999999796E-002                  0.0000000000000000E+000                  4.7827105317171437E+008                  4.0559252890224112E+006                  2.3353780258201205E-026                  0.0000000000000000E+000                  0.0000000000000000E+000                  1.3050657764150296E+001                  4.1996808832177501E+009                  3.0201067840518987E-007                  0.0000000000000000E+000                 -3.2599888505570842E+000                  4.8183391615854237E-001                  7.2039454351837351E-001                  8.7090954135036425E-001 
                                     233                  2.9999997783335988E+000                  6.3518124215618454E-001                  4.8724160783309838E+000                 -6.7863333857633208E+000                  6.2310294796449721E+000                  6.9999999999760509E-001                  2.8000000000239517E-001                  1.9999999999999796E-002                  0.0000000000000000E+000                  4.7734170357168257E+008                  4.0716340595659525E+006                  2.4001176408371924E-026                  0.0000000000000000E+000                  0.0000000000000000E+000                  1.3014320154653237E+001                  4.2289436797375903E+009                  2.9972160729585320E-007                  0.0000000000000000E+000                 -3.2616409735537033E+000                  4.8366203775555983E-001                  7.2222266511539090E-001                  8.7273766294738153E-001 
                                     234                  2.9999997708335986E+000                  6.3506487248341859E-001                  4.8759959914957216E+000                 -6.7734541210730237E+000                  6.2474028324325621E+000                  6.9999999999760509E-001                  2.8000000000239517E-001                  1.9999999999999796E-002                  0.0000000000000000E+000                  4.7637542028006411E+008                  4.0887839805436363E+006                  2.4723891622246287E-026                  0.0000000000000000E+000                  0.0000000000000000E+000                  1.2976717244564632E+001                  4.2575357382066789E+009                  2.9744422732943184E-007                  0.0000000000000000E+000                 -3.2632972276295535E+000                  4.8542924088619288E-001                  7.2398986824602396E-001                  8.7450486607801470E-001 
                                     235                  2.9999997614585987E+000                  6.3492353507738375E-001                  4.8790646734334135E+000                 -6.7623762260601064E+000                  6.2614741522138386E+000                  6.9999999999760509E-001                  2.8000000000239517E-001                  1.9999999999999796E-002                  0.0000000000000000E+000                  4.7555849985636258E+008                  4.1035028144292468E+006                  2.5362912237194801E-026                  0.0000000000000000E+000                  0.0000000000000000E+000                  1.2948343479203384E+001                  4.2921887356171632E+009                  2.9459841353108539E-007                  0.0000000000000000E+000                 -3.2653847981230522E+000                  4.8755977016514113E-001                  7.2612039752497215E-001                  8.7663539535696278E-001 
                                     236                  2.9999997558335987E+000                  6.3484080439904367E-001                  4.8816883801810524E+000                 -6.7529810205240937E+000                  6.2734323118058262E+000                  6.9999999999760509E-001                  2.8000000000239517E-001                  1.9999999999999796E-002                  0.0000000000000000E+000                  4.7489912699263453E+008                  4.1161136781889815E+006                  2.5917797590864010E-026                  0.0000000000000000E+000                  0.0000000000000000E+000                  1.2924069385910517E+001                  4.3125040038502121E+009                  2.9290443882367997E-007                  0.0000000000000000E+000                 -3.2666370233739097E+000                  4.8879868308633562E-001                  7.2735931044616664E-001                  8.7787430827815738E-001 
                                     237                  2.9999997483335989E+000                  6.3473278637333153E-001                  4.8846045407192165E+000                 -6.7425417947931052E+000                  6.2867203854188105E+000                  6.9999999999760509E-001                  2.8000000000239517E-001                  1.9999999999999796E-002                  0.0000000000000000E+000                  4.7418362878452283E+008                  4.1301505834644735E+006                  2.6548595812249481E-026                  0.0000000000000000E+000                  0.0000000000000000E+000                  1.2899179872640005E+001                  4.3391677778438921E+009                  2.9068483931708153E-007                  0.0000000000000000E+000                 -3.2682888091451092E+000                  4.9040759226665437E-001                  7.2896821962648550E-001                  8.7948321745847602E-001 
                                     238                  2.9999997408335988E+000                  6.3462725603450687E-001                  4.8889461932954328E+000                 -6.7271610518883209E+000                  6.3063500813251210E+000                  6.9999999999760509E-001                  2.8000000000239517E-001                  1.9999999999999796E-002                  0.0000000000000000E+000                  4.7319810454579586E+008                  4.1511072365245242E+006                  2.7506075630123882E-026                  0.0000000000000000E+000                  0.0000000000000000E+000                  1.2862011098121307E+001                  4.3654015018299932E+009                  2.8851231752370461E-007                  0.0000000000000000E+000                 -3.2699178203383852E+000                  4.9196995202220062E-001                  7.3053057938203181E-001                  8.8104557721402244E-001 
                                     239                  2.9999997253403889E+000                  6.3441661113129322E-001                  4.8931618719085241E+000                 -6.7120684645143198E+000                  6.3255612803048464E+000                  6.9999999999760509E-001                  2.8000000000239517E-001                  1.9999999999999796E-002                  0.0000000000000000E+000                  4.7222748020254606E+008                  4.1714865900089466E+006                  2.8479184231311017E-026                  0.0000000000000000E+000                  0.0000000000000000E+000                  1.2834856812311134E+001                  4.4175473454244223E+009                  2.8407707254101588E-007                  0.0000000000000000E+000                 -3.2732819080782161E+000                  4.9506468094705841E-001                  7.3362530830688955E-001                  8.8414030613888017E-001 
                                     240                  2.9999997173471793E+000                  6.3431153313447219E-001                  4.8959519667188980E+000                 -6.7021803091001724E+000                  6.3381799727376471E+000                  6.9999999999760509E-001                  2.8000000000239517E-001                  1.9999999999999796E-002                  0.0000000000000000E+000                  4.7163317734572935E+008                  4.1850123580194451E+006                  2.9135327482394338E-026                  0.0000000000000000E+000                  0.0000000000000000E+000                  1.2816752503372015E+001                  4.4434411330722857E+009                  2.8180844809952138E-007                  0.0000000000000000E+000                 -3.2750229958404251E+000                  4.9659596016102503E-001                  7.3515658752085611E-001                  8.8567158535284685E-001 
                                     241                  2.9999997093539705E+000                  6.3420874678870365E-001                  4.8993481265692589E+000                 -6.6902185971036916E+000                  6.3534688148536445E+000                  6.9999999999760509E-001                  2.8000000000239522E-001                  1.9999999999999685E-002                  0.0000000000000000E+000                  4.7095037070770544E+008                  4.2015140237153554E+006                  2.9949306119081627E-026                  0.0000000000000000E+000                  0.0000000000000000E+000                  1.2795473689791109E+001                  4.4690727226115389E+009                  2.7961538695620290E-007                  0.0000000000000000E+000                 -3.2767194667380277E+000                  4.9808556046691183E-001                  7.3664618782674285E-001                  8.8716118565873348E-001 
                                     242                  2.9999996973641561E+000                  6.3405862479423825E-001                  4.9032773541581740E+000                 -6.6763809130451444E+000                  6.3711560800136589E+000                  6.9999999999760498E-001                  2.8000000000239522E-001                  1.9999999999999796E-002                  0.0000000000000000E+000                  4.7018468048121417E+008                  4.2206487803692454E+006                  3.0919359866268777E-026                  0.0000000000000000E+000                  0.0000000000000000E+000                  1.2774517332327857E+001                  4.5065899586631556E+009                  2.7639608718290994E-007                 -8.0941479951378607E-020                 -3.2792340546845544E+000                  5.0024813792536704E-001                  7.3880876528519812E-001                  8.8932376311718886E-001 
                                     243                  2.9999996853743416E+000                  6.3391306207169873E-001                  4.9064391713425328E+000                 -6.6652519841577229E+000                  6.3853831386801252E+000                  6.9999999999760487E-001                  2.8000000000239528E-001                  1.9999999999999796E-002                  0.0000000000000000E+000                  4.6958710455472040E+008                  4.2360838613533955E+006                  3.1722277106142369E-026                  0.0000000000000000E+000                  0.0000000000000000E+000                  1.2760290925405640E+001                  4.5428385710555058E+009                  2.7322918202853036E-007                 -9.9866666941727982E-020                 -3.2817364590158586E+000                  5.0233117345204770E-001                  7.4089180081187878E-001                  8.9140679864386951E-001 
                                     244                  2.9999996773811319E+000                  6.3381839687659103E-001                  4.9089092793249209E+000                 -6.6566098993080747E+000                  6.3964479875964457E+000                  6.9999999999760487E-001                  2.8000000000239544E-001                  1.9999999999999685E-002                  0.0000000000000000E+000                  4.6914495800141323E+008                  4.2481727942170613E+006                  3.2360134093546949E-026                  0.0000000000000000E+000                  0.0000000000000000E+000                  1.2749485880255794E+001                  4.5664710636371393E+009                  2.7116761623904444E-007                  0.0000000000000000E+000                 -3.2833810883177588E+000                  5.0367853137539265E-001                  7.4223915873522373E-001                  8.9275415656721435E-001 
                                     245                  2.9999996693879223E+000                  6.3372553669302556E-001                  4.9125270307018800E+000                 -6.6440638539677144E+000                  6.4125475059041994E+000                  6.9999999999760476E-001                  2.8000000000239550E-001                  1.9999999999999796E-002                  0.0000000000000000E+000                  4.6854310264396149E+008                  4.2659330175441615E+006                  3.3309034883440102E-026                  0.0000000000000000E+000                  0.0000000000000000E+000                  1.2733316869014828E+001                  4.5899008809278297E+009                  2.6917658799926106E-007                  8.7400624466177716E-020                 -3.2849813580800729E+000                  5.0499455592693232E-001                  7.4355518328676340E-001                  8.9407018111875403E-001 
                                     246                  2.9999996534015034E+000                  6.3354493423309521E-001                  4.9165771911604566E+000                 -6.6299516098519087E+000                  6.4306351489183067E+000                  6.9999999999760454E-001                  2.8000000000239567E-001                  1.9999999999999796E-002                  0.0000000000000000E+000                  4.6786502770062447E+008                  4.2858755201799069E+006                  3.4409692675479179E-026                  0.0000000000000000E+000                  0.0000000000000000E+000                  1.2720417894633677E+001                  4.6354569246734791E+009                  2.6530537257117092E-007                  0.0000000000000000E+000                 -3.2881269776202413E+000                  5.0754082104747955E-001                  7.4610144840731052E-001                  8.9661644623930126E-001 
                                     247                  2.9999996414116890E+000                  6.3341367178754671E-001                  4.9210552792301838E+000                 -6.6145432030147200E+000                  6.4504477983235562E+000                  6.9999999999760421E-001                  2.8000000000239589E-001                  1.9999999999999907E-002                  0.0000000000000000E+000                  4.6718827589871335E+008                  4.3080334381111683E+006                  3.5653027889224510E-026                  0.0000000000000000E+000                  0.0000000000000000E+000                  1.2705124472101639E+001                  4.6686512590232306E+009                  2.6250664231840660E-007                  6.9897989959096766E-020                 -3.2904298514895185E+000                  5.0938017854115158E-001                  7.4794080590098277E-001                  8.9845580373297340E-001 
                                     248                  2.9999996214286648E+000                  6.3320227674585738E-001                  4.9258583226251069E+000                 -6.5979650516385080E+000                  6.4717477437446407E+000                  6.9999999999760409E-001                  2.8000000000239600E-001                  1.9999999999999907E-002                  0.0000000000000000E+000                  4.6646035477234727E+008                  4.3319081790280575E+006                  3.7040980983677055E-026                  0.0000000000000000E+000                  0.0000000000000000E+000                  1.2694497660433028E+001                  4.7222955279075413E+009                  2.5805995787886976E-007                  0.0000000000000000E+000                 -3.2941396889743930E+000                  5.1232498388968239E-001                  7.5088561124951347E-001                  9.0140060908150410E-001 
                                     249                  2.9999996054422455E+000                  6.3303928401749165E-001                  4.9295130629537285E+000                 -6.5854138729899727E+000                  6.4878947710679480E+000                  6.9999999999760409E-001                  2.8000000000239605E-001                  1.9999999999999796E-002                  0.0000000000000000E+000                  4.6592992603230810E+008                  4.3501691702737715E+006                  3.8127624461051547E-026                  0.0000000000000000E+000                  0.0000000000000000E+000                  1.2687874723693209E+001                  4.7635041554276381E+009                  2.5463799338588850E-007                  0.0000000000000000E+000                 -3.2970383983639429E+000                  5.1458149278173659E-001                  7.5314212014156767E-001                  9.0365711797355819E-001 
                                     250                  2.9999995930036429E+000                  6.3291595452389382E-001                  4.9326207239362621E+000                 -6.5748037408855549E+000                  6.5015652898066900E+000                  6.9999999999760409E-001                  2.8000000000239605E-001                  1.9999999999999796E-002                  0.0000000000000000E+000                  4.6549762206563079E+008                  4.3657683047653008E+006                  3.9071051144212625E-026                  0.0000000000000000E+000                  0.0000000000000000E+000                  1.2683165260782149E+001                  4.7948587129996519E+009                  2.5208653059613913E-007                  0.0000000000000000E+000                 -3.2992251793911458E+000                  5.1628128204330881E-001                  7.5484190940313989E-001                  9.0535690723513051E-001 
                                     251                  2.9999995805650399E+000                  6.3279550017275188E-001                  4.9363968418847737E+000                 -6.5620041726453877E+000                  6.5180876513852537E+000                  6.9999999999760409E-001                  2.8000000000239617E-001                  1.9999999999999796E-002                  0.0000000000000000E+000                  4.6499684477525997E+008                  4.3848197490563663E+006                  4.0240284320058316E-026                  0.0000000000000000E+000                  0.0000000000000000E+000                  1.2678738230974162E+001                  4.8257308267277813E+009                  2.4962643988755960E-007                  0.0000000000000000E+000                 -3.3013547085149653E+000                  5.1793572254441544E-001                  7.5649634990424652E-001                  9.0701134773623726E-001 
                                     252                  2.9999995619071358E+000                  6.3261988652204171E-001                  4.9411175794167592E+000                 -6.5460475504033004E+000                  6.5387003949807845E+000                  6.9999999999760398E-001                  2.8000000000239611E-001                  1.9999999999999907E-002                  0.0000000000000000E+000                  4.6437471902601498E+008                  4.4087889705363335E+006                  4.1747045432531343E-026                  0.0000000000000000E+000                  0.0000000000000000E+000                  1.2678700027896085E+001                  4.8709430601839762E+009                  2.4604532877057822E-007                 -1.2914930850523467E-019                 -3.3044924378681282E+000                  5.2033931170726244E-001                  7.5889993906709363E-001                  9.0941493689908426E-001 
                                     253                  2.9999995401395814E+000                  6.3242214017411302E-001                  4.9459859609195096E+000                 -6.5296586146885156E+000                  6.5598940536499111E+000                  6.9999999999760398E-001                  2.8000000000239611E-001                  1.9999999999999907E-002                  0.0000000000000000E+000                  4.6373712106493086E+008                  4.4336972643757733E+006                  4.3353397313345188E-026                  0.0000000000000000E+000                  0.0000000000000000E+000                  1.2685952224724868E+001                  4.9218711714549351E+009                  2.4195894856812768E-007                  0.0000000000000000E+000                 -3.3081291556929657E+000                  5.2303538269973915E-001                  7.6159601005957023E-001                  9.1211100789156097E-001 
                                     254                  2.9999995183720265E+000                  6.3223146147702702E-001                  4.9496606370290754E+000                 -6.5173027111686670E+000                  6.5758772434429007E+000                  6.9999999999760409E-001                  2.8000000000239611E-001                  1.9999999999999796E-002                  0.0000000000000000E+000                  4.6324905482772279E+008                  4.4526242707155151E+006                  4.4605202960879267E-026                  0.0000000000000000E+000                  0.0000000000000000E+000                  1.2697967331108650E+001                  4.9708976207183113E+009                  2.3792866552185847E-007                  8.1715756545793453E-020                 -3.3117766156186246E+000                  5.2562589323308628E-001                  7.6418652059291747E-001                  9.1470151842490810E-001 
                                     255                  2.9999995059334235E+000                  6.3212544990354225E-001                  4.9535693803423557E+000                 -6.5043632056371710E+000                  6.5926837945822170E+000                  6.9999999999760409E-001                  2.8000000000239611E-001                  1.9999999999999796E-002                  0.0000000000000000E+000                  4.6277669542315966E+008                  4.4728966280313414E+006                  4.5954909028742182E-026                  0.0000000000000000E+000                  0.0000000000000000E+000                  1.2712560116622456E+001                  4.9984247764569445E+009                  2.3566466767996742E-007                  0.0000000000000000E+000                 -3.3138527623692489E+000                  5.2706232576880607E-001                  7.6562295312863715E-001                  9.1613795096062789E-001 
                                     256                  2.9999994810562178E+000                  6.3191942876027141E-001                  4.9579462638901930E+000                 -6.4898374003844470E+000                  6.6115381637231856E+000                  6.9999999999760409E-001                  2.8000000000239611E-001                  1.9999999999999796E-002                  0.0000000000000000E+000                  4.6222195144188684E+008                  4.4957431597293960E+006                  4.7518811267106674E-026                  0.0000000000000000E+000                  0.0000000000000000E+000                  1.2737820774156367E+001                  5.0522361516003256E+009                  2.3121924153594488E-007                  0.0000000000000000E+000                 -3.3179880138775482E+000                  5.2984829921925258E-001                  7.6840892657908366E-001                  9.1892392441107429E-001 
                                     257                  2.9999994623983137E+000                  6.3176981183500758E-001                  4.9609776422066290E+000                 -6.4798369366599395E+000                  6.6245390422454520E+000                  6.9999999999760409E-001                  2.8000000000239611E-001                  1.9999999999999796E-002                  0.0000000000000000E+000                  4.6184412818293625E+008                  4.5116678025882859E+006                  4.8626332281729990E-026                  0.0000000000000000E+000                  0.0000000000000000E+000                  1.2758065262799674E+001                  5.0911765187392445E+009                  2.2794078381858349E-007                  0.0000000000000000E+000                 -3.3210889813266404E+000                  5.3186683141291136E-001                  7.7042745877274244E-001                  9.2094245660473317E-001 
                                     258                  2.9999994499597107E+000                  6.3167225453437159E-001                  4.9639450970214014E+000                 -6.4701439700517138E+000                  6.6371732004639155E+000                  6.9999999999760409E-001                  2.8000000000239611E-001                  1.9999999999999796E-002                  0.0000000000000000E+000                  4.6149301695996475E+008                  4.5273423671134803E+006                  4.9724434598849692E-026                  0.0000000000000000E+000                  0.0000000000000000E+000                  1.2778317369948663E+001                  5.1168049025215187E+009                  2.2582613938010672E-007                  0.0000000000000000E+000                 -3.3231128949532946E+000                  5.3318110263069718E-001                  7.7174172999052826E-001                  9.2225672782251888E-001 
                                     259                  2.9999994313018066E+000                  6.3152902940219857E-001                  4.9679805462519839E+000                 -6.4570321940755608E+000                  6.6542875425293149E+000                  6.9999999999760409E-001                  2.8000000000239611E-001                  1.9999999999999796E-002                  0.0000000000000000E+000                  4.6102397225153738E+008                  4.5487808524458697E+006                  5.1249424607271070E-026                  0.0000000000000000E+000                  0.0000000000000000E+000                  1.2808001557188380E+001                  5.1547607495118418E+009                  2.2277558821804947E-007                  0.0000000000000000E+000                 -3.3260662004723418E+000                  5.3510791162419280E-001                  7.7366853898402388E-001                  9.2418353681601451E-001 
                                     260                  2.9999994064246009E+000                  6.3134353138786958E-001                  4.9724362849644228E+000                 -6.4426145533740433E+000                  6.6731269458863158E+000                  6.9999999999760409E-001                  2.8000000000239611E-001                  1.9999999999999796E-002                  0.0000000000000000E+000                  4.6051165965433556E+008                  4.5726046059431545E+006                  5.2980354583833414E-026                  0.0000000000000000E+000                  0.0000000000000000E+000                  1.2843413810850963E+001                  5.2040187338400269E+009                  2.1889390781320320E-007                  0.0000000000000000E+000                 -3.3298831627060448E+000                  5.3759791418496483E-001                  7.7615854154479602E-001                  9.2667353937678665E-001 
                                     261                  2.9999993814377719E+000                  6.3116307173742792E-001                  4.9756712476557734E+000                 -6.4321616125342604E+000                  6.6867906532512356E+000                  6.9999999999760409E-001                  2.8000000000239611E-001                  1.9999999999999796E-002                  0.0000000000000000E+000                  4.6013885729423869E+008                  4.5899935390214641E+006                  5.4271753133979931E-026                  0.0000000000000000E+000                  0.0000000000000000E+000                  1.2870751455997340E+001                  5.2518411772329569E+009                  2.1519519199946266E-007                  0.0000000000000000E+000                 -3.3335837180628349E+000                  5.4001334858844718E-001                  7.7857397594827837E-001                  9.2908897378026900E-001 
                                     262                  2.9999993689443576E+000                  6.3107490594102533E-001                  4.9788422280377880E+000                 -6.4220572205387398E+000                  6.7000481539498349E+000                  6.9999999999760409E-001                  2.8000000000239611E-001                  1.9999999999999796E-002                  0.0000000000000000E+000                  4.5981064269227016E+008                  4.6071233047111565E+006                  5.5550012305640919E-026                  0.0000000000000000E+000                  0.0000000000000000E+000                  1.2894995204251163E+001                  5.2754044165418596E+009                  2.1345353560577875E-007                  0.0000000000000000E+000                 -3.3353483236125818E+000                  5.4119021811968260E-001                  7.7975084547951368E-001                  9.3026584331150441E-001 
                                     263                  2.9999993439575285E+000                  6.3090247443732217E-001                  4.9829329233599635E+000                 -6.4090286122217828E+000                  6.7171444504075577E+000                  6.9999999999760409E-001                  2.8000000000239611E-001                  1.9999999999999796E-002                  0.0000000000000000E+000                  4.5938767621836239E+008                  4.6293197498193337E+006                  5.7242751162473881E-026                  0.0000000000000000E+000                  0.0000000000000000E+000                  1.2927477165358180E+001                  5.3218563949478064E+009                  2.1018234793414950E-007                  0.0000000000000000E+000                 -3.3387018803972395E+000                  5.4348541303645603E-001                  7.8204604039628711E-001                  9.3256103822827774E-001 
                                     264                  2.9999993189706995E+000                  6.3073494236755634E-001                  4.9878740619395030E+000                 -6.3934521619992557E+000                  6.7376406650382314E+000                  6.9999999999760398E-001                  2.8000000000239611E-001                  1.9999999999999907E-002                  0.0000000000000000E+000                  4.5892356041723138E+008                  4.6562848756859377E+006                  5.9334371059780739E-026                  0.0000000000000000E+000                  0.0000000000000000E+000                  1.2964086477615149E+001                  5.3671509492051792E+009                  2.0713276105245859E-007                 -5.9373005978951421E-020                 -3.3418756028491043E+000                  5.4570606686915857E-001                  7.8426669422898976E-001                  9.3478169206098038E-001 
                                     265                  2.9999992814904557E+000                  6.3049215380877122E-001                  4.9930643981742824E+000                 -6.3770908293758017E+000                  6.7591695134263201E+000                  6.9999999999760409E-001                  2.8000000000239611E-001                  1.9999999999999796E-002                  0.0000000000000000E+000                  4.5844473760183561E+008                  4.6847589139393643E+006                  6.1613761851473877E-026                  0.0000000000000000E+000                  0.0000000000000000E+000                  1.3003756200301932E+001                  5.4329445923035192E+009                  2.0292636610790401E-007                  5.5898748647939424E-020                 -3.3463307608321409E+000                  5.4890671774771815E-001                  7.8746734510754923E-001                  9.3798234293953986E-001 
                                     266                  2.9999992502569204E+000                  6.3029701549548611E-001                  4.9966997614498725E+000                 -6.3656720566910314E+000                  6.7742091442739021E+000                  6.9999999999760409E-001                  2.8000000000239611E-001                  1.9999999999999796E-002                  0.0000000000000000E+000                  4.5812967521160173E+008                  4.7047887998084165E+006                  6.3256276521508582E-026                  0.0000000000000000E+000                  0.0000000000000000E+000                  1.3030843283277223E+001                  5.4856348025762959E+009                  1.9968172342816396E-007                  0.0000000000000000E+000                 -3.3498308418198697E+000                  5.5146233684089463E-001                  7.9002296420072571E-001                  9.4053796203271645E-001 
                                     267                  2.9999992315167985E+000                  6.3018284891232967E-001                  5.0006889281409270E+000                 -6.3533160346933046E+000                  6.7905454735761532E+000                  6.9999999999760409E-001                  2.8000000000239611E-001                  1.9999999999999796E-002                  0.0000000000000000E+000                  4.5784413397409093E+008                  4.7268553256002767E+006                  6.5082984877531246E-026                  0.0000000000000000E+000                  0.0000000000000000E+000                  1.3056012162619181E+001                  5.5167941673720837E+009                  1.9789309470529099E-007                  0.0000000000000000E+000                 -3.3517846799147648E+000                  5.5294885936167970E-001                  7.9150948672151078E-001                  9.4202448455350152E-001 
                                     268                  2.9999991940365547E+000                  6.2996066251085192E-001                  5.0049438903530374E+000                 -6.3400645678635668E+000                  6.8080391840143433E+000                  6.9999999999760409E-001                  2.8000000000239611E-001                  1.9999999999999796E-002                  0.0000000000000000E+000                  4.5753609053786296E+008                  4.7504585651392834E+006                  6.7100759476870017E-026                  0.0000000000000000E+000                  0.0000000000000000E+000                  1.3084645319259357E+001                  5.5776059179392328E+009                  1.9457325544681716E-007                  0.0000000000000000E+000                 -3.3554584273834918E+000                  5.5582400086027672E-001                  7.9438462822010780E-001                  9.4489962605209854E-001 
                                     269                  2.9999991690497256E+000                  6.2981680788373784E-001                  5.0082509192946318E+000                 -6.3298424514668410E+000                  6.8215615018272686E+000                  6.9999999999760409E-001                  2.8000000000239611E-001                  1.9999999999999796E-002                  0.0000000000000000E+000                  4.5733038342528683E+008                  4.7688626009911578E+006                  6.8699915421212954E-026                  0.0000000000000000E+000                  0.0000000000000000E+000                  1.3105009304598696E+001                  5.6168621376660948E+009                  1.9249298735248896E-007                  0.0000000000000000E+000                 -3.3577925437520069E+000                  5.5767230201231033E-001                  7.9623292937214152E-001                  9.4674792720413214E-001 
                                     270                  2.9999991440628966E+000                  6.2967616153196604E-001                  5.0114690907251145E+000                 -6.3199243675775323E+000                  6.8346922117784148E+000                  6.9999999999760409E-001                  2.8000000000239611E-001                  1.9999999999999796E-002                  0.0000000000000000E+000                  4.5714903623444140E+008                  4.7868176285027349E+006                  7.0287939704626437E-026                  0.0000000000000000E+000                  0.0000000000000000E+000                  1.3124381844715613E+001                  5.6554562566253767E+009                  1.9054013858205622E-007                  0.0000000000000000E+000                 -3.3600067616254452E+000                  5.5946857704605779E-001                  7.9802920440588887E-001                  9.4854420223787950E-001 
                                     271                  2.9999991190760675E+000                  6.2953855857636931E-001                  5.0161611923149501E+000                 -6.3056103141321636E+000                  6.8536961857276335E+000                  6.9999999999760409E-001                  2.8000000000239617E-001                  1.9999999999999796E-002                  0.0000000000000000E+000                  4.5694501879961103E+008                  4.8130840291881077E+006                  7.2644780893022437E-026                  0.0000000000000000E+000                  0.0000000000000000E+000                  1.3149730059412397E+001                  5.6935217696161871E+009                  1.8870534302451024E-007                  0.0000000000000000E+000                 -3.3621079014988524E+000                  5.6121508254942953E-001                  7.9977570990926072E-001                  9.5029070774125124E-001 
                                     272                  2.9999990691024094E+000                  6.2927190338283567E-001                  5.0221160428543472E+000                 -6.2873918310071053E+000                  6.8778642771515450E+000                  6.9999999999760398E-001                  2.8000000000239617E-001                  1.9999999999999796E-002                  0.0000000000000000E+000                  4.5670744096544349E+008                  4.8465349316670792E+006                  7.5759183620928074E-026                  0.0000000000000000E+000                  0.0000000000000000E+000                  1.3185760147091869E+001                  5.7674181282604895E+009                  1.8525304307316352E-007                 -4.7158693055433544E-020                 -3.3661173246593958E+000                  5.6457122238119484E-001                  8.0313184974102592E-001                  9.5364684757301654E-001 
                                     273                  2.9999990191287522E+000                  6.2901574074010691E-001                  5.0267423415971351E+000                 -6.2732348940210603E+000                  6.8966431261062455E+000                  6.9999999999760398E-001                  2.8000000000239622E-001                  1.9999999999999796E-002                  0.0000000000000000E+000                  4.5654991169159013E+008                  4.8726154576748647E+006                  7.8271206145777609E-026                  0.0000000000000000E+000                  0.0000000000000000E+000                  1.3216452688412106E+001                  5.8378136294936886E+009                  1.8194662552445646E-007                  0.0000000000000000E+000                 -3.3700279973257588E+000                  5.6776115034354635E-001                  8.0632177770337743E-001                  9.5683677553536806E-001 
                                     274                  2.9999989877024160E+000                  6.2885959506407418E-001                  5.0305609000687994E+000                 -6.2616630016721402E+000                  6.9120345694600829E+000                  6.9999999999760398E-001                  2.8000000000239622E-001                  1.9999999999999796E-002                  0.0000000000000000E+000                  4.5646833397843212E+008                  4.8942183593407013E+006                  8.0386301997315573E-026                  0.0000000000000000E+000                  0.0000000000000000E+000                  1.3240776194291113E+001                  5.8808851969605350E+009                  1.7996850580977495E-007                  0.0000000000000000E+000                 -3.3724017445309826E+000                  5.6968805333746930E-001                  8.0824868069730049E-001                  9.5876367852929112E-001 
                                     275                  2.9999989498365736E+000                  6.2867618579811690E-001                  5.0335909670765586E+000                 -6.2524503577734034E+000                  6.9242767613023481E+000                  6.9999999999760398E-001                  2.8000000000239622E-001                  1.9999999999999796E-002                  0.0000000000000000E+000                  4.5640531426199883E+008                  4.9114015599996429E+006                  8.2110981852506708E-026                  0.0000000000000000E+000                  0.0000000000000000E+000                  1.3262140602445019E+001                  5.9315743210530262E+009                  1.7767534749945824E-007                  0.0000000000000000E+000                 -3.3751864132433171E+000                  5.7193560932432608E-001                  8.1049623668415716E-001                  9.6101123451614789E-001 
                                     276                  2.9999989309036525E+000                  6.2858632121457170E-001                  5.0365643519299050E+000                 -6.2435111363720619E+000                  6.9361930265930773E+000                  6.9999999999760398E-001                  2.8000000000239622E-001                  1.9999999999999796E-002                  0.0000000000000000E+000                  4.5637984484772754E+008                  4.9283122493860926E+006                  8.3819851975834695E-026                  0.0000000000000000E+000                  0.0000000000000000E+000                  1.3281480791621480E+001                  5.9565094548366814E+009                  1.7656827581332852E-007                  0.0000000000000000E+000                 -3.3765436619218661E+000                  5.7303040984909404E-001                  8.1159103720892523E-001                  9.6210603504091585E-001 
                                     277                  2.9999988930378101E+000                  6.2841009177445317E-001                  5.0404070289526022E+000                 -6.2319368382881448E+000                  6.9516137981124508E+000                  6.9999999999760398E-001                  2.8000000000239622E-001                  1.9999999999999796E-002                  0.0000000000000000E+000                  4.5635224160737830E+008                  4.9502245390148386E+006                  8.6085419816866461E-026                  0.0000000000000000E+000                  0.0000000000000000E+000                  1.3308567810448437E+001                  6.0056670349475698E+009                  1.7443951408547738E-007                  0.0000000000000000E+000                 -3.3791775658786043E+000                  5.7516566021039794E-001                  8.1372628757022902E-001                  9.6424128540221965E-001 
                                     278                  2.9999988551719672E+000                  6.2823829056744374E-001                  5.0441315431876763E+000                 -6.2207512522870694E+000                  6.9665289206754277E+000                  6.9999999999760398E-001                  2.8000000000239622E-001                  1.9999999999999796E-002                  0.0000000000000000E+000                  4.5634585097320396E+008                  4.9715331686152173E+006                  8.8333090560125748E-026                  0.0000000000000000E+000                  0.0000000000000000E+000                  1.3335541451865048E+001                  6.0534615774531422E+009                  1.7237420216220157E-007                  0.0000000000000000E+000                 -3.3817638654765170E+000                  5.7723345710985252E-001                  8.1579408446968360E-001                  9.6630908230167423E-001 
                                     279                  2.9999988173061247E+000                  6.2807066132915412E-001                  5.0468446692918958E+000                 -6.2125914511235596E+000                  6.9774050155351830E+000                  6.9999999999760398E-001                  2.8000000000239622E-001                  1.9999999999999796E-002                  0.0000000000000000E+000                  4.5634390483357531E+008                  4.9870984377813451E+006                  9.0009697660816875E-026                  0.0000000000000000E+000                  0.0000000000000000E+000                  1.3356463534823524E+001                  6.0999929384462099E+009                  1.7037338280810421E-007                  0.0000000000000000E+000                 -3.3842991267403364E+000                  5.7923834365578442E-001                  8.1779897101561561E-001                  9.6831396884760623E-001 
                                     280                  2.9999987983732037E+000                  6.2798833572520363E-001                  5.0495125295999159E+000                 -6.2046474175773350E+000                  6.9880233307347499E+000                  6.9999999999760409E-001                  2.8000000000239622E-001                  1.9999999999999685E-002                  0.0000000000000000E+000                  4.5636841168667018E+008                  5.0024497442464922E+006                  9.1672548846953151E-026                  0.0000000000000000E+000                  0.0000000000000000E+000                  1.3375682489932187E+001                  6.1229555668966894E+009                  1.6940950088705808E-007                  2.0335582051595822E-019                 -3.3855311185282835E+000                  5.8021811822408520E-001                  8.1877874558391639E-001                  9.6929374341590702E-001 
                                     281                  2.9999987605073613E+000                  6.2782653254103093E-001                  5.0534023671640238E+000                 -6.1930681001856565E+000                  7.0035019929047131E+000                  6.9999999999760398E-001                  2.8000000000239622E-001                  1.9999999999999796E-002                  0.0000000000000000E+000                  4.5641114178311950E+008                  5.0249043479318069E+006                  9.4151539036993804E-026                  0.0000000000000000E+000                  0.0000000000000000E+000                  1.3405004244329252E+001                  6.1683740401737862E+009                  1.6756007824246773E-007                  0.0000000000000000E+000                 -3.3879147227581061E+000                  5.8213487677998355E-001                  8.2069550413981462E-001                  9.7121050197180525E-001 
                                     282                  2.9999987131750583E+000                  6.2762935555726851E-001                  5.0575783929392468E+000                 -6.1806500713901746E+000                  7.0201068216718241E+000                  6.9999999999760398E-001                  2.8000000000239622E-001                  1.9999999999999796E-002                  0.0000000000000000E+000                  4.5646669926748669E+008                  5.0491122807525415E+006                  9.6884659981329663E-026                  0.0000000000000000E+000                  0.0000000000000000E+000                  1.3438350035391657E+001                  6.2235901454780025E+009                  1.6532123848284670E-007                  0.0000000000000000E+000                 -3.3908356749583763E+000                  5.8445643828582616E-001                  8.2301706564565724E-001                  9.7353206347764787E-001 
                                     283                  2.9999986658427549E+000                  6.2743747906427949E-001                  5.0620183096610498E+000                 -6.1675131002699191E+000                  7.0376979370813846E+000                  6.9999999999760398E-001                  2.8000000000239628E-001                  1.9999999999999796E-002                  0.0000000000000000E+000                  4.5654843029978150E+008                  5.0749771895488435E+006                  9.9862459994863774E-026                  0.0000000000000000E+000                  0.0000000000000000E+000                  1.3475186875119677E+001                  6.2773942559295158E+009                  1.6316495788824205E-007                  0.0000000000000000E+000                 -3.3936865533972798E+000                  5.8670074777698178E-001                  8.2526137513681286E-001                  9.7577637296880360E-001 
                                     284                  2.9999986090439914E+000                  6.2721376699320397E-001                  5.0662938236420185E+000                 -6.1548618950240996E+000                  7.0546383736245790E+000                  6.9999999999760398E-001                  2.8000000000239622E-001                  1.9999999999999796E-002                  0.0000000000000000E+000                  4.5662842424661970E+008                  5.1000094779433310E+006                  1.0281666241286587E-025                  0.0000000000000000E+000                  0.0000000000000000E+000                  1.3514385832678592E+001                  6.3401297631685505E+009                  1.6065773142497209E-007                  0.0000000000000000E+000                 -3.3970491849024538E+000                  5.8930033253623815E-001                  8.2786095989606923E-001                  9.7837595772805996E-001 
                                     285                  2.9999985617116889E+000                  6.2703243913080642E-001                  5.0708100697647192E+000                 -6.1416116219088002E+000                  7.0724241384751059E+000                  6.9999999999760398E-001                  2.8000000000239622E-001                  1.9999999999999796E-002                  0.0000000000000000E+000                  4.5674330151474255E+008                  5.1266033949140906E+006                  1.0600453448727700E-025                  0.0000000000000000E+000                  0.0000000000000000E+000                  1.3557398741862189E+001                  6.3911391055112143E+009                  1.5862836702267403E-007                  0.0000000000000000E+000                 -3.3998095732639113E+000                  5.9139423890880594E-001                  8.2995486626863701E-001                  9.8046986410062764E-001 
                                     286                  2.9999984954464645E+000                  6.2678584418872985E-001                  5.0762285552250317E+000                 -6.1257532890135922E+000                  7.0937257306910979E+000                  6.9999999999760398E-001                  2.8000000000239628E-001                  1.9999999999999796E-002                  0.0000000000000000E+000                  4.5688573928846610E+008                  5.1587178688121540E+006                  1.0995013271687977E-025                  0.0000000000000000E+000                  0.0000000000000000E+000                  1.3615324006732205E+001                  6.4608478124309816E+009                  1.5586615315848796E-007                  0.0000000000000000E+000                 -3.4036240915152800E+000                  5.9422473678040244E-001                  8.3278536414023363E-001                  9.8330036197222426E-001 
                                     287                  2.9999984197147791E+000                  6.2651363927107262E-001                  5.0815496952657941E+000                 -6.1102205543647949E+000                  7.1146056905407677E+000                  6.9999999999760398E-001                  2.8000000000239622E-001                  1.9999999999999796E-002                  0.0000000000000000E+000                  4.5702522315916878E+008                  5.1904903970401492E+006                  1.1395711281465856E-025                  0.0000000000000000E+000                  0.0000000000000000E+000                  1.3679769183480737E+001                  6.5376933115082121E+009                  1.5276059560020245E-007                  0.0000000000000000E+000                 -3.4079943285096075E+000                  5.9732891766000407E-001                  8.3588954501983515E-001                  9.8640454285182588E-001 
                                     288                  2.9999983497004301E+000                  6.2627039318742661E-001                  5.0858028438491321E+000                 -6.0978435139931717E+000                  7.1312583573694832E+000                  6.9999999999760387E-001                  2.8000000000239617E-001                  2.0000000000000018E-002                  0.0000000000000000E+000                  4.5713621924853683E+008                  5.2160625582078695E+006                  1.1725434861507992E-025                  0.0000000000000000E+000                  0.0000000000000000E+000                  1.3736465018876817E+001                  6.6062910474471588E+009                  1.4993904823891170E-007                  1.2116313982290852E-019                 -3.4120426251159701E+000                  6.0008645655076587E-001                  8.3864708391059706E-001                  9.8916208174258768E-001 
                                     289                  2.9999982986190026E+000                  6.2609766278743040E-001                  5.0892911222741084E+000                 -6.0877629806301083E+000                  7.1448485677645532E+000                  6.9999999999760398E-001                  2.8000000000239628E-001                  1.9999999999999796E-002                  0.0000000000000000E+000                  4.5723895935552281E+008                  5.2371598479287243E+006                  1.2001019394078764E-025                  0.0000000000000000E+000                  0.0000000000000000E+000                  1.3785152081119326E+001                  6.6551801310092192E+009                  1.4792766932960163E-007                 -1.4749364953709588E-019                 -3.4149752926051375E+000                  6.0203565834865136E-001                  8.4059628570848255E-001                  9.9111128354047318E-001 
                                     290                  2.9999982475375746E+000                  6.2592869621591263E-001                  5.0926879305613211E+000                 -6.0779841685339999E+000                  7.1580465922470404E+000                  6.9999999999760398E-001                  2.8000000000239622E-001                  1.9999999999999796E-002                  0.0000000000000000E+000                  4.5734190335409123E+008                  5.2578106479837494E+006                  1.2274545843283656E-025                  0.0000000000000000E+000                  0.0000000000000000E+000                  1.3835094140224349E+001                  6.7032441000297422E+009                  1.4596432072606570E-007                  0.0000000000000000E+000                 -3.4178766447292119E+000                  6.0393565624189571E-001                  8.4249628360172690E-001                  9.9301128143371753E-001 
                                     291                  2.9999981964561471E+000                  6.2576330077890852E-001                  5.0959985051841770E+000                 -6.0684901188719769E+000                  7.1708745766589024E+000                  6.9999999999760398E-001                  2.8000000000239622E-001                  1.9999999999999796E-002                  0.0000000000000000E+000                  4.5744474035026115E+008                  5.2780403453386296E+006                  1.2546072950345240E-025                  0.0000000000000000E+000                  0.0000000000000000E+000                  1.3886137395724052E+001                  6.7504019351191673E+009                  1.4404171014209374E-007                  0.0000000000000000E+000                 -3.4207558655440664E+000                  6.0578944952043223E-001                  8.4435007688026331E-001                  9.9486507471225405E-001 
                                     292                  2.9999981453747191E+000                  6.2560129870606540E-001                  5.0996295434031769E+000                 -6.0581361065473160E+000                  7.1848877125893145E+000                  6.9999999999760398E-001                  2.8000000000239622E-001                  1.9999999999999796E-002                  0.0000000000000000E+000                  4.5756466914659327E+008                  5.3003493939426932E+006                  1.2849049579088825E-025                  0.0000000000000000E+000                  0.0000000000000000E+000                  1.3944321995176255E+001                  6.7967742596996851E+009                  1.4216444905731807E-007                  0.0000000000000000E+000                 -3.4236044968402335E+000                  6.0759961736014678E-001                  8.4616024471997786E-001                  9.9667524255196849E-001 
                                     293                  2.9999980815229348E+000                  6.2540332088925421E-001                  5.1039358995067108E+000                 -6.0459135436224756E+000                  7.2014523165759821E+000                  6.9999999999760398E-001                  2.8000000000239622E-001                  1.9999999999999796E-002                  0.0000000000000000E+000                  4.5770943434714293E+008                  5.3269720525878435E+006                  1.3216137542683878E-025                  0.0000000000000000E+000                  0.0000000000000000E+000                  1.4016952315782483E+001                  6.8536787932908783E+009                  1.3988067648445853E-007                  0.0000000000000000E+000                 -3.4271211380214126E+000                  6.0980471003646874E-001                  8.4836533739629993E-001                  9.9888033522829067E-001 
                                     294                  2.9999980049007933E+000                  6.2517199770972209E-001                  5.1073552802185427E+000                 -6.0361970221964345E+000                  7.2146160506674502E+000                  6.9999999999760398E-001                  2.8000000000239622E-001                  1.9999999999999796E-002                  0.0000000000000000E+000                  4.5781135211829138E+008                  5.3482312818064718E+006                  1.3515431362806756E-025                  0.0000000000000000E+000                  0.0000000000000000E+000                  1.4079027198801084E+001                  6.9199874747387371E+009                  1.3720048835915429E-007                  0.0000000000000000E+000                 -3.4313221713871247E+000                  6.1237210159173394E-001                  8.5093272895156491E-001                  1.0014477267835555E+000 
                                     295                  2.9999979662511675E+000                  6.2505775933472341E-001                  5.1107380635768669E+000                 -6.0267119366802353E+000                  7.2275167812175933E+000                  6.9999999999760387E-001                  2.8000000000239622E-001                  1.9999999999999907E-002                  0.0000000000000000E+000                  4.5794050565306485E+008                  5.3693802113899235E+006                  1.3814135811315575E-025                  0.0000000000000000E+000                  0.0000000000000000E+000                  1.4140588563929759E+001                  6.9529220525139914E+009                  1.3588437226087871E-007                  1.4947691001378508E-019                 -3.4334152437865515E+000                  6.1363596014431243E-001                  8.5219658750414362E-001                  1.0027115853361344E+000 
                                     296                  2.9999978886133603E+000                  6.2483297636988977E-001                  5.1151141276307648E+000                 -6.0144474389830416E+000                  7.2442000505461559E+000                  6.9999999999760398E-001                  2.8000000000239622E-001                  1.9999999999999796E-002                  0.0000000000000000E+000                  4.5809907542853916E+008                  5.3968902993792985E+006                  1.4210182020112117E-025                  0.0000000000000000E+000                  0.0000000000000000E+000                  1.4225577985914734E+001                  7.0181847756111717E+009                  1.3331566169826589E-007                  0.0000000000000000E+000                 -3.4375594137042214E+000                  6.1611544167965826E-001                  8.5467606903948934E-001                  1.0051910668714801E+000 
                                     297                  2.9999978109755534E+000                  6.2461411739402417E-001                  5.1200564668488813E+000                 -6.0007193924605984E+000                  7.2629238047868876E+000                  6.9999999999760398E-001                  2.8000000000239622E-001                  1.9999999999999796E-002                  0.0000000000000000E+000                  4.5830106591284448E+008                  5.4281742947696978E+006                  1.4666978759264437E-025                  0.0000000000000000E+000                  0.0000000000000000E+000                  1.4325833959419919E+001                  7.0818465013982782E+009                  1.3081184735576199E-007                  0.0000000000000000E+000                 -3.4416764605432277E+000                  6.1852017349427912E-001                  8.5708080085411020E-001                  1.0075957986861008E+000 
                                     298                  2.9999977074584776E+000                  6.2433089463613556E-001                  5.1254861408331438E+000                 -5.9857036864813056E+000                  7.2834305066129952E+000                  6.9999999999760398E-001                  2.8000000000239622E-001                  1.9999999999999796E-002                  0.0000000000000000E+000                  4.5852951611156040E+008                  5.4627900255763754E+006                  1.5183461623817686E-025                  0.0000000000000000E+000                  0.0000000000000000E+000                  1.4443805110560575E+001                  7.1645772925399504E+009                  1.2757678944376965E-007                  0.0000000000000000E+000                 -3.4471141656812692E+000                  6.2161857107818752E-001                  8.6017919843801871E-001                  1.0106941962700093E+000 
                                     299                  2.9999976039414022E+000                  6.2405676974810875E-001                  5.1313605566218046E+000                 -5.9696287065467812E+000                  7.3054533734677012E+000                  6.9999999999760398E-001                  2.8000000000239622E-001                  1.9999999999999796E-002                  0.0000000000000000E+000                  4.5881598663506132E+008                  5.5005317510600388E+006                  1.5756563242829322E-025                  0.0000000000000000E+000                  0.0000000000000000E+000                  1.4578651021092142E+001                  7.2450230555333033E+009                  1.2444250304344686E-007                  0.0000000000000000E+000                 -3.4525156310260243E+000                  6.2460237009111541E-001                  8.6316299745094660E-001                  1.0136779952829371E+000 
                                     300                  2.9999974745450575E+000                  6.2372587414112035E-001                  5.1357400949713483E+000                 -5.9576243207443573E+000                  7.3218911560077240E+000                  6.9999999999760387E-001                  2.8000000000239617E-001                  2.0000000000000018E-002                  0.0000000000000000E+000                  4.5902119827574682E+008                  5.5288425327387322E+006                  1.6198612332637687E-025                  0.0000000000000000E+000                  0.0000000000000000E+000                  1.4688544455536677E+001                  7.3419926475083342E+009                  1.2062071336615905E-007                  1.1184452619231694E-019                 -3.4592890536924799E+000                  6.2818562714919279E-001                  8.6674625450902398E-001                  1.0172612523410145E+000 
                                     301                  2.9999974227865200E+000                  6.2359691965287423E-001                  5.1394162492405844E+000                 -5.9477266384613197E+000                  7.3355177764276691E+000                  6.9999999999760398E-001                  2.8000000000239628E-001                  1.9999999999999796E-002                  0.0000000000000000E+000                  4.5924490773693448E+008                  5.5527375960750813E+006                  1.6572401765242802E-025                  0.0000000000000000E+000                  0.0000000000000000E+000                  1.4782118882551323E+001                  7.3800420357102318E+009                  1.1912138306423227E-007                  1.3430837702625102E-019                 -3.4620051364153928E+000                  6.2957563520318560E-001                  8.6813626256301668E-001                  1.0186512603950073E+000 
                                     302                  2.9999973192694447E+000                  6.2334448974336021E-001                  5.1435723690627499E+000                 -5.9365315389781834E+000                  7.3509284295837016E+000                  6.9999999999760409E-001                  2.8000000000239622E-001                  1.9999999999999685E-002                  0.0000000000000000E+000                  4.5949877040169215E+008                  5.5798692345600957E+006                  1.7005599768887435E-025                  0.0000000000000000E+000                  0.0000000000000000E+000                  1.4895477627539277E+001                  7.4551750289321384E+009                  1.1617233013217697E-007                  2.3543785056722711E-019                 -3.4674486498363684E+000                  6.3228669053523756E-001                  8.7084731789506864E-001                  1.0213623157270593E+000 
                                     303                  2.9999972416316378E+000                  6.2315970639990237E-001                  5.1482149035995359E+000                 -5.9241967263920809E+000                  7.3679794642012366E+000                  6.9999999999760387E-001                  2.8000000000239622E-001                  1.9999999999999907E-002                  0.0000000000000000E+000                  4.5983618472463155E+008                  5.6103398347866386E+006                  1.7496029292030508E-025                  0.0000000000000000E+000                  0.0000000000000000E+000                  1.5027324228337301E+001                  7.5104102270528612E+009                  1.1398004064502535E-007                 -1.0571423476631369E-019                 -3.4715855962468640E+000                  6.3426295443708125E-001                  8.7282358179691233E-001                  1.0233385796289030E+000 
                                     304                  2.9999971115502810E+000                  6.2285826764252772E-001                  5.1532776205054311E+000                 -5.9107769741353362E+000                  7.3865436827822588E+000                  6.9999999999760398E-001                  2.8000000000239622E-001                  1.9999999999999796E-002                  0.0000000000000000E+000                  4.6022120934030259E+008                  5.6437411686543887E+006                  1.8045682197445921E-025                  0.0000000000000000E+000                  0.0000000000000000E+000                  1.5183068155973590E+001                  7.6010138002504416E+009                  1.1034021586347058E-007                 -9.6093465693836996E-020                 -3.4786330853739207E+000                  6.3747308458500185E-001                  8.7603371194483293E-001                  1.0265487097768236E+000 
                                     305                  2.9999970066631820E+000                  6.2262216943386206E-001                  5.1565708923780651E+000                 -5.9020989208757841E+000                  7.3985704393662743E+000                  6.9999999999760398E-001                  2.8000000000239622E-001                  1.9999999999999796E-002                  0.0000000000000000E+000                  4.6049218112298381E+008                  5.6655671159096891E+006                  1.8410287139145395E-025                  0.0000000000000000E+000                  0.0000000000000000E+000                  1.5289875970986163E+001                  7.6718338395230799E+009                  1.0742407791269878E-007                  0.0000000000000000E+000                 -3.4844491827231021E+000                  6.3997629710461967E-001                  8.7853692446445064E-001                  1.0290519222964414E+000 
                                     306                  2.9999969542196325E+000                  6.2250631501353992E-001                  5.1598091670183415E+000                 -5.8936817787955365E+000                  7.4102854252638677E+000                  6.9999999999760398E-001                  2.8000000000239622E-001                  1.9999999999999796E-002                  0.0000000000000000E+000                  4.6079758695684326E+008                  5.6871117154311445E+006                  1.8770970141596575E-025                  0.0000000000000000E+000                  0.0000000000000000E+000                  1.5396385152519326E+001                  7.7069472644633970E+009                  1.0598844846388934E-007                  0.0000000000000000E+000                 -3.4873707326589627E+000                  6.4120035216176796E-001                  8.7976097952159893E-001                  1.0302759773535897E+000 
                                     307                  2.9999968493325340E+000                  6.2227878404939874E-001                  5.1640133093900573E+000                 -5.8827896313325851E+000                  7.4254606998538009E+000                  6.9999999999760398E-001                  2.8000000000239622E-001                  1.9999999999999796E-002                  0.0000000000000000E+000                  4.6121329689980483E+008                  5.7151874607019341E+006                  1.9248223850449378E-025                  0.0000000000000000E+000                  0.0000000000000000E+000                  1.5539885811538584E+001                  7.7764708413728771E+009                  1.0318151468814435E-007                  0.0000000000000000E+000                 -3.4931990505211665E+000                  6.4359677833837903E-001                  8.8215740569821011E-001                  1.0326724035302006E+000 
                                     308                  2.9999967444454345E+000                  6.2205654364495178E-001                  5.1691495274764865E+000                 -5.8696458713157451E+000                  7.4438444938551971E+000                  6.9999999999760398E-001                  2.8000000000239622E-001                  1.9999999999999796E-002                  0.0000000000000000E+000                  4.6178335792068303E+008                  5.7496618340518977E+006                  1.9840328079618006E-025                  0.0000000000000000E+000                  0.0000000000000000E+000                  1.5718582733523847E+001                  7.8447343032491846E+009                  1.0046861962206017E-007                  0.0000000000000000E+000                 -3.4989847823212181E+000                  6.4592818071281932E-001                  8.8448880807265051E-001                  1.0350038059046409E+000 
                                     309                  2.9999965857287894E+000                  6.2172965238633393E-001                  5.1746104782339302E+000                 -5.8557346068677498E+000                  7.4633302052506982E+000                  6.9999999999760398E-001                  2.8000000000239622E-001                  1.9999999999999796E-002                  0.0000000000000000E+000                  4.6242628167800170E+008                  5.7865106404147688E+006                  2.0486870489180732E-025                  0.0000000000000000E+000                  0.0000000000000000E+000                  1.5914208338957142E+001                  7.9456134958591833E+009                  9.6574476639328314E-008                  0.0000000000000000E+000                 -3.5075688183623068E+000                  6.4934131131167505E-001                  8.8790193867150602E-001                  1.0384169365034968E+000 
                                     310                  2.9999964534649184E+000                  6.2146529119070049E-001                  5.1784609837589333E+000                 -5.8459939436513935E+000                  7.4770046407651503E+000                  6.9999999999760398E-001                  2.8000000000239622E-001                  1.9999999999999796E-002                  0.0000000000000000E+000                  4.6291150897502500E+008                  5.8126170694203284E+006                  2.0952087114425348E-025                  0.0000000000000000E+000                  0.0000000000000000E+000                  1.6053454286157297E+001                  8.0271782552793894E+009                  9.3526603174495818E-008                  0.0000000000000000E+000                 -3.5145324193308785E+000                  6.5208746990349320E-001                  8.9064809726332428E-001                  1.0411630950953150E+000 
                                     311                  2.9999963741065958E+000                  6.2130996744274869E-001                  5.1817754740161508E+000                 -5.8377027103011105E+000                  7.4886863591944115E+000                  6.9999999999760387E-001                  2.8000000000239617E-001                  2.0000000000000018E-002                  0.0000000000000000E+000                  4.6336520873138064E+008                  5.8351777530813497E+006                  2.1356397188417419E-025                  0.0000000000000000E+000                  0.0000000000000000E+000                  1.6172264780734807E+001                  8.0754988168486757E+009                  9.1808005144018182E-008                  1.4492531755262893E-019                 -3.5185597245502502E+000                  6.5369396822533066E-001                  8.9225459558516174E-001                  1.0427695934171524E+000 
                                     312                  2.9999962675944118E+000                  6.2110518459146424E-001                  5.1864252647989941E+000                 -5.8261645080275457E+000                  7.5049854605328736E+000                  6.9999999999760398E-001                  2.8000000000239622E-001                  1.9999999999999796E-002                  0.0000000000000000E+000                  4.6404256388195872E+008                  5.8669603889673520E+006                  2.1932064402759426E-025                  0.0000000000000000E+000                  0.0000000000000000E+000                  1.6338252879233568E+001                  8.1398641884926491E+009                  8.9641554327239598E-008                 -1.0316942628608019E-019                 -3.5237453108415200E+000                  6.5580348228397589E-001                  8.9436410964380708E-001                  1.0448791074757977E+000 
                                     313                  2.9999961067745033E+000                  6.2080356783924329E-001                  5.1918284560298940E+000                 -5.8128162920802380E+000                  7.5238692283774009E+000                  6.9999999999760398E-001                  2.8000000000239622E-001                  1.9999999999999796E-002                  0.0000000000000000E+000                  4.6486602372793502E+008                  5.9040821890174691E+006                  2.2617435415077706E-025                  0.0000000000000000E+000                  0.0000000000000000E+000                  1.6531453592039149E+001                  8.2349395353720055E+009                  8.6610377506411787E-008                  0.0000000000000000E+000                 -3.5312150342236843E+000                  6.5889449324005744E-001                  8.9745512059988852E-001                  1.0479701184318790E+000 
                                     314                  2.9999959459545944E+000                  6.2051047898304856E-001                  5.1979103857419240E+000                 -5.7979591635755945E+000                  7.5449656687916615E+000                  6.9999999999760398E-001                  2.8000000000239622E-001                  1.9999999999999796E-002                  0.0000000000000000E+000                  4.6586696520467418E+008                  5.9461282846075352E+006                  2.3405513092026087E-025                  0.0000000000000000E+000                  0.0000000000000000E+000                  1.6745254582391667E+001                  8.3277582180701694E+009                  8.3861413456946907E-008                  0.0000000000000000E+000                 -3.5382189109890056E+000                  6.6187852628456711E-001                  9.0043915364439830E-001                  1.0509541514763889E+000 
                                     315                  2.9999957315280499E+000                  6.2013195946612565E-001                  5.2029092726441410E+000                 -5.7857267422057577E+000                  7.5623261501796106E+000                  6.9999999999760398E-001                  2.8000000000239622E-001                  1.9999999999999796E-002                  0.0000000000000000E+000                  4.6670072396882159E+008                  5.9808795626017135E+006                  2.4074948624772425E-025                  0.0000000000000000E+000                  0.0000000000000000E+000                  1.6921429549030485E+001                  8.4475408189617968E+009                  8.0571958927259827E-008                  0.0000000000000000E+000                 -3.5469080386635330E+000                  6.6570426716096909E-001                  9.0426489452080017E-001                  1.0547798923527907E+000 
                                     316                  2.9999956243147778E+000                  6.1994759794784049E-001                  5.2061636248590455E+000                 -5.7778510486923977E+000                  7.5735446627368717E+000                  6.9999999999760387E-001                  2.8000000000239622E-001                  1.9999999999999907E-002                  0.0000000000000000E+000                  4.6727842119385397E+008                  6.0036121955226623E+006                  2.4516060752210295E-025                  0.0000000000000000E+000                  0.0000000000000000E+000                  1.7033116308277407E+001                  8.5059362778922606E+009                  7.9082286394704924E-008                 -1.4436661807476482E-019                 -3.5509603915162491E+000                  6.6755515357559436E-001                  9.0611578093542555E-001                  1.0566307787674161E+000 
                                     317                  2.9999955171015054E+000                  6.1976632080752181E-001                  5.2101621119887085E+000                 -5.7682406757358811E+000                  7.5872657019092467E+000                  6.9999999999760398E-001                  2.8000000000239622E-001                  1.9999999999999796E-002                  0.0000000000000000E+000                  4.6801632174529016E+008                  6.0316611760806981E+006                  2.5065301093991876E-025                  0.0000000000000000E+000                  0.0000000000000000E+000                  1.7167672006379711E+001                  8.5639625696520519E+009                  7.7722570048240792E-008                 -1.1735955396070581E-019                 -3.5547264235207194E+000                  6.6936602678247203E-001                  9.0792665414230322E-001                  1.0584416519742939E+000 
                                     318                  2.9999953548630680E+000                  6.1949759285360584E-001                  5.2156164570046784E+000                 -5.7551882889574077E+000                  7.6059289641243435E+000                  6.9999999999760398E-001                  2.8000000000239622E-001                  1.9999999999999796E-002                  0.0000000000000000E+000                  4.6905236410131776E+008                  6.0701332841296690E+006                  2.5831024717048311E-025                  0.0000000000000000E+000                  0.0000000000000000E+000                  1.7347638134492261E+001                  8.6503722816442852E+009                  7.5856916504302706E-008                  0.0000000000000000E+000                 -3.5600024074207748E+000                  6.7203508068320117E-001                  9.1059570804303225E-001                  1.0611107058750229E+000 
                                     319                  2.9999951375994653E+000                  6.1914763022269104E-001                  5.2216320429550223E+000                 -5.7408197137886283E+000                  7.6264882447815330E+000                  6.9999999999760398E-001                  2.8000000000239622E-001                  1.9999999999999796E-002                  0.0000000000000000E+000                  4.7021580676288116E+008                  6.1128518458664836E+006                  2.6701057424546406E-025                  0.0000000000000000E+000                  0.0000000000000000E+000                  1.7541550351819790E+001                  8.7628263398768291E+009                  7.3653360755176751E-008                  0.0000000000000000E+000                 -3.5664037158965645E+000                  6.7548418713469316E-001                  9.1404481449452424E-001                  1.0645598123265148E+000 
                                     320                  2.9999949188966286E+000                  6.1880599870174402E-001                  5.2259955261594682E+000                 -5.7303790762067965E+000                  7.6414193724055677E+000                  6.9999999999760398E-001                  2.8000000000239622E-001                  1.9999999999999796E-002                  0.0000000000000000E+000                  4.7105975308257008E+008                  6.1440305984839294E+006                  2.7351588134208840E-025                  0.0000000000000000E+000                  0.0000000000000000E+000                  1.7679245952828349E+001                  8.8719786983581219E+009                  7.1721563514641855E-008                  0.0000000000000000E+000                 -3.5721751257402312E+000                  6.7882202432156979E-001                  9.1738265168140087E-001                  1.0678976495133916E+000 
                                     321                  2.9999948088255928E+000                  6.1863784722549009E-001                  5.2295664222263332E+000                 -5.7219260309687918E+000                  7.6535520408710891E+000                  6.9999999999760398E-001                  2.8000000000239622E-001                  1.9999999999999796E-002                  0.0000000000000000E+000                  4.7178206776109320E+008                  6.1696849354200326E+006                  2.7889877086079343E-025                  0.0000000000000000E+000                  0.0000000000000000E+000                  1.7786417413600155E+001                  8.9258862102161102E+009                  7.0878009555844819E-008                  0.0000000000000000E+000                 -3.5747442435504215E+000                  6.8045340058859471E-001                  9.1901402794842579E-001                  1.0695290257804164E+000 
                                     322                  2.9999946437190381E+000                  6.1839012630887813E-001                  5.2344197601912743E+000                 -5.7104563032968114E+000                  7.6700245861021408E+000                  6.9999999999760387E-001                  2.8000000000239622E-001                  1.9999999999999907E-002                  0.0000000000000000E+000                  4.7277212669080901E+008                  6.2047441726682708E+006                  2.8637258059814844E-025                  0.0000000000000000E+000                  0.0000000000000000E+000                  1.7926324302896234E+001                  9.0058827721865215E+009                  6.9794451068508042E-008                  0.0000000000000000E+000                 -3.5780895520560549E+000                  6.8284236292359679E-001                  9.2140299028342787E-001                  1.0719179881154184E+000 
                                     323                  2.9999944235769664E+000                  6.1806780671194261E-001                  5.2397604288579966E+000                 -5.6978179343394206E+000                  7.6881683832098568E+000                  6.9999999999760398E-001                  2.8000000000239622E-001                  1.9999999999999796E-002                  0.0000000000000000E+000                  4.7385647304695100E+008                  6.2435818829576923E+006                  2.9484018560757643E-025                  0.0000000000000000E+000                  0.0000000000000000E+000                  1.8072401696014154E+001                  9.1096652646410885E+009                  6.8591401842854422E-008                 -8.4255111930753852E-020                 -3.5818651605594223E+000                  6.8592627889239333E-001                  9.2448690625222441E-001                  1.0750019040842149E+000 
                                     324                  2.9999942034348948E+000                  6.1775404317518734E-001                  5.2449344191804803E+000                 -5.6855835717579719E+000                  7.7057378735275535E+000                  6.9999999999760398E-001                  2.8000000000239622E-001                  1.9999999999999796E-002                  0.0000000000000000E+000                  4.7490816733422446E+008                  6.2814779857766367E+006                  3.0327569419912689E-025                  0.0000000000000000E+000                  0.0000000000000000E+000                  1.8203789743596342E+001                  9.2103489642250767E+009                  6.7649498437502952E-008                  0.0000000000000000E+000                 -3.5848677094861152E+000                  6.8890096238588661E-001                  9.2746158974571780E-001                  1.0779765875777083E+000 
                                     325                  2.9999939806178122E+000                  6.1744462321916238E-001                  5.2502715132924189E+000                 -5.6729744298499005E+000                  7.7238519428840462E+000                  6.9999999999760398E-001                  2.8000000000239622E-001                  1.9999999999999796E-002                  0.0000000000000000E+000                  4.7599502499361730E+008                  6.3208487873021299E+006                  3.1222240498057305E-025                  0.0000000000000000E+000                  0.0000000000000000E+000                  1.8327418100251709E+001                  9.3095526049308319E+009                  6.6960969655451756E-008                  0.0000000000000000E+000                 -3.5870891329960259E+000                  6.9180672594022030E-001                  9.3036735330005138E-001                  1.0808823511320420E+000 
                                     326                  2.9999937289454657E+000                  6.1710437122120221E-001                  5.2548054372964330E+000                 -5.6621938028950831E+000                  7.7393065836397126E+000                  6.9999999999760398E-001                  2.8000000000239622E-001                  1.9999999999999796E-002                  0.0000000000000000E+000                  4.7689484933964366E+008                  6.3545052874563271E+006                  3.2008085295601099E-025                  0.0000000000000000E+000                  0.0000000000000000E+000                  1.8424269426995259E+001                  9.4179814539047756E+009                  6.6436094959725318E-008                  0.0000000000000000E+000                 -3.5887979514101751E+000                  6.9496943172770997E-001                  9.3353005908754116E-001                  1.0840450569195317E+000 
                                     327                  2.9999935611639015E+000                  6.1688266810972414E-001                  5.2580457102677443E+000                 -5.6544988114028820E+000                  7.7503428940691537E+000                  6.9999999999760398E-001                  2.8000000000239622E-001                  1.9999999999999796E-002                  0.0000000000000000E+000                  4.7754109518167788E+008                  6.3786840204576328E+006                  3.2581082513449515E-025                  0.0000000000000000E+000                  0.0000000000000000E+000                  1.8487064607266451E+001                  9.4882751217702599E+009                  6.6221877480207952E-008                  0.0000000000000000E+000                 -3.5894992552853644E+000                  6.9701094367074312E-001                  9.3557157103057431E-001                  1.0860865688625647E+000 
                                     328                  2.9999934207709664E+000                  6.1670015916935639E-001                  5.2629618075397460E+000                 -5.6429163955697241E+000                  7.7669999761929800E+000                  6.9999999999760398E-001                  2.8000000000239622E-001                  1.9999999999999796E-002                  0.0000000000000000E+000                  4.7855328774373317E+008                  6.4155788123123599E+006                  3.3462963138104147E-025                  0.0000000000000000E+000                  0.0000000000000000E+000                  1.8569233308007895E+001                  9.5465642975541058E+009                  6.6164301969314848E-008                  0.0000000000000000E+000                 -3.5896881324653998E+000                  6.9867906506569089E-001                  9.3723969242552196E-001                  1.0877546902575126E+000 
                                     329                  2.9999930817580474E+000                  6.1627013646254991E-001                  5.2689086164470504E+000                 -5.6286730854511617E+000                  7.7873716527341470E+000                  6.9999999999760398E-001                  2.8000000000239622E-001                  1.9999999999999796E-002                  0.0000000000000000E+000                  4.7970229855269390E+008                  6.4604834377071345E+006                  3.4580260259149981E-025                  0.0000000000000000E+000                  0.0000000000000000E+000                  1.8657398385822408E+001                  9.6830098022051373E+009                  6.6272617435388105E-008                  0.0000000000000000E+000                 -3.5893329383101720E+000                  7.0256644763959430E-001                  9.4112707499942549E-001                  1.0916420728314160E+000 
                                     330                  2.9999928113200816E+000                  6.1593729006742293E-001                  5.2747714051479022E+000                 -5.6146507120444893E+000                  7.8074379625417150E+000                  6.9999999999760398E-001                  2.8000000000239622E-001                  1.9999999999999796E-002                  0.0000000000000000E+000                  4.8084898828332108E+008                  6.5050796797785740E+006                  3.5716688982794974E-025                  0.0000000000000000E+000                  0.0000000000000000E+000                  1.8722838577641728E+001                  9.7874419249307728E+009                  6.6557256637383499E-008                  0.0000000000000000E+000                 -3.5884022935675004E+000                  7.0553199420222001E-001                  9.4409262156205120E-001                  1.0946076193940417E+000 
                                     331                  2.9999924547603944E+000                  6.1551127565245234E-001                  5.2792277742062979E+000                 -5.6037923748167238E+000                  7.8228811329454366E+000                  6.9999999999760387E-001                  2.8000000000239622E-001                  1.9999999999999907E-002                  0.0000000000000000E+000                  4.8165896439755684E+008                  6.5391522419073284E+006                  3.6622305177719587E-025                  0.0000000000000000E+000                  0.0000000000000000E+000                  1.8763469303620205E+001                  9.9194875482454014E+009                  6.7158012498943952E-008                  9.2235090953038663E-020                 -3.5864510825141180E+000                  7.0927139705945486E-001                  9.4783202441928605E-001                  1.0983470222512766E+000 
                                     332                  2.9999923106290072E+000                  6.1534297574067665E-001                  5.2829834914324358E+000                 -5.5947331554404558E+000                  7.8358094125188797E+000                  6.9999999999760398E-001                  2.8000000000239622E-001                  1.9999999999999796E-002                  0.0000000000000000E+000                  4.8237951573917770E+008                  6.5680179760510316E+006                  3.7395429225743878E-025                  0.0000000000000000E+000                  0.0000000000000000E+000                  1.8784764185470738E+001                  9.9713908333382702E+009                  6.7479328409277708E-008                  0.0000000000000000E+000                 -3.5854146241973259E+000                  7.1073016360602759E-001                  9.4929079096585867E-001                  1.0998057887978492E+000 
                                     333                  2.9999920223662322E+000                  6.1501275650060383E-001                  5.2880555411950878E+000                 -5.5823567705041839E+000                  7.8534044414167816E+000                  6.9999999999760398E-001                  2.8000000000239622E-001                  1.9999999999999796E-002                  0.0000000000000000E+000                  4.8331317751388675E+008                  6.6071702588855643E+006                  3.8478111638353153E-025                  0.0000000000000000E+000                  0.0000000000000000E+000                  1.8802394195156683E+001                  1.0073335369731808E+010                  6.8274668502728183E-008                  0.0000000000000000E+000                 -3.5828701999169663E+000                  7.1356100813797108E-001                  9.5212163549780227E-001                  1.1026366333297928E+000 
                                     334                  2.9999917029369545E+000                  6.1465627074056961E-001                  5.2920130130621468E+000                 -5.5725615097109813E+000                  7.8672650260024977E+000                  6.9999999999760398E-001                  2.8000000000239622E-001                  1.9999999999999796E-002                  0.0000000000000000E+000                  4.8400128234862250E+008                  6.6378480485761464E+006                  3.9357192702671404E-025                  0.0000000000000000E+000                  0.0000000000000000E+000                  1.8807757818289886E+001                  1.0181427024998404E+010                  6.9216057043958109E-008                  0.0000000000000000E+000                 -3.5798965721599569E+000                  7.1657237845739674E-001                  9.5513300581722782E-001                  1.1056480036492184E+000 
                                     335                  2.9999915276390650E+000                  6.1446463736408419E-001                  5.2961091092536572E+000                 -5.5624836821244878E+000                  7.8815541054129623E+000                  6.9999999999760387E-001                  2.8000000000239622E-001                  1.9999999999999907E-002                  0.0000000000000000E+000                  4.8474295722031373E+008                  6.6697505162990149E+006                  4.0282614923276615E-025                  0.0000000000000000E+000                  0.0000000000000000E+000                  1.8799963528407215E+001                  1.0239312241949900E+010                  6.9793465274596939E-008                  9.7131727525553409E-020                 -3.5780926191184990E+000                  7.1817099940061657E-001                  9.5673162676044765E-001                  1.1072466245924384E+000 
                                     336                  2.9999911770432854E+000                  6.1408942815091094E-001                  5.3018027373216876E+000                 -5.5482762585009766E+000                  7.9016057634799859E+000                  6.9999999999760398E-001                  2.8000000000239622E-001                  1.9999999999999796E-002                  0.0000000000000000E+000                  4.8571790078789002E+008                  6.7142940752455126E+006                  4.3024593328292026E-025                  0.0000000000000000E+000                  0.0000000000000000E+000                  1.8774822635434294E+001                  1.0352298894957251E+010                  7.1063368133615812E-008                  0.0000000000000000E+000                 -3.5741771062253544E+000                  7.2126028477748128E-001                  9.5982091213731247E-001                  1.1103359099693031E+000 
                                     337                  2.9999907625137845E+000                  6.1365887831394506E-001                  5.3062000018215949E+000                 -5.5370777878606772E+000                  7.9173066875050528E+000                  6.9999999999760398E-001                  2.8000000000239622E-001                  1.9999999999999796E-002                  0.0000000000000000E+000                  4.8640151684213084E+008                  6.7488406106203897E+006                  5.3276102259162342E-025                  0.0000000000000000E+000                  0.0000000000000000E+000                  1.8745781690046194E+001                  1.0478936228797962E+010                  7.2569927674516417E-008                  0.0000000000000000E+000                 -3.5696216548749242E+000                  7.2474175184501921E-001                  9.6330237920485029E-001                  1.1138173770368409E+000 
                                     338                  2.9999905552490347E+000                  6.1344861848866183E-001                  5.3090517608204735E+000                 -5.5298181107338422E+000                  7.9274866974859197E+000                  6.9999999999760398E-001                  2.8000000000239617E-001                  1.9999999999999796E-002                  0.0000000000000000E+000                  4.8685075267977226E+008                  6.7713325250706496E+006                  6.1174589960590272E-025                  0.0000000000000000E+000                  0.0000000000000000E+000                  1.8719478321479865E+001                  1.0540022242331543E+010                  7.3343006775900939E-008                  0.0000000000000000E+000                 -3.5673206448191856E+000                  7.2641676506282360E-001                  9.6497739242265479E-001                  1.1154923902546454E+000 
                                     339                  2.9999903479842849E+000                  6.1324154589566215E-001                  5.3112472377305524E+000                 -5.5241799419381010E+000                  7.9353706953793059E+000                  6.9999999999760398E-001                  2.8000000000239622E-001                  1.9999999999999796E-002                  0.0000000000000000E+000                  4.8718134029558128E+008                  6.7886865849672658E+006                  6.8039429572114816E-025                  0.0000000000000000E+000                  0.0000000000000000E+000                  1.8696711676642423E+001                  1.0599950475652773E+010                  7.4139607717218840E-008                  0.0000000000000000E+000                 -3.5649748581058707E+000                  7.2805030268016702E-001                  9.6661093003999810E-001                  1.1171259278719887E+000 
                                     340                  2.9999902280940791E+000                  6.1312317882650136E-001                  5.3136222306743299E+000                 -5.5180955413631336E+000                  7.9438854286567659E+000                  6.9999999999760398E-001                  2.8000000000239622E-001                  1.9999999999999796E-002                  0.0000000000000000E+000                  4.8754661326892221E+008                  6.8075087040384160E+006                  7.6318982802017504E-025                  0.0000000000000000E+000                  0.0000000000000000E+000                  1.8667884368410498E+001                  1.0634112404972336E+010                  7.4609072879698852E-008                  0.0000000000000000E+000                 -3.5636041783414325E+000                  7.2897689172196767E-001                  9.6753751908179886E-001                  1.1180525169137894E+000 
                                     341                  2.9999899883136689E+000                  6.1288945413672458E-001                  5.3182534982729788E+000                 -5.5061814723757214E+000                  7.9605364139262020E+000                  6.9999999999760398E-001                  2.8000000000239617E-001                  1.9999999999999796E-002                  0.0000000000000000E+000                  4.8824761144486243E+008                  6.8443432441856973E+006                  9.5432312178186676E-025                  0.0000000000000000E+000                  0.0000000000000000E+000                  1.8601960912379674E+001                  1.0701674538593204E+010                  7.5580062299652416E-008                  0.0000000000000000E+000                 -3.5607963772178102E+000                  7.3079105033558656E-001                  9.6935167769541764E-001                  1.1198666755274083E+000 
                                     342                  2.9999895055880321E+000                  6.1243055632555121E-001                  5.3236908554964755E+000                 -5.4918605721485809E+000                  7.9804017358923947E+000                  6.9999999999760398E-001                  2.8000000000239622E-001                  1.9999999999999796E-002                  0.0000000000000000E+000                  4.8895909217941654E+008                  6.8877668416113621E+006                  1.2404712815795815E-024                  0.0000000000000000E+000                  0.0000000000000000E+000                  1.8515694456541105E+001                  1.0831982627640163E+010                  7.7485104710930954E-008                  0.0000000000000000E+000                 -3.5553908878667491E+000                  7.3429757194483614E-001                  9.7285819930466710E-001                  1.1233731971366578E+000 
                                     343                  2.9999890930910409E+000                  6.1205003877934161E-001                  5.3286166132302952E+000                 -5.4787623567447037E+000                  7.9985164837489799E+000                  6.9999999999760398E-001                  2.8000000000239622E-001                  1.9999999999999796E-002                  0.0000000000000000E+000                  4.8956549678860766E+008                  6.9273075304336799E+006                  1.5722294836164457E-024                  0.0000000000000000E+000                  0.0000000000000000E+000                  1.8424605435329511E+001                  1.0937740452288980E+010                  7.9049087909838197E-008                  0.0000000000000000E+000                 -3.5510515683561419E+000                  7.3714999819098559E-001                  9.7571062555081667E-001                  1.1262256233828074E+000 
                                     344                  2.9999886557632687E+000                  6.1165755452474502E-001                  5.3340970683688997E+000                 -5.4640347102772884E+000                  8.0188177665153617E+000                  6.9999999999760398E-001                  2.8000000000239622E-001                  1.9999999999999796E-002                  0.0000000000000000E+000                  4.9019003885075438E+008                  6.9715293651584554E+006                  2.0453988898772887E-024                  0.0000000000000000E+000                  0.0000000000000000E+000                  1.8309452516279411E+001                  1.1045672617130352E+010                  8.0689981054125247E-008                  0.0000000000000000E+000                 -3.5465901932525359E+000                  7.4004067640757631E-001                  9.7860130376740750E-001                  1.1291163015993981E+000 
                                     345                  2.9999881011936012E+000                  6.1117498915412849E-001                  5.3382242687634678E+000                 -5.4526508040441239E+000                  8.0343837294569767E+000                  6.9999999999760398E-001                  2.8000000000239622E-001                  1.9999999999999796E-002                  0.0000000000000000E+000                  4.9055545571817905E+008                  7.0049583781646192E+006                  2.4936381070771711E-024                  0.0000000000000000E+000                  0.0000000000000000E+000                  1.8218269425708442E+001                  1.1175166428734785E+010                  8.2656818831004038E-008                  0.0000000000000000E+000                 -3.5413606565966349E+000                  7.4352736110520812E-001                  9.8208798846503920E-001                  1.1326029862970297E+000 
                                     346                  2.9999878667098097E+000                  6.1097576049081481E-001                  5.3412112663024915E+000                 -5.4444454536283882E+000                  8.0456176277964655E+000                  6.9999999999760398E-001                  2.8000000000239622E-001                  1.9999999999999796E-002                  0.0000000000000000E+000                  4.9083357769560951E+008                  7.0292572919983799E+006                  2.8769234925054153E-024                  0.0000000000000000E+000                  0.0000000000000000E+000                  1.8144577445446274E+001                  1.1227916040295521E+010                  8.3464962635558898E-008                  0.0000000000000000E+000                 -3.5392478983505882E+000                  7.4494510221780175E-001                  9.8350572957763294E-001                  1.1340207274096235E+000 
                                     347                  2.9999875149841224E+000                  6.1068201097676567E-001                  5.3465863952287016E+000                 -5.4296230777320016E+000                  8.0658870393046858E+000                  6.9999999999760398E-001                  2.8000000000239622E-001                  1.9999999999999796E-002                  0.0000000000000000E+000                  4.9131505625215071E+008                  7.0731840753062647E+006                  3.7188049672166996E-024                  0.0000000000000000E+000                  0.0000000000000000E+000                  1.7999279422079184E+001                  1.1306087246907524E+010                  8.4706944033277834E-008                  0.0000000000000000E+000                 -3.5360404929945055E+000                  7.4701233120703137E-001                  9.8557295856686256E-001                  1.1360879563988531E+000 
                                     348                  2.9999867728352956E+000                  6.1008113699852318E-001                  5.3523461171343740E+000                 -5.4131969327210321E+000                  8.0881211815255369E+000                  6.9999999999760398E-001                  2.8000000000239622E-001                  1.9999999999999796E-002                  0.0000000000000000E+000                  4.9163056601503652E+008                  7.1204522008668091E+006                  4.8971200548693883E-024                  0.0000000000000000E+000                  0.0000000000000000E+000                  1.7838248379922703E+001                  1.1461982474753923E+010                  8.7169910873682956E-008                  0.0000000000000000E+000                 -3.5298166990278594E+000                  7.5116235828863442E-001                  9.8972298564846550E-001                  1.1402379834804561E+000 
                                     349                  2.9999862618338771E+000                  6.0968138608634737E-001                  5.3565724850428591E+000                 -5.4010363544246065E+000                  8.1045378650448683E+000                  6.9999999999760398E-001                  2.8000000000239622E-001                  1.9999999999999796E-002                  0.0000000000000000E+000                  4.9182256274736542E+008                  7.1553162414928861E+006                  5.9904888812365754E-024                  0.0000000000000000E+000                  0.0000000000000000E+000                  1.7709932433212064E+001                  1.1562665844351147E+010                  8.8737591023691626E-008                  0.0000000000000000E+000                 -3.5259461826672842E+000                  7.5386532046413690E-001                  9.9242594782396787E-001                  1.1429409456559585E+000 
                                     350                  2.9999858090659659E+000                  6.0933608333815958E-001                  5.3613488813652559E+000                 -5.3872184488091284E+000                  8.1231618133040033E+000                  6.9999999999760398E-001                  2.8000000000239622E-001                  1.9999999999999796E-002                  0.0000000000000000E+000                  4.9201175254261547E+008                  7.1949089943431374E+006                  7.5187248955073360E-024                  0.0000000000000000E+000                  0.0000000000000000E+000                  1.7554232045000361E+001                  1.1649113170113363E+010                  9.0105598834710442E-008                  0.0000000000000000E+000                 -3.5226241113502317E+000                  7.5616364699242145E-001                  9.9472427435225252E-001                  1.1452392721842430E+000 
                                     351                  2.9999851270686402E+000                  6.0883076509839495E-001                  5.3667986428993801E+000                 -5.3711216705563958E+000                  8.1447245129354950E+000                  6.9999999999760398E-001                  2.8000000000239622E-001                  1.9999999999999796E-002                  0.0000000000000000E+000                  4.9210368323463863E+008                  7.2402862039249409E+006                  9.7426264490751104E-024                  0.0000000000000000E+000                  0.0000000000000000E+000                  1.7369874484206779E+001                  1.1773576646713060E+010                  9.2067981101881849E-008                  0.0000000000000000E+000                 -3.5179456900508757E+000                  7.5946935394999160E-001                  9.9802998130982268E-001                  1.1485449791418132E+000 
                                     352                  2.9999844393803987E+000                  6.0833807464463929E-001                  5.3706476742896880E+000                 -5.3595032633806108E+000                  8.1601900155158180E+000                  6.9999999999760398E-001                  2.8000000000239622E-001                  1.9999999999999796E-002                  0.0000000000000000E+000                  4.9207524605153304E+008                  7.2724569227752704E+006                  1.1699109695485165E-023                  0.0000000000000000E+000                  0.0000000000000000E+000                  1.7236815820402679E+001                  1.1891234369015295E+010                  9.3869700579441809E-008                  0.0000000000000000E+000                 -3.5137372837106406E+000                  7.6262924363560458E-001                  1.0011898709954357E+000                  1.1517048688274263E+000 
                                     353                  2.9999841065908357E+000                  6.0810536086081612E-001                  5.3738306407011960E+000                 -5.3499248427843300E+000                  8.1729513744877327E+000                  6.9999999999760398E-001                  2.8000000000239622E-001                  1.9999999999999796E-002                  0.0000000000000000E+000                  4.9206299691260153E+008                  7.2991734524515290E+006                  1.3604729248958703E-023                  0.0000000000000000E+000                  0.0000000000000000E+000                  1.7120282845496906E+001                  1.1946197491087366E+010                  9.4704568864868531E-008                  0.0000000000000000E+000                 -3.5118145343371321E+000                  7.6410019607246016E-001                  1.0026608234322911E+000                  1.1531758212642820E+000 
                                     354                  2.9999835713963350E+000                  6.0773851391769584E-001                  5.3778564009464471E+000                 -5.3376436491536818E+000                  8.1892493880275143E+000                  6.9999999999760398E-001                  2.8000000000239622E-001                  1.9999999999999796E-002                  0.0000000000000000E+000                  4.9198560890019339E+008                  7.3330692523318101E+006                  1.6464328141094376E-023                  0.0000000000000000E+000                  0.0000000000000000E+000                  1.6970285035400067E+001                  1.2032447701671227E+010                  9.6013421196851654E-008                  0.0000000000000000E+000                 -3.5088340275201668E+000                  7.6639208421995675E-001                  1.0049527115797878E+000                  1.1554677094117785E+000 
                                     355                  2.9999829641815192E+000                  6.0733282494233154E-001                  5.3828406401740159E+000                 -5.3223000034458519E+000                  8.2095588131755282E+000                  6.9999999999760398E-001                  2.8000000000239622E-001                  1.9999999999999796E-002                  0.0000000000000000E+000                  4.9183901489607167E+008                  7.3752214233039739E+006                  2.0842521723617386E-023                  0.0000000000000000E+000                  0.0000000000000000E+000                  1.6777955553803775E+001                  1.2126416773209023E+010                  9.7412051311578527E-008                  0.0000000000000000E+000                 -3.5056936555732459E+000                  7.6888954358231676E-001                  1.0074501709421477E+000                  1.1579651687741386E+000 
                                     356                  2.9999820920160301E+000                  6.0676845867375917E-001                  5.3881610621864890E+000                 -5.3055582419608358E+000                  8.2315819426878321E+000                  6.9999999999760398E-001                  2.8000000000239622E-001                  1.9999999999999796E-002                  0.0000000000000000E+000                  4.9154870189193505E+008                  7.4204041001981348E+006                  2.6806912303537731E-023                  0.0000000000000000E+000                  0.0000000000000000E+000                  1.6570585702169126E+001                  1.2254332824952675E+010                  9.9258151108027968E-008                  0.0000000000000000E+000                 -3.5016169093560667E+000                  7.7230237840771765E-001                  1.0108630057675487E+000                  1.1613780035995394E+000 
                                     357                  2.9999812885553565E+000                  6.0626636498674946E-001                  5.3917650132164718E+000                 -5.2940018084854685E+000                  8.2467044220425851E+000                  6.9999999999760398E-001                  2.8000000000239622E-001                  1.9999999999999796E-002                  0.0000000000000000E+000                  4.9127319438527602E+008                  7.4511187061781399E+006                  3.1788924343255950E-023                  0.0000000000000000E+000                  0.0000000000000000E+000                  1.6429438581248320E+001                  1.2364608661952049E+010                  1.0077143111761476E-007                  0.0000000000000000E+000                 -3.4983312868547451E+000                  7.7528102470638238E-001                  1.0138416520662135E+000                  1.1643566498982041E+000 
                                     358                  2.9999808967596939E+000                  6.0602734447818352E-001                  5.3944726280945368E+000                 -5.2853368495978392E+000                  8.2580494795255799E+000                  6.9999999999760398E-001                  2.8000000000239622E-001                  1.9999999999999796E-002                  0.0000000000000000E+000                  4.9107378765423894E+008                  7.4742786242076522E+006                  3.6120849827855876E-023                  0.0000000000000000E+000                  0.0000000000000000E+000                  1.6319803518824678E+001                  1.2416546710078939E+010                  1.0146703592888485E-007                  0.0000000000000000E+000                 -3.4968375130596505E+000                  7.7668027111074611E-001                  1.0152408984705772E+000                  1.1657558963025678E+000 
                                     359                  2.9999803661689235E+000                  6.0570943342061312E-001                  5.3974881948993083E+000                 -5.2755838899758549E+000                  8.2707819616072467E+000                  6.9999999999760398E-001                  2.8000000000239622E-001                  1.9999999999999796E-002                  0.0000000000000000E+000                  4.9081487534737247E+008                  7.5001333568603545E+006                  4.1642255469961383E-023                  0.0000000000000000E+000                  0.0000000000000000E+000                  1.6197381582407836E+001                  1.2485349513247065E+010                  1.0237654425959506E-007                  0.0000000000000000E+000                 -3.4948997671170443E+000                  7.7852347444413983E-001                  1.0170841018039709E+000                  1.1675990996359615E+000 
                                     360                  2.9999798355781540E+000                  6.0539790560065421E-001                  5.4015043990697738E+000                 -5.2625612484449160E+000                  8.2877711250292059E+000                  6.9999999999760398E-001                  2.8000000000239622E-001                  1.9999999999999796E-002                  0.0000000000000000E+000                  4.9046006306180173E+008                  7.5346936777434563E+006                  5.0309381031052576E-023                  0.0000000000000000E+000                  0.0000000000000000E+000                  1.6030639289345689E+001                  1.2552218362468987E+010                  1.0324021918284406E-007                  0.0000000000000000E+000                 -3.4930755410518861E+000                  7.8031033558147056E-001                  1.0188709629413015E+000                  1.1693859607732922E+000 
                                     361                  2.9999789050837538E+000                  6.0486617335566117E-001                  5.4054483901180577E+000                 -5.2494655825647154E+000                  8.3047458749425882E+000                  6.9999999999760387E-001                  2.8000000000239622E-001                  1.9999999999999907E-002                  0.0000000000000000E+000                  4.9000103621724713E+008                  7.5687180230243215E+006                  6.0587074319724334E-023                  0.0000000000000000E+000                  0.0000000000000000E+000                  1.5870240591287534E+001                  1.2664043394132206E+010                  1.0462318940205955E-007                  0.0000000000000000E+000                 -3.4901860223941972E+000                  7.8331885799355305E-001                  1.0218794853533841E+000                  1.1723944831853748E+000 
                                     362                  2.9999783249344714E+000                  6.0454354315012604E-001                  5.4083916408588388E+000                 -5.2396652957435359E+000                  8.3174396502889660E+000                  6.9999999999760398E-001                  2.8000000000239622E-001                  1.9999999999999796E-002                  0.0000000000000000E+000                  4.8965077919502795E+008                  7.5941988762835814E+006                  6.9584997530502075E-023                  0.0000000000000000E+000                  0.0000000000000000E+000                  1.5748717807116913E+001                  1.2730469734844051E+010                  1.0540110365465749E-007                  0.0000000000000000E+000                 -3.4885774208016875E+000                  7.8511913720180515E-001                  1.0236797645616362E+000                  1.1741947623936269E+000 
                                     363                  2.9999777396674148E+000                  6.0422462342189009E-001                  5.4123993717786014E+000                 -5.2262985670212299E+000                  8.3347453772473372E+000                  6.9999999999760398E-001                  2.8000000000239622E-001                  1.9999999999999796E-002                  0.0000000000000000E+000                  4.8916938257549411E+008                  7.6290217889401056E+006                  8.3991004924903505E-023                  0.0000000000000000E+000                  0.0000000000000000E+000                  1.5580932873809635E+001                  1.2796138139291824E+010                  1.0615202299310016E-007                  0.0000000000000000E+000                 -3.4870358624241273E+000                  7.8688061684297361E-001                  1.0254412442028047E+000                  1.1759562420347953E+000 
                                     364                  2.9999766850336900E+000                  6.0366566582153969E-001                  5.4168047984887826E+000                 -5.2112915918257832E+000                  8.3540660435643996E+000                  6.9999999999760398E-001                  2.8000000000239622E-001                  1.9999999999999796E-002                  0.0000000000000000E+000                  4.8853050900986665E+008                  7.6674106575960936E+006                  1.0330507528208446E-022                  0.0000000000000000E+000                  0.0000000000000000E+000                  1.5401397915596373E+001                  1.2909183898894728E+010                  1.0736999289307009E-007                  0.0000000000000000E+000                 -3.4845585378183643E+000                  7.8992770049201066E-001                  1.0284883278518417E+000                  1.1790033256838324E+000 
                                     365                  2.9999758397513072E+000                  6.0323139364547451E-001                  5.4207105143577143E+000                 -5.1979110144992768E+000                  8.3712673701934968E+000                  6.9999999999760398E-001                  2.8000000000239622E-001                  1.9999999999999796E-002                  0.0000000000000000E+000                  4.8794196983441615E+008                  7.7015819853635915E+006                  1.2407112099501000E-022                  0.0000000000000000E+000                  0.0000000000000000E+000                  1.5242144218137273E+001                  1.2995087384157692E+010                  1.0822105507084773E-007                  0.0000000000000000E+000                 -3.4828441181752279E+000                  7.9226058577390979E-001                  1.0308212131337409E+000                  1.1813362109657315E+000 
                                     366                  2.9999749279563761E+000                  6.0277576437161007E-001                  5.4250308235089237E+000                 -5.1829975959186223E+000                  8.3904016536901835E+000                  6.9999999999760398E-001                  2.8000000000239622E-001                  1.9999999999999796E-002                  0.0000000000000000E+000                  4.8725654367229104E+008                  7.7395250036185840E+006                  1.5189269481403422E-022                  0.0000000000000000E+000                  0.0000000000000000E+000                  1.5067372009196383E+001                  1.3084419894110291E+010                  1.0904889295339336E-007                  0.0000000000000000E+000                 -3.4811893694748863E+000                  7.9467750080481092E-001                  1.0332381281646419E+000                  1.1837531259966325E+000 
                                     367                  2.9999738102315132E+000                  6.0223422302480245E-001                  5.4292038984717950E+000                 -5.1683844102204954E+000                  8.4090815328299264E+000                  6.9999999999760398E-001                  2.8000000000239622E-001                  1.9999999999999796E-002                  0.0000000000000000E+000                  4.8652592530523634E+008                  7.7763012893613214E+006                  1.8466248466237536E-022                  0.0000000000000000E+000                  0.0000000000000000E+000                  1.4902856747884734E+001                  1.3188673864556047E+010                  1.0992778246322912E-007                  0.0000000000000000E+000                 -3.4794462664104939E+000                  7.9751192382470970E-001                  1.0360725511845408E+000                  1.1865875490165314E+000 
                                     368                  2.9999728687751102E+000                  6.0179167546097101E-001                  5.4328892691020654E+000                 -5.1554068884862287E+000                  8.4256471923014953E+000                  6.9999999999760398E-001                  2.8000000000239622E-001                  1.9999999999999796E-002                  0.0000000000000000E+000                  4.8586059659820122E+008                  7.8089036755496524E+006                  2.1937303396216346E-022                  0.0000000000000000E+000                  0.0000000000000000E+000                  1.4758660888092203E+001                  1.3272445243075043E+010                  1.1056622499645658E-007                  0.0000000000000000E+000                 -3.4781887590193761E+000                  7.9979866568193969E-001                  1.0383592930417709E+000                  1.1888742908737615E+000 
                                     369                  2.9999719162540264E+000                  6.0135578790116051E-001                  5.4363216677088220E+000                 -5.1432234923836821E+000                  8.4411678627713158E+000                  6.9999999999760398E-001                  2.8000000000239622E-001                  1.9999999999999796E-002                  0.0000000000000000E+000                  4.8521147175454921E+008                  7.8393664279151000E+006                  2.5750556715092972E-022                  0.0000000000000000E+000                  0.0000000000000000E+000                  1.4626108081707798E+001                  1.3354058545941860E+010                  1.1113964511252756E-007                  0.0000000000000000E+000                 -3.4770654971616657E+000                  8.0202647764070167E-001                  1.0405871050005326E+000                  1.1911021028325233E+000 
                                     370                  2.9999710348858937E+000                  6.0096249362340493E-001                  5.4396761078562088E+000                 -5.1312634617365926E+000                  8.4563870503931575E+000                  6.9999999999760398E-001                  2.8000000000239622E-001                  1.9999999999999796E-002                  0.0000000000000000E+000                  4.8456317873209012E+008                  7.8692366721206577E+006                  3.0110005634042956E-022                  0.0000000000000000E+000                  0.0000000000000000E+000                  1.4497243103733579E+001                  1.3426939842287546E+010                  1.1161398995823120E-007                  0.0000000000000000E+000                 -3.4761406832508737E+000                  8.0401657404695570E-001                  1.0425772014067867E+000                  1.1930921992387773E+000 
                                     371                  2.9999700599458392E+000                  6.0053806493721995E-001                  5.4422368233595737E+000                 -5.1220256842739103E+000                  8.4681076063162966E+000                  6.9999999999760398E-001                  2.8000000000239622E-001                  1.9999999999999796E-002                  0.0000000000000000E+000                  4.8403357501516896E+008                  7.8920911465241928E+006                  3.3928922090794096E-022                  0.0000000000000000E+000                  0.0000000000000000E+000                  1.4401057167660323E+001                  1.3504418026287663E+010                  1.1207722226383492E-007                  0.0000000000000000E+000                 -3.4752413205993533E+000                  8.0614406544970940E-001                  1.0447046928095405E+000                  1.1952196906415311E+000 
                                     372                  2.9999695660608259E+000                  6.0032712050655090E-001                  5.4443573208281215E+000                 -5.1144066730515867E+000                  8.4777843476340227E+000                  6.9999999999760398E-001                  2.8000000000239622E-001                  1.9999999999999796E-002                  0.0000000000000000E+000                  4.8360824898991954E+008                  7.9110714382502632E+006                  3.7447037408071937E-022                  0.0000000000000000E+000                  0.0000000000000000E+000                  1.4320364911046115E+001                  1.3542680764949675E+010                  1.1229346325319186E-007                  0.0000000000000000E+000                 -3.4748227619213368E+000                  8.0719373222186808E-001                  1.0457543595816992E+000                  1.1962693574136898E+000 
                                     373                  2.9999688194316319E+000                  6.0001320308566186E-001                  5.4472721641982824E+000                 -5.1038868583534844E+000                  8.4911306644746496E+000                  6.9999999999760398E-001                  2.8000000000239622E-001                  1.9999999999999796E-002                  0.0000000000000000E+000                  4.8301032584683013E+008                  7.9372256221164120E+006                  4.2881031872995637E-022                  0.0000000000000000E+000                  0.0000000000000000E+000                  1.4210139423294395E+001                  1.3599696958474663E+010                  1.1260816558362128E-007                  0.0000000000000000E+000                 -3.4742150581200919E+000                  8.0874672196969555E-001                  1.0473073493295266E+000                  1.1978223471615173E+000 
                                     374                  2.9999678142059953E+000                  5.9959963658362037E-001                  5.4513400254432218E+000                 -5.0891555235527219E+000                  8.5098046588472034E+000                  6.9999999999760398E-001                  2.8000000000239622E-001                  1.9999999999999796E-002                  0.0000000000000000E+000                  4.8216414782937759E+008                  7.9738594018170340E+006                  5.1790952548964011E-022                  0.0000000000000000E+000                  0.0000000000000000E+000                  1.4056682264910201E+001                  1.3674320731882158E+010                  1.1299787130718605E-007                  0.0000000000000000E+000                 -3.4734648689142658E+000                  8.1077675786622838E-001                  1.0493373852260595E+000                  1.1998523830580501E+000 
                                     375                  2.9999662857834486E+000                  5.9898963765233448E-001                  5.4552713297078208E+000                 -5.0746823785861768E+000                  8.5280769856278358E+000                  6.9999999999760398E-001                  2.8000000000239622E-001                  1.9999999999999796E-002                  0.0000000000000000E+000                  4.8127021988907629E+008                  8.0093794527649246E+006                  6.2161253280954424E-022                  0.0000000000000000E+000                  0.0000000000000000E+000                  1.3913345259935845E+001                  1.3782237196069290E+010                  1.1350239958531176E-007                  0.0000000000000000E+000                 -3.4724974784176150E+000                  8.1374001426155662E-001                  1.0523006416213876E+000                  1.2028156394533784E+000 
                                     376                  2.9999652418273128E+000                  5.9858523263926944E-001                  5.4578485203527327E+000                 -5.0651630052757666E+000                  8.5400858143990668E+000                  6.9999999999760387E-001                  2.8000000000239622E-001                  1.9999999999999907E-002                  0.0000000000000000E+000                  4.8067679116672444E+008                  8.0327469387852186E+006                  7.0049370644598154E-022                  0.0000000000000000E+000                  0.0000000000000000E+000                  1.3820037030490258E+001                  1.3852350036558651E+010                  1.1378766561811361E-007                  0.0000000000000000E+000                 -3.4719524060720190E+000                  8.1568456193958505E-001                  1.0542451892994160E+000                  1.2047601871314066E+000 
                                     377                  2.9999645417829153E+000                  5.9831931566928676E-001                  5.4601351153405586E+000                 -5.0567283101471681E+000                  8.5507301272871814E+000                  6.9999999999760398E-001                  2.8000000000239622E-001                  1.9999999999999796E-002                  0.0000000000000000E+000                  4.8015639330181563E+008                  8.0535410598614747E+006                  7.7867127713954007E-022                  0.0000000000000000E+000                  0.0000000000000000E+000                  1.3737086974518718E+001                  1.3898421369346910E+010                  1.1396515795099241E-007                 -1.0333732519180256E-019                 -3.4716139516232585E+000                  8.1695484752103209E-001                  1.0555154748808631E+000                  1.2060304727128539E+000 
                                     378                  2.9999636590360961E+000                  5.9798977038878831E-001                  5.4628840219112158E+000                 -5.0465514928781348E+000                  8.5635618642494080E+000                  6.9999999999760398E-001                  2.8000000000239622E-001                  1.9999999999999796E-002                  0.0000000000000000E+000                  4.7952076318123418E+008                  8.0786067393913018E+006                  8.8417990553590538E-022                  0.0000000000000000E+000                  0.0000000000000000E+000                  1.3638540397974932E+001                  1.3955437140267958E+010                  1.1417236666648158E-007                  0.0000000000000000E+000                 -3.4712194982047100E+000                  8.1852031977644923E-001                  1.0570809471362803E+000                  1.2075959449682707E+000 
                                     379                  2.9999625873698990E+000                  5.9759798918117379E-001                  5.4663239239443415E+000                 -5.0337822315218004E+000                  8.5796523185535882E+000                  6.9999999999760398E-001                  2.8000000000239622E-001                  1.9999999999999796E-002                  0.0000000000000000E+000                  4.7871773163607603E+008                  8.1100817343244990E+006                  1.0363221024567140E-021                  0.0000000000000000E+000                  0.0000000000000000E+000                  1.3516776051862003E+001                  1.4022814146489536E+010                  1.1439335202870085E-007                  0.0000000000000000E+000                 -3.4707996069198521E+000                  8.2036925297462759E-001                  1.0589298803344587E+000                  1.2094448781664493E+000 
                                     380                  2.9999611343791588E+000                  5.9708057139473036E-001                  5.4704021482428562E+000                 -5.0185462190227543E+000                  8.5988219313225152E+000                  6.9999999999760398E-001                  2.8000000000239622E-001                  1.9999999999999796E-002                  0.0000000000000000E+000                  4.7773860974458754E+008                  8.1475458498021672E+006                  1.2506679794476803E-021                  0.0000000000000000E+000                  0.0000000000000000E+000                  1.3376231497836631E+001                  1.4110976492788025E+010                  1.1463945566061175E-007                  0.0000000000000000E+000                 -3.4703329423772060E+000                  8.2279179668419034E-001                  1.0613524240440215E+000                  1.2118674218760122E+000 
                                     381                  2.9999594697842404E+000                  5.9650607292037749E-001                  5.4743727331255219E+000                 -5.0035990821349756E+000                  8.6175942992460595E+000                  6.9999999999760387E-001                  2.8000000000239622E-001                  1.9999999999999907E-002                  0.0000000000000000E+000                  4.7675346945199645E+008                  8.1841758881883118E+006                  1.5015516699684886E-021                  0.0000000000000000E+000                  0.0000000000000000E+000                  1.3244134532948868E+001                  1.4207376404984686E+010                  1.1484333784904559E-007                  0.0000000000000000E+000                 -3.4699470967487036E+000                  8.2545714937923509E-001                  1.0640177767390662E+000                  1.2145327745710568E+000 
                                     382                  2.9999579619209942E+000                  5.9600139539735708E-001                  5.4784966093371494E+000                 -4.9880753352371636E+000                  8.6370920410170502E+000                  6.9999999999760398E-001                  2.8000000000239622E-001                  1.9999999999999796E-002                  0.0000000000000000E+000                  4.7573694298939884E+008                  8.2224073521513389E+006                  1.8146268830102198E-021                  0.0000000000000000E+000                  0.0000000000000000E+000                  1.3109568338848044E+001                  1.4291365383682480E+010                  1.1497067132141995E-007                 -5.5378046953811450E-020                 -3.4697064663786388E+000                  8.2777827668370407E-001                  1.0663389040435352E+000                  1.2168539018755258E+000 
                                     383                  2.9999560422611684E+000                  5.9537903352144539E-001                  5.4825051286514048E+000                 -4.9728445884780994E+000                  8.6561798807943617E+000                  6.9999999999760398E-001                  2.8000000000239622E-001                  1.9999999999999796E-002                  0.0000000000000000E+000                  4.7470784575963020E+008                  8.2597286428283025E+006                  2.1810461264540947E-021                  0.0000000000000000E+000                  0.0000000000000000E+000                  1.2984688428832513E+001                  1.4393816489634653E+010                  1.1506249307300931E-007                  0.0000000000000000E+000                 -3.4695331101486500E+000                  8.3061668222933460E-001                  1.0691773095891657E+000                  1.2196923074211563E+000 
                                     384                  2.9999544740938178E+000                  5.9488625337347378E-001                  5.4855692116136394E+000                 -4.9611695260082076E+000                  8.6708024558461521E+000                  6.9999999999760398E-001                  2.8000000000239622E-001                  1.9999999999999796E-002                  0.0000000000000000E+000                  4.7391466783960527E+008                  8.2883750871477854E+006                  2.5096667501723583E-021                  0.0000000000000000E+000                  0.0000000000000000E+000                  1.2891701208281848E+001                  1.4473739187239164E+010                  1.1508141272893899E-007                  0.0000000000000000E+000                 -3.4694974076947451E+000                  8.3284607271611477E-001                  1.0714067000759457E+000                  1.2219216979079366E+000 
                                     385                  2.9999532772817168E+000                  5.9451905413865147E-001                  5.4886015615035291E+000                 -4.9496498983858430E+000                  8.6852413511191440E+000                  6.9999999999760387E-001                  2.8000000000239622E-001                  1.9999999999999907E-002                  0.0000000000000000E+000                  4.7314492687853384E+008                  8.3168371843434209E+006                  2.8825895984939015E-021                  0.0000000000000000E+000                  0.0000000000000000E+000                  1.2800315822874369E+001                  1.4533278787307091E+010                  1.1507792708997599E-007                  7.3967608065115543E-020                 -3.4695039848502449E+000                  8.3449737802547441E-001                  1.0730580053853054E+000                  1.2235730032172960E+000 
                                     386                  2.9999516604856580E+000                  5.9403455962394247E-001                  5.4915692237614415E+000                 -4.9382945525234998E+000                  8.6994504488044662E+000                  6.9999999999760398E-001                  2.8000000000239622E-001                  1.9999999999999796E-002                  0.0000000000000000E+000                  4.7236899934516352E+008                  8.3447786025902964E+006                  3.3009098554757801E-021                  0.0000000000000000E+000                  0.0000000000000000E+000                  1.2714099721688255E+001                  1.4611375265897717E+010                  1.1504698905730483E-007                 -7.4906560712996331E-020                 -3.4695623714742401E+000                  8.3666401140031965E-001                  1.0752246387601507E+000                  1.2257396365921414E+000 
                                     387                  2.9999504283517777E+000                  5.9367381145880460E-001                  5.4945093547359498E+000                 -4.9270813970159359E+000                  8.7134932313665416E+000                  6.9999999999760387E-001                  2.8000000000239622E-001                  1.9999999999999907E-002                  0.0000000000000000E+000                  4.7161634132727116E+008                  8.3725666754367333E+006                  3.7739026420059539E-021                  0.0000000000000000E+000                  0.0000000000000000E+000                  1.2629131496112910E+001                  1.4669192707440605E+010                  1.1500499931078598E-007                  1.5120728084435497E-019                 -3.4696416401453845E+000                  8.3826835854555393E-001                  1.0768289859053850E+000                  1.2273439837373756E+000 
                                     388                  2.9999487614662987E+000                  5.9319683676361312E-001                  5.4978085034267519E+000                 -4.9144453881701606E+000                  8.7293026011841253E+000                  6.9999999999760398E-001                  2.8000000000239622E-001                  1.9999999999999796E-002                  0.0000000000000000E+000                  4.7075949446253347E+008                  8.4038551909685265E+006                  4.3850220251809199E-021                  0.0000000000000000E+000                  0.0000000000000000E+000                  1.2536506505164351E+001                  1.4745455068420258E+010                  1.1493199287798297E-007                  0.0000000000000000E+000                 -3.4697795313636415E+000                  8.4037857555690654E-001                  1.0789392029167375E+000                  1.2294542007487284E+000 
                                     389                  2.9999470652812019E+000                  5.9272384698050207E-001                  5.5010565016680175E+000                 -4.9019854529754543E+000                  8.7448865345448148E+000                  6.9999999999760387E-001                  2.8000000000239622E-001                  1.9999999999999907E-002                  0.0000000000000000E+000                  4.6991498192981297E+008                  8.4347760310554169E+006                  5.0819100927872574E-021                  0.0000000000000000E+000                  0.0000000000000000E+000                  1.2447274416541951E+001                  1.4820422274170197E+010                  1.1483383352575566E-007                  0.0000000000000000E+000                 -3.4699650683874901E+000                  8.4245912245124088E-001                  1.0810197498110719E+000                  1.2315347476430627E+000 
                                     390                  2.9999453392869673E+000                  5.9225463268874978E-001                  5.5034445800097824E+000                 -4.8927695605925106E+000                  8.7563972896135720E+000                  6.9999999999760398E-001                  2.8000000000239622E-001                  1.9999999999999796E-002                  0.0000000000000000E+000                  4.6928014967715275E+008                  8.4575773593857884E+006                  5.6636031810906330E-021                  0.0000000000000000E+000                  0.0000000000000000E+000                  1.2383832310779546E+001                  1.4893968265734110E+010                  1.1471058161146663E-007                 -9.1356885605315794E-020                 -3.4701982591247678E+000                  8.4451175433395664E-001                  1.0830723816937877E+000                  1.2335873795257783E+000 
                                     391                  2.9999444687733319E+000                  5.9202238900736115E-001                  5.5058318547825600E+000                 -4.8836356065966724E+000                  8.7678293864020649E+000                  6.9999999999760398E-001                  2.8000000000239622E-001                  1.9999999999999796E-002                  0.0000000000000000E+000                  4.6867340514860255E+008                  8.4804509628702942E+006                  6.3094527632614609E-021                  0.0000000000000000E+000                  0.0000000000000000E+000                  1.2319396893195929E+001                  1.4930437670505674E+010                  1.1464617420092699E-007                  0.0000000000000000E+000                 -3.4703202166560696E+000                  8.4552352887357840E-001                  1.0840841562334094E+000                  1.2345991540654000E+000 
                                     392                  2.9999426971573020E+000                  5.9155846367182874E-001                  5.5089638772214951E+000                 -4.8715832201972740E+000                  8.7828943069309435E+000                  6.9999999999760398E-001                  2.8000000000239622E-001                  1.9999999999999796E-002                  0.0000000000000000E+000                  4.6785993924831736E+008                  8.5105478028819934E+006                  7.2691107085115700E-021                  0.0000000000000000E+000                  0.0000000000000000E+000                  1.2237544885477835E+001                  1.5003428185038900E+010                  1.1451360456007085E-007                  0.0000000000000000E+000                 -3.4705714573852489E+000                  8.4753687723324911E-001                  1.0860975045930803E+000                  1.2366125024250709E+000 
                                     393                  2.9999408944208463E+000                  5.9109784114998953E-001                  5.5120536474539641E+000                 -4.8596821669700789E+000                  8.7977674424885848E+000                  6.9999999999760398E-001                  2.8000000000239622E-001                  1.9999999999999796E-002                  0.0000000000000000E+000                  4.6705879509246439E+008                  8.5403483637990821E+006                  8.3566356873019019E-021                  0.0000000000000000E+000                  0.0000000000000000E+000                  1.2158272983180753E+001                  1.5075141500107431E+010                  1.1436154929749203E-007                  0.0000000000000000E+000                 -3.4708599848644659E+000                  8.4952589158517589E-001                  1.0880865189450069E+000                  1.2386015167769975E+000 
                                     394                  2.9999390600231681E+000                  5.9064035016689698E-001                  5.5151032884138669E+000                 -4.8479262404724750E+000                  8.8124571078739429E+000                  6.9999999999760398E-001                  2.8000000000239622E-001                  1.9999999999999796E-002                  0.0000000000000000E+000                  4.6626989618099976E+008                  8.5698694363561720E+006                  9.5870937577833184E-021                  0.0000000000000000E+000                  0.0000000000000000E+000                  1.2081403105595642E+001                  1.5146043080504984E+010                  1.1419878938973154E-007                  0.0000000000000000E+000                 -3.4711692499896829E+000                  8.5149179652620688E-001                  1.0900524238860378E+000                  1.2405674217180285E+000 
                                     395                  2.9999371934141883E+000                  5.9018582860302371E-001                  5.5181147708233000E+000                 -4.8363095731554049E+000                  8.8269711215408897E+000                  6.9999999999760398E-001                  2.8000000000239622E-001                  1.9999999999999796E-002                  0.0000000000000000E+000                  4.6549317237509590E+008                  8.5991264393713977E+006                  1.0977144742551999E-020                  0.0000000000000000E+000                  0.0000000000000000E+000                  1.2006777451633971E+001                  1.5216177949089092E+010                  1.1402684536690321E-007                  0.0000000000000000E+000                 -3.4714964452870851E+000                  8.5343575822761475E-001                  1.0919963855874457E+000                  1.2425113834194366E+000 
                                     396                  2.9999352940343846E+000                  5.8973412283815740E-001                  5.5210899285791442E+000                 -4.8248266142285461E+000                  8.8413168443364505E+000                  6.9999999999760398E-001                  2.8000000000239622E-001                  1.9999999999999796E-002                  0.0000000000000000E+000                  4.6472856319347531E+008                  8.6281335876823496E+006                  1.2545196869581386E-020                  0.0000000000000000E+000                  0.0000000000000000E+000                  1.1934256202643791E+001                  1.5285587694564314E+010                  1.1384698869112603E-007                  0.0000000000000000E+000                 -3.4718392260998385E+000                  8.5535885443290616E-001                  1.0939194817927371E+000                  1.2444344796247278E+000 
                                     397                  2.9999333613146320E+000                  5.8928508715107286E-001                  5.5240304722944495E+000                 -4.8134721089470860E+000                  8.8555012145261713E+000                  6.9999999999760398E-001                  2.8000000000239622E-001                  1.9999999999999796E-002                  0.0000000000000000E+000                  4.6397585505504531E+008                  8.6569045765678771E+006                  1.4311575590847920E-020                  0.0000000000000000E+000                  0.0000000000000000E+000                  1.1863715532129552E+001                  1.5354310845080927E+010                  1.1366030418527464E-007                  0.0000000000000000E+000                 -3.4721955930009605E+000                  8.5726209797089337E-001                  1.0958227253307244E+000                  1.2463377231627151E+000 
                                     398                  2.9999313946760418E+000                  5.8883858316975235E-001                  5.5269380014292624E+000                 -4.8022410799808153E+000                  8.8695307795260447E+000                  6.9999999999760398E-001                  2.8000000000239622E-001                  1.9999999999999796E-002                  0.0000000000000000E+000                  4.6323462721183455E+008                  8.6854529436009657E+006                  1.6298707927062260E-020                  0.0000000000000000E+000                  0.0000000000000000E+000                  1.1795047328119836E+001                  1.5422383201068174E+010                  1.1346774893217649E-007                  0.0000000000000000E+000                 -3.4725637804739260E+000                  8.5914646475634782E-001                  1.0977070921161789E+000                  1.2482220899481695E+000 
                                     399                  2.9999293935297944E+000                  5.8839447936668265E-001                  5.5298140168976655E+000                 -4.7911288127505269E+000                  8.8834117247064892E+000                  6.9999999999760398E-001                  2.8000000000239622E-001                  1.9999999999999796E-002                  0.0000000000000000E+000                  4.6250446151136351E+008                  8.7137914474419076E+006                  1.8531324830591610E-020                  0.0000000000000000E+000                  0.0000000000000000E+000                  1.1728171688799767E+001                  1.5489838183800888E+010                  1.1327004794799720E-007                  0.0000000000000000E+000                 -3.4729424578247539E+000                  8.6101288872681736E-001                  1.0995735160866484E+000                  1.2500885139186391E+000 
                                     400                  2.9999273572769716E+000                  5.8795265059229385E-001                  5.5326599327939121E+000                 -4.7801308419375657E+000                  8.8971498995875002E+000                  6.9999999999760398E-001                  2.8000000000239622E-001                  1.9999999999999796E-002                  0.0000000000000000E+000                  4.6178496803398943E+008                  8.7419321049806476E+006                  2.1036683110185877E-020                  0.0000000000000000E+000                  0.0000000000000000E+000                  1.1663024723383595E+001                  1.5556707194166300E+010                  1.1306764987664723E-007                  0.0000000000000000E+000                 -3.4733308172973900E+000                  8.6286224839379000E-001                  1.1014228757536211E+000                  1.2519378735856117E+000 
                                     401                  2.9999252853083855E+000                  5.8751297764281840E-001                  5.5354770842784680E+000                 -4.7692429358211870E+000                  8.9107508417042602E+000                  6.9999999999760398E-001                  2.8000000000239622E-001                  1.9999999999999796E-002                  0.0000000000000000E+000                  4.6107580015564674E+008                  8.7698862541751750E+006                  2.3844806716120044E-020                  0.0000000000000000E+000                  0.0000000000000000E+000                  1.1599545614995861E+001                  1.5623019880980412E+010                  1.1286089152333223E-007                  0.0000000000000000E+000                 -3.4737282617125276E+000                  8.6469537070596802E-001                  1.1032559980657992E+000                  1.2537709958977896E+000 
                                     402                  2.9999231770044048E+000                  5.8707534686256246E-001                  5.5382667332533027E+000                 -4.7584610801785558E+000                  8.9242197983878953E+000                  6.9999999999760398E-001                  2.8000000000239628E-001                  1.9999999999999796E-002                  0.0000000000000000E+000                  4.6037664442585927E+008                  8.7976645889541805E+006                  2.6988749151314878E-020                  0.0000000000000000E+000                  0.0000000000000000E+000                  1.1537676132635941E+001                  1.5688804296012102E+010                  1.1265008699371080E-007                  0.0000000000000000E+000                 -3.4741342342786683E+000                  8.6651303474411057E-001                  1.1050736621039416E+000                  1.2555886599359323E+000 
                                     403                  2.9999210317347780E+000                  5.8663964977900129E-001                  5.5410300734878639E+000                 -4.7477814634775211E+000                  8.9375617466762982E+000                  6.9999999999760398E-001                  2.8000000000239628E-001                  1.9999999999999796E-002                  0.0000000000000000E+000                  4.5968721486064976E+008                  8.8252771878867727E+006                  3.0504879569526517E-020                  0.0000000000000000E+000                  0.0000000000000000E+000                  1.1477360383172602E+001                  1.5754087002732393E+010                  1.1243553015429488E-007                  0.0000000000000000E+000                 -3.4745482139936588E+000                  8.6831597445234321E-001                  1.1068766018121743E+000                  1.2573915996441649E+000 
                                     404                  2.9999188488584525E+000                  5.8620578276750190E-001                  5.5437682352815996E+000                 -4.7372004626475626E+000                  8.9507814115444830E+000                  6.9999999999760398E-001                  2.8000000000239628E-001                  1.9999999999999796E-002                  0.0000000000000000E+000                  4.5900727847350460E+008                  8.8527333550270647E+006                  3.4433194537273325E-020                  0.0000000000000000E+000                  0.0000000000000000E+000                  1.1418544611796202E+001                  1.5818893162406927E+010                  1.1221748726603617E-007                  0.0000000000000000E+000                 -3.4749697300454399E+000                  8.7010487654777779E-001                  1.1086655039076088E+000                  1.2591805017395994E+000 
                                     405                  2.9999166277233944E+000                  5.8577364674354826E-001                  5.5478682798857211E+000                 -4.7214827919471745E+000                  8.9704564842425558E+000                  6.9999999999760376E-001                  2.8000000000239622E-001                  2.0000000000000018E-002                  0.0000000000000000E+000                  4.5803064818506509E+008                  8.8940440353077129E+006                  4.1252740359836551E-020                  0.0000000000000000E+000                  0.0000000000000000E+000                  1.1329606599015122E+001                  1.5883891561833921E+010                  1.1200576826225197E-007                  5.1449501753443625E-020                 -3.4753798053615226E+000                  8.7188019134777173E-001                  1.1104408187076029E+000                  1.2609558165395935E+000 
                                     406                  2.9999120680129114E+000                  5.8491423368321394E-001                  5.5518428126891797E+000                 -4.7060167955785097E+000                  8.9897500907930965E+000                  6.9999999999760398E-001                  2.8000000000239628E-001                  1.9999999999999796E-002                  0.0000000000000000E+000                  4.5702341197231710E+008                  8.9342555433971900E+006                  4.9154076606220393E-020                  0.0000000000000000E+000                  0.0000000000000000E+000                  1.1250480351597593E+001                  1.6011341533545097E+010                  1.1155702929740831E-007                  0.0000000000000000E+000                 -3.4762515296381000E+000                  8.7539384797719622E-001                  1.1139544753370272E+000                  1.2644694731690178E+000 
                                     407                  2.9999097280768181E+000                  5.8448673623475211E-001                  5.5544903854195216E+000                 -4.6957973180349857E+000                  9.0025233954936557E+000                  6.9999999999760387E-001                  2.8000000000239628E-001                  1.9999999999999796E-002                  0.0000000000000000E+000                  4.5637932518377084E+008                  8.9611680910771154E+006                  5.5216236047982227E-020                  0.0000000000000000E+000                  0.0000000000000000E+000                  1.1197106160061590E+001                  1.6073845139636606E+010                  1.1131769180725917E-007                  0.0000000000000000E+000                 -3.4767179037101545E+000                  8.7713270837299295E-001                  1.1156933357328240E+000                  1.2662083335648147E+000 
                                     408                  2.9999073471602666E+000                  5.8406061354642658E-001                  5.5571175881694401E+000                 -4.6856607385328672E+000                  9.0151948005551130E+000                  6.9999999999760398E-001                  2.8000000000239628E-001                  1.9999999999999796E-002                  0.0000000000000000E+000                  4.5574362564692992E+008                  8.9879636912516840E+006                  6.1957921972564488E-020                  0.0000000000000000E+000                  0.0000000000000000E+000                  1.1144853334752707E+001                  1.6136599845525349E+010                  1.1108726961705308E-007                  0.0000000000000000E+000                 -3.4771678537511921E+000                  8.7886033600136859E-001                  1.1174209633611996E+000                  1.2679359611931904E+000 
                                     409                  2.9999049245534621E+000                  5.8363578541773264E-001                  5.5597252093707095E+000                 -4.6756042927955264E+000                  9.0277678261839505E+000                  6.9999999999760398E-001                  2.8000000000239628E-001                  1.9999999999999796E-002                  0.0000000000000000E+000                  4.5511602524478757E+008                  9.0146490034990273E+006                  6.9449079939423595E-020                  0.0000000000000000E+000                  0.0000000000000000E+000                  1.1093609334175417E+001                  1.6199001994064739E+010                  1.1085701832545507E-007                  0.0000000000000000E+000                 -3.4776184033111437E+000                  8.8057729707879262E-001                  1.1191379244386237E+000                  1.2696529222706143E+000 
                                     410                  2.9999024595344657E+000                  5.8321217482097565E-001                  5.5636362502504388E+000                 -4.6606398041940773E+000                  9.0465125507587754E+000                  6.9999999999760398E-001                  2.8000000000239628E-001                  1.9999999999999796E-002                  0.0000000000000000E+000                  4.5421150692266816E+008                  9.0548590288983043E+006                  8.2364520851223628E-020                  0.0000000000000000E+000                  0.0000000000000000E+000                  1.1015412513068830E+001                  1.6261665410175438E+010                  1.1063726803060488E-007                  0.0000000000000000E+000                 -3.4780492784065391E+000                  8.8228386518911472E-001                  1.1208444925489458E+000                  1.2713594903809364E+000 
                                     411                  2.9998973993101852E+000                  5.8236834957147954E-001                  5.5674382180487640E+000                 -4.6458906611631141E+000                  9.0649291157955378E+000                  6.9999999999760398E-001                  2.8000000000239628E-001                  1.9999999999999796E-002                  0.0000000000000000E+000                  4.5328043340448898E+008                  9.0941049564986788E+006                  9.7223932032548093E-020                  0.0000000000000000E+000                  0.0000000000000000E+000                  1.0944865736775055E+001                  1.6384847401923941E+010                  1.1018878937831748E-007                  0.0000000000000000E+000                 -3.4789312942067205E+000                  8.8566866759809371E-001                  1.1242292949579247E+000                  1.2747442927899153E+000 
                                     412                  2.9998948025984427E+000                  5.8194795786774856E-001                  5.5699743535514692E+000                 -4.6361290744439705E+000                  9.0771407786372542E+000                  6.9999999999760398E-001                  2.8000000000239628E-001                  1.9999999999999796E-002                  0.0000000000000000E+000                  4.5268344239995211E+008                  9.1204007800729983E+006                  1.0855490115485508E-019                  0.0000000000000000E+000                  0.0000000000000000E+000                  1.0896711662902373E+001                  1.6445400550599405E+010                  1.0995878169541221E-007                  0.0000000000000000E+000                 -3.4793850403159343E+000                  8.8734712692076168E-001                  1.1259077542805926E+000                  1.2764227521125833E+000 
                                     413                  2.9998921604611626E+000                  5.8152850423903280E-001                  5.5724941262412733E+000                 -4.6264352712699521E+000                  9.0892694486587065E+000                  6.9999999999760398E-001                  2.8000000000239628E-001                  1.9999999999999796E-002                  0.0000000000000000E+000                  4.5209382165803450E+008                  9.1466096531102173E+006                  1.2109755416644488E-019                  0.0000000000000000E+000                  0.0000000000000000E+000                  1.0849128938086793E+001                  1.6506244301346401E+010                  1.0974277619996288E-007                  0.0000000000000000E+000                 -3.4798120287536123E+000                  8.8901670109577913E-001                  1.1275773284556103E+000                  1.2780923262876007E+000 
                                     414                  2.9998894721125433E+000                  5.8110992526451111E-001                  5.5749980605003024E+000                 -4.6168070457821413E+000                  9.1013178176477751E+000                  6.9999999999760398E-001                  2.8000000000239622E-001                  1.9999999999999796E-002                  0.0000000000000000E+000                  4.5151140602229875E+008                  9.1727351981924642E+006                  1.3497168478516166E-019                  0.0000000000000000E+000                  0.0000000000000000E+000                  1.0802050506723836E+001                  1.6566809438564398E+010                  1.0953160004671533E-007                  0.0000000000000000E+000                 -3.4802302840371953E+000                  8.9067777490695055E-001                  1.1292384022667816E+000                  1.2797534000987723E+000 
                                     415                  2.9998867367533584E+000                  5.8069215985561085E-001                  5.5787579227696504E+000                 -4.6024585878462831E+000                  9.1193054290732043E+000                  6.9999999999760398E-001                  2.8000000000239628E-001                  1.9999999999999796E-002                  0.0000000000000000E+000                  4.5067057506907594E+008                  9.2121330835626703E+006                  1.5875513448038216E-019                  0.0000000000000000E+000                  0.0000000000000000E+000                  1.0729478566736878E+001                  1.6627667228171511E+010                  1.0933497767738063E-007                  0.0000000000000000E+000                 -3.4806204396922111E+000                  8.9233042908927740E-001                  1.1308910564491086E+000                  1.2814060542810992E+000 
                                     416                  2.9998811217378907E+000                  5.7985886874304027E-001                  5.5824199330863316E+000                 -4.5882956846901974E+000                  9.1370060541804659E+000                  6.9999999999760398E-001                  2.8000000000239628E-001                  1.9999999999999796E-002                  0.0000000000000000E+000                  4.4980591181838536E+008                  9.2506489113508165E+006                  1.8595349268317888E-019                  0.0000000000000000E+000                  0.0000000000000000E+000                  1.0662882588290769E+001                  1.6747480829712366E+010                  1.0894547001116401E-007                  0.0000000000000000E+000                 -3.4813954115755696E+000                  8.9561280926964104E-001                  1.1341734366294722E+000                  1.2846884344614629E+000 
                                     417                  2.9998782404139694E+000                  5.7944319856555537E-001                  5.5848650058037563E+000                 -4.5789090849720440E+000                  9.1487579905157652E+000                  6.9999999999760398E-001                  2.8000000000239628E-001                  1.9999999999999796E-002                  0.0000000000000000E+000                  4.4925029937227535E+008                  9.2764714611508362E+006                  2.0658550164627220E-019                  0.0000000000000000E+000                  0.0000000000000000E+000                  1.0616840354098704E+001                  1.6806458288913677E+010                  1.0875250088597933E-007                  0.0000000000000000E+000                 -3.4817803735843986E+000                  8.9724261247284032E-001                  1.1358032398326714E+000                  1.2863182376646620E+000 
                                     418                  2.9998753087437340E+000                  5.7902811893139217E-001                  5.5872963021279807E+000                 -4.5695780233469190E+000                  9.1604415198098632E+000                  6.9999999999760398E-001                  2.8000000000239628E-001                  1.9999999999999796E-002                  0.0000000000000000E+000                  4.4870098509355998E+008                  9.3022236495582219E+006                  2.2933203691509589E-019                  0.0000000000000000E+000                  0.0000000000000000E+000                  1.0570784770528192E+001                  1.6865734707598827E+010                  1.0857908365430090E-007                  0.0000000000000000E+000                 -3.4821269139316220E+000                  8.9886500644114720E-001                  1.1374256338009783E+000                  1.2879406316329689E+000 
                                     419                  2.9998723258573583E+000                  5.7861357898565979E-001                  5.5897141236239278E+000                 -4.5603006524743677E+000                  9.1720587452226319E+000                  6.9999999999760398E-001                  2.8000000000239628E-001                  1.9999999999999796E-002                  0.0000000000000000E+000                  4.4815780931098437E+008                  9.3279067999956198E+006                  2.5439386760792292E-019                  0.0000000000000000E+000                  0.0000000000000000E+000                  1.0524621635965730E+001                  1.6924766169461308E+010                  1.0841644286786518E-007                  0.0000000000000000E+000                 -3.4824524229890677E+000                  9.0048026386433355E-001                  1.1390408912241645E+000                  1.2895558890561551E+000 
                                     420                  2.9998692908701745E+000                  5.7819952968980881E-001                  5.5933472502047552E+000                 -4.5464571251614920E+000                  9.1894226851807641E+000                  6.9999999999760398E-001                  2.8000000000239628E-001                  1.9999999999999796E-002                  0.0000000000000000E+000                  4.4737212644073355E+008                  9.3666511790697239E+006                  2.9714005647167127E-019                  0.0000000000000000E+000                  0.0000000000000000E+000                  1.0452411518615854E+001                  1.6984088770031462E+010                  1.0827503489323891E-007                  0.0000000000000000E+000                 -3.4827358338201235E+000                  9.0208830923765759E-001                  1.1406489365974886E+000                  1.2911639344294794E+000 
                                     421                  2.9998630609790129E+000                  5.7737274403770744E-001                  5.5981045164865160E+000                 -4.5282031329925276E+000                  9.2122825150865442E+000                  6.9999999999760398E-001                  2.8000000000239628E-001                  1.9999999999999796E-002                  0.0000000000000000E+000                  4.4631972465264767E+008                  9.4176087943773530E+006                  3.6406485130596482E-019                  0.0000000000000000E+000                  0.0000000000000000E+000                  1.0358473867734730E+001                  1.7101976839123951E+010                  1.0803147553315257E-007                  0.0000000000000000E+000                 -3.4832248460583406E+000                  9.0528408944679573E-001                  1.1438447168066268E+000                  1.2943597146386174E+000 
                                     422                  2.9998566116865089E+000                  5.7654737382720023E-001                  5.6016199961610846E+000                 -4.5146194208752943E+000                  9.2292670035060542E+000                  6.9999999999760398E-001                  2.8000000000239628E-001                  1.9999999999999796E-002                  0.0000000000000000E+000                  4.4552538090632236E+008                  9.4554271484879162E+006                  4.2295331396019974E-019                  0.0000000000000000E+000                  0.0000000000000000E+000                  1.0289127887996406E+001                  1.7216799023561352E+010                  1.0780335632005764E-007                  0.0000000000000000E+000                 -3.4836838588668959E+000                  9.0845406153712172E-001                  1.1470146888969528E+000                  1.2975296867289434E+000 
                                     423                  2.9998532735207819E+000                  5.7613153680991913E-001                  5.6039613503184871E+000                 -4.5056285335455541E+000                  9.2405254214054970E+000                  6.9999999999760398E-001                  2.8000000000239622E-001                  1.9999999999999796E-002                  0.0000000000000000E+000                  4.4501467615846866E+008                  9.4807061650263909E+006                  4.6722096110029064E-019                  0.0000000000000000E+000                  0.0000000000000000E+000                  1.0240869449202775E+001                  1.7274335206454323E+010                  1.0770893697170376E-007                  0.0000000000000000E+000                 -3.4838741301686964E+000                  9.1004289607918520E-001                  1.1486035234390162E+000                  1.2991185212710068E+000 
                                     424                  2.9998499353550550E+000                  5.7572305874735230E-001                  5.6062913601089139E+000                 -4.4966792402462703E+000                  9.2517314980719654E+000                  6.9999999999760398E-001                  2.8000000000239628E-001                  1.9999999999999796E-002                  0.0000000000000000E+000                  4.4450904626855570E+008                  9.5059279223842304E+006                  5.1579953784182242E-019                  0.0000000000000000E+000                  0.0000000000000000E+000                  1.0192268644669435E+001                  1.7331150408426502E+010                  1.0763847877046932E-007                  0.0000000000000000E+000                 -3.4840162243237964E+000                  9.1159807703701656E-001                  1.1501587043968475E+000                  1.3006737022288384E+000 
                                     425                  2.9998464797198179E+000                  5.7530765035235165E-001                  5.6086088507009348E+000                 -4.4877712383252435E+000                  9.2628842107202214E+000                  6.9999999999760398E-001                  2.8000000000239628E-001                  1.9999999999999796E-002                  0.0000000000000000E+000                  4.4400755371162027E+008                  9.5310777764600553E+006                  5.6905281568350812E-019                  0.0000000000000000E+000                  0.0000000000000000E+000                  1.0143558340421707E+001                  1.7388703514127563E+010                  1.0757717501507693E-007                  0.0000000000000000E+000                 -3.4841399322555322E+000                  9.1317412001319409E-001                  1.1517347473730251E+000                  1.3022497452050157E+000 
                                     426                  2.9998430240845817E+000                  5.7489951653097249E-001                  5.6120837401595365E+000                 -4.4744966963771491E+000                  9.2795282105566752E+000                  6.9999999999760398E-001                  2.8000000000239628E-001                  1.9999999999999796E-002                  0.0000000000000000E+000                  4.4328241297186571E+008                  9.5689206750856042E+006                  6.5907572457910487E-019                  0.0000000000000000E+000                  0.0000000000000000E+000                  1.0068115338733493E+001                  1.7445518793008858E+010                  1.0753362163577506E-007                  0.0000000000000000E+000                 -3.4842278636511290E+000                  9.1471687509815947E-001                  1.1532775024579904E+000                  1.3037925002899813E+000 
                                     427                  2.9998358697036660E+000                  5.7407648111859311E-001                  5.6166508662956671E+000                 -4.4569091662817000E+000                  9.3015400325356126E+000                  6.9999999999760387E-001                  2.8000000000239628E-001                  1.9999999999999796E-002                  0.0000000000000000E+000                  4.4230530740924919E+008                  9.6188552316240966E+006                  7.9926976997765859E-019                  0.0000000000000000E+000                  0.0000000000000000E+000                  9.9709722692875413E+000                  1.7559397154991264E+010                  1.0746427979860839E-007                  0.0000000000000000E+000                 -3.4843679337545570E+000                  9.1781175960880934E-001                  1.1563723869686404E+000                  1.3068873848006310E+000 
                                     428                  2.9998284637603558E+000                  5.7325365492475211E-001                  5.6211751379711341E+000                 -4.4394633785555131E+000                  9.3233689386217034E+000                  6.9999999999760387E-001                  2.8000000000239628E-001                  1.9999999999999796E-002                  0.0000000000000000E+000                  4.4134524228657782E+008                  9.6685597774091847E+006                  9.6705286427594688E-019                  0.0000000000000000E+000                  0.0000000000000000E+000                  9.8749194088953196E+000                  1.7671288545462341E+010                  1.0739070291553718E-007                  0.0000000000000000E+000                 -3.4845166574897894E+000                  9.2088417134012135E-001                  1.1594447986999523E+000                  1.3099597965319429E+000 
                                     429                  2.9998207975126809E+000                  5.7243078093746391E-001                  5.6256588327232233E+000                 -4.4221514558875565E+000                  9.3450250289397960E+000                  6.9999999999760398E-001                  2.8000000000239622E-001                  1.9999999999999796E-002                  0.0000000000000000E+000                  4.4040199217011923E+008                  9.7180522575014662E+006                  1.1674920704538036E-018                  0.0000000000000000E+000                  0.0000000000000000E+000                  9.7805764472003780E+000                  1.7782251591033829E+010                  1.0732077506790119E-007                 -4.4136053233365088E-020                 -3.4846580997625485E+000                  9.2393512773543596E-001                  1.1624957550952670E+000                  1.3130107529272577E+000 
                                     430                  2.9998128619188629E+000                  5.7160761563900331E-001                  5.6301043110978997E+000                 -4.4049662983060855E+000                  9.3665177509955821E+000                  6.9999999999760398E-001                  2.8000000000239628E-001                  1.9999999999999796E-002                  0.0000000000000000E+000                  4.3947491444957316E+008                  9.7673556799070984E+006                  1.4065414272195002E-018                  0.0000000000000000E+000                  0.0000000000000000E+000                  9.6882475576934031E+000                  1.7892333941978836E+010                  1.0724702371638128E-007                  0.0000000000000000E+000                 -3.4848073756857807E+000                  9.2696605341636096E-001                  1.1655266807761919E+000                  1.3160416786081828E+000 
                                     431                  2.9998046476271907E+000                  5.7078392739962858E-001                  5.6345138100669390E+000                 -4.3879012847247267E+000                  9.3878559538972617E+000                  6.9999999999760376E-001                  2.8000000000239622E-001                  2.0000000000000018E-002                  0.0000000000000000E+000                  4.3856357331115812E+008                  9.8164915158724673E+006                  1.6911850459601837E-018                  0.0000000000000000E+000                  0.0000000000000000E+000                  9.5976114682919089E+000                  1.8001586247887787E+010                  1.0716896967441384E-007                  4.4555987522057377E-020                 -3.4849654722935850E+000                  9.2997841799079395E-001                  1.1685390453506250E+000                  1.3190540431826157E+000 
                                     432                  2.9997961449655648E+000                  5.6995949546261682E-001                  5.6388893003908693E+000                 -4.3709500577285381E+000                  9.4090479370772044E+000                  6.9999999999760398E-001                  2.8000000000239628E-001                  1.9999999999999796E-002                  0.0000000000000000E+000                  4.3766763846162856E+008                  9.8654775628421158E+006                  2.0295993240908539E-018                  0.0000000000000000E+000                  0.0000000000000000E+000                  9.5083017995233323E+000                  1.8110053521704018E+010                  1.0709104016363900E-007                 -4.4750210164120175E-020                 -3.4851234315787774E+000                  9.3297354134216759E-001                  1.1715341687019987E+000                  1.3220491665339893E+000 
                                     433                  2.9997873439306972E+000                  5.6913410936158371E-001                  5.6432325019964509E+000                 -4.3541064961641220E+000                  9.4301014941083388E+000                  6.9999999999760398E-001                  2.8000000000239628E-001                  1.9999999999999796E-002                  0.0000000000000000E+000                  4.3678672080940294E+008                  9.9143286693657096E+006                  2.4313437970971809E-018                  0.0000000000000000E+000                  0.0000000000000000E+000                  9.4200055668314562E+000                  1.8217771701857151E+010                  1.0701754887385908E-007                  0.0000000000000000E+000                 -3.4852725001566252E+000                  9.3595256572772267E-001                  1.1745131930875536E+000                  1.3250281909195443E+000 
                                     434                  2.9997782341769499E+000                  5.6830756841253283E-001                  5.6475449188986202E+000                 -4.3373647125813699E+000                  9.4510239521909085E+000                  6.9999999999760398E-001                  2.8000000000239628E-001                  1.9999999999999796E-002                  0.0000000000000000E+000                  4.3591952009298044E+008                  9.9630613161662016E+006                  2.9075817603616505E-018                  0.0000000000000000E+000                  0.0000000000000000E+000                  9.3324572529649377E+000                  1.8324768395862350E+010                  1.0695221041803384E-007                  0.0000000000000000E+000                 -3.4854051176433059E+000                  9.3891657500965686E-001                  1.1774772023694879E+000                  1.3279922002014786E+000 
                                     435                  2.9997688050048072E+000                  5.6747968123097392E-001                  5.6518278700181783E+000                 -4.3207190549690528E+000                  9.4718222078156202E+000                  6.9999999999760398E-001                  2.8000000000239622E-001                  1.9999999999999796E-002                  0.0000000000000000E+000                  4.3506436868859321E+008                  1.0011691917988254E+007                  3.4713340937230894E-018                  0.0000000000000000E+000                  0.0000000000000000E+000                  9.2454357939138401E+000                  1.8431064115228363E+010                  1.0689830787772427E-007                  0.0000000000000000E+000                 -3.4855145846509115E+000                  9.4186666145841214E-001                  1.1804272888182432E+000                  1.3309422866502338E+000 
                                     436                  2.9997590453489655E+000                  5.6665026526328388E-001                  5.6560825296639958E+000                 -4.3041641219309437E+000                  9.4925027590428215E+000                  6.9999999999760398E-001                  2.8000000000239633E-001                  1.9999999999999685E-002                  0.0000000000000000E+000                  4.3421976010010308E+008                  1.0060234818039898E+007                  4.1377727100369331E-018                  0.0000000000000000E+000                  0.0000000000000000E+000                  9.1588187269995185E+000                  1.8536673795458286E+010                  1.0685813783650157E-007                  0.0000000000000000E+000                 -3.4855961991603031E+000                  9.4480384584599464E-001                  1.1833644732058257E+000                  1.3338794710378163E+000 
                                     437                  2.9997489437660332E+000                  5.6581914630412533E-001                  5.6592391343646256E+000                 -4.2917927464909287E+000                  9.5079326483681381E+000                  6.9999999999760398E-001                  2.8000000000239633E-001                  1.9999999999999685E-002                  0.0000000000000000E+000                  4.3357833072054976E+008                  1.0096392875984939E+007                  4.7131390579772253E-018                  0.0000000000000000E+000                  0.0000000000000000E+000                  9.0958943689750313E+000                  1.8640712568945396E+010                  1.0681856514764041E-007                  0.0000000000000000E+000                 -3.4856766300185247E+000                  9.4772948889209463E-001                  1.1862901162519257E+000                  1.3368051140839163E+000 
                                     438                  2.9997437160939269E+000                  5.6539930263567206E-001                  5.6613460525879464E+000                 -4.2835788788756828E+000                  9.5181898272113923E+000                  6.9999999999760387E-001                  2.8000000000239633E-001                  1.9999999999999796E-002                  0.0000000000000000E+000                  4.3316275602741945E+008                  1.0120607535451926E+007                  5.1397868591041179E-018                  0.0000000000000000E+000                  0.0000000000000000E+000                  9.0528574017056993E+000                  1.8692924158249538E+010                  1.0680378033262836E-007                  0.0000000000000000E+000                 -3.4857066875650395E+000                  9.4920054774627904E-001                  1.1877611751061101E+000                  1.3382761729381007E+000 
                                     439                  2.9997384884218201E+000                  5.6498613788928176E-001                  5.6645115936813282E+000                 -4.2713063917308203E+000                  9.5335351541662874E+000                  6.9999999999760398E-001                  2.8000000000239633E-001                  1.9999999999999685E-002                  0.0000000000000000E+000                  4.3255746457398283E+008                  1.0157111389321925E+007                  5.8523125612041340E-018                  0.0000000000000000E+000                  0.0000000000000000E+000                  8.9865683050161138E+000                  1.8744979186157661E+010                  1.0680768733877980E-007                  0.0000000000000000E+000                 -3.4856987442124145E+000                  9.5064351472066144E-001                  1.1892041420804926E+000                  1.3397191399124833E+000 
                                     440                  2.9997276670782114E+000                  5.6415112065959616E-001                  5.6686874932711042E+000                 -4.2549938718223501E+000                  9.5538980129849183E+000                  6.9999999999760387E-001                  2.8000000000239633E-001                  1.9999999999999796E-002                  0.0000000000000000E+000                  4.3173727792341453E+008                  1.0205461008032437E+007                  6.9447646182139296E-018                  0.0000000000000000E+000                  0.0000000000000000E+000                  8.9008526830360761E+000                  1.8849504362097633E+010                  1.0682839089695476E-007                  4.5861173600663700E-020                 -3.4856566565595539E+000                  9.5354691938074865E-001                  1.1921075467405797E+000                  1.3426225445725704E+000 
                                     441                  2.9997164670796050E+000                  5.6331392297730043E-001                  5.6717873020763401E+000                 -4.2427954723865584E+000                  9.5691006995337347E+000                  6.9999999999760387E-001                  2.8000000000239628E-001                  1.9999999999999796E-002                  0.0000000000000000E+000                  4.3111275983370507E+008                  1.0241497403796457E+007                  7.8849197320840902E-018                  0.0000000000000000E+000                  0.0000000000000000E+000                  8.8384104117812115E+000                  1.8951577555287106E+010                  1.0683606394856139E-007                  0.0000000000000000E+000                 -3.4856410603108658E+000                  9.5644122978527935E-001                  1.1950018571451104E+000                  1.3455168549771011E+000 
                                     442                  2.9997106712092698E+000                  5.6289084426347491E-001                  5.6738568707340269E+000                 -4.2346924980462246E+000                  9.5792112050519140E+000                  6.9999999999760387E-001                  2.8000000000239628E-001                  1.9999999999999796E-002                  0.0000000000000000E+000                  4.3070689356120527E+008                  1.0265638309362182E+007                  8.5804524788063574E-018                  0.0000000000000000E+000                  0.0000000000000000E+000                  8.7956606854955908E+000                  1.9002802706343430E+010                  1.0684602112963600E-007                  0.0000000000000000E+000                 -3.4856208230092802E+000                  9.5789729171373028E-001                  1.1964579190735614E+000                  1.3469729169055520E+000 
                                     443                  2.9997048753389350E+000                  5.6247438021173812E-001                  5.6769670833903376E+000                 -4.2225799489472644E+000                  9.5943434065088198E+000                  6.9999999999760387E-001                  2.8000000000239633E-001                  1.9999999999999796E-002                  0.0000000000000000E+000                  4.3011370798924130E+008                  1.0302042622949548E+007                  9.7393304238188149E-018                  0.0000000000000000E+000                  0.0000000000000000E+000                  8.7297461724487313E+000                  1.9053876790391052E+010                  1.0687491641954055E-007                  0.0000000000000000E+000                 -3.4855621059496467E+000                  9.5932609116696665E-001                  1.1978867185267978E+000                  1.3484017163587885E+000 
                                     444                  2.9996928783231844E+000                  5.6163239055364211E-001                  5.6800319684369764E+000                 -4.2104806585952277E+000                  9.6094134822242712E+000                  6.9999999999760387E-001                  2.8000000000239639E-001                  1.9999999999999796E-002                  0.0000000000000000E+000                  4.2949589123432767E+008                  1.0338033965652786E+007                  1.1035828357130890E-017                  0.0000000000000000E+000                  0.0000000000000000E+000                  8.6674056663896462E+000                  1.9155554009739407E+010                  1.0693344682972589E-007                  0.0000000000000000E+000                 -3.4854432170791849E+000                  9.6220278550180294E-001                  1.2007634128616340E+000                  1.3512784106936246E+000 
                                     445                  2.9996866701808291E+000                  5.6120679435591547E-001                  5.6831336225575120E+000                 -4.1983691516280972E+000                  9.6245364346140825E+000                  6.9999999999760387E-001                  2.8000000000239633E-001                  1.9999999999999796E-002                  0.0000000000000000E+000                  4.2890209932904232E+008                  1.0374616556848936E+007                  1.2516791609619651E-017                  0.0000000000000000E+000                  0.0000000000000000E+000                  8.6014154184328344E+000                  1.9206575892662331E+010                  1.0696793217501658E-007                  0.0000000000000000E+000                 -3.4853731997872641E+000                  9.6365036584343167E-001                  1.2022109932032627E+000                  1.3527259910352534E+000 
                                     446                  2.9996740370265615E+000                  5.6036084723170687E-001                  5.6861559606393843E+000                 -4.1864058654498901E+000                  9.6394294131588634E+000                  6.9999999999760387E-001                  2.8000000000239639E-001                  1.9999999999999796E-002                  0.0000000000000000E+000                  4.2829088138823271E+008                  1.0410380875191415E+007                  1.4152800937964581E-017                  0.0000000000000000E+000                  0.0000000000000000E+000                  8.5398586330744042E+000                  1.9307242418579464E+010                  1.0704746550020776E-007                  0.0000000000000000E+000                 -3.4852118053912382E+000                  9.6651561502438665E-001                  1.2050762423842176E+000                  1.3555912402162082E+000 
                                     447                  2.9996676120146493E+000                  5.5994046725101487E-001                  5.6892158937018769E+000                 -4.1744267009439051E+000                  9.6543796637642565E+000                  6.9999999999760387E-001                  2.8000000000239639E-001                  1.9999999999999796E-002                  0.0000000000000000E+000                  4.2770322819295180E+008                  1.0446745734031493E+007                  1.6018425608658875E-017                  0.0000000000000000E+000                  0.0000000000000000E+000                  8.4748436626457835E+000                  1.9356914392328045E+010                  1.0708990569085464E-007                  0.0000000000000000E+000                 -3.4851257319480662E+000                  9.6793317590658323E-001                  1.2064938032664143E+000                  1.3570088010984049E+000 
                                     448                  2.9996543132893705E+000                  5.5909030016400674E-001                  5.6932562509315900E+000                 -4.1584861239574877E+000                  9.6742401590997122E+000                  6.9999999999760376E-001                  2.8000000000239633E-001                  1.9999999999999907E-002                  0.0000000000000000E+000                  4.2690484727453768E+008                  1.0494960537063882E+007                  1.8862272302108425E-017                  0.0000000000000000E+000                  0.0000000000000000E+000                  8.3911420677238038E+000                  1.9457514572539227E+010                  1.0719601245412092E-007                  0.0000000000000000E+000                 -3.4849106847534381E+000                  9.7078774326880424E-001                  1.2093483706286352E+000                  1.3598633684606261E+000 
                                     449                  2.9996405503916730E+000                  5.5823716365200127E-001                  5.6972769190098402E+000                 -4.1425959048926240E+000                  9.6940313417523090E+000                  6.9999999999760376E-001                  2.8000000000239639E-001                  1.9999999999999796E-002                  0.0000000000000000E+000                  4.2610917428784561E+008                  1.0543179934053680E+007                  2.2185663327490531E-017                  0.0000000000000000E+000                  0.0000000000000000E+000                  8.3083572612266305E+000                  1.9556600847792767E+010                  1.0729239285114295E-007                  0.0000000000000000E+000                 -3.4847155344498684E+000                  9.7363625060653669E-001                  1.2121968779663677E+000                  1.3627118757983583E+000 
                                     450                  2.9996263073249954E+000                  5.5738094246992786E-001                  5.7012788394028178E+000                 -4.1267534045651084E+000                  9.7137567926544577E+000                  6.9999999999760376E-001                  2.8000000000239644E-001                  1.9999999999999796E-002                  0.0000000000000000E+000                  4.2531612806699365E+008                  1.0591413877238076E+007                  2.6065949589662820E-017                  0.0000000000000000E+000                  0.0000000000000000E+000                  8.2266365816395091E+000                  1.9655079527505695E+010                  1.0739093630116379E-007                  0.0000000000000000E+000                 -3.4845161855775246E+000                  9.7647910662760873E-001                  1.2150397339874397E+000                  1.3655547318194303E+000 
                                     451                  2.9996115675496511E+000                  5.5652152480184414E-001                  5.7052629537021229E+000                 -4.1109561640222063E+000                  9.7334199193415305E+000                  6.9999999999760376E-001                  2.8000000000239644E-001                  1.9999999999999796E-002                  0.0000000000000000E+000                  4.2452577594634062E+008                  1.0639671954881053E+007                  3.0592539890001353E-017                  0.0000000000000000E+000                  0.0000000000000000E+000                  8.1459812825165709E+000                  1.9752969280655769E+010                  1.0749026059336005E-007                  0.0000000000000000E+000                 -3.4843154421168809E+000                  9.7931690078965650E-001                  1.2178775281494876E+000                  1.3683925259814782E+000 
                                     452                  2.9995963139647266E+000                  5.5565880194737882E-001                  5.7092301207190150E+000                 -4.0952017997597876E+000                  9.7530239665232763E+000                  6.9999999999760365E-001                  2.8000000000239650E-001                  1.9999999999999796E-002                  0.0000000000000000E+000                  4.2373852050055099E+008                  1.0687960929790936E+007                  3.5868657356032520E-017                  0.0000000000000000E+000                  0.0000000000000000E+000                  8.0661848523949953E+000                  1.9850287906302284E+010                  1.0759173011544796E-007                 -4.6905597769749022E-020                 -3.4841105544056958E+000                  9.8215014707055126E-001                  1.2207107744303825E+000                  1.3712257722623731E+000 
                                     453                  2.9995805288893900E+000                  5.5479266821429740E-001                  5.7131810674883683E+000                 -4.0794879368918338E+000                  9.7725720258593718E+000                  6.9999999999760365E-001                  2.8000000000239655E-001                  1.9999999999999796E-002                  0.0000000000000000E+000                  4.2295472830805033E+008                  1.0736285852021607E+007                  4.2013330833580353E-017                  0.0000000000000000E+000                  0.0000000000000000E+000                  7.9870374591162117E+000                  1.9947048806702652E+010                  1.0769837207489530E-007                  0.0000000000000000E+000                 -3.4838954306362147E+000                  9.8497925710909939E-001                  1.2235398844689305E+000                  1.3740548823009211E+000 
                                     454                  2.9995641940435900E+000                  5.5392302094658841E-001                  5.7171163961920941E+000                 -4.0638122080358370E+000                  9.7920670449869576E+000                  6.9999999999760365E-001                  2.8000000000239661E-001                  1.9999999999999796E-002                  0.0000000000000000E+000                  4.2217466891811585E+008                  1.0784650374950433E+007                  4.9163693584262808E-017                  0.0000000000000000E+000                  0.0000000000000000E+000                  7.9083484326992100E+000                  2.0043259729821083E+010                  1.0781309783550971E-007                  0.0000000000000000E+000                 -3.4836642375145939E+000                  9.8780457150372070E-001                  1.2263651988635518E+000                  1.3768801966955424E+000 
                                     455                  2.9995472905281231E+000                  5.5304976055931154E-001                  5.7210365967581698E+000                 -4.0481722594288989E+000                  9.8115118358636462E+000                  6.9999999999760354E-001                  2.8000000000239661E-001                  1.9999999999999796E-002                  0.0000000000000000E+000                  4.2139849864404398E+008                  1.0833056966120688E+007                  5.7477602748974177E-017                  0.0000000000000000E+000                  0.0000000000000000E+000                  7.8299485190634321E+000                  2.0138923138771931E+010                  1.0793851339255451E-007                  4.7136767631502569E-020                 -3.4834117838240086E+000                  9.9062637190959124E-001                  1.2291869992694222E+000                  1.3797019971014128E+000 
                                     456                  2.9995297988040619E+000                  5.5217279056570845E-001                  5.7249420599981349E+000                 -4.0325657595641076E+000                  9.8309090824763139E+000                  6.9999999999760354E-001                  2.8000000000239667E-001                  1.9999999999999796E-002                  0.0000000000000000E+000                  4.2062625179764014E+008                  1.0881507252656756E+007                  6.7136618523030503E-017                  0.0000000000000000E+000                  0.0000000000000000E+000                  7.7516915859738500E+000                  2.0234036794206474E+010                  1.0807689886650984E-007                  0.0000000000000000E+000                 -3.4831335626762319E+000                  9.9344489332695196E-001                  1.2320055206867830E+000                  1.3825205185187737E+000 
                                     457                  2.9995116986715229E+000                  5.5129201759179602E-001                  5.7288331116033460E+000                 -4.0169904316630616E+000                  9.8502613479641337E+000                  6.9999999999760343E-001                  2.8000000000239672E-001                  1.9999999999999796E-002                  0.0000000000000000E+000                  4.1985791263178730E+008                  1.0930002406583291E+007                  7.8349435819689697E-017                  0.0000000000000000E+000                  0.0000000000000000E+000                  7.6735400405199643E+000                  2.0328594946683212E+010                  1.0822950375061269E-007                 -4.7276075197684414E-020                 -3.4828271664287267E+000                  9.9626033958242488E-001                  1.2348209669422558E+000                  1.3853359647742465E+000 
                                     458                  2.9994929692477785E+000                  5.5040735132901819E-001                  5.7327101289993543E+000                 -4.0014441761045099E+000                  9.8695710812264785E+000                  6.9999999999760332E-001                  2.8000000000239694E-001                  1.9999999999999796E-002                  0.0000000000000000E+000                  4.1909355018902469E+008                  1.0978544252017176E+007                  9.1356031897424758E-017                  0.0000000000000000E+000                  0.0000000000000000E+000                  7.5958157894658278E+000                  2.0422592212398571E+010                  1.0839372614290115E-007                  4.7341990037217301E-020                 -3.4824979270739540E+000                  9.9907291333294923E-001                  1.2376335406927803E+000                  1.3881485385247709E+000 
                                     459                  2.9994735889446522E+000                  5.4951870423712246E-001                  5.7365736471522881E+000                 -3.9859251820604418E+000                  9.8888406231126922E+000                  6.9999999999760310E-001                  2.8000000000239705E-001                  1.9999999999999796E-002                  0.0000000000000000E+000                  4.1833339530211598E+008                  1.1027136617669094E+007                  1.0643257588808385E-016                  0.0000000000000000E+000                  0.0000000000000000E+000                  7.5188970105744790E+000                  2.0516029381266331E+010                  1.0856341305312950E-007                  4.7405693052223661E-020                 -3.4821582558187787E+000                  1.0018828647780498E+000                  1.2404434921378809E+000                  1.3909584899698717E+000 
                                     460                  2.9994535354451886E+000                  5.4862599101063325E-001                  5.7404243615646147E+000                 -3.9704319238007946E+000                  9.9080722122719731E+000                  6.9999999999760298E-001                  2.8000000000239722E-001                  1.9999999999999796E-002                  0.0000000000000000E+000                  4.1757784442034179E+008                  1.1075785412693733E+007                  1.2389696500722324E-016                  0.0000000000000000E+000                  0.0000000000000000E+000                  7.4431177733557741E+000                  2.0608916347746483E+010                  1.0873227411619676E-007                  0.0000000000000000E+000                 -3.4818207643406187E+000                  1.0046905195756419E+000                  1.2432511469354730E+000                  1.3937661447674636E+000 
                                     461                  2.9994327856795699E+000                  5.4772912803934293E-001                  5.7442631059721103E+000                 -3.9549631296638843E+000                  9.9272679906944727E+000                  6.9999999999760287E-001                  2.8000000000239744E-001                  1.9999999999999685E-002                  0.0000000000000000E+000                  4.1682743049258792E+008                  1.1124498519921694E+007                  1.4411516680357749E-016                  0.0000000000000000E+000                  0.0000000000000000E+000                  7.3687690817555316E+000                  2.0701271700058540E+010                  1.0889474014027400E-007                  0.0000000000000000E+000                 -3.4814965485666614E+000                  1.0074962771252158E+000                  1.2460569044850471E+000                  1.3965719023170375E+000 
                                     462                  2.9994113158002529E+000                  5.4682803291889437E-001                  5.7480908310806607E+000                 -3.9395177533503163E+000                  9.9464300089625279E+000                  6.9999999999760265E-001                  2.8000000000239755E-001                  1.9999999999999796E-002                  0.0000000000000000E+000                  4.1608271989539891E+008                  1.1173285894022409E+007                  1.6750854151738961E-016                  0.0000000000000000E+000                  0.0000000000000000E+000                  7.2961004036476078E+000                  2.0793121682066341E+010                  1.0904595497021027E-007                 -4.7585182951099006E-020                 -3.4811952199105871E+000                  1.0103006091589701E+000                  1.2488612365188014E+000                  1.3993762343507921E+000 
                                     463                  2.9993891011563050E+000                  5.4592262400781677E-001                  5.7519085816631659E+000                 -3.9240949409416177E+000                  9.9655602312291993E+000                  6.9999999999760243E-001                  2.8000000000239778E-001                  1.9999999999999796E-002                  0.0000000000000000E+000                  4.1534431646739930E+008                  1.1222159053869352E+007                  1.9456228378989406E-016                  0.0000000000000000E+000                  0.0000000000000000E+000                  7.2253105721630098E+000                  2.0884499063959759E+010                  1.0918184194644868E-007                  0.0000000000000000E+000                 -3.4809247916131651E+000                  1.0131040508219615E+000                  1.2516646781817926E+000                  1.4021796760137832E+000 
                                     464                  2.9993661162669110E+000                  5.4501282004127483E-001                  5.7557174112824505E+000                 -3.9086939298595809E+000                  9.9846605399376358E+000                  6.9999999999760221E-001                  2.8000000000239800E-001                  1.9999999999999796E-002                  0.0000000000000000E+000                  4.1461282123702699E+008                  1.1271129875533026E+007                  2.2583477018585409E-016                  0.0000000000000000E+000                  0.0000000000000000E+000                  7.1563128031205183E+000                  2.0975440222088257E+010                  1.0930120512450927E-007                  0.0000000000000000E+000                 -3.4806875248072204E+000                  1.0159071667590187E+000                  1.2544677941188498E+000                  1.4049827919508406E+000 
                                     465                  2.9993423347940258E+000                  5.4409853994694235E-001                  5.7595182436012609E+000                 -3.8933138893750270E+000                  1.0003732740268445E+001                  6.9999999999760198E-001                  2.8000000000239833E-001                  1.9999999999999685E-002                  0.0000000000000000E+000                  4.1388874704561990E+008                  1.1320208694410870E+007                  2.6196764525372096E-016                  0.0000000000000000E+000                  0.0000000000000000E+000                  7.0887711844171415E+000                  2.1065979077435455E+010                  1.0940756092317009E-007                  0.0000000000000000E+000                 -3.4804763319000842E+000                  1.0187104911510136E+000                  1.2572711185108447E+000                  1.4077861163428353E+000 
                                     466                  2.9993177295141495E+000                  5.4317970299411478E-001                  5.7633118118572337E+000                 -3.8779538497834802E+000                  1.0022778564278633E+001                  6.9999999999760165E-001                  2.8000000000239850E-001                  1.9999999999999796E-002                  0.0000000000000000E+000                  4.1317246557862067E+008                  1.1369403420037484E+007                  3.0369733407885355E-016                  0.0000000000000000E+000                  0.0000000000000000E+000                  7.0223661388277847E+000                  2.1156141633614635E+010                  1.0950654797947603E-007                  0.0000000000000000E+000                 -3.4802799556341646E+000                  1.0215144745769227E+000                  1.2600751019367538E+000                  1.4105900997687444E+000 
                                     467                  2.9992922722891895E+000                  5.4225622909916271E-001                  5.7670986725767719E+000                 -3.8626127161641541E+000                  1.0041799674718451E+001                  6.9999999999760132E-001                  2.8000000000239889E-001                  1.9999999999999796E-002                  0.0000000000000000E+000                  4.1246423670043766E+008                  1.1418719717640057E+007                  3.5186842411022828E-016                  0.0000000000000000E+000                  0.0000000000000000E+000                  6.9568057275104804E+000                  2.1245944616498066E+010                  1.0960343761471303E-007                  0.0000000000000000E+000                 -3.4800879121881958E+000                  1.0243194717089132E+000                  1.2628800990687443E+000                  1.4133950969007349E+000 
                                     468                  2.9992659340364169E+000                  5.4132803911265615E-001                  5.7708792219021747E+000                 -3.8472892825205585E+000                  1.0060797668535843E+001                  6.9999999999760087E-001                  2.8000000000239927E-001                  1.9999999999999796E-002                  0.0000000000000000E+000                  4.1176421304312402E+008                  1.1468161212756442E+007                  4.0744884643054857E-016                  0.0000000000000000E+000                  0.0000000000000000E+000                  6.8918252943602054E+000                  2.1335396154960094E+010                  1.0970303937021975E-007                 -4.7902235207972212E-020                 -3.4798906699709424E+000                  1.0271257503645623E+000                  1.2656863777243934E+000                  1.4162013755563840E+000 
                                     469                  2.9992386846975032E+000                  5.4039505508756058E-001                  5.7746537114451337E+000                 -3.8319822461605066E+000                  1.0079774080098483E+001                  6.9999999999760043E-001                  2.8000000000239977E-001                  1.9999999999999796E-002                  0.0000000000000000E+000                  4.1107245044792360E+008                  1.1517729665244611E+007                  4.7154706433366090E-016                  0.0000000000000000E+000                  0.0000000000000000E+000                  6.8271871683226770E+000                  2.1424496485284714E+010                  1.0980971043638719E-007                 -4.7950916442833773E-020                 -3.4796796268351673E+000                  1.0299335002238659E+000                  1.2684941275836970E+000                  1.4190091254156876E+000 
                                     470                  2.9992104932065891E+000                  5.3945720052603641E-001                  5.7784222787283301E+000                 -3.8166902391230799E+000                  1.0098730384173088E+001                  6.9999999999759999E-001                  2.8000000000240022E-001                  1.9999999999999796E-002                  0.0000000000000000E+000                  4.1038891469733614E+008                  1.1567425345328135E+007                  5.4543173464709208E-016                  0.0000000000000000E+000                  0.0000000000000000E+000                  6.7627362878967689E+000                  2.1513239093417393E+010                  1.0992685305910514E-007                  0.0000000000000000E+000                 -3.4794481023284929E+000                  1.0327428445002154E+000                  1.2713034718600464E+000                  1.4218184696920371E+000 
                                     471                  2.9991813274573391E+000                  5.3851440056651589E-001                  5.7821850550169254E+000                 -3.8014119456450981E+000                  1.0117667998693374E+001                  6.9999999999759932E-001                  2.8000000000240077E-001                  1.9999999999999907E-002                  0.0000000000000000E+000                  4.0971355901003164E+008                  1.1617248515162939E+007                  6.3055540608055048E-016                  0.0000000000000000E+000                  0.0000000000000000E+000                  6.6986295027263392E+000                  2.1601614439163380E+010                  1.1005428336288639E-007                  0.0000000000000000E+000                 -3.4791965249212211E+000                  1.0355538755835869E+000                  1.2741145029434182E+000                  1.4246295007754088E+000 
                                     472                  2.9991511542689420E+000                  5.3756658192031026E-001                  5.7859422761497923E+000                 -3.7861462238537387E+000                  1.0136588287373971E+001                  6.9999999999759877E-001                  2.8000000000240144E-001                  1.9999999999999796E-002                  0.0000000000000000E+000                  4.0904640044114369E+008                  1.1667201303303527E+007                  7.2858261641499679E-016                  0.0000000000000000E+000                  0.0000000000000000E+000                  6.6351075369032992E+000                  2.1689615995238995E+010                  1.1018810024132977E-007                  4.8092546978197236E-020                 -3.4789326522819324E+000                  1.0383667181992873E+000                  1.2769273455591186E+000                  1.4274423433911092E+000 
                                     473                  2.9991199393510404E+000                  5.3661367253868808E-001                  5.7896943005996127E+000                 -3.7708921222268197E+000                  1.0155492562227348E+001                  6.9999999999759799E-001                  2.8000000000240222E-001                  1.9999999999999796E-002                  0.0000000000000000E+000                  4.0838754302834648E+008                  1.1717287825005461E+007                  8.4142143919118378E-016                  0.0000000000000000E+000                  0.0000000000000000E+000                  6.5723901708634527E+000                  2.1777243867672207E+010                  1.1032378943748560E-007                  0.0000000000000000E+000                 -3.4786654146437810E+000                  1.0411815666160800E+000                  1.2797421939759110E+000                  1.4302571918079019E+000 
                                     474                  2.9990876472675394E+000                  5.3565560123264311E-001                  5.7934415978927278E+000                 -3.7556488623463249E+000                  1.0174382086000186E+001                  6.9999999999759721E-001                  2.8000000000240305E-001                  1.9999999999999796E-002                  0.0000000000000000E+000                  4.0773716989622360E+008                  1.1767513724682460E+007                  9.7125939704080943E-016                  0.0000000000000000E+000                  0.0000000000000000E+000                  6.5106764096477265E+000                  2.1864504995463631E+010                  1.1045720410560050E-007                  0.0000000000000000E+000                 -3.4784029769208140E+000                  1.0439986774541057E+000                  1.2825593048139368E+000                  1.4330743026459274E+000 
                                     475                  2.9990542413992709E+000                  5.3469229731830936E-001                  5.7971847373286769E+000                 -3.7404158234075311E+000                  1.0193258074531926E+001                  6.9999999999759621E-001                  2.8000000000240399E-001                  1.9999999999999796E-002                  0.0000000000000000E+000                  4.0709553093430907E+008                  1.1817886050940566E+007                  1.1206047841676895E-015                  0.0000000000000000E+000                  0.0000000000000000E+000                  6.4501449445356220E+000                  2.1951412541789391E+010                  1.1058454798136051E-007                  4.8230204464287741E-020                 -3.4781527764580367E+000                  1.0468183578474208E+000                  1.2853789852072519E+000                  1.4358939830392425E+000 
                                     476                  2.9990196839054706E+000                  5.3372369028500855E-001                  5.8009243768732359E+000                 -3.7251925271176036E+000                  1.0212121699038503E+001                  6.9999999999759510E-001                  2.8000000000240521E-001                  1.9999999999999685E-002                  0.0000000000000000E+000                  4.0646294860159886E+008                  1.1868413150469439E+007                  1.2923342289030923E-015                  0.0000000000000000E+000                  0.0000000000000000E+000                  6.3909540029898277E+000                  2.2037985318835892E+010                  1.1070237551360032E-007                  0.0000000000000000E+000                 -3.4779215298434787E+000                  1.0496409604250756E+000                  1.2882015877849067E+000                  1.4387165856168973E+000 
                                     477                  2.9989839356840302E+000                  5.3274970948582490E-001                  5.8046612244947955E+000                 -3.7099785929957454E+000                  1.0230974088321751E+001                  6.9999999999759377E-001                  2.8000000000240632E-001                  1.9999999999999907E-002                  0.0000000000000000E+000                  4.0583969982786775E+008                  1.1919104789796563E+007                  1.4897463712557668E-015                  0.0000000000000000E+000                  0.0000000000000000E+000                  6.3331442825050237E+000                  2.2124246449117599E+010                  1.1080855092749981E-007                  0.0000000000000000E+000                 -3.4777133622345824E+000                  1.0524668828355630E+000                  1.2910275101953941E+000                  1.4415425080273847E+000 
                                     478                  2.9989469563305011E+000                  5.3177028391872971E-001                  5.8083959475427092E+000                 -3.6947736366662198E+000                  1.0249816330880586E+001                  6.9999999999759233E-001                  2.8000000000240793E-001                  1.9999999999999796E-002                  0.0000000000000000E+000                  4.0522588748588043E+008                  1.1969971371850960E+007                  1.7166205524034866E-015                  0.0000000000000000E+000                  0.0000000000000000E+000                  6.2765587239825571E+000                  2.2210219782164066E+010                  1.1090405729115425E-007                  0.0000000000000000E+000                 -3.4775262827102349E+000                  1.0552965552252107E+000                  1.2938571825850420E+000                  1.4443721804170326E+000 
                                     479                  2.9989087040958538E+000                  5.3078534223296536E-001                  5.8121291122722294E+000                 -3.6795772001752276E+000                  1.0268649476876341E+001                  6.9999999999759077E-001                  2.8000000000240949E-001                  1.9999999999999796E-002                  0.0000000000000000E+000                  4.0462156797277075E+008                  1.2021021840311972E+007                  1.9772830950868838E-015                  0.0000000000000000E+000                  0.0000000000000000E+000                  6.2210326989187053E+000                  2.2295925602859123E+010                  1.1099198274374008E-007                  4.8411434812835624E-020                 -3.4773541951828082E+000                  1.0581303877856716E+000                  1.2966910151455027E+000                  1.4472060129774933E+000 
                                     480                  2.9988691358429849E+000                  5.2979481289699637E-001                  5.8158611869243542E+000                 -3.6643887537964628E+000                  1.0287474539945089E+001                  6.9999999999758900E-001                  2.8000000000241126E-001                  1.9999999999999796E-002                  0.0000000000000000E+000                  4.0402678799391985E+008                  1.2072263583601950E+007                  2.2766844558421557E-015                  0.0000000000000000E+000                  0.0000000000000000E+000                  6.1664178132982812E+000                  2.2381378917942730E+010                  1.1107534399436728E-007                  0.0000000000000000E+000                 -3.4771911665491761E+000                  1.0609687308462812E+000                  1.2995293582061123E+000                  1.4500443560381031E+000 
                                     481                  2.9988282070018863E+000                  5.2879862436857150E-001                  5.8195925517606932E+000                 -3.6492077057631791E+000                  1.0306292498882911E+001                  6.9999999999758689E-001                  2.8000000000241321E-001                  1.9999999999999907E-002                  0.0000000000000000E+000                  4.0344157535569149E+008                  1.2123702581492005E+007                  2.6204872771431625E-015                  0.0000000000000000E+000                  0.0000000000000000E+000                  6.1125814332516200E+000                  2.2466589752271439E+010                  1.1115684626951785E-007                  9.7004224179983706E-020                 -3.4770318917388736E+000                  1.0638118767610016E+000                  1.3023725041208327E+000                  1.4528875019528233E+000 
                                     482                  2.9987858715234150E+000                  5.2779670524831090E-001                  5.8233235087707325E+000                 -3.6340334116310640E+000                  1.0325104299217708E+001                  6.9999999999758467E-001                  2.8000000000241554E-001                  1.9999999999999796E-002                  0.0000000000000000E+000                  4.0286586699504530E+008                  1.2175343971045746E+007                  3.0151665740559613E-015                  0.0000000000000000E+000                  0.0000000000000000E+000                  6.0594062373562645E+000                  2.2551563643504227E+010                  1.1123890414568366E-007                  4.8547701810872494E-020                 -3.4768716490887051E+000                  1.0666600735501626E+000                  1.3052207009099936E+000                  1.4557356987419843E+000 
                                     483                  2.9987420818316273E+000                  5.2678898441696387E-001                  5.8270542931547036E+000                 -3.6188651855715954E+000                  1.0343910854677524E+001                  6.9999999999758189E-001                  2.8000000000241831E-001                  1.9999999999999796E-002                  0.0000000000000000E+000                  4.0229924171024305E+008                  1.2227194078923870E+007                  3.4681238948280852E-015                  0.0000000000000000E+000                  0.0000000000000000E+000                  6.0067967094697750E+000                  2.2636302184501144E+010                  1.1132365080154323E-007                  0.0000000000000000E+000                 -3.4767062798207835E+000                  1.0695135714673523E+000                  1.3080741988271833E+000                  1.4585891966591740E+000 
                                     484                  2.9986967887746303E+000                  5.2577539115109795E-001                  5.8307851220490381E+000                 -3.6037023532802386E+000                  1.0362713048565588E+001                  6.9999999999757889E-001                  2.8000000000242137E-001                  1.9999999999999796E-002                  0.0000000000000000E+000                  4.0174124145844150E+008                  1.2279259425527027E+007                  3.9878211067402595E-015                  0.0000000000000000E+000                  0.0000000000000000E+000                  5.9547959085499196E+000                  2.2720804712923508E+010                  1.1141167640373989E-007                  4.8639779826191230E-020                 -3.4765346454609802E+000                  1.0723726420760129E+000                  1.3109332694358440E+000                  1.4614482672678346E+000 
                                     485                  2.9986499415739032E+000                  5.2475585511824707E-001                  5.8345162705445341E+000                 -3.5885443342580818E+000                  1.0381511735068367E+001                  6.9999999999757556E-001                  2.8000000000242453E-001                  1.9999999999999907E-002                  0.0000000000000000E+000                  4.0119153171441311E+008                  1.2331546976280443E+007                  4.5839387720549625E-015                  0.0000000000000000E+000                  0.0000000000000000E+000                  5.9035530545871664E+000                  2.2805071887590466E+010                  1.1150099913875915E-007                  0.0000000000000000E+000                 -3.4763606204850150E+000                  1.0752375642521064E+000                  1.3137981916119374E+000                  1.4643131894439281E+000 
                                     486                  2.9986014877720484E+000                  5.2373030617671668E-001                  5.8382481023517654E+000                 -3.5733906738155619E+000                  1.0400307740534092E+001                  6.9999999999757179E-001                  2.8000000000242842E-001                  1.9999999999999796E-002                  0.0000000000000000E+000                  4.0064990624440026E+008                  1.2384064608034514E+007                  5.2675568943508745E-015                  0.0000000000000000E+000                  0.0000000000000000E+000                  5.8532067365153964E+000                  2.2889108770023655E+010                  1.1158854911220129E-007                  4.8733567983609711E-020                 -3.4761901845654180E+000                  1.0781086367334261E+000                  1.3166692640932571E+000                  1.4671842619252478E+000 
                                     487                  2.9985513731789109E+000                  5.2269867409150239E-001                  5.8419810624655746E+000                 -3.5582410331774881E+000                  1.0419101864738074E+001                  6.9999999999756746E-001                  2.8000000000243280E-001                  1.9999999999999796E-002                  0.0000000000000000E+000                  4.0011626468018728E+008                  1.2436821126190059E+007                  6.0513596949453854E-015                  0.0000000000000000E+000                  0.0000000000000000E+000                  5.8038817101415221E+000                  2.2972925525174519E+010                  1.1167145241561941E-007                  0.0000000000000000E+000                 -3.4760289176630863E+000                  1.0809861865339307E+000                  1.3195468138937618E+000                  1.4700618117257527E+000 
                                     488                  2.9984995418160327E+000                  5.2166088826324475E-001                  5.8457156690849388E+000                 -3.5430951767877619E+000                  1.0437894882119567E+001                  6.9999999999756268E-001                  2.8000000000243758E-001                  1.9999999999999796E-002                  0.0000000000000000E+000                  3.9959033913646787E+008                  1.2489827799982525E+007                  6.9498709100720760E-015                  0.0000000000000000E+000                  0.0000000000000000E+000                  5.7556898213161318E+000                  2.3056536949525944E+010                  1.1174711596902265E-007                  0.0000000000000000E+000                 -3.4758818382810186E+000                  1.0838705951779097E+000                  1.3224312225377410E+000                  1.4729462203697317E+000 
                                     489                  2.9984459358594653E+000                  5.2061687747910357E-001                  5.8494525060932254E+000                 -3.5279529632341431E+000                  1.0456687542968920E+001                  6.9999999999755713E-001                  2.8000000000244313E-001                  1.9999999999999796E-002                  0.0000000000000000E+000                  3.9907168471800816E+008                  1.2543098315915173E+007                  7.9797243755381446E-015                  0.0000000000000000E+000                  0.0000000000000000E+000                  5.7087309289577508E+000                  2.3139962008523872E+010                  1.1181326551896858E-007                  1.4663533478169764E-019                 -3.4757533343610971E+000                  1.0867623240416338E+000                  1.3253229514014648E+000                  1.4758379492334555E+000 
                                     490                  2.9983904955809360E+000                  5.1956656967844217E-001                  5.8531922088825690E+000                 -3.5128143306359196E+000                  1.0475480574574746E+001                  6.9999999999755091E-001                  2.8000000000244940E-001                  1.9999999999999685E-002                  0.0000000000000000E+000                  3.9855992096847862E+008                  1.2596647154137798E+007                  9.1599736535993078E-015                  0.0000000000000000E+000                  0.0000000000000000E+000                  5.6630711507418692E+000                  2.3223223309536053E+010                  1.1186812763226431E-007                  9.7855986665386850E-020                 -3.4756468153824196E+000                  1.0896618844446859E+000                  1.3282225118045170E+000                  1.4787375096365076E+000 
                                     491                  2.9983331592872635E+000                  5.1850989174579620E-001                  5.8569354058224414E+000                 -3.4976792313545997E+000                  1.0494274682348305E+001                  6.9999999999754370E-001                  2.8000000000245656E-001                  1.9999999999999796E-002                  0.0000000000000000E+000                  3.9805471669256103E+008                  1.2650488634964388E+007                  1.0512435565860919E-014                  0.0000000000000000E+000                  0.0000000000000000E+000                  5.6186274692544256E+000                  2.3306345053941158E+010                  1.1191189574100429E-007                  0.0000000000000000E+000                 -3.4755618737148617E+000                  1.0925697922022681E+000                  1.3311304195620994E+000                  1.4816454173940901E+000 
                                     492                  2.9982738632579284E+000                  5.1744676945630352E-001                  5.8606826521928639E+000                 -3.4825475586887462E+000                  1.0513070550905274E+001                  6.9999999999753570E-001                  2.8000000000246456E-001                  1.9999999999999796E-002                  0.0000000000000000E+000                  3.9755576766817403E+008                  1.2704635895215979E+007                  1.2062073398349449E-014                  0.0000000000000000E+000                  0.0000000000000000E+000                  5.5752657281473512E+000                  2.3389349379012394E+010                  1.1194700733060007E-007                  4.9029095094172792E-020                 -3.4754937559427823E+000                  1.0954865336605484E+000                  1.3340471610203795E+000                  1.4845621588523701E+000 
                                     493                  2.9982125416807648E+000                  5.1637712760022902E-001                  5.8644344152698284E+000                 -3.4674191277270294E+000                  1.0531868845077973E+001                  6.9999999999752649E-001                  2.8000000000247371E-001                  1.9999999999999796E-002                  0.0000000000000000E+000                  3.9706276087157398E+008                  1.2759100476049300E+007                  1.3837440008853467E-014                  0.0000000000000000E+000                  0.0000000000000000E+000                  5.5328582650909395E+000                  2.3472253886038254E+010                  1.1197642070566174E-007                  1.4724208638570846E-019                 -3.4754367093591849E+000                  1.0984125414540895E+000                  1.3369731688139206E+000                  1.4874881666459112E+000 
                                     494                  2.9981491265857012E+000                  5.1530089015977099E-001                  5.8681910787360403E+000                 -3.4522936768319012E+000                  1.0550670210853418E+001                  6.9999999999751650E-001                  2.8000000000248365E-001                  1.9999999999999796E-002                  0.0000000000000000E+000                  3.9657530206157845E+008                  1.2813892542155599E+007                  1.5871186326622374E-014                  0.0000000000000000E+000                  0.0000000000000000E+000                  5.4912836932504323E+000                  2.3555071146874214E+010                  1.1200296409147507E-007                  0.0000000000000000E+000                 -3.4753852419169728E+000                  1.1013481919377459E+000                  1.3399088192975772E+000                  1.4904238171295678E+000 
                                     495                  2.9980835477765009E+000                  5.1421798048885103E-001                  5.8719529468748242E+000                 -3.4371708759702475E+000                  1.0569475276240953E+001                  6.9999999999750473E-001                  2.8000000000249547E-001                  1.9999999999999796E-002                  0.0000000000000000E+000                  3.9609290399649996E+008                  1.2869021582937121E+007                  1.8200639848067377E-014                  0.0000000000000000E+000                  0.0000000000000000E+000                  5.4504265515701755E+000                  2.3637808946310974E+010                  1.1202936638925201E-007                  2.4593085251335068E-019                 -3.4753340601421705E+000                  1.1042938215635021E+000                  1.3428544489233332E+000                  1.4933694467553238E+000 
                                     496                  2.9980157327604409E+000                  5.1312832147872167E-001                  5.8757202486830042E+000                 -3.4220503313701895E+000                  1.0588284652076000E+001                  6.9999999999749152E-001                  2.8000000000250863E-001                  1.9999999999999796E-002                  0.0000000000000000E+000                  3.9561501289313680E+008                  1.2924496469340546E+007                  2.0868462735748279E-014                  0.0000000000000000E+000                  0.0000000000000000E+000                  5.4101774678165233E+000                  2.3720470613119835E+010                  1.1205827682987005E-007                  4.9240137661512242E-020                 -3.4752780300785795E+000                  1.1072497404485764E+000                  1.3458103678084075E+000                  1.4963253656403981E+000 
                                     497                  2.9979456066758625E+000                  5.1203183571801236E-001                  5.8794931740711256E+000                 -3.4069316244519796E+000                  1.0607098932757955E+001                  6.9999999999747697E-001                  2.8000000000252318E-001                  1.9999999999999796E-002                  0.0000000000000000E+000                  3.9514102791669559E+008                  1.2980325905889411E+007                  2.3923418818431884E-014                  0.0000000000000000E+000                  0.0000000000000000E+000                  5.3705278684313607E+000                  2.3803056195269207E+010                  1.1209116295448305E-007                  9.8589991916042459E-020                 -3.4752143124865711E+000                  1.1102162411392793E+000                  1.3487768684991104E+000                  1.4992918663311010E+000 
                                     498                  2.9978730922175920E+000                  5.1092844556028982E-001                  5.8832719867434378E+000                 -3.3918144334355333E+000                  1.0625918696913750E+001                  6.9999999999746032E-001                  2.8000000000253983E-001                  1.9999999999999796E-002                  0.0000000000000000E+000                  3.9467044116451007E+008                  1.3036519526821982E+007                  2.7421309790936379E-014                  0.0000000000000000E+000                  0.0000000000000000E+000                  5.3316957758037518E+000                  2.3885566864542309E+010                  1.1212564901173491E-007                  2.9610478147365693E-019                 -3.4751475150669049E+000                  1.1131936245265632E+000                  1.3517542518863943E+000                  1.5022692497183849E+000 
                                     499                  2.9977981095603283E+000                  5.0981807288519776E-001                  5.8870571177457744E+000                 -3.3766986307056550E+000                  1.0644744508041549E+001                  6.9999999999744156E-001                  2.8000000000255870E-001                  1.9999999999999796E-002                  0.0000000000000000E+000                  3.9420321666797233E+008                  1.3093086705516098E+007                  3.1426079949196692E-014                  0.0000000000000000E+000                  0.0000000000000000E+000                  5.2939363205914027E+000                  2.3968010987692486E+010                  1.1215603339915349E-007                  1.4822273282113912E-019                 -3.4750886793575826E+000                  1.1161821989115872E+000                  1.3547428262714183E+000                  1.5052578241034091E+000 
                                     500                  2.9977205762798378E+000                  5.0870063859932724E-001                  5.8908491809632517E+000                 -3.3615843004860051E+000                  1.0663576915206724E+001                  6.9999999999742046E-001                  2.8000000000257985E-001                  1.9999999999999685E-002                  0.0000000000000000E+000                  3.9373949011197007E+008                  1.3150039195048723E+007                  3.6011070634377756E-014                  0.0000000000000000E+000                  0.0000000000000000E+000                  5.2575102070966944E+000                  2.4050407415629025E+010                  1.1217591385305525E-007                  2.4732677261214454E-019                 -3.4750501918770627E+000                  1.1191823032219688E+000                  1.3577429305817996E+000                  1.5082579284137902E+000 
                                     501                  2.9976404072718226E+000                  5.0757606207101114E-001                  5.8946489773518111E+000                 -3.3464717435023248E+000                  1.0682416453805700E+001                  6.9999999999739659E-001                  2.8000000000260367E-001                  1.9999999999999796E-002                  0.0000000000000000E+000                  3.9327939015028304E+008                  1.3207392549542358E+007                  4.1260478718584116E-014                  0.0000000000000000E+000                  0.0000000000000000E+000                  5.2226836061778750E+000                  2.4132786259063648E+010                  1.1217867707010016E-007                  1.9809648692380620E-019                 -3.4750448429786513E+000                  1.1221943741307561E+000                  1.3607550014905871E+000                  1.5112699993225778E+000 
                                     502                  2.9975575146684159E+000                  5.0644426053026548E-001                  5.8984574992709753E+000                 -3.3313614803073541E+000                  1.0701263646399706E+001                  6.9999999999736917E-001                  2.8000000000263092E-001                  1.9999999999999907E-002                  0.0000000000000000E+000                  3.9282303530102837E+008                  1.3265166278212231E+007                  4.7271063028714513E-014                  0.0000000000000000E+000                  0.0000000000000000E+000                  5.1897283937029295E+000                  2.4215189276521606E+010                  1.1215753188877782E-007                  3.4708695033532004E-019                 -3.4750857781252198E+000                  1.1252189706760876E+000                  1.3637795980359186E+000                  1.5142945958679093E+000 
                                     503                  2.9974718077522517E+000                  5.0530514843584995E-001                  5.9022759271724192E+000                 -3.3162542462087976E+000                  1.0720119003622061E+001                  6.9999999999733864E-001                  2.8000000000266162E-001                  1.9999999999999796E-002                  0.0000000000000000E+000                  3.9237056482705873E+008                  1.3323383677766966E+007                  5.4154135431972408E-014                  0.0000000000000000E+000                  0.0000000000000000E+000                  5.1589004391559179E+000                  2.4297669994777031E+010                  1.1210576475102132E-007                  3.9715589565356854E-019                 -3.4751860271762580E+000                  1.1282567720230146E+000                  1.3668173993828459E+000                  1.5173323972148363E+000 
                                     504                  2.9973831928680230E+000                  5.0415863683014339E-001                  5.9061055027935305E+000                 -3.3011508517417090E+000                  1.0738983025159420E+001                  6.9999999999730445E-001                  2.8000000000269581E-001                  1.9999999999999796E-002                  0.0000000000000000E+000                  3.9192247404908150E+008                  1.3382067034999682E+007                  6.2037711728962200E-014                  0.0000000000000000E+000                  0.0000000000000000E+000                  5.1301190446156566E+000                  2.4380289819531590E+010                  1.1202089566390098E-007                  3.4794175086321021E-019                 -3.4753504796243244E+000                  1.1313084958902293E+000                  1.3698691232500606E+000                  1.5203841210820512E+000 
                                     505                  2.9972915733314749E+000                  5.0300463304001131E-001                  5.9099473067110857E+000                 -3.2860519401473796E+000                  1.0757856200745973E+001                  6.9999999999726548E-001                  2.8000000000273473E-001                  1.9999999999999796E-002                  0.0000000000000000E+000                  3.9147940809250355E+008                  1.3441234578103317E+007                  7.1068751933116073E-014                  0.0000000000000000E+000                  0.0000000000000000E+000                  5.1030381285890192E+000                  2.4463107419337269E+010                  1.1190795054308697E-007                  3.9814575372640051E-019                 -3.4755695288791113E+000                  1.1343747703536087E+000                  1.3729353977134398E+000                  1.5234503955454304E+000 
                                     506                  2.9971968493357553E+000                  5.0184304101667576E-001                  5.9138021563856578E+000                 -3.2709578768687635E+000                  1.0776739011047988E+001                  6.9999999999722173E-001                  2.8000000000277836E-001                  1.9999999999999907E-002                  0.0000000000000000E+000                  3.9104179885837644E+008                  1.3500901039635234E+007                  8.1415745834991217E-014                  0.0000000000000000E+000                  0.0000000000000000E+000                  5.0773071756815202E+000                  2.4546168787602142E+010                  1.1177549305956749E-007                  4.4848090450072616E-019                 -3.4758267028566610E+000                  1.1374560942929355E+000                  1.3760167216527666E+000                  1.5265317194847572E+000 
                                     507                  2.9970989178551903E+000                  5.0067376199017366E-001                  5.9176706049715246E+000                 -3.2558687484999567E+000                  1.0795631928353719E+001                  6.9999999999717244E-001                  2.8000000000282776E-001                  1.9999999999999796E-002                  0.0000000000000000E+000                  3.9060986627775127E+008                  1.3561077652834240E+007                  9.3271747890411825E-014                  0.0000000000000000E+000                  0.0000000000000000E+000                  5.0525766927933979E+000                  2.4629503978055111E+010                  1.1163226995316996E-007                  5.4884424479500849E-019                 -3.4761051220685628E+000                  1.1405528485948573E+000                  1.3791134759546886E+000                  1.5296284737866792E+000 
                                     508                  2.9969976725467080E+000                  4.9949669515849848E-001                  5.9215529418909405E+000                 -3.2407843638142038E+000                  1.0814535417095932E+001                  6.9999999999711682E-001                  2.8000000000288339E-001                  1.9999999999999796E-002                  0.0000000000000000E+000                  3.9018363474387723E+008                  1.3621772089144753E+007                  1.0685780128463655E-013                  0.0000000000000000E+000                  0.0000000000000000E+000                  5.0284971528035056E+000                  2.4713126941370968E+010                  1.1148715414424074E-007                  5.4955337901350048E-019                 -3.4763875851674007E+000                  1.1436652969397045E+000                  1.3822259242995356E+000                  1.5327409221315262E+000 
                                     509                  2.9968930036483648E+000                  4.9831173840147625E-001                  5.9254491930206310E+000                 -3.2257042558976208E+000                  1.0833449934249989E+001                  6.9999999999705409E-001                  2.8000000000294611E-001                  1.9999999999999796E-002                  0.0000000000000000E+000                  3.8976310174939412E+008                  1.3682987286350671E+007                  1.2242678545818754E-013                  0.0000000000000000E+000                  0.0000000000000000E+000                  5.0047187243880469E+000                  2.4797035447291386E+010                  1.1134912437383590E-007                  7.5036992570523853E-019                 -3.4766565969086241E+000                  1.1467935682869501E+000                  1.3853541956467812E+000                  1.5358691934787718E+000 
                                     510                  2.9967847978749678E+000                  4.9711878901819606E-001                  5.9293591746958327E+000                 -3.2106277411724364E+000                  1.0852375929597414E+001                  6.9999999999698348E-001                  2.8000000000301667E-001                  1.9999999999999796E-002                  0.0000000000000000E+000                  3.8934836027081728E+008                  1.3744721547574786E+007                  1.4026790227253307E-013                  0.0000000000000000E+000                  0.0000000000000000E+000                  4.9810334489049257E+000                  2.4881212665805737E+010                  1.1122535009522849E-007                  7.5136199342562481E-019                 -3.4768981092917048E+000                  1.1499376417846274E+000                  1.3884982691444585E+000                  1.5390132669764491E+000 
                                     511                  2.9966729383107737E+000                  4.9591774433193730E-001                  5.9332827051265529E+000                 -3.1955541460386212E+000                  1.0871313845876950E+001                  6.9999999999690377E-001                  2.8000000000309649E-001                  1.9999999999999796E-002                  0.0000000000000000E+000                  3.8893951587031668E+008                  1.3806973049000392E+007                  1.6071240103966155E-013                  0.0000000000000000E+000                  0.0000000000000000E+000                  4.9576398819099223E+000                  2.4965635216554790E+010                  1.1111573742893351E-007                  8.5268432415408044E-019                 -3.4771122135785251E+000                  1.1530974209859075E+000                  1.3916580483457386E+000                  1.5421730461777292E+000 
                                     512                  2.9965573042991913E+000                  4.9470850168727781E-001                  5.9372197918520104E+000                 -3.1804830088586908E+000                  1.0890264118931144E+001                  6.9999999999681395E-001                  2.8000000000318620E-001                  1.9999999999999796E-002                  0.0000000000000000E+000                  3.8853676417236006E+008                  1.3869743038455324E+007                  1.8414046062184681E-013                  0.0000000000000000E+000                  0.0000000000000000E+000                  4.9348042297539010E+000                  2.5050285430522892E+010                  1.1101370154176933E-007                  8.5384278628920918E-019                 -3.4773117081888465E+000                  1.1562728568625638E+000                  1.3948334842223951E+000                  1.5453484820543857E+000 
                                     513                  2.9964377713294263E+000                  4.9349095787852243E-001                  5.9411706563685085E+000                 -3.1654141057708780E+000                  1.0909227177946130E+001                  6.9999999999671281E-001                  2.8000000000328745E-001                  1.9999999999999796E-002                  0.0000000000000000E+000                  3.8814038170277762E+008                  1.3933036359781770E+007                  2.1098883194459215E-013                  0.0000000000000000E+000                  0.0000000000000000E+000                  4.9127883645753130E+000                  2.5135157984337250E+010                  1.1091172602821228E-007                  1.2070869492875872E-018                 -3.4775112680429334E+000                  1.1594640062107786E+000                  1.3980246335706099E+000                  1.5485396314026005E+000 
                                     514                  2.9963142109199841E+000                  4.9226500848027910E-001                  5.9451357303929084E+000                 -3.1503474476806250E+000                  1.0928203445784709E+001                  6.9999999999659879E-001                  2.8000000000340147E-001                  1.9999999999999796E-002                  0.0000000000000000E+000                  3.8775071031143439E+008                  1.3996861757448100E+007                  2.4175966291102690E-013                  0.0000000000000000E+000                  0.0000000000000000E+000                  4.8918515936596725E+000                  2.5220260713319263E+010                  1.1080234254013319E-007                  1.3598728706470949E-018                 -3.4777255289125524E+000                  1.1626710429139506E+000                  1.4012316702737817E+000                  1.5517466681057723E+000 
                                     515                  2.9961864904991398E+000                  4.9103054715934868E-001                  5.9491156534811660E+000                 -3.1352832781335622E+000                  1.0947193339356749E+001                  6.9999999999647033E-001                  2.8000000000352981E-001                  1.9999999999999796E-002                  0.0000000000000000E+000                  3.8736817860018563E+008                  1.4061231903589550E+007                  2.7703081108485381E-013                  0.0000000000000000E+000                  0.0000000000000000E+000                  4.8722526076218280E+000                  2.5305614626909615E+010                  1.1067809042222381E-007                  1.3113663984506752E-018                 -3.4779691712700838E+000                  1.1658942611927416E+000                  1.4044548885525727E+000                  1.5549698863845633E+000 
                                     516                  2.9960544732829351E+000                  4.8978746497019243E-001                  5.9531112566468716E+000                 -3.1202220516283345E+000                  1.0966197270066569E+001                  6.9999999999632556E-001                  2.8000000000367464E-001                  1.9999999999999796E-002                  0.0000000000000000E+000                  3.8699332936576682E+008                  1.4126162628348945E+007                  3.1746781223781354E-013                  0.0000000000000000E+000                  0.0000000000000000E+000                  4.8542125388395592E+000                  2.5391253376001495E+010                  1.1053198843563643E-007                  1.5658036134495309E-018                 -3.4782560085431582E+000                  1.1691340623075288E+000                  1.4076946896673599E+000                  1.5582096874993505E+000 
                                     517                  2.9959180181496343E+000                  4.8853564967929120E-001                  5.9571234224408300E+000                 -3.1051642815929670E+000                  1.0985215644406289E+001                  6.9999999999616236E-001                  2.8000000000383785E-001                  1.9999999999999796E-002                  0.0000000000000000E+000                  3.8662674475407165E+008                  1.4191670610865774E+007                  3.6383681652586246E-013                  0.0000000000000000E+000                  0.0000000000000000E+000                  4.8376446264544857E+000                  2.5477218318269814E+010                  1.1036182547536855E-007                  1.8210061557676542E-018                 -3.4785905622727458E+000                  1.1723909059110564E+000                  1.4109515332708875E+000                  1.5614665311028781E+000 
                                     518                  2.9957769795105142E+000                  4.8727498549995402E-001                  5.9611528995183090E+000                 -3.0901103401255758E+000                  1.1004248864598759E+001                  6.9999999999597828E-001                  2.8000000000402192E-001                  1.9999999999999796E-002                  0.0000000000000000E+000                  3.8626895539897782E+008                  1.4257770308799418E+007                  4.1701855830786754E-013                  0.0000000000000000E+000                  0.0000000000000000E+000                  4.8223216498384680E+000                  2.5563548282053051E+010                  1.1017181390481784E-007                  1.9756726298902523E-018                 -3.4789647500712140E+000                  1.1756652269721672E+000                  1.4142258543319983E+000                  1.5647408521639889E+000 
                                     519                  2.9956312071771585E+000                  4.8600535340327600E-001                  5.9652002473174273E+000                 -3.0750603999632964E+000                  1.1023297329168622E+001                  6.9999999999577123E-001                  2.8000000000422887E-001                  1.9999999999999907E-002                  0.0000000000000000E+000                  3.8592031531297147E+008                  1.4324473975236736E+007                  4.7802479738104355E-013                  0.0000000000000000E+000                  0.0000000000000000E+000                  4.8080240740103131E+000                  2.5650271969079838E+010                  1.0996817216000333E-007                  2.1308317634380327E-018                 -3.4793664967636984E+000                  1.1789573887839846E+000                  1.4175180161438157E+000                  1.5680330139758063E+000 
                                     520                  2.9954805462252012E+000                  4.8472663161470381E-001                  5.9692658425207101E+000                 -3.0600144428761187E+000                  1.1042361433411463E+001                  6.9999999999553797E-001                  2.8000000000446235E-001                  1.9999999999999685E-002                  0.0000000000000000E+000                  3.8558095277080554E+008                  1.4391792396163331E+007                  5.4801747732754375E-013                  0.0000000000000000E+000                  0.0000000000000000E+000                  4.7945378622291788E+000                  2.5737406401033272E+010                  1.0975704324793306E-007                  2.5405483937158245E-018                 -3.4797838004833990E+000                  1.1822676952919691E+000                  1.4208283226518001E+000                  1.5713433204837908E+000 
                                     521                  2.9953248368544299E+000                  4.8343869610811496E-001                  5.9733498837261623E+000                 -3.0449722622055702E+000                  1.1061441569763492E+001                  6.9999999999527474E-001                  2.8000000000472547E-001                  1.9999999999999796E-002                  0.0000000000000000E+000                  3.8525094991675204E+008                  1.4459733254826758E+007                  6.2833054870619251E-013                  0.0000000000000000E+000                  0.0000000000000000E+000                  4.7816520015383341E+000                  2.5824957128662849E+010                  1.0954452796659539E-007                  2.7480028127581033E-018                 -3.4802046558488398E+000                  1.1855963789987980E+000                  1.4241570063586293E+000                  1.5746720041906199E+000 
                                     522                  2.9951639142451936E+000                  4.8214142111502956E-001                  5.9774523940063409E+000                 -3.0299334654728471E+000                  1.1080538128022551E+001                  6.9999999999497831E-001                  2.8000000000502190E-001                  1.9999999999999796E-002                  0.0000000000000000E+000                  3.8493035803887397E+008                  1.4528300924424201E+007                  7.2049476902256623E-013                  0.0000000000000000E+000                  0.0000000000000000E+000                  4.7691555828901677E+000                  2.5912918268727699E+010                  1.0933670302256058E-007                  3.3638922137095470E-018                 -3.4806170130578673E+000                  1.1889435741265484E+000                  1.4275042014863797E+000                  1.5780191993183703E+000 
                                     523                  2.9949976084119063E+000                  4.8083467965628590E-001                  5.9815732165441320E+000                 -3.0148974699993678E+000                  1.1099651495400979E+001                  6.9999999999464424E-001                  2.8000000000535591E-001                  1.9999999999999796E-002                  0.0000000000000000E+000                  3.8461919196146005E+008                  1.4597496361372998E+007                  8.2626573353579238E-013                  0.0000000000000000E+000                  0.0000000000000000E+000                  4.7568238558622973E+000                  2.6001272328394814E+010                  1.0913985757615100E-007                  3.5223405093174014E-018                 -3.4810083086461083E+000                  1.1923093136710921E+000                  1.4308699410309231E+000                  1.5813849388629140E+000 
                                     524                  2.9948257440532502E+000                  4.7951834411496597E-001                  5.9857120073845733E+000                 -2.9998634964555029E+000                  1.1118782056516304E+001                  6.9999999999426799E-001                  2.8000000000573222E-001                  1.9999999999999796E-002                  0.0000000000000000E+000                  3.8431726352251542E+008                  1.4667318352544179E+007                  9.4765549149103321E-013                  0.0000000000000000E+000                  0.0000000000000000E+000                  4.7444253104313834E+000                  2.6089989753110233E+010                  1.0896063968737999E-007                  4.0392769545210050E-018                 -3.4813651778813766E+000                  1.1956935478259652E+000                  1.4342541751857962E+000                  1.5847691730177869E+000 
                                     525                  2.9946481403975889E+000                  4.7819228684772863E-001                  5.9898682369871157E+000                 -2.9848305715137586E+000                  1.1137930193351680E+001                  6.9999999999384377E-001                  2.8000000000615638E-001                  1.9999999999999796E-002                  0.0000000000000000E+000                  3.8402412843517548E+008                  1.4737764051904883E+007                  1.0869683470477565E-012                  0.0000000000000000E+000                  0.0000000000000000E+000                  4.7317346444409036E+000                  2.6179028681831184E+010                  1.0880581098912827E-007                  4.7116153084994329E-018                 -3.4816739548321523E+000                  1.1990961719010578E+000                  1.4376567992608889E+000                  1.5881717970928797E+000 
                                     526                  2.9944646110441253E+000                  4.7685638081430975E-001                  5.9940411979365926E+000                 -2.9697975354307413E+000                  1.1157096285137085E+001                  6.9999999999336637E-001                  2.8000000000663389E-001                  1.9999999999999796E-002                  0.0000000000000000E+000                  3.8373930527019727E+008                  1.4808827200626291E+007                  1.2468413514009866E-012                  0.0000000000000000E+000                  0.0000000000000000E+000                  4.7185334506103223E+000                  2.6268335122470940E+010                  1.0868199451815012E-007                  5.1810901546587046E-018                 -3.4819212000319393E+000                  1.2025170093445550E+000                  1.4410776367043860E+000                  1.5915926345363767E+000 
                                     527                  2.9942749637997803E+000                  4.7551050021158126E-001                  5.9982300132619208E+000                 -2.9547630512982703E+000                  1.1176280708148104E+001                  6.9999999999282791E-001                  2.8000000000717229E-001                  1.9999999999999796E-002                  0.0000000000000000E+000                  3.8346229630907112E+008                  1.4880498041228795E+007                  1.4302899260030800E-012                  0.0000000000000000E+000                  0.0000000000000000E+000                  4.7046107155570942E+000                  2.6357843329681751E+010                  1.0859559174568446E-007                  5.9092049169017913E-018                 -3.4820939019195389E+000                  1.2059557851962435E+000                  1.4445164125560745E+000                  1.5950314103880652E+000 
                                     528                  2.9940790005116678E+000                  4.7415452110686951E-001                  6.0024336499852842E+000                 -2.9397256200101554E+000                  1.1195483835425453E+001                  6.9999999999222129E-001                  2.8000000000777903E-001                  1.9999999999999685E-002                  0.0000000000000000E+000                  3.8319258304027981E+008                  1.4952763562260469E+007                  1.6407593401049044E-012                  2.2983824219321405E-038                  0.0000000000000000E+000                  4.6897743372068330E+000                  2.6447476414129169E+010                  1.0855259339145759E-007                  6.6914640367706557E-018                 -3.4821798982551933E+000                  1.2094121301363874E+000                  1.4479727574962185E+000                  1.5984877553282091E+000 
                                     529                  2.9938765168950394E+000                  4.7278832205226123E-001                  6.0066510101127815E+000                 -2.9246836780085581E+000                  1.1214706036408218E+001                  6.9999999999153828E-001                  2.8000000000846204E-001                  1.9999999999999685E-002                  0.0000000000000000E+000                  3.8292948491588938E+008                  1.5025610472034337E+007                  1.8821857709847656E-012                  3.6775472852216389E-038                  0.0000000000000000E+000                  4.6740175258717480E+000                  2.6537149667551449E+010                  1.0855588196092821E-007                  7.5282492905259194E-018                 -3.4821733199418765E+000                  1.2128856282343707E+000                  1.4514462555942018E+000                  1.6019612534261927E+000 
                                     530                  2.9936673023568505E+000                  4.7141178441671450E-001                  6.0108810780115913E+000                 -2.9096357559390857E+000                  1.1233947676524842E+001                  6.9999999999076856E-001                  2.8000000000923175E-001                  1.9999999999999685E-002                  0.0000000000000000E+000                  3.8267224274822325E+008                  1.5099027652958570E+007                  2.1590698266261687E-012                  5.8836518053554047E-038                  0.0000000000000000E+000                  4.6574770988019090E+000                  2.6626778326562946E+010                  1.0860322608428464E-007                  8.4199676882867348E-018                 -3.4820786368680920E+000                  1.2163758962476015E+000                  1.4549365236074325E+000                  1.6054515214394232E+000 
                                     531                  2.9934511398147574E+000                  4.7002479222388066E-001                  6.0151229830358330E+000                 -2.8945805462021310E+000                  1.1253209116851052E+001                  6.9999999998990148E-001                  2.8000000001009878E-001                  1.9999999999999796E-002                  0.0000000000000000E+000                  3.8242019384847116E+008                  1.5173006152150681E+007                  2.4765597167047694E-012                  9.4112538445207514E-038                  0.0000000000000000E+000                  4.6402863683284066E+000                  2.6716284504994595E+010                  1.0869016412842278E-007                  9.6775611741092429E-018                 -3.4819048777177821E+000                  1.2198826187658320E+000                  1.4584432461256631E+000                  1.6089582439576537E+000 
                                     532                  2.9932278055110308E+000                  4.6862723175978965E-001                  6.0193759924664416E+000                 -2.8795168952617076E+000                  1.1272490713888079E+001                  6.9999999998892481E-001                  2.8000000001107550E-001                  1.9999999999999685E-002                  0.0000000000000000E+000                  3.8217277460333282E+008                  1.5247539038394272E+007                  2.8405442677013113E-012                  1.5049615580918444E-037                  0.0000000000000000E+000                  4.6225709775245143E+000                  2.6805599111715759E+010                  1.0881240573749009E-007                  1.0784755091173163E-017                 -3.4816607938805229E+000                  1.2234055449114412E+000                  1.4619661722712722E+000                  1.6124811701032631E+000 
                                     533                  2.9929970688212335E+000                  4.6721899118288052E-001                  6.0236395026685834E+000                 -2.8644437936370197E+000                  1.1291792819456896E+001                  6.9999999998782481E-001                  2.8000000001217534E-001                  1.9999999999999796E-002                  0.0000000000000000E+000                  3.8192950639207017E+008                  1.5322621342444090E+007                  3.2577593054770234E-012                  2.4057599391667421E-037                  0.0000000000000000E+000                  4.6044492102273491E+000                  2.6894661413675591E+010                  1.0896589875276362E-007                  1.2156477727414924E-017                 -3.4813546973630656E+000                  1.2269444843399886E+000                  1.4655051116998199E+000                  1.6160201095318103E+000 
                                     534                  2.9927586920574001E+000                  4.6579996014386382E-001                  6.0279130306052844E+000                 -2.8493603649531702E+000                  1.1311115780707176E+001                  6.9999999998658580E-001                  2.8000000001341435E-001                  1.9999999999999796E-002                  0.0000000000000000E+000                  3.8168990593577325E+008                  1.5398250448651962E+007                  3.7359094502388109E-012                  3.8441933573303486E-037                  0.0000000000000000E+000                  4.5860323632246418E+000                  2.6983418494746632E+010                  1.0914683900185653E-007                  1.3794503886530788E-017                 -3.4809944186807176E+000                  1.2304993107972997E+000                  1.4690599381571308E+000                  1.6195749359891214E+000 
                                     535                  2.9925124302654531E+000                  4.6437002941885691E-001                  6.0321962057840324E+000                 -2.8342658582525639E+000                  1.1330459940317203E+001                  6.9999999998519036E-001                  2.8000000001480985E-001                  1.9999999999999796E-002                  0.0000000000000000E+000                  3.8145350733017874E+008                  1.5474425918278966E+007                  4.2838075665404807E-012                  6.1399721318879311E-037                  0.0000000000000000E+000                  4.5674251266051140E+000                  2.7071824783875191E+010                  1.0935167227875467E-007                  1.5492062845202024E-017                 -3.4805872855272453E+000                  1.2340699641194124E+000                  1.4726305914792435E+000                  1.6231455893112341E+000 
                                     536                  2.9922580310144689E+000                  4.6292909053373210E-001                  6.0364887626923451E+000                 -2.8191596399900121E+000                  1.1349825636965674E+001                  6.9999999998361928E-001                  2.8000000001638098E-001                  1.9999999999999796E-002                  0.0000000000000000E+000                  3.8121989117466027E+008                  1.5551149227827743E+007                  4.9115344995648864E-012                  9.8021808526100375E-037                  0.0000000000000000E+000                  4.5487259969357154E+000                  2.7159841676512665E+010                  1.0957707243126950E-007                  1.7615718395158456E-017                 -3.4801401533922003E+000                  1.2376564429063217E+000                  1.4762170702661528E+000                  1.6267320680981434E+000 
                                     537                  2.9919952341768825E+000                  4.6147703537909496E-001                  6.0407905337084040E+000                 -2.8040411857375300E+000                  1.1369213205834141E+001                  6.9999999998184970E-001                  2.8000000001815056E-001                  1.9999999999999796E-002                  0.0000000000000000E+000                  3.8098868523654473E+008                  1.5628423647602271E+007                  5.6306221071617860E-012                  1.5641029476016563E-036                  0.0000000000000000E+000                  4.5300277157925448E+000                  2.7247437136246796E+010                  1.0981992067260715E-007                  1.9854230836924291E-017                 -3.4796594371675433E+000                  1.2412587981306271E+000                  1.4798194254904582E+000                  1.6303344233224488E+000 
                                     538                  2.9917237717056366E+000                  4.6001375585340420E-001                  6.0451014424848344E+000                 -2.7889100716192963E+000                  1.1388622978997875E+001                  6.9999999997985718E-001                  2.8000000002014297E-001                  1.9999999999999796E-002                  0.0000000000000000E+000                  3.8075960202380210E+008                  1.5706253759888077E+007                  6.4542630640900618E-012                  2.4945341569802397E-036                  0.0000000000000000E+000                  4.5114177268526117E+000                  2.7334585266220184E+010                  1.1007727930447603E-007                  2.2208740590766946E-017                 -3.4791511565494444E+000                  1.2448771239310825E+000                  1.4834377512909138E+000                  1.6339527491229042E+000 
                                     539                  2.9914433674059095E+000                  4.5853914352200803E-001                  6.0494214978500445E+000                 -2.7737659659841665E+000                  1.1408055285835880E+001                  6.9999999997761331E-001                  2.8000000002238690E-001                  1.9999999999999796E-002                  0.0000000000000000E+000                  3.8053246104520029E+008                  1.5784644982981395E+007                  7.3975514376218304E-012                  3.9764347514337387E-036                  0.0000000000000000E+000                  4.4929786395100422E+000                  2.7421265867435680E+010                  1.1034635504476190E-007                  2.5154051475646267E-017                 -3.4786210039294181E+000                  1.2485115436787011E+000                  1.4870721710385322E+000                  1.6375871688705228E+000 
                                     540                  2.9911537367003622E+000                  4.5705308928703742E-001                  6.0537507829008161E+000                 -2.7586086189478261E+000                  1.1427510453495776E+001                  6.9999999997508688E-001                  2.8000000002491332E-001                  1.9999999999999796E-002                  0.0000000000000000E+000                  3.8030709784428978E+008                  1.5863604282599535E+007                  8.4777576638036757E-012                  6.3354939285413569E-036                  0.0000000000000000E+000                  4.4747772307956035E+000                  2.7507463929264828E+010                  1.1062468751064105E-007                  2.8483768718050710E-017                 -3.4780739715373228E+000                  1.2521622125492635E+000                  1.4907228399090946E+000                  1.6412378377410854E+000 
                                     541                  2.9908545863875635E+000                  4.5555548307566873E-001                  6.0580894127312730E+000                 -2.7434378167882976E+000                  1.1446988807552277E+001                  6.9999999997224216E-001                  2.8000000002775793E-001                  1.9999999999999907E-002                  0.0000000000000000E+000                  3.8008333605798525E+008                  1.5943139545515757E+007                  9.7146370059211084E-012                  1.0089102808148932E-035                  0.0000000000000000E+000                  4.4568085316159163E+000                  2.7593167930963154E+010                  1.1091131719076787E-007                  3.2201202863868401E-017                 -3.4775120684820742E+000                  1.2558293184922784E+000                  1.4943899458521095E+000                  1.6449049436841001E+000 
                                     542                  2.9905456143888793E+000                  4.5404621364896391E-001                  6.0624374875695723E+000                 -2.7282533308021431E+000                  1.1466490673016237E+001                  6.9999999996903928E-001                  2.8000000003096082E-001                  1.9999999999999907E-002                  0.0000000000000000E+000                  3.7986097962294227E+008                  1.6023258645389473E+007                  1.1130777076874066E-011                  1.6058781923628552E-035                  0.0000000000000000E+000                  4.4390428627973320E+000                  2.7678366846782127E+010                  1.1120698489516784E-007                  3.6203817584481837E-017                 -3.4769339669607970E+000                  1.2595130604619051E+000                  1.4980736878217362E+000                  1.6485886856537268E+000 
                                     543                  2.9902265094810532E+000                  4.5252516855005626E-001                  6.0667950819471832E+000                 -2.7130549038063942E+000                  1.1486016375274211E+001                  6.9999999996543349E-001                  2.8000000003456682E-001                  1.9999999999999685E-002                  0.0000000000000000E+000                  3.7963992395377773E+008                  1.6103968220867513E+007                  1.2751997905446250E-011                  2.5548304007456607E-035                  0.0000000000000000E+000                  4.4214523620996893E+000                  2.7763048152481346E+010                  1.1151282730198930E-007                  4.0972733564250366E-017                 -3.4763375864601356E+000                  1.2632136191216490E+000                  1.5017742464814801E+000                  1.6522892443134707E+000 
                                     544                  2.9898969510275535E+000                  4.5099223413478684E-001                  6.0711622468746018E+000                 -2.6978422519252754E+000                  1.1505566240663173E+001                  6.9999999996137396E-001                  2.8000000003862624E-001                  1.9999999999999796E-002                  0.0000000000000000E+000                  3.7942012987784684E+008                  1.6185273846355034E+007                  1.4607810185064993E-011                  4.0625752114959352E-035                  0.0000000000000000E+000                  4.4040108051775544E+000                  2.7847197484070801E+010                  1.1182988482872068E-007                  4.6088428790048416E-017                 -3.4757210611860843E+000                  1.2669311428110710E+000                  1.5054917701709021E+000                  1.6560067680028927E+000 
                                     545                  2.9895566087051328E+000                  4.4944729561341745E-001                  6.0755390117686039E+000                 -2.6826150670801701E+000                  1.1525140596877641E+001                  6.9999999995680384E-001                  2.8000000004319642E-001                  1.9999999999999796E-002                  0.0000000000000000E+000                  3.7920152544878834E+008                  1.6267180937491372E+007                  1.6731937688285650E-011                  6.4569903557240169E-035                  0.0000000000000000E+000                  4.3866933994964077E+000                  2.7930798789725227E+010                  1.1215913656520919E-007                  5.2088793579922699E-017                 -3.4750826713470913E+000                  1.2706657625524242E+000                  1.5092263899122553E+000                  1.6597413877442460E+000 
                                     546                  2.9892051422239652E+000                  4.4789023709263032E-001                  6.0799253861467655E+000                 -2.6673730185662379E+000                  1.1544739773274983E+001                  6.9999999995165962E-001                  2.8000000004834052E-001                  1.9999999999999796E-002                  0.0000000000000000E+000                  3.7898400373118687E+008                  1.6349694813170860E+007                  1.9162912745638342E-011                  1.0257627894166872E-034                  0.0000000000000000E+000                  4.3694766071928663E+000                  2.8013834470366825E+010                  1.1250153325452617E-007                  5.8821337870568636E-017                 -3.4744207793121205E+000                  1.2744176055130672E+000                  1.5129782328728982E+000                  1.6634932307048889E+000 
                                     547                  2.9888422010412095E+000                  4.4632094162013569E-001                  6.0843213611412663E+000                 -2.6521157543192464E+000                  1.1564364101197480E+001                  6.9999999994586981E-001                  2.8000000005413039E-001                  1.9999999999999796E-002                  0.0000000000000000E+000                  3.7876745622402728E+008                  1.6432820497202184E+007                  2.1944754849738569E-011                  1.6287325881336616E-034                  0.0000000000000000E+000                  4.3523379881458588E+000                  2.8096285481064812E+010                  1.1285799870168065E-007                  6.6239621536836259E-017                 -3.4737338276466825E+000                  1.2781867933111264E+000                  1.5167474206709577E+000                  1.6672624185029483E+000 
                                     548                  2.9884674240637890E+000                  4.4473929121525413E-001                  6.0887269108808768E+000                 -2.6368429016652821E+000                  1.1584013914439728E+001                  6.9999999993935347E-001                  2.8000000006064674E-001                  1.9999999999999796E-002                  0.0000000000000000E+000                  3.7855186680538529E+008                  1.6516561966342943E+007                  2.5127743840863525E-011                  2.5848536657909278E-034                  0.0000000000000000E+000                  4.3352560622563772E+000                  2.8178131412461460E+010                  1.1322940776154794E-007                  7.5051224031268993E-017                 -3.4730203821131478E+000                  1.2819734297249070E+000                  1.5205340570847381E+000                  1.6710490549167287E+000 
                                     549                  2.9880804393388214E+000                  4.4314516688318717E-001                  6.0931419937116793E+000                 -2.6215540682901226E+000                  1.1603689549659778E+001                  6.9999999993201989E-001                  2.8000000006798020E-001                  1.9999999999999907E-002                  0.0000000000000000E+000                  3.7833722571497792E+008                  1.6600922791343804E+007                  2.8769300604648007E-011                  4.1001725981230219E-034                  0.0000000000000000E+000                  4.3182101844093914E+000                  2.8259350567395618E+010                  1.1361658665304841E-007                  8.4567396262834606E-017                 -3.4722791311168351E+000                  1.2857775994074672E+000                  1.5243382267672985E+000                  1.6748532245992891E+000 
                                     550                  2.9876808637396466E+000                  4.4153844864734593E-001                  6.0975665532337198E+000                 -2.6062488432397393E+000                  1.1623391346567042E+001                  6.9999999992376827E-001                  2.8000000007623194E-001                  1.9999999999999796E-002                  0.0000000000000000E+000                  3.7812349894165146E+008                  1.6685906401203018E+007                  3.2934989962264480E-011                  6.5004650520619556E-034                  0.0000000000000000E+000                  4.3011804337448973E+000                  2.8339920039133892E+010                  1.1402034280781503E-007                  9.5392378064706534E-017                 -3.4715088288010132E+000                  1.2895993802482848E+000                  1.5281600076081159E+000                  1.6786750054401065E+000 
                                     551                  2.9872683026461488E+000                  4.3991901559297902E-001                  6.1020005196239335E+000                 -2.5909267983482471E+000                  1.1643119647951503E+001                  6.9999999991448436E-001                  2.8000000008551590E-001                  1.9999999999999796E-002                  0.0000000000000000E+000                  3.7791063025805175E+008                  1.6771516106540507E+007                  3.7699662747093976E-011                  1.0300503271812737E-033                  0.0000000000000000E+000                  4.2841484039143953E+000                  2.8419815796006561E+010                  1.1444146022254817E-007                  1.0764885562970220E-016                 -3.4707083047127076E+000                  1.2934388473107221E+000                  1.5319994746705532E+000                  1.6825144725025438E+000 
                                     552                  2.9868423496191574E+000                  4.3828674591883887E-001                  6.1064438237911300E+000                 -2.5755875037466036E+000                  1.1662874799571942E+001                  6.9999999990404049E-001                  2.8000000009595966E-001                  1.9999999999999796E-002                  0.0000000000000000E+000                  3.7769859214075392E+008                  1.6857755110970948E+007                  4.3148767000297740E-011                  1.6313227434886411E-033                  0.0000000000000000E+000                  4.2671220940306371E+000                  2.8499013236372643E+010                  1.1488021327371229E-007                  1.2162519269782070E-016                 -3.4698773834193135E+000                  1.2972960733311543E+000                  1.5358567006909853E+000                  1.6863716985229762E+000 
                                     553                  2.9864025860692478E+000                  4.3664151694368830E-001                  6.1108964252492211E+000                 -2.5602305577229441E+000                  1.1682657149913830E+001                  6.9999999989229389E-001                  2.8000000010770620E-001                  1.9999999999999907E-002                  0.0000000000000000E+000                  3.7748740501436722E+008                  1.6944626953429077E+007                  4.9379861592101032E-011                  2.5821750026307085E-033                  0.0000000000000000E+000                  4.2501377685088011E+000                  2.8577488674235821E+010                  1.1533583101167221E-007                  1.3717630186942691E-016                 -3.4690178754366734E+000                  1.3011711345408539E+000                  1.5397317619006849E+000                  1.6902467597326756E+000 
                                     554                  2.9859485809204056E+000                  4.3498320501017135E-001                  6.1153583257978550E+000                 -2.5448556010824404E+000                  1.1702467049952601E+001                  6.9999999987908390E-001                  2.8000000012091625E-001                  1.9999999999999796E-002                  0.0000000000000000E+000                  3.7727709836994618E+008                  1.7032136051696993E+007                  5.6504343310448127E-011                  4.0850221870830790E-033                  0.0000000000000000E+000                  4.2332306062610536E+000                  2.8655220791485462E+010                  1.1580700756653247E-007                  1.5481460761676695E-016                 -3.4681325801687248E+000                  1.3050641232763405E+000                  1.5436247506361718E+000                  1.6941397484681624E+000 
                                     555                  2.9854798902635507E+000                  4.3331168532033332E-001                  6.1198295669105720E+000                 -2.5294623144204293E+000                  1.1722304853034379E+001                  6.9999999986423100E-001                  2.8000000013576931E-001                  1.9999999999999685E-002                  0.0000000000000000E+000                  3.7706770572032535E+008                  1.7120287699949481E+007                  6.4649408678976884E-011                  6.4590159289945501E-033                  0.0000000000000000E+000                  4.2164332731918828E+000                  2.8732191030899300E+010                  1.1629251010315395E-007                  1.7472956652345413E-016                 -3.4672241276986218E+000                  1.3089751547521637E+000                  1.5475357821119948E+000                  1.6980507799439855E+000 
                                     556                  2.9849960569999006E+000                  4.3162683176730660E-001                  6.1243102265382250E+000                 -2.5140504149580689E+000                  1.1742170914779379E+001                  6.9999999984753414E-001                  2.8000000015246612E-001                  1.9999999999999796E-002                  0.0000000000000000E+000                  3.7685926846341497E+008                  1.7209088027219325E+007                  7.3960293983551653E-011                  1.0207118118271629E-032                  0.0000000000000000E+000                  4.1997761603572075E+000                  2.8808383418356892E+010                  1.1679120312463494E-007                  1.9700349168786995E-016                 -3.4662949338271587E+000                  1.3129043661243387E+000                  1.5514649934841700E+000                  1.7019799913161606E+000 
                                     557                  2.9844966104777697E+000                  4.2992851677871680E-001                  6.1288004161881640E+000                 -2.4986196541697647E+000                  1.1762065592918702E+001                  6.9999999982876837E-001                  2.8000000017123167E-001                  2.0000000000000018E-002                  0.0000000000000000E+000                  3.7665185556942648E+008                  1.7298543900398344E+007                  8.4602833904404887E-011                  1.6121584722536059E-032                  0.0000000000000000E+000                  4.1832876038920270E+000                  2.8883784392010738E+010                  1.1730203753597560E-007                  2.2216448532819106E-016                 -3.4653472220626718E+000                  1.3168519143734267E+000                  1.5554125417332580E+000                  1.7059275395652485E+000 
                                     558                  2.9839810661235009E+000                  4.2821661117096393E-001                  6.1333002782590160E+000                 -2.4831698145436603E+000                  1.1781989247039784E+001                  6.9999999980768357E-001                  2.8000000019231669E-001                  1.9999999999999796E-002                  0.0000000000000000E+000                  3.7644554965529281E+008                  1.7388662870273106E+007                  9.6766384683470168E-011                  2.5449792527677130E-032                  0.0000000000000000E+000                  4.1669941014675640E+000                  2.8958382620900829E+010                  1.1782403952993189E-007                  2.5074916847310497E-016                 -3.4643830459031988E+000                  1.3208179740608292E+000                  1.5593786014206605E+000                  1.7098935992526512E+000 
                                     559                  2.9834489250678424E+000                  4.2649098402157554E-001                  6.1378099835993103E+000                 -2.4677007071470722E+000                  1.1801942238161214E+001                  6.9999999978399696E-001                  2.8000000021600330E-001                  1.9999999999999796E-002                  0.0000000000000000E+000                  3.7624043988149089E+008                  1.7479453148834888E+007                  1.1066716384642193E-010                  4.0154836420466865E-032                  0.0000000000000000E+000                  4.1509205122964810E+000                  2.9032168811370007E+010                  1.1835630205150960E-007                  2.8263262453780264E-016                 -3.4634043062424906E+000                  1.3248027360613119E+000                  1.5633633634211432E+000                  1.7138783612531339E+000 
                                     560                  2.9828996737718767E+000                  4.2475150256870697E-001                  6.1423297293042110E+000                 -2.4522121697392660E+000                  1.1821924928282966E+001                  6.9999999975739546E-001                  2.8000000024260480E-001                  1.9999999999999796E-002                  0.0000000000000000E+000                  3.7603662032270807E+008                  1.7570923588885028E+007                  1.2655206636094035E-010                  6.3324925674281402E-032                  0.0000000000000000E+000                  4.1350902427006719E+000                  2.9105135549595028E+010                  1.1889797747903071E-007                  3.1869892013936301E-016                 -3.4624127664550244E+000                  1.3288064067088479E+000                  1.5673670340686789E+000                  1.7178820319006696E+000 
                                     561                  2.9823327836421392E+000                  4.2299803210069931E-001                  6.1468597367744122E+000                 -2.4367040655778518E+000                  1.1841937680107582E+001                  6.9999999972752880E-001                  2.8000000027247135E-001                  1.9999999999999796E-002                  0.0000000000000000E+000                  3.7583419516475880E+008                  1.7663083698874172E+007                  1.4470302579297210E-010                  9.9816351479898078E-032                  0.0000000000000000E+000                  4.1195254156351773E+000                  2.9177277187576740E+010                  1.1944827154960265E-007                  3.5911497449156167E-016                 -3.4614100651165360E+000                  1.3328292074411618E+000                  1.5713898348009931E+000                  1.7219048326329838E+000 
                                     562                  2.9817477106345844E+000                  4.2123043583351816E-001                  6.1514002501815490E+000                 -2.4211762819437075E+000                  1.1861980856830941E+001                  6.9999999969400550E-001                  2.8000000030599481E-001                  1.9999999999999685E-002                  0.0000000000000000E+000                  3.7563327896242535E+008                  1.7755943624170206E+007                  1.6544199989550105E-010                  1.5726301665658322E-031                  0.0000000000000000E+000                  4.1042473766905694E+000                  2.9248589747350452E+010                  1.2000643041888574E-007                  4.0461711504095616E-016                 -3.4603977410569571E+000                  1.3368713745009460E+000                  1.5754320018607770E+000                  1.7259469996927677E+000 
                                     563                  2.9811438948522144E+000                  4.1944857479288855E-001                  6.1559515484191998E+000                 -2.4056287424438887E+000                  1.1882054821904241E+001                  6.9999999965638882E-001                  2.8000000034361133E-001                  1.9999999999999796E-002                  0.0000000000000000E+000                  3.7543399462971509E+008                  1.7849514375065375E+007                  1.8913671852726145E-010                  2.4766142769764549E-031                  0.0000000000000000E+000                  4.0893013217242302E+000                  2.9319071280791309E+010                  1.2057121916814941E-007                  4.5612529107487735E-016                 -3.4593781738266309E+000                  1.3409331611788284E+000                  1.5794937885386595E+000                  1.7300087863706504E+000 
                                     564                  2.9805207601370678E+000                  4.1765230764546796E-001                  6.1605139791348948E+000                 -2.3900614433727188E+000                  1.1902159938724990E+001                  6.9999999961419357E-001                  2.8000000038580664E-001                  1.9999999999999796E-002                  0.0000000000000000E+000                  3.7523648492117804E+008                  1.7943808558781892E+007                  2.1620737861958945E-010                  3.8985980113817194E-031                  0.0000000000000000E+000                  4.0747721303082525E+000                  2.9388723504735130E+010                  1.2114004997030338E-007                  5.1366450970183378E-016                 -3.4583561257630442E+000                  1.3450148490947200E+000                  1.5835754764545511E+000                  1.7340904742865417E+000 
                                     565                  2.9798777136599095E+000                  4.1584149038332163E-001                  6.1639313220464045E+000                 -2.3783484244774322E+000                  1.1917271111181954E+001                  6.9999999957900771E-001                  2.8000000042099255E-001                  1.9999999999999796E-002                  0.0000000000000000E+000                  3.7508446430443102E+008                  1.8014757244719882E+007                  2.3896446958257352E-010                  5.4718569687281948E-031                  0.0000000000000000E+000                  4.0647610774110463E+000                  2.9456139761143726E+010                  1.2169554289302619E-007                  5.7295658970465488E-016                 -3.4573626637707973E+000                  1.3491175205034778E+000                  1.5876781478633089E+000                  1.7381931456952995E+000 
                                     566                  2.9795459295859659E+000                  4.1492343222169092E-001                  6.1662212057962922E+000                 -2.3705500070822567E+000                  1.1927347314350522E+001                  6.9999999955395142E-001                  2.8000000044604872E-001                  1.9999999999999796E-002                  0.0000000000000000E+000                  3.7498719461844236E+008                  1.8062457989587307E+007                  2.5547984746412262E-010                  6.8633257909633275E-031                  0.0000000000000000E+000                  4.0578890638470053E+000                  2.9489798461428738E+010                  1.2197429141436894E-007                  6.1392349034437041E-016                 -3.4568658480783268E+000                  1.3511927056190518E+000                  1.5897533329788829E+000                  1.7402683308108735E+000 
                                     567                  2.9792141455120227E+000                  4.1401600873107425E-001                  6.1696745076453245E+000                 -2.3588683510290078E+000                  1.1942465212549063E+001                  6.9999999951382219E-001                  2.8000000048617790E-001                  1.9999999999999907E-002                  0.0000000000000000E+000                  3.7484768014589554E+008                  1.8134637012349874E+007                  2.8246934002586450E-010                  9.6503316827973897E-031                  0.0000000000000000E+000                  4.0472916229246536E+000                  2.9524157455616581E+010                  1.2226187983587493E-007                  6.5715280927779353E-016                 -3.4563544655029936E+000                  1.3532400541271516E+000                  1.5918006814869829E+000                  1.7423156793189736E+000 
                                     568                  2.9785294282864681E+000                  4.1217564550627583E-001                  6.1742732787103014E+000                 -2.3432426795368140E+000                  1.1962665946313930E+001                  6.9999999945436886E-001                  2.8000000054563118E-001                  2.0000000000000018E-002                  0.0000000000000000E+000                  3.7465671383247381E+008                  1.8231196919717036E+007                  3.2283615452559908E-010                  1.5175628877404384E-030                  0.0000000000000000E+000                  4.0345232258660673E+000                  2.9592844095992779E+010                  1.2283687797169455E-007                  7.3314314523412854E-016                 -3.4553356150696120E+000                  1.3573829708822918E+000                  1.5959435982421228E+000                  1.7464585960741135E+000 
                                     569                  2.9778229166514709E+000                  4.1032027997187825E-001                  6.1788854534281583E+000                 -2.3275981747535184E+000                  1.1982899278034237E+001                  6.9999999938776380E-001                  2.8000000061223623E-001                  2.0000000000000018E-002                  0.0000000000000000E+000                  3.7446844249904042E+008                  1.8328551318119731E+007                  3.6895623847288990E-010                  2.3858693604103088E-030                  0.0000000000000000E+000                  4.0225049824562973E+000                  2.9659313632675068E+010                  1.2338687470008812E-007                  8.2500542477654776E-016                 -3.4543655179978088E+000                  1.3615479534212240E+000                  1.6001085807810551E+000                  1.7506235786130457E+000 
                                     570                  2.9770939469188398E+000                  4.0844975311568860E-001                  6.1835118032129381E+000                 -2.3119352860689046E+000                  1.2003165566186786E+001                  6.9999999931317991E-001                  2.8000000068682024E-001                  1.9999999999999796E-002                  0.0000000000000000E+000                  3.7428315258860940E+008                  1.8426723166013300E+007                  4.2165295598640794E-010                  3.7503200169557545E-030                  0.0000000000000000E+000                  4.0113171712520366E+000                  2.9725052931588360E+010                  1.2392359022267746E-007                  9.2792376394485457E-016                 -3.4534230065038987E+000                  1.3657349235999277E+000                  1.6042955509597587E+000                  1.7548105487917494E+000 
                                     571                  2.9763418366084888E+000                  4.0656390104139611E-001                  6.1869796444629710E+000                 -2.3001506072053193E+000                  1.2018400264143654E+001                  6.9999999925121492E-001                  2.8000000074878528E-001                  1.9999999999999796E-002                  0.0000000000000000E+000                  3.7414127466790265E+008                  1.8500648009755809E+007                  4.6596699497186340E-010                  5.2592213971629654E-030                  0.0000000000000000E+000                  4.0040529069464741E+000                  2.9788638740081757E+010                  1.2443047470269092E-007                  1.0319926296813161E-015                 -3.4525366210188637E+000                  1.3699452157042260E+000                  1.6085058430640571E+000                  1.7590208408960477E+000 
                                     572                  2.9759538603131608E+000                  4.0560778229764843E-001                  6.1893041433205944E+000                 -2.2923058053658720E+000                  1.2028558422784471E+001                  6.9999999920722955E-001                  2.8000000079277065E-001                  1.9999999999999796E-002                  0.0000000000000000E+000                  3.7405115256587571E+008                  1.8550367457411513E+007                  4.9812830277321667E-010                  6.5932169250925279E-030                  0.0000000000000000E+000                  3.9991562045073925E+000                  2.9820422012395538E+010                  1.2467815290726726E-007                  1.1022221491535025E-015                 -3.4521048201855820E+000                  1.3720754634589796E+000                  1.6106360908188107E+000                  1.7611510886508013E+000 
                                     573                  2.9755658840178336E+000                  4.0466259253084230E-001                  6.1928108598988665E+000                 -2.2805568307685049E+000                  1.2043798559449886E+001                  6.9999999913667432E-001                  2.8000000086332583E-001                  1.9999999999999796E-002                  0.0000000000000000E+000                  3.7392297286337978E+008                  1.8625628911675464E+007                  5.5068990349822225E-010                  9.2641934933426237E-030                  0.0000000000000000E+000                  3.9917412837171513E+000                  2.9853026709509422E+010                  1.2493011235020681E-007                  1.1820715242897495E-015                 -3.4516664347307393E+000                  1.3741778622369603E+000                  1.6127384895967913E+000                  1.7632534874287822E+000 
                                     574                  2.9747653677932897E+000                  4.0274557585390869E-001                  6.1974850972670374E+000                 -2.2648422908909205E+000                  1.2064165841590698E+001                  6.9999999903160071E-001                  2.8000000096839944E-001                  1.9999999999999796E-002                  0.0000000000000000E+000                  3.7374870827042961E+008                  1.8726410332466159E+007                  6.2934602479953958E-010                  1.4560448114017700E-029                  0.0000000000000000E+000                  3.9835281340594575E+000                  2.9918319333147137E+010                  1.2542038583201983E-007                  1.3257200007268132E-015                 -3.4508159337670214E+000                  1.3784336388830676E+000                  1.6169942662428984E+000                  1.7675092640748893E+000 
                                     575                  2.9739395464945355E+000                  4.0081270843414818E-001                  6.2021773548870938E+000                 -2.2491119809099360E+000                  1.2084567500414792E+001                  6.9999999891458953E-001                  2.8000000108541062E-001                  1.9999999999999796E-002                  0.0000000000000000E+000                  3.7357889724697059E+008                  1.8828121436287548E+007                  7.1926249870886973E-010                  2.2887179189955887E-029                  0.0000000000000000E+000                  3.9764659499377855E+000                  2.9981561820833485E+010                  1.2586909211744651E-007                  1.4835783408768667E-015                 -3.4500404501596034E+000                  1.3827144978536179E+000                  1.6212751252134492E+000                  1.7717901230454396E+000 
                                     576                  2.9730876581557690E+000                  3.9886380214846950E-001                  6.2068887142086577E+000                 -2.2333666841858055E+000                  1.2105003887152053E+001                  6.9999999878380148E-001                  2.8000000121619878E-001                  1.9999999999999796E-002                  0.0000000000000000E+000                  3.7341392595062065E+008                  1.8930794386970460E+007                  8.2206940738038155E-010                  3.5982845768863084E-029                  0.0000000000000000E+000                  3.9705303517081263E+000                  3.0044311337928715E+010                  1.2628939973565179E-007                  1.6662859300607060E-015                 -3.4493165504923811E+000                  1.3870205222564238E+000                  1.6255811496162549E+000                  1.7760961474482455E+000 
                                     577                  2.9722089198449910E+000                  3.9689866184762213E-001                  6.2104240624614730E+000                 -2.2215214037503332E+000                  1.2120368886241023E+001                  6.9999999867530405E-001                  2.8000000132469610E-001                  1.9999999999999796E-002                  0.0000000000000000E+000                  3.7328862263430649E+008                  1.9008196144982792E+007                  9.0859364967416217E-010                  5.0482969894480359E-029                  0.0000000000000000E+000                  3.9672381594074131E+000                  3.0105107696463604E+010                  1.2667167481704890E-007                  1.8507428780524733E-015                 -3.4486602436471672E+000                  1.3913532273371867E+000                  1.6299138546970180E+000                  1.7804288525290084E+000 
                                     578                  2.9717557235368917E+000                  3.9590229372596020E-001                  6.2127948513195541E+000                 -2.2136380219930198E+000                  1.2130613439917953E+001                  6.9999999859835882E-001                  2.8000000140164144E-001                  1.9999999999999796E-002                  0.0000000000000000E+000                  3.7321005694347042E+008                  1.9060278942728601E+007                  9.7141085369727247E-010                  6.3311934630839145E-029                  0.0000000000000000E+000                  3.9649892488465381E+000                  3.0135579875233757E+010                  1.2685649773887479E-007                  1.9755943039364607E-015                 -3.4483436413994237E+000                  1.3935463173164258E+000                  1.6321069446762568E+000                  1.7826219425082475E+000 
                                     579                  2.9713025272287918E+000                  3.9491712921104399E-001                  6.2163728392146878E+000                 -2.2018339277193291E+000                  1.2145982346134252E+001                  6.9999999847505479E-001                  2.8000000152494553E-001                  1.9999999999999685E-002                  0.0000000000000000E+000                  3.7309995166929168E+008                  1.9139152799226277E+007                  1.0741083067372798E-009                  8.9020316928452514E-029                  0.0000000000000000E+000                  3.9614772558895384E+000                  3.0167010272462032E+010                  1.2704935475419745E-007                  2.1170778191569377E-015                 -3.4480137681301160E+000                  1.3957116168407007E+000                  1.6342722442005317E+000                  1.7847872420325224E+000 
                                     580                  2.9703676541481312E+000                  3.9291890864091128E-001                  6.2211465403586432E+000                 -2.1860468578097723E+000                  1.2166524998696314E+001                  6.9999999829175352E-001                  2.8000000170824668E-001                  1.9999999999999796E-002                  0.0000000000000000E+000                  3.7295134000052547E+008                  1.9244877839013152E+007                  1.2279237767110915E-009                  1.4008835524867044E-028                  0.0000000000000000E+000                  3.9581035365468336E+000                  3.0230097997953518E+010                  1.2743212370797991E-007                  2.3709642574297782E-015                 -3.4473605395696842E+000                  1.4000963245303639E+000                  1.6386569518901950E+000                  1.7891719497221856E+000 
                                     581                  2.9694034521929007E+000                  3.9090383187171190E-001                  6.2259421424184458E+000                 -2.1702463299558312E+000                  1.2187103770863702E+001                  6.9999999808795832E-001                  2.8000000191204194E-001                  1.9999999999999796E-002                  0.0000000000000000E+000                  3.7280861429918987E+008                  1.9351664618203070E+007                  1.4038965089484459E-009                  2.2053649487219262E-028                  0.0000000000000000E+000                  3.9553183341016855E+000                  3.0291271383815529E+010                  1.2779517834461453E-007                  2.6495716356272567E-015                 -3.4467427658033247E+000                  1.4045091724299554E+000                  1.6430697997897865E+000                  1.7935847976217771E+000 
                                     582                  2.9684090502770371E+000                  3.8887168172139724E-001                  6.2307599227641965E+000                 -2.1544322854096207E+000                  1.2207719005206711E+001                  6.9999999786056344E-001                  2.8000000213943671E-001                  1.9999999999999796E-002                  0.0000000000000000E+000                  3.7267186126146340E+008                  1.9459529965814561E+007                  1.6052399190746798E-009                  3.4731864952566065E-028                  0.0000000000000000E+000                  3.9529939085228474E+000                  3.0352088067523407E+010                  1.2816051092771892E-007                  2.9721602311688707E-015                 -3.4461228849438750E+000                  1.4089498780436749E+000                  1.6475105054035060E+000                  1.7980255032354966E+000 
                                     583                  2.9673835542153530E+000                  3.8682223739842986E-001                  6.2343767573524556E+000                 -2.1425343447408634E+000                  1.2223220963324367E+001                  6.9999999767223120E-001                  2.8000000232776912E-001                  1.9999999999999685E-002                  0.0000000000000000E+000                  3.7256826238939106E+008                  1.9540889349858291E+007                  1.7748086794638057E-009                  4.8796258224687644E-028                  0.0000000000000000E+000                  3.9519677994702018E+000                  3.0410970594490471E+010                  1.2851826509467401E-007                  3.2967520977844394E-015                 -3.4455175728740444E+000                  1.4134196291097638E+000                  1.6519802564695949E+000                  1.8024952543015857E+000 
                                     584                  2.9668548002610948E+000                  3.8578305099586752E-001                  6.2368023249905997E+000                 -2.1346168934398824E+000                  1.2233556257347180E+001                  6.9999999753884379E-001                  2.8000000246115636E-001                  1.9999999999999796E-002                  0.0000000000000000E+000                  3.7250439081057376E+008                  1.9595641141796768E+007                  1.8979473288877266E-009                  6.1253881729006977E-028                  0.0000000000000000E+000                  3.9510354137505637E+000                  3.0440488587867268E+010                  1.2870327669653352E-007                  3.5146681261517716E-015                 -3.4452051980586522E+000                  1.4156824016696061E+000                  1.6542430290294372E+000                  1.8047580268614278E+000 
                                     585                  2.9663260463068366E+000                  3.8475532725303452E-001                  6.2392338604746662E+000                 -2.1266959066216518E+000                  1.2243901259945607E+001                  6.9999999739773044E-001                  2.8000000260226976E-001                  1.9999999999999796E-002                  0.0000000000000000E+000                  3.7244212460272300E+008                  1.9650678294496611E+007                  2.0296911135526361E-009                  7.6901546071055668E-028                  0.0000000000000000E+000                  3.9501376207686136E+000                  3.0470245552724228E+010                  1.2889873751948959E-007                  3.7282886849620644E-015                 -3.4448756681309174E+000                  1.4179173938639102E+000                  1.6564780212237411E+000                  1.8069930190557320E+000 
                                     586                  2.9657808156178707E+000                  3.8370724409724760E-001                  6.2429212814442057E+000                 -2.1147761762117407E+000                  1.2259498303712997E+001                  6.9999999717005568E-001                  2.8000000282994458E-001                  1.9999999999999796E-002                  0.0000000000000000E+000                  3.7235609910011542E+008                  1.9734435078683037E+007                  2.2462379932519223E-009                  1.0847864493399162E-027                  0.0000000000000000E+000                  3.9483446294189064E+000                  3.0501174660421299E+010                  1.2911163904833992E-007                  4.0044552295729009E-015                 -3.4445173027760654E+000                  1.4201936957007213E+000                  1.6587543230605524E+000                  1.8092693208925430E+000 
                                     587                  2.9646733945332664E+000                  3.8161352520114272E-001                  6.2478166484028579E+000                 -2.0989120857842778E+000                  1.2280243782792388E+001                  6.9999999683578518E-001                  2.8000000316421497E-001                  1.9999999999999796E-002                  0.0000000000000000E+000                  3.7224034232402009E+008                  1.9846161792434510E+007                  2.5691716809673623E-009                  1.7105217870957995E-027                  0.0000000000000000E+000                  3.9466492535964095E+000                  3.0562180416218525E+010                  1.2955429534222853E-007                  4.4526786716611121E-015                 -3.4437740917539634E+000                  1.4247331868323860E+000                  1.6632938141922173E+000                  1.8138088120242080E+000 
                                     588                  2.9635315587050948E+000                  3.7950172232372231E-001                  6.2527335863748732E+000                 -2.0830323092494933E+000                  1.2301027213684435E+001                  6.9999999646261968E-001                  2.8000000353738047E-001                  1.9999999999999796E-002                  0.0000000000000000E+000                  3.7213038992801458E+008                  1.9959002320299644E+007                  2.9387389305711075E-009                  2.6979331153877315E-027                  0.0000000000000000E+000                  3.9448601173685751E+000                  3.0621098000108761E+010                  1.3000962900069710E-007                  4.9984669318727163E-015                 -3.4430122405119490E+000                  1.4293020240154362E+000                  1.6678626513752672E+000                  1.8183776492072579E+000 
                                     589                  2.9623543049172172E+000                  3.7737160835982153E-001                  6.2576716498512894E+000                 -2.0671360547895565E+000                  1.2321848910826843E+001                  6.9999999604910090E-001                  2.8000000395089936E-001                  1.9999999999999796E-002                  0.0000000000000000E+000                  3.7202609580330861E+008                  2.0072957524961866E+007                  3.3616676100496196E-009                  4.2562767956861048E-027                  0.0000000000000000E+000                  3.9429735503466716E+000                  3.0679469712206955E+010                  1.3049941626756927E-007                  5.5705672681124347E-015                 -3.4421957154744995E+000                  1.4338995290737726E+000                  1.6724601564336037E+000                  1.8229751542655943E+000 
                                     590                  2.9611406046420830E+000                  3.7522295667228234E-001                  6.2626304640792814E+000                 -2.0512226140340477E+000                  1.2342709180583784E+001                  6.9999999559017889E-001                  2.8000000440982131E-001                  1.9999999999999796E-002                  0.0000000000000000E+000                  3.7192734838906711E+008                  2.0188029785901610E+007                  3.8456554036191165E-009                  6.7159173982845218E-027                  0.0000000000000000E+000                  3.9410832097920170E+000                  3.0737239928807827E+010                  1.3102133959316037E-007                  6.2178129701761765E-015                 -3.4413289822759463E+000                  1.4385257094330841E+000                  1.6770863367929152E+000                  1.8276013346249058E+000 
                                     591                  2.9598894036476233E+000                  3.7305554084756487E-001                  6.2676097846649332E+000                 -2.0352914260349588E+000                  1.2363608320469117E+001                  6.9999999507648325E-001                  2.8000000492351707E-001                  1.9999999999999685E-002                  0.0000000000000000E+000                  3.7183404562370610E+008                  2.0304224920610290E+007                  4.3995146004217972E-009                  1.0598469200105849E-026                  0.0000000000000000E+000                  3.9392835498406966E+000                  3.0794360591095333E+010                  1.3157043062734336E-007                  7.0005747032358081E-015                 -3.4404208519351811E+000                  1.4431806269643672E+000                  1.6817412543241985E+000                  1.8322562521561891E+000 
                                     592                  2.9585996216154729E+000                  3.7086913411511463E-001                  6.2726094931251586E+000                 -2.0193420731083007E+000                  1.2384546618554811E+001                  6.9999999450566686E-001                  2.8000000549433335E-001                  1.9999999999999796E-002                  0.0000000000000000E+000                  3.7174610072983718E+008                  2.0421552083139479E+007                  5.0333356523831311E-009                  1.6727589073084901E-026                  0.0000000000000000E+000                  3.9376668041679710E+000                  3.0850793280564621E+010                  1.3214176794798437E-007                  7.8252707298452437E-015                 -3.4394799434932373E+000                  1.4478644168090167E+000                  1.6864250441688478E+000                  1.8369400420008384E+000 
                                     593                  2.9572701517618736E+000                  3.6866350873909953E-001                  6.2763421722443304E+000                 -2.0073964638953101E+000                  1.2400216345547726E+001                  6.9999999403924662E-001                  2.8000000596075358E-001                  1.9999999999999796E-002                  0.0000000000000000E+000                  3.7167865529979813E+008                  2.0509572410566706E+007                  5.5644013004853449E-009                  2.3494952420653253E-026                  0.0000000000000000E+000                  3.9371354116291384E+000                  3.0904816612931789E+010                  1.3271231435703842E-007                  8.6118025188882074E-015                 -3.4385443885708735E+000                  1.4525782487836718E+000                  1.6911388761435029E+000                  1.8416538739754935E+000 
                                     594                  2.9565953548657551E+000                  3.6756185581131834E-001                  6.2801287548295033E+000                 -1.9954441652777530E+000                  1.2415948832846484E+001                  6.9999999353454001E-001                  2.8000000646546014E-001                  1.9999999999999796E-002                  0.0000000000000000E+000                  3.7162460502372569E+008                  2.0599251896970492E+007                  6.1566485279881736E-009                  3.3118725111097362E-026                  0.0000000000000000E+000                  3.9357717847309819E+000                  3.0932211354325935E+010                  1.3300951808347229E-007                  9.3182317725226900E-015                 -3.4380586400306452E+000                  1.4549277436595249E+000                  1.6934883710193560E+000                  1.8440033688513466E+000 
                                     595                  2.9552043660196436E+000                  3.6532702564141450E-001                  6.2851796134963038E+000                 -1.9794483574958002E+000                  1.2436986242652576E+001                  6.9999999279309288E-001                  2.8000000720690743E-001                  1.9999999999999685E-002                  0.0000000000000000E+000                  3.7154994944424409E+008                  2.0719463650495671E+007                  7.0442397164107765E-009                  5.2285231221075754E-026                  0.0000000000000000E+000                  3.9350040286470507E+000                  3.0988528353047710E+010                  1.3363514835897344E-007                  1.0320165038599123E-014                 -3.4370396499319997E+000                  1.4596838737414854E+000                  1.6982445011013165E+000                  1.8487594989333072E+000 
                                     596                  2.9537708074795077E+000                  3.6307239912227462E-001                  6.2902513580652881E+000                 -1.9634339586628589E+000                  1.2458063749842571E+001                  6.9999999197159635E-001                  2.8000000802840375E-001                  1.9999999999999907E-002                  0.0000000000000000E+000                  3.7148054258556813E+008                  2.0840863814959243E+007                  8.0600936732028132E-009                  8.2553279891945683E-026                  0.0000000000000000E+000                  3.9347293605043308E+000                  3.1042380544428261E+010                  1.3424684306085864E-007                  1.1506067841812650E-014                 -3.4360479591731203E+000                  1.4644706153050511E+000                  1.7030312426648821E+000                  1.8535462404968730E+000 
                                     597                  2.9522934767553988E+000                  3.6079773980547414E-001                  6.2953443695804800E+000                 -1.9474011200435262E+000                  1.2479181602394766E+001                  6.9999999105226252E-001                  2.8000000894773769E-001                  1.9999999999999796E-002                  0.0000000000000000E+000                  3.7141633333884704E+008                  2.0963476104230866E+007                  9.2228207028643743E-009                  1.3036075016301548E-025                  0.0000000000000000E+000                  3.9350347486645223E+000                  3.1095480468531658E+010                  1.3485979414279271E-007                  1.2958371485229689E-014                 -3.4350587537946060E+000                  1.4692876504515546E+000                  1.7078482778113857E+000                  1.8583632756433763E+000 
                                     598                  2.9507711431102535E+000                  3.5850280715192112E-001                  6.3004591291247269E+000                 -1.9313501056913849E+000                  1.2500340041559911E+001                  6.9999999003563451E-001                  2.8000000996436575E-001                  1.9999999999999796E-002                  0.0000000000000000E+000                  3.7135733725816184E+008                  2.1087326738291651E+007                  1.0553763090733500E-008                  2.0588616817976302E-025                  0.0000000000000000E+000                  3.9360071759313069E+000                  3.1147835587755188E+010                  1.3546946844613372E-007                  1.4422516429618507E-014                 -3.4340792866363468E+000                  1.4741354701121798E+000                  1.7126960974720109E+000                  1.8632110953040015E+000 
                                     599                  2.9492025471273791E+000                  3.5618735570780879E-001                  6.3055961797117739E+000                 -1.9152812498729637E+000                  1.2521539303396711E+001                  6.9999998890799309E-001                  2.8000001109200706E-001                  1.9999999999999796E-002                  0.0000000000000000E+000                  3.7130353921678430E+008                  2.1212444459090490E+007                  1.2077397975018544E-008                  3.2522785835184457E-025                  0.0000000000000000E+000                  3.9376776485339375E+000                  3.1199459284995785E+010                  1.3607291992521393E-007                  1.6102426441357990E-014                 -3.4331141478951412E+000                  1.4790146125499397E+000                  1.7175752399097708E+000                  1.8680902377417614E+000 
                                     600                  2.9475864002894996E+000                  3.5385113447752775E-001                  6.3094528928266644E+000                 -1.9031838150672074E+000                  1.2537488010243942E+001                  6.9999998798217344E-001                  2.8000001201782665E-001                  1.9999999999999907E-002                  0.0000000000000000E+000                  3.7126111463831335E+008                  2.1306857933083117E+007                  1.3361582258807367E-008                  4.5794605321599378E-025                  0.0000000000000000E+000                  3.9397875528126853E+000                  3.1248617497204788E+010                  1.3665513925994015E-007                  1.7723906081095683E-014                 -3.4321870154643888E+000                  1.4839266344422086E+000                  1.7224872618020397E+000                  1.8730022596340303E+000 
                                     601                  2.9467538924275396E+000                  3.5266643296446221E-001                  6.3120385238614025E+000                 -1.8951360935393611E+000                  1.2548118574605844E+001                  6.9999998732203450E-001                  2.8000001267796570E-001                  1.9999999999999796E-002                  0.0000000000000000E+000                  3.7123785448369420E+008                  2.1370392751685549E+007                  1.4294189306809870E-008                  5.7565595260896049E-025                  0.0000000000000000E+000                  3.9410092864377173E+000                  3.1273105468839882E+010                  1.3694977367299707E-007                  1.9042849086058030E-014                 -3.4317193405682800E+000                  1.4864131314151690E+000                  1.7249737587750000E+000                  1.8754887566069907E+000 
                                     602                  2.9459213845655796E+000                  3.5149397580071462E-001                  6.3159393962824355E+000                 -1.8830914471718028E+000                  1.2564061210805290E+001                  6.9999998626883031E-001                  2.8000001373116984E-001                  1.9999999999999796E-002                  0.0000000000000000E+000                  3.7121062155347824E+008                  2.1466610168370008E+007                  1.5819152384846597E-008                  8.1208289495558457E-025                  0.0000000000000000E+000                  3.9424959144702214E+000                  3.1298811631591679E+010                  1.3726316314865032E-007                  2.0346328883101383E-014                 -3.4312229986348997E+000                  1.4888701225242915E+000                  1.7274307498841226E+000                  1.8779457477161132E+000 
                                     603                  2.9442061519849636E+000                  3.4911543938780809E-001                  6.3211451381416728E+000                 -1.8669695895956691E+000                  1.2585384311359258E+001                  6.9999998473016634E-001                  2.8000001526983387E-001                  1.9999999999999796E-002                  0.0000000000000000E+000                  3.7117057362508714E+008                  2.1595685238405451E+007                  1.8105939521763319E-008                  1.2835852321747270E-024                  0.0000000000000000E+000                  3.9453199908754755E+000                  3.1350057307700764E+010                  1.3791121461584291E-007                  2.2420639366986278E-014                 -3.4302002082908087E+000                  1.4938455778337913E+000                  1.7324062051936224E+000                  1.8829212030256131E+000 
                                     604                  2.9424393241967808E+000                  3.4671535232055806E-001                  6.3263736900068066E+000                 -1.8508294984604103E+000                  1.2606749157331036E+001                  6.9999998302525968E-001                  2.8000001697474053E-001                  1.9999999999999796E-002                  0.0000000000000000E+000                  3.7113431299039060E+008                  2.1726114923917636E+007                  2.0724275963401552E-008                  2.0291815301900714E-024                  0.0000000000000000E+000                  3.9481869539280350E+000                  3.1398733846727489E+010                  1.3856695547904821E-007                  2.5015876035436902E-014                 -3.4291701625105260E+000                  1.4988549493308960E+000                  1.7374155766907271E+000                  1.8879305745227177E+000 
                                     605                  2.9406194920358968E+000                  3.4429344836768006E-001                  6.3316246414190385E+000                 -1.8346705017352847E+000                  1.2628155979729060E+001                  6.9999998113765627E-001                  2.8000001886234410E-001                  1.9999999999999574E-002                  0.0000000000000000E+000                  3.7110124324673343E+008                  2.1857908524451967E+007                  2.3722137241269122E-008                  3.2082532390106804E-024                  0.0000000000000000E+000                  3.9509280068742783E+000                  3.1446591388839199E+010                  1.3926261077133608E-007                  2.7892652868463891E-014                 -3.4280827336590769E+000                  1.5038976459931450E+000                  1.7424582733529761E+000                  1.8929732711849669E+000 
                                     606                  2.9387452150925664E+000                  3.4184946024203233E-001                  6.3368973814724789E+000                 -1.8184917143798316E+000                  1.2649605011498958E+001                  6.9999997904401678E-001                  2.8000002095598342E-001                  1.9999999999999796E-002                  0.0000000000000000E+000                  3.7107066441226667E+008                  2.1991070811898869E+007                  2.7154310241750468E-008                  5.0727236238612860E-024                  0.0000000000000000E+000                  3.9533746507493430E+000                  3.1493564031900711E+010                  1.4000903347379027E-007                  3.1159295023551213E-014                 -3.4269219712278325E+000                  1.5089737741137659E+000                  1.7475344014735970E+000                  1.8980493993055876E+000 
                                     607                  2.9368150212869617E+000                  3.3938312075803023E-001                  6.3421911064016685E+000                 -1.8022920464485561E+000                  1.2671096487913864E+001                  6.9999997672722147E-001                  2.8000002327277862E-001                  1.9999999999999907E-002                  0.0000000000000000E+000                  3.7104180337166548E+008                  2.2125601834615167E+007                  3.1083318187792164E-008                  8.0205805629591598E-024                  0.0000000000000000E+000                  3.9553585134984974E+000                  3.1539570982762276E+010                  1.4081714618259898E-007                  3.4731556459666711E-014                 -3.4256722306966689E+000                  1.5140833487614016E+000                  1.7526439761212327E+000                  1.9031589739532233E+000 
                                     608                  2.9348274064353270E+000                  3.3689416400285005E-001                  6.3475048269764676E+000                 -1.7860702085622933E+000                  1.2692630646796047E+001                  6.9999997416266135E-001                  2.8000002583733896E-001                  1.9999999999999685E-002                  0.0000000000000000E+000                  3.7101406434489024E+008                  2.2261493712749306E+007                  3.5580461400789577E-008                  1.2680139178906216E-023                  0.0000000000000000E+000                  3.9567113922382280E+000                  3.1584517167071873E+010                  1.4169784876149994E-007                  3.8730535179722540E-014                 -3.4243183715527050E+000                  1.5192262625878779E+000                  1.7577868899477089E+000                  1.9083018877796996E+000 
                                     609                  2.9327808338120831E+000                  3.3438232654410199E-001                  6.3528373769093536E+000                 -1.7698247199239383E+000                  1.2714207728442736E+001                  6.9999997132455916E-001                  2.8000002867544105E-001                  1.9999999999999796E-002                  0.0000000000000000E+000                  3.7098704247699547E+008                  2.2398730321922749E+007                  4.0726986779245589E-008                  2.0042512061475706E-023                  0.0000000000000000E+000                  3.9572670714388893E+000                  3.1628293840785740E+010                  1.4266185845836751E-007                  4.3183788717340534E-014                 -3.4228460613585763E+000                  1.5244022537756790E+000                  1.7629628811355100E+000                  1.9134778789675007E+000 
                                     610                  2.9306737337259277E+000                  3.3184734868335547E-001                  6.3581874420952138E+000                 -1.7535539418873312E+000                  1.2735827975249512E+001                  6.9999996818459620E-001                  2.8000003181540406E-001                  1.9999999999999796E-002                  0.0000000000000000E+000                  3.7096020120466566E+008                  2.2537292073842477E+007                  4.6615414226413896E-008                  3.1669584108515197E-023                  0.0000000000000000E+000                  3.9568919503782496E+000                  3.1670780228929317E+010                  1.4371880709213930E-007                  4.8141923532379416E-014                 -3.4212431981114122E+000                  1.5296109520513286E+000                  1.7681715794111597E+000                  1.9186865772431503E+000 
                                     611                  2.9285045030952328E+000                  3.2928897558536208E-001                  6.3635536077961650E+000                 -1.7372561285622887E+000                  1.2757491631247335E+001                  6.9999996471160386E-001                  2.8000003528839651E-001                  1.9999999999999574E-002                  0.0000000000000000E+000                  3.7093291241066635E+008                  2.2677156835004516E+007                  5.3351047300334541E-008                  5.0020067031385835E-023                  0.0000000000000000E+000                  3.9554825566823908E+000                  3.1711846710992390E+010                  1.4487643806967262E-007                  5.3661237103057439E-014                 -3.4195011200607697E+000                  1.5348519363330384E+000                  1.7734125636928695E+000                  1.9239275615248601E+000 
                                     612                  2.9262715050018175E+000                  3.2670695814610451E-001                  6.3689343838859633E+000                 -1.7209294547731633E+000                  1.2779198941581642E+001                  6.9999996087127980E-001                  2.8000003912872046E-001                  1.9999999999999796E-002                  0.0000000000000000E+000                  3.7090491847599292E+008                  2.2818295302492183E+007                  6.1053666152864398E-008                  7.8959770942471976E-023                  0.0000000000000000E+000                  3.9529371343628301E+000                  3.1751357790512852E+010                  1.4614143038138361E-007                  5.9805513247694492E-014                 -3.4176133231234909E+000                  1.5401247010052310E+000                  1.7786853283650621E+000                  1.9292003261970530E+000 
                                     613                  2.9239730682449672E+000                  3.2410105374567993E-001                  6.3743282094795637E+000                 -1.7045720206662442E+000                  1.2800950151812488E+001                  6.9999995662588421E-001                  2.8000004337411599E-001                  1.9999999999999796E-002                  0.0000000000000000E+000                  3.7087618603289568E+008                  2.2960672449839491E+007                  6.9859415037254905E-008                  1.2455861477823954E-022                  0.0000000000000000E+000                  3.9491551010199073E+000                  3.1789173387120667E+010                  1.4752025203534542E-007                  6.6644757117505870E-014                 -3.4155741771532684E+000                  1.5454286269611839E+000                  1.7839892543210147E+000                  1.9345042521530056E+000 
                                     614                  2.9216074869018773E+000                  3.2147102702566910E-001                  6.3797334572201576E+000                 -1.6881818561709061E+000                  1.2822745507192595E+001                  6.9999995193390230E-001                  2.8000004806609780E-001                  1.9999999999999907E-002                  0.0000000000000000E+000                  3.7084659614384282E+008                  2.3104251056570183E+007                  7.9922916075184703E-008                  1.9633298833464429E-022                  0.0000000000000000E+000                  3.9440376813158102E+000                  3.1825149284221931E+010                  1.4901933232187586E-007                  7.4257280987263690E-014                 -3.4133786933908867E+000                  1.5507630311494758E+000                  1.7893236585093069E+000                  1.9398386563412977E+000 
                                     615                  2.9191730198545396E+000                  3.1881665064734654E-001                  6.3851484380384944E+000                 -1.6717569277221682E+000                  1.2844585252032887E+001                  6.9999994674967736E-001                  2.8000005325032268E-001                  2.0000000000000018E-002                  0.0000000000000000E+000                  3.7081596126428825E+008                  2.3248991767433748E+007                  9.1419633619404224E-008                  3.0917807573189619E-022                  0.0000000000000000E+000                  3.9374885734505511E+000                  3.1859137669514187E+010                  1.5064515486627289E-007                  8.2730334883290756E-014                 -3.4110224158940170E+000                  1.5561272021119561E+000                  1.7946878294717872E+000                  1.9452028273037778E+000 
                                     616                  2.9166678902938519E+000                  3.1613770603193464E-001                  6.3905714063243462E+000                 -1.6552951479570472E+000                  1.2866469628984854E+001                  6.9999994102300733E-001                  2.8000005897699271E-001                  2.0000000000000018E-002                  0.0000000000000000E+000                  3.7078416728439528E+008                  2.3394852054242209E+007                  1.0454851501259918E-007                  4.8636627101086994E-022                  0.0000000000000000E+000                  3.9294146376855017E+000                  3.1890987878984406E+010                  1.5240419803296414E-007                  9.2160480100417573E-014                 -3.4085015350105423E+000                  1.5615203913633329E+000                  1.8000810187231642E+000                  1.9505960165551548E+000 
                                     617                  2.9140902852212927E+000                  3.1343398408691514E-001                  6.3960005655414118E+000                 -1.6387943789596586E+000                  1.2888398878307884E+001                  6.9999993469870114E-001                  2.8000006530129895E-001                  1.9999999999999907E-002                  0.0000000000000000E+000                  3.7075113599801195E+008                  2.3541786237430405E+007                  1.1953493842970699E-007                  7.6418826525812837E-022                  0.0000000000000000E+000                  3.9197266593380089E+000                  3.1920547017602821E+010                  1.5430287545614217E-007                  1.0265619431726874E-013                 -3.4058129903608441E+000                  1.5669418044320897E+000                  1.8055024317919208E+000                  1.9560174296239115E+000 
                                     618                  2.9114383549092611E+000                  3.1070528591629781E-001                  6.4014340746696421E+000                 -1.6222524383383803E+000                  1.2910373237299739E+001                  6.9999992771609632E-001                  2.8000007228390394E-001                  1.9999999999999796E-002                  0.0000000000000000E+000                  3.7071678470896411E+008                  2.3689745872252762E+007                  1.3663399868292764E-007                  1.1991177907724744E-021                  0.0000000000000000E+000                  3.9083406167113077E+000                  3.1947660466182999E+010                  1.5634750896271873E-007                  1.1433756185088042E-013                 -3.4029545169238711E+000                  1.5723906054319858E+000                  1.8109512327918169E+000                  1.9614662306238075E+000 
                                     619                  2.9087102123088280E+000                  3.0795142348925220E-001                  6.4068700906382894E+000                 -1.6056671465601096E+000                  1.2932392939818566E+001                  6.9999992000852573E-001                  2.8000007999147447E-001                  1.9999999999999796E-002                  0.0000000000000000E+000                  3.7068092773092753E+008                  2.3838682516794056E+007                  1.5613424758639856E-007                  1.8788463729667552E-021                  0.0000000000000000E+000                  3.8952310112079993E+000                  3.1972174034815399E+010                  1.5854250495263992E-007                  1.2733850489410150E-013                 -3.3999271421437371E+000                  1.5778659463312446E+000                  1.8164265736910754E+000                  1.9669415715230663E+000 
                                     620                  2.9059039324207205E+000                  3.0517222001974942E-001                  6.4123068753176549E+000                 -1.5890364421930583E+000                  1.2954458215900299E+001                  6.9999991150273555E-001                  2.8000008849726449E-001                  2.0000000000000018E-002                  0.0000000000000000E+000                  3.7064324063331640E+008                  2.3988551910800043E+007                  1.7836208259262557E-007                  2.9392486720409023E-021                  0.0000000000000000E+000                  3.8804745595532117E+000                  3.1993940124782543E+010                  1.6088693130511987E-007                  1.4180788269857911E-013                 -3.3967396159013248E+000                  1.5833670299539815E+000                  1.8219276573138126E+000                  1.9724426551458032E+000 
                                     621                  2.9030175516145262E+000                  3.0236750958098474E-001                  6.4177428663635645E+000                 -1.5723584534371056E+000                  1.2976569291725331E+001                  6.9999990211824548E-001                  2.8000009788175451E-001                  2.0000000000000018E-002                  0.0000000000000000E+000                  3.7060347296208513E+008                  2.4139313261117857E+007                  2.0368671679505429E-007                  4.5904068339272322E-021                  0.0000000000000000E+000                  3.8641568672224178E+000                  3.2012824695045597E+010                  1.6337610375350031E-007                  1.5791261444371674E-013                 -3.3934057326745277E+000                  1.5888931407265954E+000                  1.8274537680864265E+000                  1.9779687659184171E+000 
                                     622                  2.9000490668712859E+000                  2.9953713616629318E-001                  6.4231766731188742E+000                 -1.5556314929666120E+000                  1.2998726390110724E+001                  6.9999989176667843E-001                  2.8000010823332172E-001                  1.9999999999999796E-002                  0.0000000000000000E+000                  3.7056145545200694E+008                  2.4290929122005980E+007                  2.3252564231758976E-007                  7.1564256291272529E-021                  0.0000000000000000E+000                  3.8463608938877876E+000                  3.2028709752468739E+010                  1.6600531704903299E-007                  1.7583622933155842E-013                 -3.3899390007749299E+000                  1.5944436355427376E+000                  1.8330042629025687E+000                  1.9835192607345595E+000 
                                     623                  2.8969964349351942E+000                  2.9668095266099459E-001                  6.4286070647212643E+000                 -1.5388540458795310E+000                  1.3020929731512325E+001                  6.9999988035271110E-001                  2.8000011964728888E-001                  2.0000000000000018E-002                  0.0000000000000000E+000                  3.7051688590390855E+008                  2.4443368065986287E+007                  2.6535075518319831E-007                  1.1136208149631981E-020                  0.0000000000000000E+000                  3.8271668433630306E+000                  3.2041492790294888E+010                  1.6877035637686329E-007                  1.9575537968700889E-013                 -3.3863519162737723E+000                  1.6000179649322164E+000                  1.8385785922920477E+000                  1.9890935901240381E+000 
                                     624                  2.8938575713704062E+000                  2.9379881977338529E-001                  6.4333421747838120E+000                 -1.5241203827371492E+000                  1.3040393179182091E+001                  6.9999986943187142E-001                  2.8000013056812850E-001                  2.0000000000000018E-002                  0.0000000000000000E+000                  3.7047164981039685E+008                  2.4577039633936867E+007                  2.9770245523760427E-007                  1.6356558869962736E-020                  0.0000000000000000E+000                  3.8096503954779730E+000                  3.2050095804963062E+010                  1.7165055539453800E-007                  2.1621701189516641E-013                 -3.3826773935138346E+000                  1.6056162722740908E+000                  1.8441768996339218E+000                  1.9946918974659125E+000 
                                     625                  2.8914455565096500E+000                  2.9162019676265338E-001                  6.4374088987459519E+000                 -1.5114688057458281E+000                  1.3057106941003036E+001                  6.9999985928066555E-001                  2.8000014071933443E-001                  2.0000000000000018E-002                  0.0000000000000000E+000                  3.7043429710063565E+008                  2.4692410038778540E+007                  3.2853309301605068E-007                  2.2731545142494662E-020                  0.0000000000000000E+000                  3.7935503696897990E+000                  3.2054436756690834E+010                  1.7389568102263427E-007                  2.3616698548927551E-013                 -3.3798556021307031E+000                  1.6098300858142651E+000                  1.8483907131740962E+000                  1.9989057110060868E+000 
                                     626                  2.8889829279229020E+000                  2.8942684975677369E-001                  6.4414722403857878E+000                 -1.4987869839696459E+000                  1.3073847027721001E+001                  6.9999984834342699E-001                  2.8000015165657277E-001                  2.0000000000000240E-002                  0.0000000000000000E+000                  3.7039503898651433E+008                  2.4808207145535421E+007                  3.6247611344611122E-007                  3.1555583970537660E-020                  0.0000000000000000E+000                  3.7767752958034038E+000                  3.2057661040118992E+010                  1.7622589181428094E-007                  2.5638780222917917E-013                 -3.3769651414751176E+000                  1.6140563730299260E+000                  1.8526170003897571E+000                  2.0031319982217477E+000 
                                     627                  2.8864687585065529E+000                  2.8721872658079001E-001                  6.4455318818560965E+000                 -1.4860744893943294E+000                  1.3090613534509250E+001                  6.9999983661357834E-001                  2.8000016338642136E-001                  2.0000000000000240E-002                  0.0000000000000000E+000                  3.7035372308996993E+008                  2.4924423569160879E+007                  3.9983600414256117E-007                  4.3754872345696705E-020                  0.0000000000000000E+000                  3.7593547879302842E+000                  3.2058998102150822E+010                  1.7862628091439039E-007                  2.7708768447508508E-013                 -3.3740273219498720E+000                  1.6182953534443489E+000                  1.8568559808041800E+000                  2.0073709786361706E+000 
                                     628                  2.8839021068278652E+000                  2.8499577629503908E-001                  6.4495875413765686E+000                 -1.4733309299489745E+000                  1.3107406558555031E+001                  6.9999982398448468E-001                  2.8000017601551508E-001                  2.0000000000000240E-002                  0.0000000000000000E+000                  3.7031011231296593E+008                  2.5041054063640989E+007                  4.4094616365342905E-007                  6.0600116953935571E-020                  0.0000000000000000E+000                  3.7413175729978518E+000                  3.2058429020167339E+010                  1.8109598601180952E-007                  3.0066087812872090E-013                 -3.3710455878530228E+000                  1.6225469529013787E+000                  1.8611075802612098E+000                  2.0116225780932004E+000 
                                     629                  2.8812820168110331E+000                  2.8275794894226020E-001                  6.4550177423783985E+000                 -1.4563187606091568E+000                  1.3129841329988194E+001                  6.9999980559082087E-001                  2.8000019440917889E-001                  2.0000000000000240E-002                  0.0000000000000000E+000                  3.7025706549440515E+008                  2.5198055711595159E+007                  5.0244308976201601E-007                  9.3577342740978075E-020                  0.0000000000000000E+000                  3.7154741161760656E+000                  3.2057444133546585E+010                  1.8366095848957705E-007                  3.3090259015862050E-013                 -3.3679915767588082E+000                  1.6268102841331291E+000                  1.8653709114929604E+000                  2.0158859093249508E+000 
                                     630                  2.8767938039239702E+000                  2.7899467887368745E-001                  6.4610667189526172E+000                 -1.4370636746243144E+000                  1.3155132905028420E+001                  6.9999978272591967E-001                  2.8000021727407987E-001                  2.0000000000000462E-002                  0.0000000000000000E+000                  3.7017606359314191E+008                  2.5374066018580765E+007                  5.8122434949776861E-007                  1.5164455133875830E-019                  0.0000000000000000E+000                  3.6864895097842858E+000                  3.2050134532665226E+010                  1.8807582449425751E-007                  3.7077990523230785E-013                 -3.3628335128136149E+000                  1.6339446022679776E+000                  1.8725052296278086E+000                  2.0230202274597993E+000 
                                     631                  2.8730913292454132E+000                  2.7595422243852324E-001                  6.4664490567142954E+000                 -1.4199011911974218E+000                  1.3177666269755195E+001                  6.9999976022901655E-001                  2.8000023977098271E-001                  2.0000000000000684E-002                  0.0000000000000000E+000                  3.7010295079455179E+008                  2.5531698704909723E+007                  6.6141319357811537E-007                  2.3262307321244844E-019                  0.0000000000000000E+000                  3.6589364679810341E+000                  3.2038395496524277E+010                  1.9172779991074276E-007                  4.1484108642822379E-013                 -3.3586574556306283E+000                  1.6396775877331351E+000                  1.8782382150929662E+000                  2.0287532129249568E+000 
                                     632                  2.8692867796077879E+000                  2.7288697456219946E-001                  6.4718214807730750E+000                 -1.4026795043790861E+000                  1.3200247785909673E+001                  6.9999973544203309E-001                  2.8000026455796573E-001                  2.0000000000001128E-002                  0.0000000000000000E+000                  3.7002357012182969E+008                  2.5690007462732084E+007                  7.5234263416355385E-007                  3.5606060248784449E-019                  0.0000000000000000E+000                  3.6300163281792739E+000                  3.2024129109731213E+010                  1.9555509355618460E-007                  4.6217624511719597E-013                 -3.3543654338228515E+000                  1.6454320058988847E+000                  1.8839926332587158E+000                  2.0345076310907064E+000 
                                     633                  2.8653776956516435E+000                  2.6979282801344440E-001                  6.4771829610709561E+000                 -1.3853972444714593E+000                  1.3222877742377193E+001                  6.9999970815565649E-001                  2.8000029184434178E-001                  2.0000000000001794E-002                  0.0000000000000000E+000                  3.6993709865604621E+008                  2.5848968821785670E+007                  8.5539746243088450E-007                  5.4377168803511732E-019                  0.0000000000000000E+000                  3.5996477980406221E+000                  3.2006273328957790E+010                  1.9955089144818561E-007                  5.1456061613272535E-013                 -3.3499731638819403E+000                  1.6512079972310512E+000                  1.8897686245908822E+000                  2.0402836224228729E+000 
                                     634                  2.8613615643331545E+000                  2.6667168029977162E-001                  6.4825323709608140E+000                 -1.3680529264019563E+000                  1.3245556443543745E+001                  6.9999967812404218E-001                  2.8000032187595558E-001                  2.0000000000002238E-002                  0.0000000000000000E+000                  3.6984278343788189E+008                  2.6008554748140078E+007                  9.7213135805400069E-007                  8.2852344544171453E-019                  0.0000000000000000E+000                  3.5677623717286453E+000                  3.1984768769225304E+010                  2.0372757671322102E-007                  5.7287476295924254E-013                 -3.3454750903016452E+000                  1.6570052296896893E+000                  1.8955658570495206E+000                  2.0460808548815113E+000 
                                     635                  2.8572358172019059E+000                  2.6352343437312736E-001                  6.4878685042782314E+000                 -1.3506449641486309E+000                  1.3268284209137892E+001                  6.9999964507685075E-001                  2.8000035492314618E-001                  2.0000000000003126E-002                  0.0000000000000000E+000                  3.6973993167233646E+008                  2.6168732557893094E+007                  1.1042860117240903E-006                  1.2593914660455821E-018                  0.0000000000000000E+000                  3.5343044581797205E+000                  3.1959552373469387E+010                  2.0809699812215616E-007                  6.3780627560506591E-013                 -3.3408670923026103E+000                  1.6628233001688342E+000                  1.9013839275286653E+000                  2.0518989253606557E+000 
                                     636                  2.8529978287445523E+000                  2.6034799939793901E-001                  6.4931900914367491E+000                 -1.3331716891972247E+000                  1.3291061372885098E+001                  6.9999960871756406E-001                  2.8000039128243176E-001                  2.0000000000004237E-002                  0.0000000000000000E+000                  3.6962782342222017E+008                  2.6329466514461320E+007                  1.2538122206285252E-006                  1.9096568103296672E-018                  0.0000000000000000E+000                  3.4992314499987605E+000                  3.1930558811696941E+010                  2.1267050169002226E-007                  7.1011186559665509E-013                 -3.3361463722128919E+000                  1.6686617481625781E+000                  1.9072223755224091E+000                  2.0577373733543998E+000 
                                     637                  2.8486449148656003E+000                  2.5714529159208616E-001                  6.4984958145817453E+000                 -1.3156313733127132E+000                  1.3313888280182287E+001                  6.9999956872099867E-001                  2.8000043127899588E-001                  2.0000000000005458E-002                  0.0000000000000000E+000                  3.6950569191011012E+008                  2.6490719300051711E+007                  1.4228931355038124E-006                  2.8884085039882774E-018                  0.0000000000000000E+000                  3.4625137110490596E+000                  3.1897722115180496E+010                  2.1745900743548520E-007                  7.9063385431014548E-013                 -3.3313112992913236E+000                  1.6745200818314001E+000                  1.9130807091912312E+000                  2.0635957070232220E+000 
                                     638                  2.8441743314167804E+000                  2.5391523502477914E-001                  6.5037843357154745E+000                 -1.2980222611520231E+000                  1.3336765285272662E+001                  6.9999952473056293E-001                  2.8000047526942978E-001                  2.0000000000007345E-002                  0.0000000000000000E+000                  3.6937281055397689E+008                  2.6652451899377305E+007                  1.6139701906736362E-006                  4.3575330767862447E-018                  0.0000000000000000E+000                  3.4241531751466279E+000                  3.1860977769732983E+010                  2.2247213940680039E-007                  8.8031354469525160E-013                 -3.3263621843853257E+000                  1.6803977893021447E+000                  1.9189584166619758E+000                  2.0694734144939662E+000 
                                     639                  2.8395832727334751E+000                  2.5065776225162750E-001                  6.5090544559269246E+000                 -1.2803427384530894E+000                  1.3359692747998059E+001                  6.9999947635525517E-001                  2.8000052364473504E-001                  2.0000000000009788E-002                  0.0000000000000000E+000                  3.6922893225589740E+008                  2.6814622783813044E+007                  1.8297751578772723E-006                  6.5565637833541659E-018                  0.0000000000000000E+000                  3.3843410692177431E+000                  3.1820270104101894E+010                  2.2770947515867182E-007                  9.8019917831539678E-013                 -3.3213094488480919E+000                  1.6862943310251393E+000                  1.9248549583849703E+000                  2.0753699562169610E+000 
                                     640                  2.8348688702310367E+000                  2.4737281376846398E-001                  6.5143053181256514E+000                 -1.2625915496219065E+000                  1.3382671030368437E+001                  6.9999942316636965E-001                  2.8000057683361723E-001                  2.0000000000013118E-002                  0.0000000000000000E+000                  3.6907405504227418E+008                  2.6977198226448882E+007                  2.0733691193003374E-006                  9.8389905077707782E-018                  0.0000000000000000E+000                  3.3433553443684829E+000                  3.1775566169382797E+010                  2.3315691399175584E-007                  1.0914627740106504E-012                 -3.3161758507653789E+000                  1.6922092165074600E+000                  1.9307698438672911E+000                  2.0812848416992815E+000 
                                     641                  2.8300281910388656E+000                  2.4406033578856490E-001                  6.5195364458792255E+000                 -1.2447678434204925E+000                  1.3405700493218376E+001                  6.9999936469389357E-001                  2.8000063530608926E-001                  2.0000000000017115E-002                  0.0000000000000000E+000                  3.6890815419489551E+008                  2.7140157824485719E+007                  2.3481843885694445E-006                  1.4725155712760848E-017                  0.0000000000000000E+000                  3.3014499349273874E+000                  3.1726864699887566E+010                  2.3879673060984889E-007                  1.2154083804541039E-012                 -3.3109858117357849E+000                  1.6981421325536941E+000                  1.9367027599135251E+000                  2.0872177577455155E+000 
                                     642                  2.8250582367561017E+000                  2.4072027760790973E-001                  6.5247476965776841E+000                 -1.2268711271808601E+000                  1.3428781492825694E+001                  6.9999930042255298E-001                  2.8000069957742413E-001                  2.0000000000022888E-002                  0.0000000000000000E+000                  3.6873127295970982E+008                  2.7303492187063478E+007                  2.6580698966683201E-006                  2.1979130638655904E-017                  0.0000000000000000E+000                  3.2588540947170777E+000                  3.1674195297402683E+010                  2.4461310641162070E-007                  1.3534925783509876E-012                 -3.3057601385522553E+000                  1.7040929669376219E+000                  1.9426535942974530E+000                  2.0931685921294436E+000 
                                     643                  2.8199559423713048E+000                  2.3735258926299543E-001                  6.5299392171712647E+000                 -1.2089012234630239E+000                  1.3451914377979435E+001                  6.9999922978748885E-001                  2.8000077021248093E-001                  2.0000000000030216E-002                  0.0000000000000000E+000                  3.6854392413186485E+008                  2.7467196318221010E+007                  3.0073421663465062E-006                  3.2720263752035095E-017                  0.0000000000000000E+000                  3.2157733711569083E+000                  3.1617614399683502E+010                  2.5059184737993372E-007                  1.5073393950160736E-012                 -3.3005165311072906E+000                  1.7100617343066242E+000                  1.9486223616664555E+000                  2.0991373594984459E+000 
                                     644                  2.8147181751041712E+000                  2.3395721931128094E-001                  6.5351114037898670E+000                 -1.1908582276160784E+000                  1.3475099487815719E+001                  6.9999915216951136E-001                  2.8000084783044871E-001                  2.0000000000039986E-002                  0.0000000000000000E+000                  3.6834677071907753E+008                  2.7631272151925582E+007                  3.4008426204244581E-006                  4.8584761300097029E-017                  0.0000000000000000E+000                  3.1723908865641883E+000                  3.1557201429640106E+010                  2.5672018032839087E-007                  1.6787589453781479E-012                 -3.2952699954251186E+000                  1.7160485415084226E+000                  1.9546091688682536E+000                  2.1051241667002443E+000 
                                     645                  2.8093417332560189E+000                  2.3053411280438899E-001                  6.5402648652513253E+000                 -1.1727424703990830E+000                  1.3498337149992539E+001                  6.9999906688989888E-001                  2.8000093311004831E-001                  2.0000000000052864E-002                  0.0000000000000000E+000                  3.6814044262948477E+008                  2.7795729810929358E+007                  3.8440019991210259E-006                  7.1959378630789069E-017                  0.0000000000000000E+000                  3.1288688238414757E+000                  3.1493055228007347E+010                  2.6298683427598261E-007                  1.8697705397346384E-012                 -3.2900329963718731E+000                  1.7220536168021157E+000                  1.9606142441619467E+000                  2.1111292419939374E+000 
                                     646                  2.8038233451442629E+000                  2.2708320947757565E-001                  6.5454003903580151E+000                 -1.1545544862961217E+000                  1.3521627678817667E+001                  6.9999897320470050E-001                  2.8000102679522959E-001                  2.0000000000069962E-002                  0.0000000000000000E+000                  3.6792554058888054E+008                  2.7960586904241119E+007                  4.3429127675597048E-006                  1.0631891653387472E-016                  0.0000000000000000E+000                  3.0853500454741249E+000                  3.1425290922562206E+010                  2.6938198754802233E-007                  2.0826274882246495E-012                 -3.2848157235530451E+000                  1.7280773127212690E+000                  1.9666379400811003E+000                  2.1171529379130907E+000 
                                     647                  2.7981596682227603E+000                  2.2360444218335235E-001                  6.5505189189185931E+000                 -1.1362949868960237E+000                  1.3544971373466170E+001                  6.9999887029848906E-001                  2.8000112970141861E-001                  2.0000000000092388E-002                  0.0000000000000000E+000                  3.6770272708584660E+008                  2.8125866796722554E+007                  4.9044105208704831E-006                  1.5671299322091473E-016                  0.0000000000000000E+000                  3.0419597788288719E+000                  3.1354037226770611E+010                  2.7589708440418314E-007                  2.3198414805624782E-012                 -3.2796264444937622E+000                  1.7341200853568359E+000                  1.9726807127166670E+000                  2.1231957105486576E+000 
                                     648                  2.7923472882351019E+000                  2.2009773543747002E-001                  6.5556215053064379E+000                 -1.1179648202582697E+000                  1.3568368516863062E+001                  6.9999875727750471E-001                  2.8000124272237376E-001                  2.0000000000121476E-002                  0.0000000000000000E+000                  3.6747272565957832E+008                  2.8291596749870755E+007                  5.5361648202684750E-006                  2.3046712628484980E-016                  0.0000000000000000E+000                  2.9987936256088905E+000                  3.1279433468472347E+010                  2.8252542156831796E-007                  2.5842163394690255E-012                 -3.2744712341875482E+000                  1.7401824652958136E+000                  1.9787430926556446E+000                  2.1292580904876353E+000 
                                     649                  2.7863827182728342E+000                  2.1656300412484231E-001                  6.5607092544328340E+000                 -1.0995649031434274E+000                  1.3591819375083302E+001                  6.9999863316213651E-001                  2.8000136683770321E-001                  2.0000000000160334E-002                  0.0000000000000000E+000                  3.6723628239775693E+008                  2.8457806029584665E+007                  6.2467784172808338E-006                  3.3819058099402511E-016                  0.0000000000000000E+000                  2.9558957910206014E+000                  3.1201625232678112E+010                  2.8926431445250577E-007                  2.8788790763129762E-012                 -3.2693525702349282E+000                  1.7462650282306060E+000                  1.9848256555904371E+000                  2.1353406534224275E+000 
                                     650                  2.7802623978967422E+000                  2.1300015270796099E-001                  6.5657832722969403E+000                 -1.0810961705764135E+000                  1.3615324196709611E+001                  6.9999849687870408E-001                  2.8000150312108502E-001                  2.0000000000210960E-002                  0.0000000000000000E+000                  3.6699407636215878E+008                  2.8624525611587849E+007                  7.0458977865753878E-006                  4.9522324984245451E-016                  0.0000000000000000E+000                  2.9132992879533286E+000                  3.1120759807299168E+010                  2.9611441113804878E-007                  3.2073193856151560E-012                 -3.2642702280422076E+000                  1.7523683778534072E+000                  1.9909290052132382E+000                  2.1414440030452289E+000 
                                     651                  2.7739826923875803E+000                  2.0940907486463892E-001                  6.5708446579251447E+000                 -1.0625595701278576E+000                  1.3638883211871496E+001                  6.9999834725038113E-001                  2.8000165274934130E-001                  2.0000000000277574E-002                  0.0000000000000000E+000                  3.6674661868958366E+008                  2.8791789549880378E+007                  7.9443391883514685E-006                  7.2371106581327357E-016                  0.0000000000000000E+000                  2.8710344641717476E+000                  3.1036983970666607E+010                  3.0307696439431108E-007                  3.5734316649849990E-012                 -3.2592235356377302E+000                  1.7584931535920407E+000                  1.9970537809518718E+000                  2.1475687787838624E+000 
                                     652                  2.7675398921893244E+000                  2.0578965323550294E-001                  6.5758945026913871E+000                 -1.0439560598511310E+000                  1.3662496631369404E+001                  6.9999818298730798E-001                  2.8000181701232685E-001                  2.0000000000365170E-002                  0.0000000000000000E+000                  3.6649442894344032E+008                  2.8959632156633958E+007                  8.9542306318280861E-006                  1.0555795171697558E-015                  0.0000000000000000E+000                  2.8291291051520711E+000                  3.0950443532464153E+010                  3.1015327115593116E-007                  3.9815622192058372E-012                 -3.2542118170069170E+000                  1.7646400195109053E+000                  2.0032006468707362E+000                  2.1537156447027268E+000 
                                     653                  2.7609302122901322E+000                  2.0214175910104118E-001                  6.5809338897092662E+000                 -1.0252866074956504E+000                  1.3686164646218607E+001                  6.9999800267570889E-001                  2.8000199732381148E-001                  2.0000000000479634E-002                  0.0000000000000000E+000                  3.6623807249318677E+008                  2.9128087443511222E+007                  1.0089171158737438E-005                  1.5367893501577736E-015                  0.0000000000000000E+000                  2.7876084589981156E+000                  3.0861283077818092E+010                  3.1734454231143196E-007                  4.4365635438529259E-012                 -3.2492344831391851E+000                  1.7708096386685190E+000                  2.0093702660283501E+000                  2.1598852638603407E+000 
                                     654                  2.7541497916170448E+000                  1.9846525202209112E-001                  6.5859638930927558E+000                 -1.0065521904063690E+000                  1.3709887427309004E+001                  6.9999780476595452E-001                  2.8000219523341519E-001                  2.0000000000630291E-002                  0.0000000000000000E+000                  3.6597808600319982E+008                  2.9297190170172386E+007                  1.1364409545385030E-005                  2.2334213794816703E-015                  0.0000000000000000E+000                  2.7464951954794872E+000                  3.0769645806137482E+010                  3.2465193456656352E-007                  4.9438523752385579E-012                 -3.2442910024342999E+000                  1.7770026772236727E+000                  2.0155633045835035E+000                  2.1660783024154942E+000 
                                     655                  2.7471946925245319E+000                  1.9475997947974427E-001                  6.5909855769021517E+000                 -9.8775379573833133E-001                  1.3733665124894131E+001                  6.9999758755947139E-001                  2.8000241243970120E-001                  2.0000000000827356E-002                  0.0000000000000000E+000                  3.6571486310000116E+008                  2.9466977454353012E+007                  1.2797044757171335E-005                  3.2403685599322567E-015                  0.0000000000000000E+000                  2.7058093093681839E+000                  3.0675673412809406E+010                  3.3207668327026167E-007                  5.5094755426979209E-012                 -3.2393808086364628E+000                  1.7832198245398776E+000                  2.0217804518997085E+000                  2.1722954497316991E+000 
                                     656                  2.7400609004743988E+000                  1.9102577655835398E-001                  6.5959999936602829E+000                 -9.6889241884058908E-001                  1.3757497867853960E+001                  6.9999734919437917E-001                  2.8000265080453546E-001                  2.0000000001085372E-002                  0.0000000000000000E+000                  3.6544879143625212E+008                  2.9637486754818343E+007                  1.4406250818865867E-005                  4.6937417743271096E-015                  0.0000000000000000E+000                  2.6655679832253365E+000                  3.0579505915289581E+010                  3.3962012696698393E-007                  6.1401837334902589E-012                 -3.2345032899977837E+000                  1.7894617904130470E+000                  2.0280224177728781E+000                  2.1785374156048687E+000 
                                     657                  2.7327443238754059E+000                  1.8726246566194454E-001                  6.6010081823757192E+000                 -9.4996906151847482E-001                  1.3781385763104119E+001                  6.9999708762973567E-001                  2.8000291236884056E-001                  2.0000000001423768E-002                  0.0000000000000000E+000                  3.6518028887878108E+008                  2.9808755362000279E+007                  1.6213528979487965E-005                  6.7885615929433100E-015                  0.0000000000000000E+000                  2.6257853585694648E+000                  3.0481281421550835E+010                  3.4728365755015388E-007                  6.8435175292408957E-012                 -3.2296578266037339E+000                  1.7957292863881893E+000                  2.0342899137480202E+000                  2.1848049115800108E+000 
                                     658                  2.7252407939176848E+000                  1.8346985617432482E-001                  6.6060111571558595E+000                 -9.3098472043099056E-001                  1.3805328895235185E+001                  6.9999680062824832E-001                  2.8000319936988538E-001                  2.0000000001866303E-002                  0.0000000000000000E+000                  3.6490976044608098E+008                  2.9980820404923171E+007                  1.8242988418931862E-005                  9.8039634223125625E-015                  0.0000000000000000E+000                  2.5864627904203235E+000                  3.0381135567964806E+010                  3.5506951812397123E-007                  7.6278948026780603E-012                 -3.2248433046247076E+000                  1.8020230225961062E+000                  2.0405836499559373E+000                  2.1910986477879280E+000 
                                     659                  2.7175460645215597E+000                  1.7964774421157126E-001                  6.6110098770654036E+000                 -9.1194035598076029E-001                  1.3829327326269295E+001                  6.9999648573731121E-001                  2.8000351426024334E-001                  2.0000000002445395E-002                  0.0000000000000000E+000                  3.6463753033794814E+008                  3.0153718624072969E+007                  2.0521655066019680E-005                  1.4139060389477020E-014                  0.0000000000000000E+000                  2.5475793676709633E+000                  3.0279199971256790E+010                  3.6298253079003293E-007                  8.5027177386314476E-012                 -3.2200571378456528E+000                  1.8083437067064911E+000                  2.0469043340663222E+000                  2.1974193318983128E+000 
                                     660                  2.7096558123348906E+000                  1.7579591261202326E-001                  6.6160052264771485E+000                 -8.9283687230298614E-001                  1.3853381095180756E+001                  6.9999614026822232E-001                  2.8000385972857478E-001                  2.0000000003202900E-002                  0.0000000000000000E+000                  3.6436389938748735E+008                  3.0327484924051464E+007                  2.3079816359491021E-005                  2.0363925812974349E-014                  0.0000000000000000E+000                  2.5091138054598572E+000                  3.0175600471033825E+010                  3.7102942548891947E-007                  9.4784889769513774E-012                 -3.2152958230621507E+000                  1.8146920323592250E+000                  2.0532526597190559E+000                  2.2037676575510465E+000 
                                     661                  2.7015656370528935E+000                  1.7191413121491070E-001                  6.6209980197518075E+000                 -8.7367512317602325E-001                  1.3877490216945031E+001                  6.9999576127343122E-001                  2.8000423872237501E-001                  2.0000000004193774E-002                  0.0000000000000000E+000                  3.6408915693527746E+008                  3.0502152279700492E+007                  2.5951411193616462E-005                  2.9292025804086365E-014                  0.0000000000000000E+000                  2.4710481562598430E+000                  3.0070456714210361E+010                  3.7921682395280840E-007                  1.0566935460661043E-011                 -3.2105562017168423E+000                  1.8210686683934034E+000                  2.0596292957532345E+000                  2.2101442935852251E+000 
                                     662                  2.6932710619511870E+000                  1.6800215714105649E-001                  6.6259890096508931E+000                 -8.5445592167033191E-001                  1.3901654681664011E+001                  6.9999534552164144E-001                  2.8000465447286949E-001                  2.0000000005489071E-002                  0.0000000000000000E+000                  3.6381357216217363E+008                  3.0677752010007858E+007                  2.9174467337526004E-005                  4.2083038301835011E-014                  0.0000000000000000E+000                  2.4333680128773838E+000                  2.9963882761130878E+010                  3.8755087983712924E-007                  1.1781160456457619E-011                 -3.2058356364085845E+000                  1.8274742607422603E+000                  2.0660348881020911E+000                  2.2165498859340818E+000 
                                     663                  2.6847675344210664E+000                  1.6405973493241097E-001                  6.6309788960663365E+000                 -8.3518004996726214E-001                  1.3925874453878286E+001                  6.9999488947063038E-001                  2.8000511052218752E-001                  2.0000000007182051E-002                  0.0000000000000000E+000                  3.6353738706422466E+008                  3.0854314257183257E+007                  3.2791591501273483E-005                  6.0388691569622851E-014                  0.0000000000000000E+000                  2.3960626426852345E+000                  2.9855987818303009E+010                  3.9603721288168251E-007                  1.3135789579691458E-011                 -3.2011320022520651E+000                  1.8339094384929664E+000                  2.0724700658527975E+000                  2.2229850636847881E+000 
                                     664                  2.6760504266603022E+000                  1.6008659661493208E-001                  6.6359683349735947E+000                 -8.1584826978645320E-001                  1.3950149471786071E+001                  6.9999438923752300E-001                  2.8000561075308295E-001                  2.0000000009394059E-002                  0.0000000000000000E+000                  3.6326082962697279E+008                  3.1031868200653937E+007                  3.6850518520573112E-005                  8.6559470324400916E-014                  0.0000000000000000E+000                  2.3591250876235001E+000                  2.9746876983537952E+010                  4.0468083634837476E-007                  1.4647156737062324E-011                 -3.1964436805633105E+000                  1.8403748194340412E+000                  2.0789354467938721E+000                  2.2294504446258627E+000 
                                     665                  2.6671150365764911E+000                  1.5608246169451828E-001                  6.6409579475674887E+000                 -7.9646133303886402E-001                  1.3974479646215434E+001                  6.9999384056738090E-001                  2.8000615942033519E-001                  2.0000000012283969E-002                  0.0000000000000000E+000                  3.6298410921366644E+008                  3.1210442320626546E+007                  4.1404727045227860E-005                  1.2393739268979279E-013                  0.0000000000000000E+000                  2.3225522277905224E+000                  2.9636651991103409E+010                  4.1348606238632520E-007                  1.6333465122235772E-011                 -3.1917695624399069E+000                  1.8468710139576856E+000                  2.0854316413175167E+000                  2.2359466391495073E+000 
                                     666                  2.6579565890026067E+000                  1.5204703711536219E-001                  6.6459483295880544E+000                 -7.7701999266164701E-001                  1.3998864859474786E+001                  6.9999323886125608E-001                  2.8000676112268830E-001                  2.0000000016055619E-002                  0.0000000000000000E+000                  3.6270742585808945E+008                  3.1390064656597741E+007                  4.6514130120638713E-005                  1.7727043423646763E-013                  0.0000000000000000E+000                  2.2863448052436186E+000                  2.9525411940940281E+010                  4.2245640084830249E-007                  1.8213113249569963E-011                 -3.1871090526447663E+000                  1.8533986291703877E+000                  2.0919592565302185E+000                  2.2424742543622092E+000 
                                     667                  2.6485702370882240E+000                  1.4798001710263980E-001                  6.6503059931744346E+000                 -7.5994152318789254E-001                  1.4020259646510722E+001                  6.9999266524563875E-001                  2.8000733473406919E-001                  2.0000000020292008E-002                  0.0000000000000000E+000                  3.6246237774816722E+008                  3.1547748076068427E+007                  5.1488300090181300E-005                  2.4212279635417442E-013                  0.0000000000000000E+000                  2.2552342082831305E+000                  2.9412291416974297E+010                  4.3157401840986956E-007                  2.0169275042277839E-011                 -3.1824723542847244E+000                  1.8599587347100737E+000                  2.0985193620699047E+000                  2.2490343599018954E+000 
                                     668                  2.6413779556420223E+000                  1.4490900971745840E-001                  6.6546853154982157E+000                 -7.4286965742410571E-001                  1.4041670593011343E+001                  6.9999204232712853E-001                  2.8000795764722469E-001                  2.0000000025646836E-002                  0.0000000000000000E+000                  3.6222399185810286E+008                  3.1707018441208221E+007                  5.6998046396049788E-005                  3.3083323580795835E-013                  0.0000000000000000E+000                  2.2238744879677812E+000                  2.9327666693837460E+010                  4.3853797805492858E-007                  2.2201806805484444E-011                 -3.1789963950537818E+000                  1.8648996890825571E+000                  2.1034603164423880E+000                  2.2539753142743786E+000 
                                     669                  2.6315808983853568E+000                  1.4078592199549939E-001                  6.6596807940904119E+000                 -7.2328274992585739E-001                  1.4066206292435943E+001                  6.9999126658902167E-001                  2.8000873337746907E-001                  2.0000000033509213E-002                  0.0000000000000000E+000                  3.6194841359597909E+008                  3.1889668559678279E+007                  6.4005196601613076E-005                  4.7193266290136305E-013                  0.0000000000000000E+000                  2.1887327102843011E+000                  2.9215098142700134E+010                  4.4799207608128418E-007                  2.4594275102443797E-011                 -3.1743648337873203E+000                  1.8715165088495702E+000                  2.1100771362094015E+000                  2.2605921340413921E+000 
                                     670                  2.6215422515688314E+000                  1.3663032920086371E-001                  6.6646793129410407E+000                 -7.0364455999449471E-001                  1.4090796321488140E+001                  6.9999041597512068E-001                  2.8000958398111137E-001                  2.0000000043767896E-002                  0.0000000000000000E+000                  3.6167360537152582E+008                  3.2073477878518358E+007                  7.1864004926997153E-005                  6.7260600590029921E-013                  0.0000000000000000E+000                  2.1540293782480782E+000                  2.9100913162933754E+010                  4.5758630591215596E-007                  2.7431349153021068E-011                 -3.1697634905294736E+000                  1.8781674718329955E+000                  2.1167280991928266E+000                  2.2672430970248172E+000 
                                     671                  2.6112569149412752E+000                  1.3244187311472227E-001                  6.6696815698126937E+000                 -6.8395608870435920E-001                  1.4115440415901725E+001                  6.9998948321458809E-001                  2.8001051672825578E-001                  2.0000000057156075E-002                  0.0000000000000000E+000                  3.6139977443158823E+008                  3.2258480720598400E+007                  8.0677423231469158E-005                  9.5778904367967021E-013                  0.0000000000000000E+000                  2.1197893362776927E+000                  2.8986179300891079E+010                  4.6733854166099259E-007                  3.0599956314478349E-011                 -3.1651842004995490E+000                  1.8848529248867727E+000                  2.1234135522466038E+000                  2.2739285500785944E+000 
                                     672                  2.6007197259100279E+000                  1.2822017922770659E-001                  6.6746883003729334E+000                 -6.6421840762022955E-001                  1.4140138279256222E+001                  6.9998846041469687E-001                  2.8001153951067759E-001                  2.0000000074625546E-002                  0.0000000000000000E+000                  3.6112712439501077E+008                  3.2444713479788221E+007                  9.0560880373569686E-005                  1.3627828621352515E-012                  0.0000000000000000E+000                  2.0860324989408308E+000                  2.8870999995699051E+010                  4.7724434921069828E-007                  3.4136253009226418E-011                 -3.1606296025736338E+000                  1.8915736074993985E+000                  2.1301342348592294E+000                  2.2806492326912200E+000 
                                     673                  2.5899254621341647E+000                  1.2396485560709958E-001                  6.6797002697339831E+000                 -6.4443264957471513E-001                  1.4164889583345946E+001                  6.9998733893080556E-001                  2.8001266097177768E-001                  2.0000000097416759E-002                  0.0000000000000000E+000                  3.6085586258133972E+008                  3.2632214361115996E+007                  1.0164380177095737E-004                  1.9375405412665311E-012                  0.0000000000000000E+000                  2.0527740616192567E+000                  2.8755480085272598E+010                  4.8729964536336756E-007                  3.8082879407076227E-011                 -3.1561019523401228E+000                  1.8983302933172692E+000                  2.1368909206771001E+000                  2.2874059185090911E+000 
                                     674                  2.5788688441880487E+000                  1.1967549170356329E-001                  6.6847182642463689E+000                 -6.2459999927982501E-001                  1.4189693968889436E+001                  6.9998610929435490E-001                  2.8001389057849801E-001                  2.0000000127147088E-002                  0.0000000000000000E+000                  3.6058619483698100E+008                  3.2821023100370385E+007                  1.1407131368557425E-004                  2.7527205083126658E-012                  0.0000000000000000E+000                  2.0200247308979606E+000                  2.8639725104408188E+010                  4.9750073363052552E-007                  4.2487424972019116E-011                 -3.1516031372466111E+000                  1.9051237871419395E+000                  2.1436844145017706E+000                  2.2941994123337612E+000 
                                     675                  2.5675445385228106E+000                  1.1535165718907474E-001                  6.6897430835185547E+000                 -6.0472168400111215E-001                  1.4214551046299961E+001                  6.9998476114012431E-001                  2.8001523869395278E-001                  2.0000000165922849E-002                  0.0000000000000000E+000                  3.6031831879747838E+008                  3.3011180644704387E+007                  1.2800615419956217E-004                  3.9082330249232050E-012                  0.0000000000000000E+000                  1.9877909742963134E+000                  2.8523840617623199E+010                  5.0784433547067411E-007                  4.7402786948835026E-011                 -3.1471346936671822E+000                  1.9119549216212475E+000                  2.1505155489810783E+000                  2.3010305468130690E+000 
                                     676                  2.5559471607402635E+000                  1.1099290082703368E-001                  6.6947755327348899E+000                 -5.8479896474030491E-001                  1.4239460396713124E+001                  6.9998328339117166E-001                  2.8001671639240061E-001                  2.0000000216427782E-002                  0.0000000000000000E+000                  3.6005242936346787E+008                  3.3202728928277310E+007                  1.4363081552801958E-004                  5.5453045584154771E-012                  0.0000000000000000E+000                  1.9560752867568370E+000                  2.8407931606993515E+010                  5.1832761581385508E-007                  5.2878303383798574E-011                 -3.1426978259525393E+000                  1.9188245543960951E+000                  2.1573851817559260E+000                  2.3079001795879166E+000 
                                     677                  2.5440712789962499E+000                  1.0659874929681935E-001                  6.6985395595924455E+000                 -5.6978317416425184E-001                  1.4258205122812541E+001                  6.9998208294044939E-001                  2.8001791679519422E-001                  2.0000000264356332E-002                  0.0000000000000000E+000                  3.5984951522163087E+008                  3.3346714697034281E+007                  1.5656308341164334E-004                  7.2003307794770467E-012                  0.0000000000000000E+000                  1.9329991579113279E+000                  2.8290191192653297E+010                  5.2890549048606397E-007                  5.8216016604814193E-011                 -3.1383109623068961E+000                  1.9257344931767530E+000                  2.1642951205365839E+000                  2.3148101183685745E+000 
                                     678                  2.5380271895167184E+000                  1.0438848946784941E-001                  6.7023406278171302E+000                 -5.5483534283229674E-001                  1.4276920930419644E+001                  6.9998079459265927E-001                  2.8001920508466110E-001                  2.0000000322679679E-002                  0.0000000000000000E+000                  3.5965782870573866E+008                  3.3492766480605517E+007                  1.7069108273867070E-004                  9.3622560445206998E-012                  0.0000000000000000E+000                  1.9094611211824475E+000                  2.8232385651484665E+010                  5.3426732020028523E-007                  6.3194704101641038E-011                 -3.1361206948575844E+000                  1.9292038240928095E+000                  2.1677644514526406E+000                  2.3182794492846313E+000 
                                     679                  2.5257232714709876E+000                  9.9940304434854452E-002                  6.7073955812519399E+000                 -5.3480722336501640E-001                  1.4301958930410574E+001                  6.9997893374880860E-001                  2.8002106583005792E-001                  2.0000000421133479E-002                  0.0000000000000000E+000                  3.5939767979523480E+008                  3.3687976761598021E+007                  1.9149069924684592E-004                  1.3265484485324844E-011                  0.0000000000000000E+000                  1.8790155343318624E+000                  2.8118782467881096E+010                  5.4513834254816769E-007                  6.9589741026004712E-011                 -3.1317466353010786E+000                  1.9361728176974253E+000                  2.1747334450572562E+000                  2.3252484428892468E+000 
                                     680                  2.5131270845031910E+000                  9.5455436173058850E-002                  6.7124608500711966E+000                 -5.1473916470600167E-001                  1.4327047536539810E+001                  6.9997689550793418E-001                  2.8002310394304081E-001                  2.0000000549025065E-002                  0.0000000000000000E+000                  3.5914010929478627E+008                  3.3884725586828649E+007                  2.1481159409600666E-004                  1.8786892462863326E-011                  0.0000000000000000E+000                  1.8490356831050583E+000                  2.8003585752238049E+010                  5.5610477960547104E-007                  7.7589129694461055E-011                 -3.1274216861179411E+000                  1.9431842062790452E+000                  2.1817448336388763E+000                  2.3322598314708669E+000 
                                     681                  2.5002330584015997E+000                  9.0933324754667921E-002                  6.7162516552727283E+000                 -4.9961506739161765E-001                  1.4345928261309121E+001                  6.9997524138135403E-001                  2.8002475794890291E-001                  2.0000000669743057E-002                  0.0000000000000000E+000                  3.5894394464670181E+008                  3.4032713745678641E+007                  2.3411666167798726E-004                  2.4363006775688177E-011                  0.0000000000000000E+000                  1.8271820191921135E+000                  2.7886897977623199E+010                  5.6717255748710199E-007                  8.5342292304924821E-011                 -3.1231423952773083E+000                  1.9502390769492504E+000                  2.1887997043090812E+000                  2.3393147021410718E+000 
                                     682                  2.4936726064152701E+000                  8.8658378438061139E-002                  6.7200798386916851E+000                 -4.8456572144887378E-001                  1.4364773614131519E+001                  6.9997346383618020E-001                  2.8002653534624755E-001                  2.0000000817572250E-002                  0.0000000000000000E+000                  3.5875895613133931E+008                  3.4182832629507892E+007                  2.5519871580737815E-004                  3.1637047930720556E-011                  0.0000000000000000E+000                  1.8048778464572066E+000                  2.7829741022786610E+010                  5.7278732730633045E-007                  9.2797029235797762E-011                 -3.1210032995940025E+000                  1.9537820418837508E+000                  2.1923426692435819E+000                  2.3428576670755725E+000 
                                     683                  2.4803213107435456E+000                  8.4079291675427062E-002                  6.7238838566928116E+000                 -4.6939845906421723E-001                  1.4383711171491498E+001                  6.9997156648381409E-001                  2.8002843251921489E-001                  2.0000000996970968E-002                  0.0000000000000000E+000                  3.5856601512757540E+008                  3.4332643610910878E+007                  2.7811880330647044E-004                  4.1008453397070683E-011                  0.0000000000000000E+000                  1.7834833860878321E+000                  2.7715754282220673E+010                  5.8413042014014231E-007                  1.0054403811035866E-010                 -3.1167450880674581E+000                  1.9609016125310503E+000                  2.1994622398908814E+000                  2.3499772377228720E+000 
                                     684                  2.4735290569008299E+000                  8.1775517432553013E-002                  6.7277253069316778E+000                 -4.5430888056101715E-001                  1.4402610473433684E+001                  6.9996952581557836E-001                  2.8003047296697170E-001                  2.0000001217449936E-002                  0.0000000000000000E+000                  3.5838420566563463E+008                  3.4484610630830571E+007                  3.0314447558009254E-004                  5.3227030198085249E-011                  0.0000000000000000E+000                  1.7616499647991208E+000                  2.7659033712755932E+010                  5.8986160589213831E-007                  1.0943825536584205E-010                 -3.1146249355752302E+000                  1.9644778076485370E+000                  2.2030384350083678E+000                  2.3535534328403585E+000 
                                     685                  2.4597078018620038E+000                  7.7138040066047728E-002                  6.7328376127495870E+000                 -4.3409248680652174E-001                  1.4427896055002865E+001                  6.9996658268996981E-001                  2.8003341572255225E-001                  2.0000001587477945E-002                  0.0000000000000000E+000                  3.5813800780735022E+008                  3.4687884981871478E+007                  3.3999404341323295E-004                  7.5256386992302098E-011                  0.0000000000000000E+000                  1.7333313962964469E+000                  2.7547914808220638E+010                  6.0148608456816069E-007                  1.2034048913366612E-010                 -3.1103872078238868E+000                  1.9716639118401502E+000                  2.2102245391999813E+000                  2.3607395370319719E+000 
                                     686                  2.4455661569176050E+000                  7.2460800518925700E-002                  6.7379629899136075E+000                 -4.1384175165109943E-001                  1.4453229488877575E+001                  6.9996335993905534E-001                  2.8003663799265355E-001                  2.0000002068291112E-002                  0.0000000000000000E+000                  3.5789486431728786E+008                  3.4892881376823515E+007                  3.8130693083388294E-004                  1.0636545803443005E-010                  0.0000000000000000E+000                  1.7053987960921166E+000                  2.7435613182991184E+010                  6.1321797662311269E-007                  1.3416526754227710E-010                 -3.1061925610952419E+000                  1.9788969543206354E+000                  2.2174575816804665E+000                  2.3679725795124571E+000 
                                     687                  2.4310984375264049E+000                  6.7743091838283642E-002                  6.7418012520873569E+000                 -3.9858084237216324E-001                  1.4472296095427060E+001                  6.9996074905842220E-001                  2.8003924842219613E-001                  2.0000002519381610E-002                  0.0000000000000000E+000                  3.5770999623847884E+008                  3.5047182756225243E+007                  4.1551188616838154E-004                  1.3774725672967983E-010                  0.0000000000000000E+000                  1.6850015759371126E+000                  2.7322212147667076E+010                  6.2505565429367397E-007                  1.4731518701602299E-010                 -3.1020406559067193E+000                  1.9861780706458814E+000                  2.2247386980057122E+000                  2.3752536958377028E+000 
                                     688                  2.4237405205672053E+000                  6.5369112695976270E-002                  6.7456769686638491E+000                 -3.8340459309278724E-001                  1.4491317472133261E+001                  6.9995793665151740E-001                  2.8004206027206419E-001                  2.0000003076418471E-002                  0.0000000000000000E+000                  3.5753611636574197E+008                  3.5203697497683965E+007                  4.5284462124593094E-004                  1.7861808604789825E-010                  0.0000000000000000E+000                  1.6642087269726094E+000                  2.7266842549478161E+010                  6.3106015834418430E-007                  1.6065255593525400E-010                 -3.0999646189583001E+000                  1.9898358637487688E+000                  2.2283964911085996E+000                  2.3789114889405902E+000 
                                     689                  2.4087730098499955E+000                  6.0589296712957381E-002                  6.7495312678337482E+000                 -3.6810651226767777E-001                  1.4510437812407110E+001                  6.9995494347984444E-001                  2.8004505277374936E-001                  2.0000003746406203E-002                  0.0000000000000000E+000                  3.5735488613176769E+008                  3.5360024622716956E+007                  4.9344979626155471E-004                  2.3124047594543352E-010                  0.0000000000000000E+000                  1.6442293256190930E+000                  2.7156706163475056E+010                  6.4317246999720471E-007                  1.7350874908840242E-010                 -3.0958362765826779E+000                  1.9971886834438721E+000                  2.2357493108037034E+000                  2.3862643086356936E+000 
                                     690                  2.4011619906632458E+000                  5.8183832017356829E-002                  6.7534230230744887E+000                 -3.5289616190026818E-001                  1.4529509842438880E+001                  6.9995171741548290E-001                  2.8004827800952070E-001                  2.0000004574996399E-002                  0.0000000000000000E+000                  3.5718457612913138E+008                  3.5518590333265647E+007                  5.3776079134734288E-004                  2.9974559781263008E-010                  0.0000000000000000E+000                  1.6238793556195612E+000                  2.7102050435975338E+010                  6.4928801413087634E-007                  1.8935578501200339E-010                 -3.0937813070688325E+000                  2.0008832950967852E+000                  2.2394439224566165E+000                  2.3899589202886071E+000 
                                     691                  2.3856818614663826E+000                  5.3340113308429062E-002                  6.7572942569890833E+000                 -3.3756273995993202E-001                  1.4548682998096591E+001                  6.9994828674124843E-001                  2.8005170768913962E-001                  2.0000005569611901E-002                  0.0000000000000000E+000                  3.5700708674321741E+008                  3.5677009468480706E+007                  5.8596313850753704E-004                  3.8793933585234199E-010                  0.0000000000000000E+000                  1.6043312203568587E+000                  2.6993423021489391E+010                  6.6160958329577880E-007                  2.0432357413162523E-010                 -3.0896991063662580E+000                  2.0083109768122518E+000                  2.2468716041720831E+000                  2.3973866020040737E+000 
                                     692                  2.3778113269818446E+000                  5.0902231398370058E-002                  6.7612029881377298E+000                 -3.2232020516095705E-001                  1.4567804716173205E+001                  6.9994458757730593E-001                  2.8005540562145581E-001                  2.0000006801238257E-002                  0.0000000000000000E+000                  3.5684045585237759E+008                  3.5837694736163206E+007                  6.3855659438337496E-004                  5.0270883885663127E-010                  0.0000000000000000E+000                  1.5844547193814087E+000                  2.6939564118726192E+010                  6.6782350384309584E-007                  2.2311244122757809E-010                 -3.0876691500758855E+000                  2.0120436419633587E+000                  2.2506042693231896E+000                  2.4011192671551802E+000 
                                     693                  2.3618057609378496E+000                  4.5992673103690110E-002                  6.7650922521592856E+000                 -3.0695343763507060E-001                  1.4587029803566491E+001                  6.9994065590658128E-001                  2.8005933581573228E-001                  2.0000008277686443E-002                  0.0000000000000000E+000                  3.5666682858170873E+008                  3.5998282137370802E+007                  6.9577889663163545E-004                  6.5046024368345903E-010                  0.0000000000000000E+000                  1.5653778184665204E+000                  2.6832617865935234E+010                  6.8031825137053255E-007                  2.4059001112916739E-010                 -3.0836439388816270E+000                  2.0195487947559960E+000                  2.2581094221158269E+000                  2.4086244199478175E+000 
                                     694                  2.3536693087021709E+000                  4.3521367062924331E-002                  6.7690191283031709E+000                 -2.9168082911631493E-001                  1.4606200285028565E+001                  6.9993641507392745E-001                  2.8006357481804001E-001                  2.0000010108032540E-002                  0.0000000000000000E+000                  3.5650400477319455E+008                  3.6161167057807155E+007                  7.5820545411045656E-004                  8.4267354557167860E-010                  0.0000000000000000E+000                  1.5460142491249991E+000                  2.6779645610412842E+010                  6.8660991311779082E-007                  2.6284310426424225E-010                 -3.0816449653100162E+000                  2.0233208948130725E+000                  2.2618815221729038E+000                  2.4123965200048945E+000 
                                     695                  2.3371255217466951E+000                  3.8543871810047647E-002                  6.7729277696488541E+000                 -2.7628291273642863E-001                  1.4625476474553519E+001                  6.9993191078682937E-001                  2.8006807691416835E-001                  2.0000012299002279E-002                  0.0000000000000000E+000                  3.5633439052569330E+008                  3.6324011558696873E+007                  8.2614055823098959E-004                  1.0901411763367802E-009                  0.0000000000000000E+000                  1.5274449503924972E+000                  2.6674567992016510E+010                  6.9923346470778175E-007                  2.8319893618682647E-010                 -3.0776888974593226E+000                  2.0309064479058603E+000                  2.2694670752656911E+000                  2.4199820730976818E+000 
                                     696                  2.3287167731805258E+000                  3.6038049199846420E-002                  6.7768742111135687E+000                 -2.6098253494577678E-001                  1.4644694854868916E+001                  6.9992704982891196E-001                  2.8007293515085796E-001                  2.0000015020230077E-002                  0.0000000000000000E+000                  3.5617553676382887E+008                  3.6489188964916192E+007                  9.0024556713858505E-004                  1.4119995971933069E-009                  0.0000000000000000E+000                  1.5086278576285082E+000                  2.6622579852345112E+010                  7.0558029635769170E-007                  3.0959531554696957E-010                 -3.0757267777863384E+000                  2.0347195325506906E+000                  2.2732801599105219E+000                  2.4237951577425125E+000 
                                     697                  2.3116220428533385E+000                  3.0990337335526197E-002                  6.7821339858478016E+000                 -2.4048596882940648E-001                  1.4670412636348411E+001                  6.9992006224150261E-001                  2.8007991820518335E-001                  2.0000019553314097E-002                  0.0000000000000000E+000                  3.5596111020916015E+008                  3.6710491984816805E+007                  1.0094274025279496E-003                  1.9916768125589572E-009                  0.0000000000000000E+000                  1.4843219066403286E+000                  2.6521488572182804E+010                  7.1833528811637075E-007                  3.3922066745523166E-010                 -3.0718363991947517E+000                  2.0423877615179848E+000                  2.2809483888778161E+000                  2.4314633867098068E+000 
                                     698                  2.2941529924689412E+000                  2.5894447697951871E-002                  6.7860786010355012E+000                 -2.2504147827559254E-001                  1.4689772384022076E+001                  6.9991441757806017E-001                  2.8008555864467211E-001                  2.0000023777267728E-002                  0.0000000000000000E+000                  3.5579857651446468E+008                  3.6877331764707446E+007                  1.0998858585096719E-003                  2.5761955423600838E-009                  0.0000000000000000E+000                  1.4666646889880188E+000                  2.6418059199022068E+010                  7.3102157358459110E-007                  3.7127455545398477E-010                 -3.0680349030734018E+000                  2.0501156554160143E+000                  2.2886762827758456E+000                  2.4391912806078357E+000 
                                     699                  2.2852763519422647E+000                  2.3328401331183385E-002                  6.7887237631976065E+000                 -2.1477703431783263E-001                  1.4702663131144082E+001                  6.9991042074549625E-001                  2.8008955213172682E-001                  2.0000027122776931E-002                  0.0000000000000000E+000                  3.5569431543222624E+008                  3.6989639118164293E+007                  1.1646860852211150E-003                  3.0595716361318246E-009                  0.0000000000000000E+000                  1.4548905881849563E+000                  2.6366982643129669E+010                  7.3737585444843766E-007                  3.9872541923280585E-010                 -3.0661555437877146E+000                  2.0540014798771669E+000                  2.2925621072369982E+000                  2.4430771050689888E+000 
                                     700                  2.2763040419235030E+000                  2.0749869446908199E-002                  6.7913742465141285E+000                 -2.0450744760954950E-001                  1.4715564480571173E+001                  6.9990623830425669E-001                  2.8009373075187799E-001                  2.0000030943865266E-002                  0.0000000000000000E+000                  3.5559104403441858E+008                  3.7102514720944434E+007                  1.2333107284923069E-003                  3.6336486279642639E-009                  0.0000000000000000E+000                  1.4432483748356615E+000                  2.6317274893260956E+010                  7.4374584276503765E-007                  4.2102478826055606E-010                 -3.0642877243925373E+000                  2.0579019469066622E+000                  2.2964625742664935E+000                  2.4469775720984841E+000 
                                     701                  2.2672353713894839E+000                  1.8158694259247991E-002                  6.7940302102005505E+000                 -1.9423291759200845E-001                  1.4728476394176663E+001                  6.9990186337326954E-001                  2.8009810132261015E-001                  2.0000035304120312E-002                  0.0000000000000000E+000                  3.5548877770913261E+008                  3.7215968462538734E+007                  1.3059880018583092E-003                  4.3154767583058304E-009                  0.0000000000000000E+000                  1.4317395579667187E+000                  2.6267991068048882E+010                  7.5010986422492951E-007                  4.4439134967016651E-010                 -3.0624375616826023E+000                  2.0618177448298280E+000                  2.3003783721896593E+000                  2.4508933700216500E+000 
                                     702                  2.2580696523214692E+000                  1.5554713079289930E-002                  6.7966918193839172E+000                 -1.8395364458611849E-001                  1.4741398837555993E+001                  6.9989728489050829E-001                  2.8010267481280027E-001                  2.0000040296691446E-002                  0.0000000000000000E+000                  3.5538753066277558E+008                  3.7330010532108940E+007                  1.3829601757642024E-003                  5.1253239288060630E-009                  0.0000000000000000E+000                  1.4203655644161117E+000                  2.6219144015589176E+010                  7.5646497368198421E-007                  4.6927683924587447E-010                 -3.0606055880760494E+000                  2.0657491165621371E+000                  2.3043097439219684E+000                  2.4548247417539590E+000 
                                     703                  2.2488061999310793E+000                  1.2937758133853710E-002                  6.8007078753685430E+000                 -1.6858531865153767E-001                  1.4760756615524150E+001                  6.9989002329404826E-001                  2.8010992761986575E-001                  2.0000049086085991E-002                  0.0000000000000000E+000                  3.5524171586978030E+008                  3.7502754297253914E+007                  1.5070722718438523E-003                  6.6377800993593782E-009                  0.0000000000000000E+000                  1.4033408679936747E+000                  2.6171712778944386E+010                  7.6283494159751603E-007                  5.0176028401447506E-010                 -3.0587847111720605E+000                  2.0696958129050014E+000                  2.3082564402648327E+000                  2.4587714380968233E+000 
                                     704                  2.2299833735863377E+000                  7.6635344618107342E-003                  6.8053883132762545E+000                 -1.5053895731135500E-001                  1.4783451408114614E+001                  6.9988092027520876E-001                  2.8011901791672317E-001                  2.0000061808068015E-002                  0.0000000000000000E+000                  3.5506734401839346E+008                  3.7705068186856657E+007                  1.6660194855564617E-003                  8.9672178996495022E-009                  0.0000000000000000E+000                  1.3842512165900402E+000                  2.6077198212095604E+010                  7.7548447043044247E-007                  5.4712699608864951E-010                 -3.0552134473932053E+000                  2.0776389599473917E+000                  2.3161995873072225E+000                  2.4667145851392132E+000 
                                     705                  2.2156046640932514E+000                  3.6727801582934652E-003                  6.8087436054065291E+000                 -1.3764138779283352E-001                  1.4799681694902613E+001                  6.9987396957199821E-001                  2.8012595754745123E-001                  2.0000072880550501E-002                  0.0000000000000000E+000                  3.5494487947868812E+008                  3.7850771434614025E+007                  1.7897800351273909E-003                  1.1117610074339534E-008                  0.0000000000000000E+000                  1.3708481836938697E+000                  2.6005458850962521E+010                  7.8487860243384465E-007                  5.9277450141729198E-010                 -3.0525987553026468E+000                  2.0836406073032743E+000                  2.3222012346631056E+000                  2.4727162324950962E+000 
                                     706                  2.2058930360300648E+000                  9.9521782900135612E-004                  6.8128019226107197E+000                 -1.2224812884190417E-001                  1.4819107636186692E+001                  6.9986506331050313E-001                  2.8013484770636804E-001                  2.0000088983128883E-002                  0.0000000000000000E+000                  3.5480626061106801E+008                  3.8027764142152846E+007                  1.9506041474287876E-003                  1.4402175599791092E-008                  0.0000000000000000E+000                  1.3546979047155323E+000                  2.5959733368691914E+010                  7.9116956909486079E-007                  6.4082914213370158E-010                 -3.0508652127203160E+000                  2.0876620453312387E+000                  2.3262226726910695E+000                  2.4767376705230602E+000 
                                     707                  2.1861648284706088E+000                 -4.4028253723304815E-003                  6.8168513698442919E+000                 -1.0672374376729377E-001                  1.4838654648460148E+001                  6.9985564183894544E-001                  2.8014424999437026E-001                  2.0000108166684294E-002                  0.0000000000000000E+000                  3.5466206713330948E+008                  3.8205178129027955E+007                  2.1259644195169704E-003                  1.8640638798454011E-008                  0.0000000000000000E+000                  1.3392087248270488E+000                  2.5868783805347149E+010                  8.0363101075513089E-007                  6.8692449330802760E-010                 -3.0474716564571778E+000                  2.0957584510365850E+000                  2.3343190783964158E+000                  2.4848340762284065E+000 
                                     708                  2.1761469384680896E+000                 -7.1229994540277690E-003                  6.8195678447571995E+000                 -9.6411778936287135E-002                  1.4851665904517221E+001                  6.9984897915166111E-001                  2.8015089745469118E-001                  2.0000123393647762E-002                  0.0000000000000000E+000                  3.5457005724452829E+008                  3.8324658476325467E+007                  2.2516331178346312E-003                  2.2148117577693267E-008                  0.0000000000000000E+000                  1.3288760975577538E+000                  2.5823190040573792E+010                  8.0983556442813503E-007                  7.3691077200584289E-010                 -3.0458015774194296E+000                  2.0998334351565555E+000                  2.3383940625163868E+000                  2.4889090603483774E+000 
                                     709                  2.1660256595214902E+000                 -9.8578038404159331E-003                  6.8236677031497530E+000                 -8.1000548494420566E-002                  1.4871152232342201E+001                  6.9983837769725932E-001                  2.8016147160609972E-001                  2.0000150696640961E-002                  0.0000000000000000E+000                  3.5443809061158776E+008                  3.8505696432727724E+007                  2.4543490886731073E-003                  2.8702787982212941E-008                  0.0000000000000000E+000                  1.3133703811277697E+000                  2.5780083287347126E+010                  8.1607784595999125E-007                  7.9056405242510140E-010                 -3.0441342058814458E+000                  2.1039255650021631E+000                  2.3424861923619944E+000                  2.4930011901939846E+000 
                                     710                  2.1454703748970001E+000                 -1.5372965940536790E-002                  6.8277608596372934E+000                 -6.5455748084343901E-002                  1.4890764263301874E+001                  6.9982718494063068E-001                  2.8017263187258662E-001                  2.0000183186782650E-002                  0.0000000000000000E+000                  3.5430073073167974E+008                  3.8687274150213324E+007                  2.6755616984807380E-003                  3.7168692952897237E-008                  0.0000000000000000E+000                  1.2984595309235711E+000                  2.5693508975269131E+010                  8.2841750611531142E-007                  8.4546756647674041E-010                 -3.0408753660862096E+000                  2.1121673183935221E+000                  2.3507279457533534E+000                  2.5012429435853440E+000 
                                     711                  2.1350351047380358E+000                 -1.8153038465545824E-002                  6.8305068327711842E+000                 -5.5131945913715071E-002                  1.4903817436712792E+001                  6.9981928412869554E-001                  2.8018050688950080E-001                  2.0000208981803658E-002                  0.0000000000000000E+000                  3.5421324870156318E+008                  3.8809570863619022E+007                  2.8341511337939837E-003                  4.4177377141098143E-008                  0.0000000000000000E+000                  1.2884981436471894E+000                  2.5650152469270363E+010                  8.3456783683036538E-007                  9.0536755587028811E-010                 -3.0392691782259154E+000                  2.1163167305539243E+000                  2.3548773579137552E+000                  2.5053923557457458E+000 
                                     712                  2.1244939173308528E+000                 -2.0948681125037550E-002                  6.8346514248262649E+000                 -3.9705511283898667E-002                  1.4923364552469785E+001                  6.9980674094732287E-001                  2.8019300379452494E-001                  2.0000255258152189E-002                  0.0000000000000000E+000                  3.5408802607880402E+008                  3.8994892534355737E+007                  3.0900912347781085E-003                  5.7280248201802278E-008                  0.0000000000000000E+000                  1.2735284914555873E+000                  2.5609324959466900E+010                  8.4076107897546105E-007                  9.6913647322727909E-010                 -3.0376637005697282E+000                  2.1204844541465850E+000                  2.3590450815064163E+000                  2.5095600793384070E+000 
                                     713                  2.1030913371186304E+000                 -2.6588488647705490E-002                  6.8387912962228103E+000                 -2.4142383679906256E-002                  1.4943042486766911E+001                  6.9979353751171924E-001                  2.8020615217075162E-001                  2.0000310317529135E-002                  0.0000000000000000E+000                  3.5395752906681561E+008                  3.9180868548336543E+007                  3.3696870484125579E-003                  7.4219775513623286E-008                  0.0000000000000000E+000                  1.2590955359137130E+000                  2.5527386346505577E+010                  8.5299236770058823E-007                  1.0329609092847967E-009                 -3.0345274273707212E+000                  2.1288811068412179E+000                  2.3674417342010492E+000                  2.5179567320330398E+000 
                                     714                  2.0922287364663426E+000                 -2.9432392324966038E-002                  6.8415686953715822E+000                 -1.3808004086336445E-002                  1.4956138223374758E+001                  6.9978424747172308E-001                  2.8021539849532168E-001                  2.0000354032955192E-002                  0.0000000000000000E+000                  3.5387458374763060E+008                  3.9306136485584348E+007                  3.5702697775362204E-003                  8.8249720527673378E-008                  0.0000000000000000E+000                  1.2494407390223821E+000                  2.5486385642547089E+010                  8.5909420718848443E-007                  1.1026172860628781E-009                 -3.0329796046857975E+000                  2.1331098408096718E+000                  2.3716704681695031E+000                  2.5221854660014937E+000 
                                     715                  2.0812578036787439E+000                 -3.2292924359057881E-002                  6.8443542188421231E+000                 -3.4710967028284386E-003                  1.4969244748531649E+001                  6.9977459088119509E-001                  2.8022500517984439E-001                  2.0000403938960520E-002                  0.0000000000000000E+000                  3.5379276685439336E+008                  3.9432170719330609E+007                  3.7830887189568420E-003                  1.0494272536992066E-007                  0.0000000000000000E+000                  1.2398536115172754E+000                  2.5446967434656590E+010                  8.6519593746682333E-007                  1.1561708923712303E-009                 -3.0314427642303676E+000                  2.1373586948394805E+000                  2.3759193221993113E+000                  2.5264343200313020E+000 
                                     716                  2.0701779556265345E+000                 -3.5170369419153025E-002                  6.8471479711537517E+000                  6.8683132235890900E-003                  1.4982362141182644E+001                  6.9976456396714348E-001                  2.8023497513062445E-001                  2.0000460902232065E-002                  0.0000000000000000E+000                  3.5371207567470741E+008                  3.9558980775043704E+007                  4.0089452804688026E-003                  1.2480656720246108E-007                  0.0000000000000000E+000                  1.2303307906984584E+000                  2.5408160355940819E+010                  8.7128565140850394E-007                  1.2110094810490957E-009                 -3.0299197189989275E+000                  2.1416285167709357E+000                  2.3801891441307670E+000                  2.5307041419627576E+000 
                                     717                  2.0589886182383088E+000                 -3.8065020713636981E-002                  6.8499500545624210E+000                  1.7210211051714806E-002                  1.4995490488745901E+001                  6.9975416373849553E-001                  2.8024531033991240E-001                  2.0000525921592072E-002                  0.0000000000000000E+000                  3.5363250755369401E+008                  3.9686576182181194E+007                  4.2487027525045899E-003                  1.4844626421407361E-007                  0.0000000000000000E+000                  1.2208690343856980E+000                  2.5369969674428818E+010                  8.7736344988410677E-007                  1.2670574519993466E-009                 -3.0284102309219296E+000                  2.1459196511943595E+000                  2.3844802785541908E+000                  2.5349952763861814E+000 
                                     718                  2.0476892269329290E+000                 -4.0977180255510906E-002                  6.8527605698862368E+000                  2.7554591775455047E-002                  1.5008629887374276E+001                  6.9974338912414802E-001                  2.8025601074234457E-001                  2.0000600133507351E-002                  0.0000000000000000E+000                  3.5355406025648659E+008                  3.9814966529792391E+007                  4.5032919619845150E-003                  1.7658277175959610E-007                  0.0000000000000000E+000                  1.2114656884875155E+000                  2.5332400378476665E+010                  8.8342905403991444E-007                  1.3240963318524968E-009                 -3.0269141609258861E+000                  2.1502324507811776E+000                  2.3887930781410089E+000                  2.5393080759729996E+000 
                                     719                  2.0362792270647057E+000                 -4.3907159147424699E-002                  6.8555796195857326E+000                  3.7901457042320522E-002                  1.5021780442202967E+001                  6.9973224115582722E-001                  2.8026707400315531E-001                  2.0000684841017469E-002                  0.0000000000000000E+000                  3.5347673176755148E+008                  3.9944161614206806E+007                  4.7737173171856729E-003                  2.1007530302409755E-007                  0.0000000000000000E+000                  1.2021201638385286E+000                  2.5295457304080013E+010                  8.8948104297466309E-007                  1.3818774564035982E-009                 -3.0254316516816684E+000                  2.1545672776729501E+000                  2.3931279050327814E+000                  2.5436429028647720E+000 
                                     720                  2.0247580744231630E+000                 -4.6855277890669081E-002                  6.8584073108461068E+000                  4.8250812182034787E-002                  1.5034942267583407E+001                  6.9972072306743716E-001                  2.8027849538033178E-001                  2.0000781552231062E-002                  0.0000000000000000E+000                  3.5340052076056874E+008                  4.0074171586594217E+007                  5.0610630082368073E-003                  2.4994796865916715E-007                  0.0000000000000000E+000                  1.1928323750900733E+000                  2.5259145315477325E+010                  8.9551680827961662E-007                  1.4401316009752407E-009                 -3.0239631291539393E+000                  2.1589245053721524E+000                  2.3974851327319833E+000                  2.5480001305639739E+000 
                                     721                  2.0131252357535527E+000                 -4.9821866728860631E-002                  6.8612437562663287E+000                  5.8602665773211680E-002                  1.5048115487350374E+001                  6.9970884027506242E-001                  2.8029026774563753E-001                  2.0000891979299995E-002                  0.0000000000000000E+000                  3.5332542669137031E+008                  4.0205006990076162E+007                  5.3664990396870890E-003                  2.9742156178559651E-007                  0.0000000000000000E+000                  1.1836021956764395E+000                  2.5223469407208569E+010                  9.0153344644041473E-007                  1.4985824874219311E-009                 -3.0225090782672055E+000                  2.1633045200409802E+000                  2.4018651474008110E+000                  2.5523801452328021E+000 
                                     722                  2.0013801892578278E+000                 -5.2807266021371091E-002                  6.8640890739224574E+000                  6.8957029954765853E-002                  1.5061300235128245E+001                  6.9969660018879720E-001                  2.8030238173639949E-001                  2.0001018074803367E-002                  0.0000000000000000E+000                  3.5325144993025243E+008                  4.0336678763523258E+007                  5.6912868926942460E-003                  3.5395146770785934E-007                  0.0000000000000000E+000                  1.1744294567452900E+000                  2.5188434710980225E+010                  9.0752801927689633E-007                  1.5569689843083678E-009                 -3.0210699787770583E+000                  2.1677077210353195E+000                  2.4062683483951504E+000                  2.5567833462271410E+000 
                                     723                  1.9895224251079999E+000                 -5.5811826634434993E-002                  6.8669433874344028E+000                  7.9313920824302928E-002                  1.5074496654657437E+001                  6.9968401180524531E-001                  2.8031482609971847E-001                  2.0001162095036218E-002                  0.0000000000000000E+000                  3.5317859208699435E+008                  4.0469198242624559E+007                  6.0367845589127207E-003                  4.2127288016456149E-007                  0.0000000000000000E+000                  1.1653139462277426E+000                  2.5154046479373348E+010                  9.1349758551959113E-007                  1.6150746921715018E-009                 -3.0196462981003869E+000                  2.1721345212566767E+000                  2.4106951486165080E+000                  2.5612101464484986E+000 
                                     724                  1.9775514459743671E+000                 -5.8835910349949505E-002                  6.8698068260365250E+000                  8.9673358933646322E-002                  1.5087704900140984E+001                  6.9967108503279596E-001                  2.8032758837616073E-001                  2.0001326591043256E-002                  0.0000000000000000E+000                  3.5310685620152283E+008                  4.0602577159670994E+007                  6.4044506865656705E-003                  5.0145476634168188E-007                  0.0000000000000000E+000                  1.1562554080329470E+000                  2.5120310064796383E+010                  9.1943923844306173E-007                  1.6727630248616791E-009                 -3.0182384830121989E+000                  2.1765853474997217E+000                  2.4151459748595530E+000                  2.5656609726915436E+000 
                                     725                  1.9654667675682316E+000                 -6.1879890292599937E-002                  6.8726795246520727E+000                  1.0003536992018643E-001                  1.5100925136609570E+001                  6.9965782971080293E-001                  2.8034065579765199E-001                  2.0001514491545080E-002                  0.0000000000000000E+000                  3.5303624562675929E+008                  4.0736827639872640E+007                  6.7958476748553138E-003                  5.9696419912449130E-007                  0.0000000000000000E+000                  1.1472535413955771E+000                  2.5087230892285412E+010                  9.2535015413246016E-007                  1.7300226718837706E-009                 -3.0168469491806817E+000                  2.1810606407929991E+000                  2.4196212681528304E+000                  2.5701362659848210E+000 
                                     726                  1.9532679192054763E+000                 -6.4944151373970832E-002                  6.8755616239702935E+000                  1.1039998524505308E-001                  1.5114157540297755E+001                  6.9964425431288590E-001                  2.8035401653724690E-001                  2.0001729149867198E-002                  0.0000000000000000E+000                  3.5296676352650988E+008                  4.0871962190910585E+007                  7.2126437413134372E-003                  7.1074307554307444E-007                  0.0000000000000000E+000                  1.1383080003502650E+000                  2.5054814425807148E+010                  9.3122764038505490E-007                  1.7870136120765761E-009                 -3.0154720709601972E+000                  2.1855608567028106E+000                  2.4241214840626419E+000                  2.5746364818946326E+000 
                                     727                  1.9409544444007312E+000                 -6.8029090751744514E-002                  6.8784532705291772E+000                  1.2076724304757802E-001                  1.5127402299043181E+001                  6.9963036435491976E-001                  2.8036766123194889E-001                  2.0001974413131340E-002                  0.0000000000000000E+000                  3.5289841244170392E+008                  4.1007993687430084E+007                  7.6566142805727343E-003                  8.4629955923948347E-007                  0.0000000000000000E+000                  1.1294183933390920E+000                  2.5023066128829048E+010                  9.3706918660755611E-007                  1.8441138043152719E-009                 -3.0141141713370003E+000                  2.1900864655898364E+000                  2.4286470929496673E+000                  2.5791620907816579E+000 
                                     728                  1.9285259014637637E+000                 -7.1135118311628748E-002                  6.8813546168068180E+000                  1.3113718909908212E-001                  1.5140659612720103E+001                  6.9961616057649467E-001                  2.8038158477024461E-001                  2.0002254653260776E-002                  0.0000000000000000E+000                  3.5283119380502778E+008                  4.1144935352071583E+007                  8.1296432059466354E-003                  1.0078170743663316E-006                  0.0000000000000000E+000                  1.1205842829547270E+000                  2.4991991419895729E+010                  9.4287250537612679E-007                  1.9019572967324024E-009                 -3.0127735141589147E+000                  2.1946379528473057E+000                  2.4331985802071370E+000                  2.5837135780391276E+000 
                                     729                  1.9159818641075390E+000                 -7.4262657170317950E-002                  6.8842658213205112E+000                  1.4150987782212318E-001                  1.5153929693701171E+001                  6.9960163701562994E-001                  2.8039578804487930E-001                  2.0002574939490758E-002                  0.0000000000000000E+000                  3.5276510766504455E+008                  4.1282800732341945E+007                  8.6337253634483184E-003                  1.2002840003546560E-006                  0.0000000000000000E+000                  1.1118051858578297E+000                  2.4961595624861431E+010                  9.4863556364100283E-007                  1.9614619572805821E-009                 -3.0114502990010825E+000                  2.1992158191235709E+000                  2.4377764464834017E+000                  2.5882914443153924E+000 
                                     730                  1.9033219220722104E+000                 -7.7412144199369190E-002                  6.8871870487339635E+000                  1.5188537328797611E-001                  1.5167212767345589E+001                  6.9958677914345302E-001                  2.8041027985837985E-001                  2.0002940998167129E-002                  0.0000000000000000E+000                  3.5270015293703347E+008                  4.1421603678829797E+007                  9.1709714384106203E-003                  1.4296482304532051E-006                  0.0000000000000000E+000                  1.1030805728647362E+000                  2.4931883929101608E+010                  9.5435658389836470E-007                  2.0238271757123853E-009                 -3.0101446630229272E+000                  2.2038205805550342E+000                  2.4423812079148655E+000                  2.5928962057468556E+000 
                                     731                  1.8905456817656059E+000                 -8.0584030571593815E-002                  6.8901184699735740E+000                  1.6226375016653050E-001                  1.5180509072515315E+001                  6.9957156225481920E-001                  2.8042507836055791E-001                  2.0003359384622943E-002                  0.0000000000000000E+000                  3.5263632651260567E+008                  4.1561358331911087E+007                  9.7436169257681202E-003                  1.7030008281035971E-006                  0.0000000000000000E+000                  1.0944098692800077E+000                  2.4902861332819256E+010                  9.6003402806434772E-007                  2.0905142342737718E-009                 -3.0088566866371589E+000                  2.2084527690776601E+000                  2.4470133964374914E+000                  2.5975283942694820E+000 
                                     732                  1.8776527669205334E+000                 -8.3778782331807938E-002                  6.8930602623574826E+000                  1.7264509455687041E-001                  1.5193818862131474E+001                  6.9955595031169759E-001                  2.8044021202489700E-001                  2.0003837663405410E-002                  0.0000000000000000E+000                  3.5257362241962594E+008                  4.1702079114782371E+007                  1.0354036602409541E-002                  2.0287941912660172E-006                  0.0000000000000000E+000                  1.0857924554793410E+000                  2.4874532612412941E+010                  9.6566654756184967E-007                  2.1631933076138849E-009                 -3.0075864065407778E+000                  2.2131129328432904E+000                  2.4516735602031217E+000                  2.6021885580351123E+000 
                                     733                  1.8646428192468707E+000                 -8.6996881000222043E-002                  6.8960126097380163E+000                  1.8302950462222814E-001                  1.5207142403769737E+001                  6.9953989539986328E-001                  2.8045572019789455E-001                  2.0004384402242170E-002                  0.0000000000000000E+000                  3.5251203167214596E+008                  4.1843780735957153E+007                  1.1004765484733815E-002                  2.4171013127139715E-006                  0.0000000000000000E+000                  1.0772276677480950E+000                  2.4846902292070045E+010                  9.7125290272609566E-007                  2.2436604815455148E-009                 -3.0063338351194311E+000                  2.2178016367542130E+000                  2.4563622641140439E+000                  2.6068772619460345E+000 
                                     734                  1.8515154991065688E+000                 -9.0238824204904255E-002                  6.8989757026548197E+000                  1.9341709101879317E-001                  1.5220479980277204E+001                  6.9952333788685028E-001                  2.8047165263616552E-001                  2.0005009476984137E-002                  0.0000000000000000E+000                  3.5245154230914015E+008                  4.1986478202757709E+007                  1.1698526528615718E-002                  2.8799225871388499E-006                  0.0000000000000000E+000                  1.0687147994342594E+000                  2.4819974627346004E+010                  9.7679187692058874E-007                  2.3337502095854816E-009                 -3.0050989803379098E+000                  2.2225194631327074E+000                  2.4610800904925387E+000                  2.6115950883245294E+000 
                                     735                  1.8382704862212091E+000                 -9.3505126344817863E-002                  6.9019497386281143E+000                  2.0380797696034797E-001                  1.5233831890415374E+001                  6.9950620727030155E-001                  2.8048806861563907E-001                  2.0005724114059431E-002                  0.0000000000000000E+000                  3.5239213966665399E+008                  4.2130186853703834E+007                  1.2438264495763334E-002                  3.4315494310594244E-006                  0.0000000000000000E+000                  1.0602531951914591E+000                  2.4793753604915737E+010                  9.8228211764193338E-007                  2.4352309719740753E-009                 -3.0038818810867243E+000                  2.2272670125730372E+000                  2.4658276399328685E+000                  2.6163426377648591E+000 
                                     736                  1.8249074803997789E+000                 -9.6796319291694133E-002                  6.9049349240426094E+000                  2.1420229650214787E-001                  1.5247198449538782E+001                  6.9948842360175878E-001                  2.8050503525525827E-001                  2.0006541142982948E-002                  0.0000000000000000E+000                  3.5233380741102141E+008                  4.2274922475773975E+007                  1.3227184843846673E-002                  4.0889937116485747E-006                  0.0000000000000000E+000                  1.0518432904804595E+000                  2.4768243003406559E+010                  9.8772136261744030E-007                  2.5497239436944814E-009                 -3.0026827765648503E+000                  2.2320449053602522E+000                  2.4706055327200835E+000                  2.6211205305520742E+000 
                                     737                  1.8114262022868763E+000                 -1.0011295314744650E-001                  6.9079314770480167E+000                  2.2460019169043940E-001                  1.5260579990313348E+001                  6.9946989927942538E-001                  2.8052262544713491E-001                  2.0007475273439712E-002                  0.0000000000000000E+000                  3.5227652897468299E+008                  4.2420701481425576E+007                  1.4068795855657830E-002                  4.8724941577988429E-006                  0.0000000000000000E+000                  1.0434862388504025E+000                  2.4743446534968601E+010                  9.9310590537745630E-007                  2.6786429815384073E-009                 -3.0015022178124671E+000                  2.2368537836710698E+000                  2.4754144110309007E+000                  2.6259294088628913E+000 
                                     738                  1.7978263941338408E+000                 -1.0345559706944907E-001                  6.9109396289859113E+000                  2.3500181124853009E-001                  1.5273976863488310E+001                  6.9945054095634929E-001                  2.8054091582574553E-001                  2.0008543217905128E-002                  0.0000000000000000E+000                  3.5222028748482257E+008                  4.2567541023205861E+007                  1.4966951875128474E-002                  5.8061123896937506E-006                  0.0000000000000000E+000                  1.0351831778563503E+000                  2.4719367971365398E+010                  9.9843117754602598E-007                  2.8231642550877908E-009                 -3.0003409329690522E+000                  2.2416943138001244E+000                  2.4802549411599553E+000                  2.6307699389919463E+000 
                                     739                  1.7841078205746732E+000                 -1.0682484016124548E-001                  6.9139596247982480E+000                  2.4540731044145114E-001                  1.5287389438735927E+001                  6.9943025130167280E-001                  2.8055998458977000E-001                  2.0009764108557260E-002                  0.0000000000000000E+000                  3.5216506602320182E+008                  4.2715459054663189E+007                  1.5925896233466248E-002                  6.9184301704685851E-006                  0.0000000000000000E+000                  1.0269352188354992E+000                  2.4696011191250664E+010                  1.0036922109127419E-006                  2.9842443117433216E-009                 -2.9991997230754150E+000                  2.2465671878296702E+000                  2.4851278151895011E+000                  2.6356428130214917E+000 
                                     740                  1.7702702694070167E+000                 -1.1022129242410067E-001                  6.9169917234474187E+000                  2.5581685108787450E-001                  1.5300818105541483E+001                  6.9940893039148000E-001                  2.8057990991706511E-001                  2.0011159691454949E-002                  0.0000000000000000E+000                  3.5211084801898992E+008                  4.2864474387005709E+007                  1.6950303323721796E-002                  8.2433643995705519E-006                  0.0000000000000000E+000                  1.0187434479334458E+000                  2.4673380189494541E+010                  1.0088836776513109E-006                  3.1626591003439976E-009                 -2.9980794520977829E+000                  2.2514731250473905E+000                  2.4900337524072218E+000                  2.6405487502392124E+000 
                                     741                  1.7563135524228575E+000                 -1.1364558576167930E-001                  6.9200361983681242E+000                  2.6623060176893643E-001                  1.5314263274136785E+001                  6.9938647657945086E-001                  2.8060076869733203E-001                  2.0012754723217174E-002                  0.0000000000000000E+000                  3.5205761749848646E+008                  4.3014606739323981E+007                  1.8045320095114264E-002                  9.8211130387451729E-006                  0.0000000000000000E+000                  1.0106089303466104E+000                  2.4651479075872704E+010                  1.0139999567890931E-006                  3.3590781211751596E-009                 -2.9969810317549204E+000                  2.2564128733489390E+000                  2.4949735007087703E+000                  2.6454884985407610E+000 
                                     742                  1.7422375062688533E+000                 -1.1709837504587690E-001                  6.9230933379603519E+000                  2.7664873825367292E-001                  1.5327725376494138E+001                  6.9936278678313868E-001                  2.8062263581511504E-001                  2.0014577401746281E-002                  0.0000000000000000E+000                  3.5200535924857670E+008                  4.3165876781540513E+007                  1.9216608129870763E-002                  1.1699247124762779E-005                  0.0000000000000000E+000                  1.0025327141597267E+000                  2.4630312061328697E+010                  1.0190352076872341E-006                  3.5741474584092696E-009                 -2.9959054054255700E+000                  2.2613872106215402E+000                  2.4999478379813715E+000                  2.6504628358133622E+000 
                                     743                  1.7280419933338511E+000                 -1.2058033924765728E-001                  6.9261634461250701E+000                  2.8707144412814306E-001                  1.5341204867387061E+001                  6.9933775620585981E-001                  2.8064558410698448E-001                  2.0016659687155713E-002                  0.0000000000000000E+000                  3.5195405921361423E+008                  4.3318306169476844E+007                  2.0470388169952163E-002                  1.3933963921640293E-005                  0.0000000000000000E+000                  9.9451583369417595E-001                  2.4609883432106453E+010                  1.0239834410981385E-006                  3.8085699755273171E-009                 -2.9948535331536541E+000                  2.2663969461065001E+000                  2.5049575734663314E+000                  2.6554725712983216E+000 
                                     744                  1.7137269026651198E+000                 -1.2409218263620179E-001                  6.9292468428442122E+000                  2.9749891161714442E-001                  1.5354702225523479E+001                  6.9931127757980438E-001                  2.8066968460293173E-001                  2.0019037817263885E-002                  0.0000000000000000E+000                  3.5190370460276008E+008                  4.3471917577087246E+007                  2.1813489378249042E-002                  1.6591509150328497E-005                  0.0000000000000000E+000                  9.8655931241972472E-001                  2.4590197512631531E+010                  1.0288385894977503E-006                  4.0631841137725387E-009                 -2.9938263773364682E+000                  2.2714429217676573E+000                  2.5100035491274881E+000                  2.6605185469594788E+000 
                                     745                  1.6992921509119279E+000                 -1.2763463605080494E-001                  6.9323438648081561E+000                  3.0793134257249755E-001                  1.5368217954763610E+001                  6.9928324005563214E-001                  2.8069500717896284E-001                  2.0021752765404965E-002                  0.0000000000000000E+000                  3.5185428296712488E+008                  4.3626734727946438E+007                  2.3253405718464966E-002                  1.9749775017139099E-005                  0.0000000000000000E+000                  9.7866416548921187E-001                  2.4571258618478588E+010                  1.0335945556827581E-006                  4.3390203502092129E-009                 -2.9928248934647250E+000                  2.2765260137069552E+000                  2.5150866410667860E+000                  2.6656016388987767E+000 
                                     746                  1.6847376832850540E+000                 -1.3120845825305136E-001                  6.9354548660914634E+000                  3.1836894956992612E-001                  1.5381752585422980E+001                  6.9925352787756689E-001                  2.8072162131199091E-001                  2.0024850810442141E-002                  0.0000000000000000E+000                  3.5180578174758875E+008                  4.3782782424060479E+007                  2.4798361656503676E-002                  2.3500066994785565E-005                  0.0000000000000000E+000                  9.7083140194522688E-001                  2.4553071001890038E+010                  1.0382452469499795E-006                  4.6373430038413843E-009                 -2.9918500241991555E+000                  2.2816471336371302E+000                  2.5202077609969615E+000                  2.6707227588289522E+000 
                                     747                  1.6700634745567213E+000                 -1.3481443735894985E-001                  6.9385802188769157E+000                  3.2881195705700500E-001                  1.5395306675657045E+001                  6.9922201897447567E-001                  2.8074959705299873E-001                  2.0028383972525599E-002                  0.0000000000000000E+000                  3.5175818794220603E+008                  4.3940086576392017E+007                  2.6457389002610087E-002                  2.7949023362930730E-005                  0.0000000000000000E+000                  9.6306202664985563E-001                  2.4535638792796902E+010                  1.0427845842312620E-006                  4.9596668757320039E-009                 -2.9909026988749763E+000                  2.2868072304219540E+000                  2.5253678577817853E+000                  2.6758828556137759E+000 
                                     748                  1.6552695300997826E+000                 -1.3845339235785745E-001                  6.9417203142312829E+000                  3.3926060254146467E-001                  1.5408880812937317E+001                  6.9918858357259384E-001                  2.8077900582846577E-001                  2.0032410598940453E-002                  0.0000000000000000E+000                  3.5171148779076374E+008                  4.4098674238567665E+007                  2.8240416272560125E-002                  3.3220640424657970E-005                  0.0000000000000000E+000                  9.5535704200020688E-001                  2.4518965937022640E+010                  1.0472065026168502E-006                  5.3077652668217599E-009                 -2.9899838348511443E+000                  2.2920072917205090E+000                  2.5305679190803403E+000                  2.6810829169123309E+000 
                                     749                  1.6403558869626775E+000                 -1.4212617472640077E-001                  6.9448755629364367E+000                  3.4971513778424473E-001                  1.5422475615628983E+001                  6.9915308291421163E-001                  2.8080992124638082E-001                  2.0036995839407545E-002                  0.0000000000000000E+000                  3.5166566667373472E+008                  4.4258573644978538E+007                  3.0158371533172919E-002                  3.9458332451770541E-005                  0.0000000000000000E+000                  9.4771744946152603E-001                  2.4503056132963394E+010                  1.0515049314169585E-006                  5.6836577302498973E-009                 -2.9890943430950347E+000                  2.2972483457563944E+000                  2.5358089731162257E+000                  2.6863239709482163E+000 
                                     750                  1.6253226149817341E+000                 -1.4583367014533080E-001                  6.9480463963792713E+000                  3.6017582998613584E-001                  1.5436091734678064E+001                  6.9911536813694319E-001                  2.8084241971247625E-001                  2.0042212150580552E-002                  0.0000000000000000E+000                  3.5162070901016843E+008                  4.4419814256533049E+007                  3.2223299446345270E-002                  4.6826900671760740E-005                  0.0000000000000000E+000                  9.4014425095966292E-001                  2.4487912767921124E+010                  1.0556737681149668E-006                  6.0895919474421781E-009                 -2.9882351349336935E+000                  2.3025314632404799E+000                  2.5410920906003107E+000                  2.6916070884323013E+000 
                                     751                  1.6101698179320947E+000                 -1.4957680032826731E-001                  6.9512332675814683E+000                  3.7064296285758747E-001                  1.5449729855413585E+001                  6.9907527935815406E-001                  2.8087658108729086E-001                  2.0048139554555089E-002                  0.0000000000000000E+000                  3.5157659842042369E+008                  4.4582426819220752E+007                  3.4448493220601235E-002                  5.5514234504141573E-005                  0.0000000000000000E+000                  9.3263849676436250E-001                  2.4473538857219742E+010                  1.0597067983543635E-006                  6.5280098395597312E-009                 -2.9874071397595587E+000                  2.3078577594958261E+000                  2.5464183868556574E+000                  2.6969333846876480E+000 
                                     752                  1.5948976347265122E+000                 -1.5335652497114333E-001                  6.9544366556228558E+000                  3.8111683426080151E-001                  1.5463390699475337E+001                  6.9903264500617524E-001                  2.8091248911429167E-001                  2.0054865879533090E-002                  0.0000000000000000E+000                  3.5153331761760348E+008                  4.4746443605576515E+007                  3.6848643785645049E-002                  6.5732474922056773E-005                  0.0000000000000000E+000                  9.2520320375348075E-001                  2.4459937082757278E+010                  1.0635960138239974E-006                  7.0015114650558504E-009                 -2.9866116494994404E+000                  2.3132283976392283E+000                  2.5517890249990591E+000                  2.7023040228310498E+000 
                                     753                  1.5795062406559286E+000                 -1.5717384386551367E-001                  6.9576570746692941E+000                  3.9159774914752316E-001                  1.5477075026887938E+001                  6.9898728145175393E-001                  2.8095023185866214E-001                  2.0062486689583992E-002                  0.0000000000000000E+000                  3.5149084934178084E+008                  4.4911898905912571E+007                  3.9440008710285683E-002                  7.7718278632347762E-005                  0.0000000000000000E+000                  9.1784399172788733E-001                  2.4447110055826630E+010                  1.0673292413763721E-006                  7.5128002553185902E-009                 -2.9858507960718139E+000                  2.3186445939884170E+000                  2.5572052213482483E+000                  2.7077202191802390E+000 
                                     754                  1.5639958486675418E+000                 -1.6102979923422589E-001                  6.9608950801384566E+000                  4.0208601546069744E-001                  1.5490783638303045E+001                  6.9893899301509177E-001                  2.8098990210226671E-001                  2.0071104882641522E-002                  0.0000000000000000E+000                  3.5144917716658229E+008                  4.5078829388327263E+007                  4.2240599904317382E-002                  9.1731648338703003E-005                  0.0000000000000000E+000                  9.1056657710325706E-001                  2.4435060616725510E+010                  1.0708913813393307E-006                  8.0646128978821385E-009                 -2.9851272883362623E+000                  2.3241076241916687E+000                  2.5626682515515000E+000                  2.7131832493834906E+000 
                                     755                  1.5483667106885146E+000                 -1.6492547828087059E-001                  6.9641512703929198E+000                  4.1258194462929187E-001                  1.5504517377426623E+001                  6.9888757245407807E-001                  2.8103159772937791E-001                  2.0080829816544021E-002                  0.0000000000000000E+000                  3.5140828595690352E+008                  4.5247274241803832E+007                  4.5270390410131839E-002                  1.0805261503872329E-004                  0.0000000000000000E+000                  9.0337659962231209E-001                  2.4423791913458683E+010                  1.0742664997572334E-006                  8.6596251107652071E-009                 -2.9844439836121204E+000                  2.3296188278055197E+000                  2.5681794551653510E+000                  2.7186944529973416E+000 
                                     756                  1.5326191189978573E+000                 -1.6886201593043715E-001                  6.9674262882739626E+000                  4.2308585218461275E-001                  1.5518277133648896E+001                  6.9883280207381548E-001                  2.8107542213654779E-001                  2.0091775789636723E-002                  0.0000000000000000E+000                  3.5136816247393453E+008                  4.5417275327290155E+007                  4.8551543720446309E-002                  1.2697487072234212E-004                  0.0000000000000000E+000                  8.9627964124921311E-001                  2.4413307345681541E+010                  1.0774378170535417E-006                  9.3003257880943350E-009                 -2.9838038925974435E+000                  2.3351796120022841E+000                  2.5737402393621149E+000                  2.7242552371941056E+000 
                                     757                  1.5167534076473199E+000                 -1.7284059777835178E-001                  6.9707208228229858E+000                  4.3359805809023344E-001                  1.5532063844891034E+001                  6.9877445562971419E-001                  2.8112148459064196E-001                  2.0104059779643801E-002                  0.0000000000000000E+000                  3.5132879595484424E+008                  4.5588877360539190E+007                  5.2108667695749095E-002                  1.4879519372526905E-004                  0.0000000000000000E+000                  8.8928124666799702E-001                  2.4403610510018600E+010                  1.0803874937209086E-006                  9.9888550642239764E-009                 -2.9832102258666149E+000                  2.3407914556413432E+000                  2.5793520830011740E+000                  2.7298670808331651E+000 
                                     758                  1.5007699539461290E+000                 -1.7686246326724106E-001                  6.9740356112078414E+000                  4.4411888668262228E-001                  1.5545878500681022E+001                  6.9871230122889227E-001                  2.8116990077782184E-001                  2.0117797993285835E-002                  0.0000000000000000E+000                  3.5129017958594739E+008                  4.5762128129371248E+007                  5.5969094978205236E-002                  1.7379731430967746E-004                  0.0000000000000000E+000                  8.8238694548610452E-001                  2.4394705159855198E+010                  1.0830963562437845E-006                  1.0726789747927973E-008                 -2.9826664526090911E+000                  2.3464559138436956E+000                  2.5850165412035269E+000                  2.7355315390355175E+000 
                                     759                  1.4846691800200602E+000                 -1.8092890911534276E-001                  6.9773714408792724E+000                  4.5464866617877159E-001                  1.5559722145498579E+001                  6.9864610545456596E-001                  2.8122079324463539E-001                  2.0133101300798595E-002                  0.0000000000000000E+000                  3.5125231195298952E+008                  4.5937078754750468E+007                  6.0163191482772216E-002                  2.0222860651210716E-004                  0.0000000000000000E+000                  8.7560227629629894E-001                  2.4386595182735920E+010                  1.0855435719541763E-006                  1.1514885788692056E-008                 -2.9821763699926249E+000                  2.3521746231405540E+000                  2.5907352505003849E+000                  2.7412502483323755E+000 
                                     760                  1.4684515544042498E+000                 -1.8504129303676692E-001                  6.9807291519843497E+000                  4.6518772765627148E-001                  1.5573595882427528E+001                  6.9857563893944197E-001                  2.8127429196999604E-001                  2.0150069090562051E-002                  0.0000000000000000E+000                  3.5121519867967165E+008                  4.6113784003463060E+007                  6.4724694366083607E-002                  2.3426798508192377E-004                  0.0000000000000000E+000                  8.6893281274490919E-001                  2.4379284598533504E+010                  1.0877062549126541E-006                  1.2352760702965904E-008                 -2.9817441870132892E+000                  2.3579493073095739E+000                  2.5965099346694052E+000                  2.7470249325013958E+000 
                                     761                  1.4521175936900590E+000                 -1.8920103778324687E-001                  6.9841096400617779E+000                  4.7573640341753215E-001                  1.5587500877137614E+001                  6.9850068358732609E-001                  2.8133053498636978E-001                  2.0168781426304072E-002                  0.0000000000000000E+000                  3.5117885506994516E+008                  4.6292302656789288E+007                  6.9691080030295657E-002                  2.6998350150649546E-004                  0.0000000000000000E+000                  8.6238419180152126E-001                  2.4372777582035042E+010                  1.0895590145000430E-006                  1.3238528796294954E-008                 -2.9813746209017906E+000                  2.3637817839708126E+000                  2.6023424113306439E+000                  2.7528574091626345E+000 
                                     762                  1.4356678642333802E+000                 -1.9340963554489340E-001                  6.9875138590493391E+000                  4.8629502469836805E-001                  1.5601438362230123E+001                  6.9842104156206763E-001                  2.8138966907504115E-001                  2.0189289362891216E-002                  0.0000000000000000E+000                  3.5114330936855060E+008                  4.6472697942428470E+007                  7.5103962202364191E-002                  3.0927872054775917E-004                  0.0000000000000000E+000                  8.5596214445243568E-001                  2.4367078511564381E+010                  1.0910734572887501E-006                  1.4168400891720263E-008                 -2.9810730046227767E+000                  2.3696739720199109E+000                  2.6082345993797422E+000                  2.7587495972117329E+000 
                                     763                  1.4191029839267608E+000                 -1.9766865275394938E-001                  6.9909428246379024E+000                  4.9686391873606101E-001                  1.5615409641988094E+001                  6.9833654601386186E-001                  2.8145185056447297E-001                  2.0211603421665170E-002                  0.0000000000000000E+000                  3.5110860625472146E+008                  4.6655038034792580E+007                  8.1009518959953092E-002                  3.5182817093240115E-004                  0.0000000000000000E+000                  8.4967252905568036E-001                  2.4362192042320877E+010                  1.0922176707846274E-006                  1.5136278049803221E-008                 -2.9808454006873766E+000                  2.3756278999839653E+000                  2.6141885273437966E+000                  2.7647035251757872E+000 
                                     764                  1.4024236240409158E+000                 -2.0197973533993130E-001                  6.9943976180083487E+000                  5.0744340530898502E-001                  1.5629416097567486E+001                  6.9824707327139812E-001                  2.8151724612863249E-001                  2.0235680599969386E-002                  0.0000000000000000E+000                  3.5107481102708292E+008                  4.6839396619048446E+007                  8.7458946140127294E-002                  3.9700422821518309E-004                  0.0000000000000000E+000                  8.4352136761997931E-001                  2.4358123198479847E+010                  1.0929557416612367E-006                  1.6133392907212466E-008                 -2.9806987120450339E+000                  2.3816457153329758E+000                  2.6202063426928071E+000                  2.7707213405247977E+000 
                                     765                  1.3856305111630396E+000                 -2.0634461448383062E-001                  6.9978793899971388E+000                  5.1803379299141017E-001                  1.5643459192690527E+001                  6.9815255587009062E-001                  2.8158603387515108E-001                  2.0261410254758250E-002                  0.0000000000000000E+000                  3.5104201417852050E+008                  4.7025853511571191E+007                  9.4508932782571789E-002                  4.4380129116941970E-004                  0.0000000000000000E+000                  8.3751488525553919E-001                  2.4354877471770134E+010                  1.0932473716923566E-006                  1.7148062774701074E-008                 -2.9806407790408906E+000                  2.3877296947181121E+000                  2.6262903220779430E+000                  2.7768053199099336E+000 
                                     766                  1.3687244291951730E+000                 -2.1076511294011002E-001                  7.0013893653595343E+000                  5.2863537599437760E-001                  1.5657540479918969E+001                  6.9805299529771947E-001                  2.8165840439036549E-001                  2.0288600311915039E-002                  0.0000000000000000E+000                  3.5101033620395273E+008                  4.7214495295049734E+007                  1.0222215138784897E-001                  4.9034678062726759E-004                  3.9874875284963923E-055                  8.3165936660685336E-001                  2.4352460893402782E+010                  1.0930479208606998E-006                  1.8165678628263126E-008                 -2.9806803987556361E+000                  2.3938822549645637E+000                  2.6324428823243951E+000                  2.7829578801563857E+000 
                                     767                  1.3517062214166244E+000                 -2.1524315198362887E-001                  7.0049288318079412E+000                  5.3924844806171990E-001                  1.5671661607571403E+001                  6.9794847274545468E-001                  2.8173456192256680E-001                  2.0316965331978576E-002                  0.0000000000000000E+000                  3.5097992945770663E+008                  4.7405415094560765E+007                  1.1066772473617142E-001                  5.3540706861559932E-004                  6.6583907212729761E-055                  8.2595387182352076E-001                  2.4350879588015900E+010                  1.0923170700245686E-006                  1.9169046604705479E-008                 -2.9808256397100683E+000                  2.4001059606737654E+000                  2.6386665880335967E+000                  2.7891815858655873E+000 
                                     768                  1.3345767926258909E+000                 -2.1978075886868079E-001                  7.0084991078954344E+000                  5.4987334049076841E-001                  1.5685824327334002E+001                  6.9783915549194797E-001                  2.8181472555334136E-001                  2.0346118954710724E-002                  0.0000000000000000E+000                  3.5095097554103279E+008                  4.7598711092631586E+007                  1.1992162278682346E-001                  5.7622086219823274E-004                  1.1149488998625732E-054                  8.2038778315349270E-001                  2.4350138168909569E+010                  1.0910315260163387E-006                  2.0139242545961710E-008                 -2.9810813500142079E+000                  2.4064035225876674E+000                  2.6449641499474987E+000                  2.7954791477794894E+000 
                                     769                  1.3173371113661068E+000                 -2.2438007460049478E-001                  7.0121015240766562E+000                  5.6051045018355405E-001                  1.5700030502594858E+001                  6.9772529596498278E-001                  2.8189913097113478E-001                  2.0375573063882380E-002                  0.0000000000000000E+000                  3.5092368224729145E+008                  4.7794485582047038E+007                  1.3006701034781862E-001                  6.0993213493330909E-004                  1.8724901354051158E-054                  8.1494998483238656E-001                  2.4350237768221264E+010                  1.0891801089734809E-006                  2.1057094771843965E-008                 -2.9814501492563488E+000                  2.4127777931165033E+000                  2.6513384204763346E+000                  2.8018534183083252E+000 
                                     770                  1.2999882122378066E+000                 -2.2904336216571516E-001                  7.0157374246638700E+000                  5.7116025120806735E-001                  1.5714282117548953E+001                  6.9760722022463528E-001                  2.8198803171404907E-001                  2.0404748061315647E-002                  0.0000000000000000E+000                  3.5089828030123723E+008                  4.7992844924419060E+007                  1.4119454538291096E-001                  6.3345218203343754E-004                  3.1544688995526917E-054                  8.0962948040273386E-001                  2.4351174820021782E+010                  1.0867551357589488E-006                  2.1905430288282474E-008                 -2.9819341493773952E+000                  2.4192317691206764E+000                  2.6577923964805077E+000                  2.8083073943124983E+000 
                                     771                  1.2825311983105385E+000                 -2.3377301545771395E-001                  7.0194081712716478E+000                  5.8182331098953477E-001                  1.5728581287154583E+001                  6.9748530289322808E-001                  2.8208170085099399E-001                  2.0432996255777880E-002                  0.0000000000000000E+000                  3.5087501617512417E+008                  4.8193899297923468E+007                  1.5340256913015018E-001                  6.4377072727400100E-004                  5.3313680739828646E-054                  8.0441533028824952E-001                  2.4352940157494675E+010                  1.0837547459335158E-006                  2.2671982639421708E-008                 -2.9825344938336569E+000                  2.4257685986364588E+000                  2.6643292259962901E+000                  2.8148442238282807E+000 
                                     772                  1.2649672436332124E+000                 -2.3857156893074755E-001                  7.0231151463119046E+000                  5.9250031342603093E-001                  1.5742930268033785E+001                  6.9735992675837233E-001                  2.8218043266648474E-001                  2.0459640575142934E-002                  0.0000000000000000E+000                  3.5085414024839133E+008                  4.8397762107165344E+007                  1.6679714804908505E-001                  6.3839957941513967E-004                  9.0410904682533567E-054                  7.9929658902225320E-001                  2.4355517774625824E+010                  1.0801864977191882E-006                  2.3352767340118436E-008                 -2.9832506278408264E+000                  2.4323915858814265E+000                  2.6709522132412578E+000                  2.8214672110732484E+000 
                                     773                  1.2472975958399404E+000                 -2.4344170799673742E-001                  7.0268597565560729E+000                  6.0319208876082686E-001                  1.5757331470408475E+001                  6.9723142765857660E-001                  2.8228454443270917E-001                  2.0484027908714175E-002                  0.0000000000000000E+000                  3.5083589065020549E+008                  4.8604549059412174E+007                  1.8149192792165886E-001                  6.1591663700213040E-004                  1.5386417174639329E-053                  7.9426224192274519E-001                  2.4358883198282867E+010                  1.0760709441492502E-006                  2.3955409992090095E-008                 -2.9840795475890598E+000                  2.4391041940750418E+000                  2.6776648214348726E+000                  2.8281798192668632E+000 
                                     774                  1.2295235788624532E+000                 -2.4838628017813422E-001                  7.0306434367805357E+000                  6.1389964865451963E-001                  1.5771787471163853E+001                  6.9710002880892519E-001                  2.8239437832835429E-001                  2.0505592862720468E-002                  0.0000000000000000E+000                  3.5082047348029292E+008                  4.8814376990066811E+007                  1.9760776129817881E-001                  5.7652704428253550E-004                  2.6281766506226836E-053                  7.8930114160274667E-001                  2.4363001523904335E+010                  1.0714444198828619E-006                  2.4501660147504277E-008                 -2.9850151763167863E+000                  2.4459100465659946E+000                  2.6844706739258255E+000                  2.8349856717578161E+000 
                                     775                  1.2116465957552849E+000                 -2.5340830705206080E-001                  7.0344676535160202E+000                  6.2462422332394740E-001                  1.5786301028140885E+001                  6.9696577268395798E-001                  2.8251030383671771E-001                  2.0523923479324302E-002                  0.0000000000000000E+000                  3.5080804248490202E+008                  4.9027362611182168E+007                  2.1527207654223862E-001                  5.2250279706943291E-004                  4.5064962046657892E-053                  7.8440194535490504E-001                  2.4367825249438152E+010                  1.0663601399144125E-006                  2.5028199662599019E-008                 -2.9860480485163192E+000                  2.4528129275221224E+000                  2.6913735548819537E+000                  2.8418885527139444E+000 
                                     776                  1.1936681316403102E+000                 -2.5851099706289787E-001                  7.0383339089303076E+000                  6.3536729657453239E-001                  1.5800875095774153E+001                  6.9682846113098251E-001                  2.8263272195995154E-001                  2.0538816909065893E-002                  0.0000000000000000E+000                  3.5079868098019731E+008                  4.9243621425536208E+007                  2.3461797115622787E-001                  4.5832213163219955E-004                  7.7581720237907430E-053                  7.7955305491658933E-001                  2.4373292111931259E+010                  1.0608869588537317E-006                  2.5585105707328876E-008                 -2.9871654446004516E+000                  2.4598167841492908E+000                  2.6983774115091217E+000                  2.8488924093411123E+000 
                                     777                  1.1755897567743696E+000                 -2.6369775934324236E-001                  7.0422437448941926E+000                  6.4613062802551458E-001                  1.5815512842215693E+001                  6.9668763270346690E-001                  2.8276206054505332E-001                  2.0550306751479841E-002                  0.0000000000000000E+000                  3.5079239484753311E+008                  4.9463267426482350E+007                  2.5578304400374269E-001                  3.9040831583310172E-004                  1.3411767928490024E-052                  7.7474256319139456E-001                  2.4379323340183640E+010                  1.0551021324340207E-006                  2.6228334794059453E-008                 -2.9883527496117361E+000                  2.4669257343660722E+000                  2.7054863617259035E+000                  2.8560013595578941E+000 
                                     778                  1.1574131297436809E+000                 -2.6897221883626887E-001                  7.0461987472924976E+000                  6.5691627085634219E-001                  1.5830217668122682E+001                  6.9654255274659460E-001                  2.8289878492882942E-001                  2.0558662324575927E-002                  0.0000000000000000E+000                  3.5078911027843755E+008                  4.9686413141441688E+007                  2.7890798921795756E-001                  3.2627937705849490E-004                  2.3285796761408698E-052                  7.6995820406585336E-001                  2.4385822365411335E+010                  1.0490883667036438E-006                  2.7016514563779446E-008                 -2.9895939644087308E+000                  2.4741440808981046E+000                  2.7127047082579359E+000                  2.8632197060899265E+000 
                                     779                  1.1391400008062866E+000                 -2.7433823294857568E-001                  7.0502005506590653E+000                  6.6772657245217815E-001                  1.5844993227324839E+001                  6.9639225122725068E-001                  2.8304340667267297E-001                  2.0564342100076294E-002                  0.0000000000000000E+000                  3.5078868574577540E+008                  4.9913170766952522E+007                  3.0413504544486414E-001                  2.7336111181758396E-004                  4.0611500903863205E-052                  7.6518731169676635E-001                  2.4392674106692562E+010                  1.0429237101564466E-006                  2.8000604662631208E-008                 -2.9908737295210885E+000                  2.4814763331880787E+000                  2.7200369605479100E+000                  2.8705519583799006E+000 
                                     780                  1.1207722153858861E+000                 -2.7979991016676409E-001                  7.0542508534052528E+000                  6.7856414704960410E-001                  1.5859843449658822E+001                  6.9623561249434573E-001                  2.8319647295481337E-001                  2.0567914550840838E-002                  0.0000000000000000E+000                  3.5079094039218217E+008                  5.0143655062692791E+007                  3.3160650573809897E-001                  2.3775731173909874E-004                  7.1160193649852625E-052                  7.6042069513917954E-001                  2.4399745464456711E+010                  1.0366650260560170E-006                  2.9212970682293270E-008                 -2.9921807765001338E+000                  2.4889272435030851E+000                  2.7274878708629164E+000                  2.8780028686949071E+000 
                                     781                  1.1023117177243742E+000                 -2.8536163128459580E-001                  7.0583514706832231E+000                  6.8943180873212229E-001                  1.5874772566352577E+001                  6.9607147437125327E-001                  2.8335855415039390E-001                  2.0569971478352822E-002                  0.0000000000000000E+000                  3.5079569066886187E+008                  5.0377988724656388E+007                  3.6146353112826118E-001                  2.2320758935035002E-004                  1.2529624894844201E-051                  7.5566246826398864E-001                  2.4406887612038292E+010                  1.0303244504439493E-006                  3.0664992859936410E-008                 -2.9935129969439047E+000                  2.4965018634796370E+000                  2.7350624908394678E+000                  2.8855774886714585E+000 
                                     782                  1.0837605547031586E+000                 -2.9102807415386123E-001                  7.0614662014465432E+000                  6.9764252629086032E-001                  1.5886067139285716E+001                  6.9594231563703168E-001                  2.8348687336319717E-001                  2.0570810999771094E-002                  0.0000000000000000E+000                  3.5079985464085001E+008                  5.0556631394026503E+007                  3.8557369923322538E-001                  2.2823534858585500E-004                  1.9231363916359707E-051                  7.5211204872581117E-001                  2.4413213006743465E+010                  1.0236535480684109E-006                  3.2146939354120944E-008                 -2.9949235019637634E+000                  2.5042062735911408E+000                  2.7427669009509716E+000                  2.8932818987829623E+000 
                                     783                  1.0744516423795372E+000                 -2.9390188760107011E-001                  7.0646010324267055E+000                  7.0579557432013340E-001                  1.5897323420058761E+001                  6.9580849967154357E-001                  2.8362018740610945E-001                  2.0571312922347040E-002                  0.0000000000000000E+000                  3.5080711669055825E+008                  5.0736997427357636E+007                  4.1102654193141147E-001                  2.4430108824423645E-004                  2.9556083377990294E-051                  7.4855657995054437E-001                  2.4416661935662792E+010                  1.0208544888179390E-006                  3.3555808012967847E-008                 -2.9955180786171973E+000                  2.5081080967532650E+000                  2.7466687241130958E+000                  2.8971837219450864E+000 
                                     784                  1.0557685536293697E+000                 -2.9973490484588222E-001                  7.0688365590671376E+000                  7.1675183127938991E-001                  1.5912470525761224E+001                  6.9562034691199648E-001                  2.8380805875384940E-001                  2.0571594334154120E-002                  0.0000000000000000E+000                  3.5081740023056632E+008                  5.0981574663612098E+007                  4.4745672188177993E-001                  2.8658279180833636E-004                  5.2729166185559321E-051                  7.4385158542221219E-001                  2.4423974679619148E+010                  1.0139674035789811E-006                  3.5370719862123957E-008                 -2.9969880031094882E+000                  2.5160159182384318E+000                  2.7545765455982631E+000                  2.9050915434302538E+000 
                                     785                  1.0370003924499065E+000                 -3.0568583387301002E-001                  7.0731302542177081E+000                  7.2774923455795537E-001                  1.5927714153833195E+001                  6.9542073393498305E-001                  2.8400760533773450E-001                  2.0571660727282448E-002                  0.0000000000000000E+000                  3.5082975398271483E+008                  5.1230543580298305E+007                  4.8675800579322204E-001                  3.5092075519382881E-004                  9.4608594705399359E-051                  7.3918171900889507E-001                  2.4430001957325962E+010                  1.0070814554743834E-006                  3.7629767692500159E-008                 -2.9984677005561764E+000                  2.5240690293351227E+000                  2.7626296566949540E+000                  2.9131446545269446E+000 
                                     786                  1.0181495976750583E+000                 -3.1176064289291006E-001                  7.0774848765196667E+000                  7.3879135322920331E-001                  1.5943060301954860E+001                  6.9520856716450141E-001                  2.8421980593885654E-001                  2.0571626896642048E-002                  0.0000000000000000E+000                  3.5084413196955663E+008                  5.1484098359387316E+007                  5.2907255991103741E-001                  4.3879901073116701E-004                  1.7077113786214233E-050                  7.3455554774632259E-001                  2.4435265334854351E+010                  9.9994647662082007E-007                  4.0106479666534884E-008                 -3.0000116227651628E+000                  2.5322738577955346E+000                  2.7708344851553655E+000                  2.9213494829873561E+000 
                                     787                  9.9921873033385944E-001                 -3.1796575828562323E-001                  7.0819034563437713E+000                  7.4988200302835128E-001                  1.5958515480153565E+001                  6.9498270940811113E-001                  2.8444574378967807E-001                  2.0571546802210738E-002                  0.0000000000000000E+000                  3.5086050857077193E+008                  5.1742452652196474E+007                  5.7455071671425872E-001                  5.5386082297767623E-004                  3.1020164693572092E-050                  7.2998218726949393E-001                  2.4439532952983845E+010                  9.9252782182913074E-007                  4.2807854749537663E-008                 -3.0016286552811553E+000                  2.5406380886943922E+000                  2.7791987160542231E+000                  2.9297137138862137E+000 
                                     788                  9.8021047861699706E-001                 -3.2430811397805132E-001                  7.0863893247995025E+000                  7.6102529190592916E-001                  1.5974086768035574E+001                  6.9474193111020699E-001                  2.8468662878571682E-001                  2.0571440104076189E-002                  0.0000000000000000E+000                  3.5087886805142927E+008                  5.2005840792310305E+007                  6.2335796195706739E-001                  7.0243510251834652E-004                  5.6725130342035266E-050                  7.2547138708323844E-001                  2.4442549141824699E+010                  9.8479688748883257E-007                  4.5750902969592082E-008                 -3.0033266663445035E+000                  2.5491700478952719E+000                  2.7877306752551032E+000                  2.9382456730870938E+000 
                                     789                  9.6112766310245568E-001                 -3.3079520741328450E-001                  7.0915150065502965E+000                  7.7359601021564051E-001                  1.5991713267578724E+001                  6.9445203183084492E-001                  2.8497667442327451E-001                  2.0571293745880626E-002                  0.0000000000000000E+000                  3.5090260609924155E+008                  5.2308143734307535E+007                  6.8237668738718338E-001                  9.2105040732806556E-004                  1.1271231682787236E-049                  7.2048016636997425E-001                  2.4444434092200344E+010                  9.7693322861857351E-007                  4.9166124008956518E-008                 -3.0050675592017555E+000                  2.5578783427437903E+000                  2.7964389701036212E+000                  2.9469539679356118E+000 
                                     790                  9.3717169285397650E-001                 -3.3912141386779054E-001                  7.0955878606025315E+000                  7.8353920374332431E-001                  1.6005670090058995E+001                  6.9420946052672805E-001                  2.8521938303313665E-001                  2.0571156440135296E-002                  0.0000000000000000E+000                  3.5092053845734316E+008                  5.2549357907806121E+007                  7.3192562731280575E-001                  1.1416027634982438E-003                  1.9412374804197281E-049                  7.1668515920965170E-001                  2.4442575930774975E+010                  9.6538868578330667E-007                  5.2650212541563809E-008                 -3.0076488976782150E+000                  2.5690307690409564E+000                  2.8075913964007877E+000                  2.9581063942327783E+000 
                                     791                  9.2756023080992234E-001                 -3.4252173028088789E-001                  7.0991043405806931E+000                  7.9198033429284476E-001                  1.6017574758736046E+001                  6.9399165304714117E-001                  2.8543732319172793E-001                  2.0571023761130958E-002                  0.0000000000000000E+000                  3.5093959949220228E+008                  5.2758349442067668E+007                  7.7642538655319771E-001                  1.3730246400674615E-003                  3.0981597411945760E-049                  7.1347762876309895E-001                  2.4441103830388725E+010                  9.6214402291469573E-007                  5.5732210041831794E-008                 -3.0083799568732617E+000                  2.5735766478473812E+000                  2.8121372752072125E+000                  2.9626522730392026E+000 
                                     792                  9.0828816012661251E-001                 -3.4945087846651229E-001                  7.1038783640723580E+000                  8.0336381004766888E-001                  1.6033656208043372E+001                  6.9368162287591573E-001                  2.8574756206904772E-001                  2.0570815055036551E-002                  0.0000000000000000E+000                  3.5096532699480140E+008                  5.3043117701854400E+007                  8.3972820490314548E-001                  1.7626093325854163E-003                  5.8317580191654889E-049                  7.0929964181805638E-001                  2.4437467613222488E+010                  9.5255736618819804E-007                  5.9390934246862615E-008                 -3.0105544300997829E+000                  2.5828238004358255E+000                  2.8213844277956568E+000                  2.9718994256276474E+000 
                                     793                  8.8895338409159563E-001                 -3.5655910115799300E-001                  7.1087406944543456E+000                  8.1482495736819327E-001                  1.6049897495181643E+001                  6.9334868924318105E-001                  2.8608074512780135E-001                  2.0570565629017601E-002                  0.0000000000000000E+000                  3.5099297795070028E+008                  5.3334382479834169E+007                  9.0767280263037298E-001                  2.2708205756094700E-003                  1.1076063576808072E-048                  7.0522000666881168E-001                  2.4430064602865379E+010                  9.4302647641907328E-007                  6.3894331782398721E-008                 -3.0127380569180344E+000                  2.5922901951063042E+000                  2.8308508224661355E+000                  2.9813658202981261E+000 
                                     794                  8.6955943256770563E-001                 -3.6385762085296985E-001                  7.1136969628842701E+000                  8.2637087195184078E-001                  1.6066310604331175E+001                  6.9299035219429717E-001                  2.8643938143771225E-001                  2.0570266367990531E-002                  0.0000000000000000E+000                  3.5102245151578116E+008                  5.3632529781118616E+007                  9.8073434703578188E-001                  2.9367790659960325E-003                  2.1238673335119381E-048                  7.0122474736853191E-001                  2.4419242620808170E+010                  9.3320637028354581E-007                  6.8884617269338344E-008                 -3.0150111526365548E+000                  2.6019884819383576E+000                  2.8405491092981889E+000                  2.9910641071301796E+000 
                                     795                  8.5011000384981183E-001                 -3.7135874388179330E-001                  7.1187532283612764E+000                  8.3800958604422271E-001                  1.6082908787480161E+001                  6.9260380542066802E-001                  2.8682628840738622E-001                  2.0569906171945762E-002                  0.0000000000000000E+000                  3.5105360637685412E+008                  5.3937974822627574E+007                  1.0594935557465919E+000                  3.8136902233515011E-003                  4.1144418499780341E-048                  6.9729859002310679E-001                  2.4404434506857464E+010                  9.2319893124139141E-007                  7.4421410993265357E-008                 -3.0173523534786142E+000                  2.6119334464475603E+000                  2.8504940738073912E+000                  3.0010090716393818E+000 
                                     796                  8.3060897223014485E-001                 -3.7907600230866445E-001                  7.1239160320897259E+000                  8.4975029446748684E-001                  1.6099706743871522E+001                  6.9218563384261267E-001                  2.8724489665952280E-001                  2.0569469497864534E-002                  0.0000000000000000E+000                  3.5108618382116014E+008                  5.4251160106718734E+007                  1.1446564989865986E+000                  4.9744333706465858E-003                  8.0583390735336789E-048                  6.9342463846282332E-001                  2.4384987620662411E+010                  9.1317505208075678E-007                  8.0622754489224169E-008                 -3.0197229809669759E+000                  2.6221412502981991E+000                  2.8607018776580300E+000                  3.0112168754900206E+000 
                                     797                  8.1106039601049573E-001                 -3.8702431815936134E-001                  7.1291924566409843E+000                  8.6160508532432944E-001                  1.6116720831408795E+001                  6.9172711107577134E-001                  2.8770400229501525E-001                  2.0568886629213412E-002                  0.0000000000000000E+000                  3.5111854453213525E+008                  5.4572460943970084E+007                  1.2370653173578079E+000                  6.5200217971271889E-003                  1.5969516406743677E-047                  6.8958319942214119E-001                  2.4360105028210052E+010                  9.0422941618207454E-007                  8.8513859704020195E-008                 -3.0218606843521725E+000                  2.6326292030325145E+000                  2.8711898303923458E+000                  3.0217048282243364E+000 
                                     798                  7.9146852600570161E-001                 -3.9522016585823549E-001                  7.1345901320261698E+000                  8.7361771688045109E-001                  1.6133969312347944E+001                  6.9112924375350981E-001                  2.8830362623219297E-001                  2.0567130014297219E-002                  0.0000000000000000E+000                  3.5112474419996667E+008                  5.4900380339819685E+007                  1.3375008793533303E+000                  8.6021354622282872E-003                  3.2085351117990390E-047                  6.8573629322141394E-001                  2.4327981007761303E+010                  9.1394582257280247E-007                  1.1552597730879460E-007                 -3.0195397739356244E+000                  2.6434083980599192E+000                  2.8819690254197505E+000                  3.0324840232517412E+000 
                                     799                  7.7183781461796686E-001                 -4.0368118910181350E-001                  7.1401166555454996E+000                  8.8610509288466544E-001                  1.6151472550307073E+001                  6.8948700609817004E-001                  2.8995839486502017E-001                  2.0554599036809784E-002                  0.0000000000000000E+000                  3.5086119745951360E+008                  5.5216152988110356E+007                  1.4446512172936767E+000                  1.1571377951064969E-002                  6.6122754498771982E-047                  6.8169975901756774E-001                  2.4278233594888531E+010                  1.0991694450268884E-006                  3.1769616672495851E-007                 -2.9794676763689063E+000                  2.6544157669040676E+000                  2.8929763942638989E+000                  3.0434913920958895E+000 
                                     800                  7.5217292551493009E-001                 -4.1242071063540003E-001                  7.1443698041255423E+000                  8.9557165763681601E-001                  1.6164870394209970E+001                  6.8843365336346962E-001                  2.9101899893561384E-001                  2.0547347700916596E-002                  0.0000000000000000E+000                  3.5071928306861848E+008                  5.5464901955659963E+007                  1.5329598969403662E+000                  1.4480635605034455E-002                  1.1478836925943833E-046                  6.7868949157316105E-001                  2.4213410739758137E+010                  1.0357159283883780E-006                  2.7107032391133721E-007                 -2.9923796723198315E+000                  2.6657018614414754E+000                  2.9042624888013062E+000                  3.0547774866332968E+000 
                                     801                  7.4232918201266551E-001                 -4.1690165120749090E-001                  7.1486663531475729E+000                  9.0482500405458455E-001                  1.6178250719643245E+001                  6.8782875368909124E-001                  2.9162619529743466E-001                  2.0545051013474147E-002                  0.0000000000000000E+000                  3.5070737011430776E+008                  5.5727232522497676E+007                  1.6283259873242271E+000                  1.8031834726044298E-002                  1.9879523135273050E-046                  6.7572788494240432E-001                  2.4182574108763126E+010                  9.1322437899503747E-007                  1.5740674787543696E-007                 -3.0197112516561133E+000                  2.6715167277169023E+000                  2.9100773550767332E+000                  3.0605923529087238E+000 
                                     802                  7.2262225845974803E-001                 -4.2610716932110632E-001                  7.1545561676007754E+000                  9.1736101143479798E-001                  1.6196493700183130E+001                  6.8714419536031346E-001                  2.9231210998125312E-001                  2.0543694658433420E-002                  0.0000000000000000E+000                  3.5073642255257088E+008                  5.6091997455256417E+007                  1.7688121876504022E+000                  2.4280433413403944E-002                  4.1990857389802431E-046                  6.7173574322275575E-001                  2.4121671661131683E+010                  8.7069900782831180E-007                  1.3313422026011650E-007                 -3.0300659752119210E+000                  2.6835060237471078E+000                  2.9220666511069386E+000                  3.0725816489389293E+000 
                                     803                  7.0289381023315245E-001                 -4.3565968490167506E-001                  7.1591046977822783E+000                  9.2699722579506783E-001                  1.6210507649187299E+001                  6.8652554129390564E-001                  2.9293244185834028E-001                  2.0542016847754141E-002                  0.0000000000000000E+000                  3.5073948262595820E+008                  5.6373355887089118E+007                  1.8850561385388289E+000                  3.0558154818788867E-002                  7.4692366716193495E-046                  6.6865867783333111E-001                  2.4047653823303169E+010                  8.7900613286299029E-007                  1.5972786292840260E-007                 -3.0280040474123382E+000                  2.6959232682835403E+000                  2.9344838956433712E+000                  3.0849988934753618E+000 
                                     804                  6.9302321964626690E-001                 -4.4057431003289327E-001                  7.1637042713081582E+000                  9.3677634939804455E-001                  1.6224516011112787E+001                  6.8531002036214783E-001                  2.9415454855041478E-001                  2.0535431087437384E-002                  0.0000000000000000E+000                  3.5059148046858603E+008                  5.6646330299198888E+007                  2.0077256719974450E+000                  3.8765474527009638E-002                  1.3428732856365850E-045                  6.6540997617602726E-001                  2.4002366161743584E+010                  1.0278543096891442E-006                  3.1727711004058319E-007                 -2.9940342194126139E+000                  2.7022615319825487E+000                  2.9408221593423800E+000                  3.0913371571743706E+000 
                                     805                  6.7327285892763578E-001                 -4.5070027390773054E-001                  7.1692384084889635E+000                  9.5125478935580832E-001                  1.6241342429763932E+001                  6.7575327267998186E-001                  3.0378493007838664E-001                  2.0461797241631441E-002                  0.0000000000000000E+000                  3.4822462250969708E+008                  5.6796991531813063E+007                  2.1345824541084495E+000                  5.5692286725400199E-002                  2.9807815432587297E-045                  6.6007734182680988E-001                  2.3807568552325817E+010                  2.8393636928158053E-006                  2.1382669858467432E-006                 -2.7733894876633265E+000                  2.7144446236268553E+000                  2.9530052509866866E+000                  3.1035202488186773E+000 
                                     806                  6.5845461192978216E-001                 -4.5851893552984430E-001                  7.1730662815193860E+000                  9.6558427751755060E-001                  1.6252959230498742E+001                  6.5653461835844718E-001                  3.2313316373369738E-001                  2.0332217907855443E-002                  0.0000000000000000E+000                  3.4317113375106323E+008                  5.6618014491323531E+007                  2.1756913725431768E+000                  7.6835004595881190E-002                  5.9326482603001599E-045                  6.5418640627298885E-001                  2.3442113750715736E+010                  7.1933818442752114E-006                  6.4814857966927174E-006                 -2.5715334427774419E+000                  2.7218922050787620E+000                  2.9604528324385933E+000                  3.1109678302705839E+000 
                                     807                  6.4981033391486420E-001                 -4.6312582304539934E-001                  7.1750980305445582E+000                  9.7514744367577333E-001                  1.6259127362632970E+001                  6.4083541977511815E-001                  3.3892621809497753E-001                  2.0238362129904264E-002                  0.0000000000000000E+000                  3.3899661157151657E+008                  5.6396149130553320E+007                  2.1744590756550344E+000                  9.2245898322124417E-002                  9.0175358481344598E-045                  6.5014984034633783E-001                  2.3075558183604511E+010                  1.1084733581004979E-005                  1.0352934709336559E-005                 -2.4776373702954890E+000                  2.7248006749070219E+000                  2.9633613022668528E+000                  3.1138763000988434E+000 
                                     808                  6.4610547156589748E-001                 -4.6510177786740053E-001                  7.1768280480401536E+000                  9.8307757673593055E-001                  1.6264366836326172E+001                  6.2819527774004924E-001                  3.5163576893709342E-001                  2.0168953322857286E-002                  0.0000000000000000E+000                  3.3563824746405524E+008                  5.6220862947351038E+007                  2.1756362403704279E+000                  1.0613100581421359E-001                  1.2717021925624393E-044                  6.4687408017660319E-001                  2.2893848416167435E+010                  1.0785247609346654E-005                  1.0042647560556724E-005                 -2.4835849399242735E+000                  2.7257876598566297E+000                  2.9643482872164606E+000                  3.1148632850484512E+000 
                                     809                  6.3931363151186116E-001                 -4.6872802645679984E-001                  7.1790828502990660E+000                  9.9226634421523063E-001                  1.6271207931376463E+001                  6.1517272855790939E-001                  3.6471722586676009E-001                  2.0110045575330471E-002                  0.0000000000000000E+000                  3.3219460957361966E+008                  5.6067995871755280E+007                  2.1913470516228890E+000                  1.2368654800424567E-001                  1.9122777173179313E-044                  6.4323524651190500E-001                  2.2601613936404385E+010                  8.9273456061375223E-006                  8.1685681648713845E-006                 -2.5246388259852504E+000                  2.7279478250724241E+000                  2.9665084524322554E+000                  3.1170234502642460E+000 
                                     810                  6.3252179145782483E-001                 -4.7236859269988191E-001                  7.1820733730567268E+000                  1.0041700362146058E+000                  1.6280265833292919E+001                  5.9887706162797039E-001                  3.8107529773077192E-001                  2.0047640641257747E-002                  0.0000000000000000E+000                  3.2788989817263269E+008                  5.5883103116067216E+007                  2.2158550677559541E+000                  1.4910278024350282E-001                  3.2335475752584011E-044                  6.3862080562334833E-001                  2.2347967102378002E+010                  8.7336834235682554E-006                  7.9622223911899541E-006                 -2.5294012771650438E+000                  2.7304531259252731E+000                  2.9690137532851040E+000                  3.1195287511170946E+000 
                                     811                  6.2140969530334800E-001                 -4.7835962466188786E-001                  7.1851029584195816E+000                  1.0165084569190552E+000                  1.6289471904383561E+001                  5.8190522849314152E-001                  3.9810278379547326E-001                  1.9991987711385217E-002                  0.0000000000000000E+000                  3.2339929921869338E+008                  5.5680431418213457E+007                  2.2380441643765527E+000                  1.7853086607062216E-001                  5.4957393519745448E-044                  6.3384362639343861E-001                  2.1940204824715176E+010                  9.2990466429338104E-006                  8.5070087698458454E-006                 -2.5157807869561717E+000                  2.7345744028206962E+000                  2.9731350301805275E+000                  3.1236500280125181E+000 
                                     812                  6.1462147049712412E-001                 -4.8203792124221745E-001                  7.1889830064499964E+000                  1.0309159509037418E+000                  1.6301197758865694E+001                  5.6405032388743814E-001                  4.1600951598964225E-001                  1.9940160122919659E-002                  0.0000000000000000E+000                  3.1870159055390358E+008                  5.5506835681705274E+007                  2.2838047189810506E+000                  2.2171297772759863E-001                  1.0376670303874869E-043                  6.2787951563503563E-001                  2.1710526518543655E+010                  8.0416353907474846E-006                  7.2375159714041323E-006                 -2.5473278108898763E+000                  2.7372508112974003E+000                  2.9758114386572316E+000                  3.1263264364892223E+000 
                                     813                  5.9858215446334995E-001                 -4.9081389811181086E-001                  7.1934220221307097E+000                  1.0467872089634718E+000                  1.6314683686269429E+001                  5.4574623682444878E-001                  4.3436124999689690E-001                  1.9892513178654259E-002                  0.0000000000000000E+000                  3.1389728184122115E+008                  5.5352391872618854E+007                  2.3475535670780392E+000                  2.8100599722347835E-001                  2.0918979691303599E-043                  6.2162374292248257E-001                  2.1243284335209137E+010                  7.6140033142579125E-006                  6.7867756526885532E-006                 -2.5591934692399687E+000                  2.7443156368665513E+000                  2.9828762642263826E+000                  3.1333912620583733E+000 
                                     814                  5.8902467205607889E-001                 -4.9610721782999306E-001                  7.1967670388366063E+000                  1.0591416037740080E+000                  1.6324810041102634E+001                  5.3102169873054883E-001                  4.4912288111259180E-001                  1.9855420156859371E-002                  0.0000000000000000E+000                  3.1002261330490792E+008                  5.5208887001447685E+007                  2.3910103455671252E+000                  3.3472012277462754E-001                  3.5597056006772926E-043                  6.1678462443674575E-001                  2.0971282840401031E+010                  8.3762378833944885E-006                  7.5362385672069765E-006                 -2.5384754986410552E+000                  2.7485934018718567E+000                  2.9871540292316880E+000                  3.1376690270636787E+000 
                                     815                  5.7946718964880750E-001                 -5.0144448832266675E-001                  7.2019291087047694E+000                  1.0788926644677337E+000                  1.6340360817437411E+001                  5.0675474897269202E-001                  4.7343732199948346E-001                  1.9807929027824578E-002                  0.0000000000000000E+000                  3.0362048913758379E+008                  5.4939870831095874E+007                  2.4486108416101642E+000                  4.3600841951597741E-001                  8.1226458060808902E-043                  6.0925933242336894E-001                  2.0679770555284664E+010                  9.2800371988966705E-006                  8.4258425145412478E-006                 -2.5162251414572077E+000                  2.7526748341438263E+000                  2.9912354615036576E+000                  3.1417504593356482E+000 
                                     816                  5.5976429496817248E-001                 -5.1257124051938252E-001                  7.2072703533616904E+000                  1.0991689599512349E+000                  1.6356561255770632E+001                  4.8289377723933652E-001                  4.9734065397589999E-001                  1.9765568784763543E-002                  0.0000000000000000E+000                  2.9732458099644196E+008                  5.4679912513000533E+007                  2.5141394263893084E+000                  5.6854766308103455E-001                  1.8710045940771595E-042                  6.0135246748710425E-001                  2.0080258003187088E+010                  9.4053743187763557E-006                  8.5204897346141830E-006                 -2.5133119577737548E+000                  2.7609993255892542E+000                  2.9995599529490855E+000                  3.1500749507810761E+000 
                                     817                  5.4992458082528861E-001                 -5.1819134612721685E-001                  7.2126335223000551E+000                  1.1194773548450121E+000                  1.6372681816741036E+001                  4.5915785444667367E-001                  5.2111371983004295E-001                  1.9728425723283372E-002                  0.0000000000000000E+000                  2.9106365239441544E+008                  5.4414075198695712E+007                  2.5772736999829631E+000                  7.3689878650928564E-001                  4.2764157731023081E-042                  5.9340612111131230E-001                  1.9791318838646214E+010                  9.7842323461584279E-006                  8.8839439761922028E-006                 -2.5047366213292839E+000                  2.7652272278101750E+000                  3.0037878551700063E+000                  3.1543028530019970E+000 
                                     818                  5.3027366028049672E-001                 -5.2954710677897643E-001                  7.2199304525941326E+000                  1.1474593938443338E+000                  1.6394664637470530E+001                  4.2696972243026815E-001                  5.5334498774292096E-001                  1.9685289826810948E-002                  0.0000000000000000E+000                  2.8256164074454528E+008                  5.4035670705061913E+007                  2.6552526454283210E+000                  1.0381995124731018E+000                  1.2996389092187837E-041                  5.8299156870467206E-001                  1.9218755351186192E+010                  1.0417186322676403E-005                  9.4881756619486148E-006                 -2.4911247839705823E+000                  2.7736567776525529E+000                  3.0122174050123838E+000                  3.1627324028443744E+000 
                                     819                  5.1067450118924418E-001                 -5.4103806212526928E-001                  7.2273577513506444E+000                  1.1761416292236750E+000                  1.6416975795384126E+001                  3.9468637472196083E-001                  5.8566539428621733E-001                  1.9648230991821780E-002                  0.0000000000000000E+000                  2.7402684643192774E+008                  5.3636732270771667E+007                  2.7202772983194503E+000                  1.4558805531686689E+000                  3.9609495215788907E-041                  5.7283955614218340E-001                  1.8659823027771965E+010                  1.1098961383327427E-005                  1.0146112326012950E-005                 -2.4773588298226135E+000                  2.7820239382534666E+000                  3.0205845656132975E+000                  3.1710995634452881E+000 
                                     820                  4.9111573446442991E-001                 -5.5266462936304439E-001                  7.2339814564689142E+000                  1.2010210035886959E+000                  1.6436834082781825E+001                  3.6818101954953486E-001                  6.1219687621497187E-001                  1.9622104235493265E-002                  0.0000000000000000E+000                  2.6703106803398228E+008                  5.3323926207010262E+007                  2.7756827412377723E+000                  1.9541919352007193E+000                  1.0421359312205467E-040                  5.6439481222756838E-001                  1.8138010449107128E+010                  1.1014492077924755E-005                  1.0046686754323243E-005                 -2.4790177625494132E+000                  2.7905883025539855E+000                  3.0291489299138163E+000                  3.1796639277458074E+000 
                                     821                  4.7649480357336715E-001                 -5.6147325595490671E-001                  7.2397197386746166E+000                  1.2241748185846288E+000                  1.6453945627434951E+001                  3.4205557628826361E-001                  6.3834499736813233E-001                  1.9599426343604121E-002                  0.0000000000000000E+000                  2.6010155144227019E+008                  5.2951056423316106E+007                  2.7673503681579574E+000                  2.4939289068768247E+000                  2.4445852726190187E-040                  5.5645482350007214E-001                  1.7738565243794380E+010                  1.3155703744597131E-005                  1.2177290677058316E-005                 -2.4404429575131834E+000                  2.7967855928727978E+000                  3.0353462202326287E+000                  3.1858612180646193E+000 
                                     822                  4.6190906830992207E-001                 -5.7032854726520343E-001                  7.2445630043703488E+000                  1.2421396559631421E+000                  1.6468376213358020E+001                  3.2390267951678658E-001                  6.5651222281521782E-001                  1.9585097667995655E-002                  0.0000000000000000E+000                  2.5531300117533612E+008                  5.2733294661801733E+007                  2.7786980071872867E+000                  3.0641112448029686E+000                  4.8652756844088610E-040                  5.4994575636561960E-001                  1.7362322710246464E+010                  1.1593731067569121E-005                  1.0605644677774064E-005                 -2.4678883889511134E+000                  2.8030422231745979E+000                  3.0416028505344292E+000                  3.1921178483664199E+000 
                                     823                  4.5221080469892572E-001                 -5.7627479724499542E-001                  7.2474891875215075E+000                  1.2532108192623155E+000                  1.6477074946787468E+001                  3.1262366813703629E-001                  6.6779941865911452E-001                  1.9576913203849244E-002                  0.0000000000000000E+000                  2.5233258100836259E+008                  5.2587771208951846E+007                  2.7716040718954260E+000                  3.4605573380594090E+000                  7.3758121205431201E-040                  5.4599464326820613E-001                  1.7137844973735685E+010                  1.2332801826168884E-005                  1.1341606236224829E-005                 -2.4544691235264389E+000                  2.8074725313519524E+000                  3.0460331587117837E+000                  3.1965481565437743E+000 
                                     824                  4.4737206947565733E-001                 -5.7925761224342720E-001                  7.2494438889124710E+000                  1.2606196701590671E+000                  1.6482866051729911E+001                  3.0510819671355616E-001                  6.7532012108400197E-001                  1.9571682202441876E-002                  0.0000000000000000E+000                  2.5034629937643865E+008                  5.2488773226813525E+007                  2.7620677250311063E+000                  3.7499850529508012E+000                  9.7300291359972677E-040                  5.4337180491812731E-001                  1.7024324752570396E+010                  1.2589787902285622E-005                  1.1597433401217779E-005                 -2.4499907931526961E+000                  2.8096465247659723E+000                  3.0482071521258036E+000                  3.1987221499577942E+000 
                                     825                  4.4253333425238889E-001                 -5.8225113050564148E-001                  7.2514043712894924E+000                  1.2695982805991248E+000                  1.6488669928474472E+001                  2.9444446772610455E-001                  6.8599097124770203E-001                  1.9564561026193417E-002                  0.0000000000000000E+000                  2.4749648345461294E+008                  5.2296108351597004E+007                  2.7074884562686448E+000                  4.0376113491168608E+000                  1.3108255217132006E-039                  5.4024718689196527E-001                  1.6881083459436470E+010                  1.7790591229321035E-005                  1.6792830872280921E-005                 -2.3749048094497440E+000                  2.8114319736306457E+000                  3.0499926009904770E+000                  3.2005075988224676E+000 
                                     826                  4.3770566623154572E-001                 -5.8523774435768749E-001                  7.2533701656075795E+000                  1.2775718808066407E+000                  1.6494485515451814E+001                  2.8594662067535626E-001                  6.9449431571650755E-001                  1.9559063608136196E-002                  0.0000000000000000E+000                  2.4523971996059465E+008                  5.2165180158111304E+007                  2.6750991923220631E+000                  4.3607950197045389E+000                  1.7404608949091619E-039                  5.3749425199810597E-001                  1.6731362048839006E+010                  1.4635976086604399E-005                  1.3632017305166422E-005                 -2.4172891543844695E+000                  2.8130762532820435E+000                  3.0516368806418748E+000                  3.2021518784738654E+000 
                                     827                  4.3287799821070244E-001                 -5.8823121892029950E-001                  7.2553425040009065E+000                  1.2843024501032807E+000                  1.6500311920444133E+001                  2.8004369666285284E-001                  7.0040090228151142E-001                  1.9555401055635802E-002                  0.0000000000000000E+000                  2.4369418916376227E+008                  5.2109746388361529E+007                  2.6735434894998806E+000                  4.7316709007605855E+000                  2.2719825452508783E-039                  5.3516277478392382E-001                  1.6627794978931032E+010                  1.0601952543885302E-005                  9.5998747021897948E-006                 -2.4873070720400285E+000                  2.8152939605059588E+000                  3.0538545878657901E+000                  3.2043695856977807E+000 
                                     828                  4.2806208655372702E-001                 -5.9123299958891706E-001                  7.2573219999784415E+000                  1.2913869268206835E+000                  1.6506148892005257E+001                  2.7346685739699872E-001                  7.0698167263316869E-001                  1.9551469969832591E-002                  0.0000000000000000E+000                  2.4196394519008511E+008                  5.2033785113122508E+007                  2.6591453499073183E+000                  5.1249783632097268E+000                  2.9798126215396401E-039                  5.3272489225528574E-001                  1.6542958977302343E+010                  1.1821962487427307E-005                  1.0825336615052717E-005                 -2.4636552115279575E+000                  2.8177484305327751E+000                  3.0563090578926060E+000                  3.2068240557245966E+000 
                                     829                  4.2324617489675154E-001                 -5.9424822594338989E-001                  7.2593081287975298E+000                  1.2988857094167192E+000                  1.6511995855563196E+001                  2.6611079623300543E-001                  7.1434200050278673E-001                  1.9547203264207891E-002                  0.0000000000000000E+000                  2.4001986566602024E+008                  5.1933740665366791E+007                  2.6293089915045513E+000                  5.5386748266373971E+000                  3.9289099817935122E-039                  5.3016854918440137E-001                  1.6445384227498638E+010                  1.3270661978224439E-005                  1.2277822452276086E-005                 -2.4385537063779026E+000                  2.8200285236164815E+000                  3.0585891509763128E+000                  3.2091041488083034E+000 
                                     830                  4.1844272800964166E-001                 -5.9726640999086289E-001                  7.2613004287646037E+000                  1.3067579777982001E+000                  1.6517852263035795E+001                  2.5807766406877330E-001                  7.2237964233003793E-001                  1.9542693601188765E-002                  0.0000000000000000E+000                  2.3788970907786101E+008                  5.1812154677639134E+007                  2.5844685204183677E+000                  5.9721939739578618E+000                  5.2038355526035330E-039                  5.2751514069208749E-001                  1.6335419182192451E+010                  1.4613640362396878E-005                  1.3622970897889501E-005                 -2.4176207923625275E+000                  2.8221204635125714E+000                  3.0606810908724027E+000                  3.2111960887043933E+000 
                                     831                  4.1363928112253179E-001                 -6.0029290826808779E-001                  7.2632982186651054E+000                  1.3152295769512574E+000                  1.6523717229125584E+001                  2.4894611078446058E-001                  7.3151616267094088E-001                  1.9537726544598510E-002                  0.0000000000000000E+000                  2.3545752291714823E+008                  5.1655692447298445E+007                  2.5171392568091511E+000                  6.4162287744458988E+000                  6.9419454823945006E-039                  5.2470814781560082E-001                  1.6209727251666311E+010                  1.6764850207088814E-005                  1.5774312435301862E-005                 -2.3878001613062287E+000                  2.8239805483210945E+000                  3.0625411756809258E+000                  3.2130561735129159E+000 
                                     832                  4.0884902739910339E-001                 -6.0331527862126555E-001                  7.2648014043479137E+000                  1.3212656677992396E+000                  1.6528129100172244E+001                  2.4279666456536247E-001                  7.3766884592726134E-001                  1.9534489507376129E-002                  0.0000000000000000E+000                  2.3382475793061131E+008                  5.1558278491997793E+007                  2.4737877838645268E+000                  6.7782343733448807E+000                  8.5794337633103688E-039                  5.2271581957708935E-001                  1.6084658986478476E+010                  1.5385152631673335E-005                  1.4395308822158455E-005                 -2.4064490954422655E+000                  2.8258002446124744E+000                  3.0643608719723057E+000                  3.2148758698042963E+000 
                                     833                  4.0645390053738928E-001                 -6.0482916011629884E-001                  7.2658050786910744E+000                  1.3251042709261547E+000                  1.6531069189067999E+001                  2.3907693670907371E-001                  7.4139048043679845E-001                  1.9532582854127845E-002                  0.0000000000000000E+000                  2.3284047757031465E+008                  5.1504359818708822E+007                  2.4492873905433639E+000                  7.0356441448526983E+000                  9.8561127591671411E-039                  5.2144482494164823E-001                  1.6030522726852474E+010                  1.4193456034898032E-005                  1.3205601370808297E-005                 -2.4239559215758657E+000                  2.8268135463834452E+000                  3.0653741737432765E+000                  3.2158891715752671E+000 
                                     834                  4.0405877367567511E-001                 -6.0634550717664315E-001                  7.2673101532092694E+000                  1.3305570646984151E+000                  1.6535469018646701E+001                  2.3409842209714410E-001                  7.4637149022760396E-001                  1.9530087675251995E-002                  0.0000000000000000E+000                  2.3152898696057773E+008                  5.1441037834494852E+007                  2.4200028948348726E+000                  7.4484758364009869E+000                  1.2085229268415501E-038                  5.1962731539673956E-001                  1.5983795259505114E+010                  1.2908144026768977E-005                  1.1923691173201247E-005                 -2.4445680987303611E+000                  2.8279242630876493E+000                  3.0664848904474806E+000                  3.2169998882794713E+000 
                                     835                  3.9928246228394593E-001                 -6.0937889948059154E-001                  7.2693251484236114E+000                  1.3380937683485197E+000                  1.6541354437724380E+001                  2.2702224835192797E-001                  7.5345110754385480E-001                  1.9526644104217228E-002                  0.0000000000000000E+000                  2.2965962865713194E+008                  5.1342091428454511E+007                  2.3701199932546806E+000                  8.0229130213076179E+000                  1.5913497894844522E-038                  5.1714173369158101E-001                  1.5894496546916473E+010                  1.3845328909995865E-005                  1.2868762909787530E-005                 -2.4293483613423907E+000                  2.8301838657079799E+000                  3.0687444930678107E+000                  3.2192594908998013E+000 
                                     836                  3.9450615089221674E-001                 -6.1242334761362194E-001                  7.2713458411596363E+000                  1.3458579353660598E+000                  1.6547245196122482E+001                  2.1958218117061343E-001                  7.6089468211163547E-001                  1.9523136717751077E-002                  0.0000000000000000E+000                  2.2768981257793573E+008                  5.1230212645494483E+007                  2.3096088967246353E+000                  8.6246020847925120E+000                  2.1006159703205876E-038                  5.1460753008360050E-001                  1.5798634841284130E+010                  1.4730980676881120E-005                  1.3761809100396204E-005                 -2.4158841700823839E+000                  2.8323358584917822E+000                  3.0708964858516135E+000                  3.2214114836836041E+000 
                                     837                  3.8974455260726382E-001                 -6.1546800330776785E-001                  7.2733718318839831E+000                  1.3540881092511468E+000                  1.6553140586558882E+001                  2.1134660015343137E-001                  7.6913403284844917E-001                  1.9519366998119514E-002                  0.0000000000000000E+000                  2.2550062552877918E+008                  5.1091408750441648E+007                  2.2307652113836962E+000                  9.2380469041628004E+000                  2.7872562356754726E-038                  5.1196914977266994E-001                  1.5692754988364231E+010                  1.6485046991591112E-005                  1.5522245643421760E-005                 -2.3914549052686143E+000                  2.8343185471474288E+000                  3.0728791745072597E+000                  3.2233941723392503E+000 
                                     838                  3.8498295432231083E-001                 -6.1851906902394282E-001                  7.2754029573852135E+000                  1.3617416548694803E+000                  1.6559039518568763E+001                  2.0426886054918902E-001                  7.7621492747685739E-001                  1.9516211973953590E-002                  0.0000000000000000E+000                  2.2362920844300491E+008                  5.0987010841158763E+007                  2.1674843095913352E+000                  9.9203687223587274E+000                  3.6713244444395224E-038                  5.0949025570846118E-001                  1.5591652056962053E+010                  1.4546791495365576E-005                  1.3591791274824513E-005                 -2.4186163930131874E+000                  2.8363354126304237E+000                  3.0748960399902545E+000                  3.2254110378222456E+000 
                                     839                  3.8023686240940702E-001                 -6.2157072439382022E-001                  7.2774404976017060E+000                  1.3671975556655291E+000                  1.6564941304930919E+001                  2.0128673043939554E-001                  7.7919839087191778E-001                  1.9514878688686732E-002                  0.0000000000000000E+000                  2.2288482571202117E+008                  5.1011898939425342E+007                  2.1735584395402743E+000                  1.0796342247558471E+001                  4.7120813608710742E-038                  5.0754201781222330E-001                  1.5542879334880875E+010                  6.7328174154085633E-006                  5.7945091423155254E-006                 -2.5859015814156425E+000                  2.8390493846588964E+000                  3.0776100120187273E+000                  3.2281250098507179E+000 
                                     840                  3.7549077049650315E-001                 -6.2464876245631518E-001                  7.2794842304150844E+000                  1.3746725074716637E+000                  1.6570845898684954E+001                  1.9461613686574469E-001                  7.8587176106658940E-001                  1.9512102067665849E-002                  0.0000000000000000E+000                  2.2112541276588562E+008                  5.0918427011024371E+007                  2.1107522866240815E+000                  1.1593331687332224E+001                  6.1932474916326441E-038                  5.0491608030012902E-001                  1.5497414780280386E+010                  1.4013210383149200E-005                  1.3091371813675913E-005                 -2.4267311788965515E+000                  2.8418346198659226E+000                  3.0803952472257534E+000                  3.2309102450577440E+000 
                                     841                  3.7076100164865622E-001                 -6.2772868458688857E-001                  7.2815308267268462E+000                  1.3852591864647010E+000                  1.6576752668527558E+001                  1.8235369940316468E-001                  7.9813917591085981E-001                  1.9507124685975485E-002                  0.0000000000000000E+000                  2.1782582218158948E+008                  5.0643468826049790E+007                  1.9418280655073996E+000                  1.2166509511699703E+001                  8.4324908450226486E-038                  5.0135077284287566E-001                  1.5362598581394848E+010                  2.5446152888262316E-005                  2.4524083336989061E-005                 -2.2971889338874250E+000                  2.8433426142110338E+000                  3.0819032415708651E+000                  3.2324182394028558E+000 
                                     842                  3.6603123280080924E-001                 -6.3079896764657617E-001                  7.2835790348388390E+000                  1.3938627900574099E+000                  1.6582659569729234E+001                  1.7378210724711629E-001                  8.0671411993409148E-001                  1.9503772818792231E-002                  0.0000000000000000E+000                  2.1554164888656113E+008                  5.0485149008337900E+007                  1.8361344612013812E+000                  1.2913663416496579E+001                  1.1210777248482036E-037                  4.9839448407331494E-001                  1.5213187419864153E+010                  1.8446989582271703E-005                  1.7522071919866536E-005                 -2.3670372487492530E+000                  2.8445549337886344E+000                  3.0831155611484653E+000                  3.2336305589804559E+000 
                                     843                  3.6131862813528509E-001                 -6.3386231602071375E-001                  7.2856306886630797E+000                  1.4011047484936967E+000                  1.6588565505502974E+001                  1.6769834326175154E-001                  8.1280020137738673E-001                  1.9501455360861675E-002                  0.0000000000000000E+000                  2.1394233406793985E+008                  5.0406222797104165E+007                  1.7726337439791913E+000                  1.3827430901132212E+001                  1.4669787621550940E-037                  4.9582535581074089E-001                  1.5125634636924358E+010                  1.3544694908191907E-005                  1.2629121356504460E-005                 -2.4341153864627292E+000                  2.8465994735868820E+000                  3.0851601009467129E+000                  3.2356750987787035E+000 
                                     844                  3.5660602346976095E-001                 -6.3693958373883697E-001                  7.2876859697468177E+000                  1.4091542727377986E+000                  1.6594469683475143E+001                  1.6022702835586303E-001                  8.2027426533893810E-001                  1.9498706305198898E-002                  0.0000000000000000E+000                  2.1196041628507003E+008                  5.0280530107348807E+007                  1.6809058064417568E+000                  1.4690435598304591E+001                  1.9363313632867305E-037                  4.9303829323146503E-001                  1.5049235827041197E+010                  1.6640235523611637E-005                  1.5736843368208758E-005                 -2.3894202655286265E+000                  2.8487940103531271E+000                  3.0873546377129584E+000                  3.2378696355449490E+000 
                                     845                  3.5191144958889020E-001                 -6.4001339761427212E-001                  7.2897441275769852E+000                  1.4175188573864372E+000                  1.6600371196398722E+001                  1.5226720102238248E-001                  8.2823691928767051E-001                  1.9495879689947038E-002                  0.0000000000000000E+000                  2.0984324180623248E+008                  5.0136791934236325E+007                  1.5776923124042901E+000                  1.5535096756210455E+001                  2.5633046080635348E-037                  4.9017786830936833E-001                  1.4956102986505722E+010                  1.7953332028948693E-005                  1.7059640080994508E-005                 -2.3729274685987396E+000                  2.8507051633674405E+000                  3.0892657907272718E+000                  3.2397807885592624E+000 
                                     846                  3.4721687570801940E-001                 -6.4309334710575050E-001                  7.2918048144759551E+000                  1.4256969386748670E+000                  1.6606268789801696E+001                  1.4470115966226860E-001                  8.3580556892416513E-001                  1.9493271413566271E-002                  0.0000000000000000E+000                  2.0783392547367188E+008                  5.0003960106860429E+007                  1.4795736095035126E+000                  1.6418298464230453E+001                  3.3842288331998392E-037                  4.8737542881591089E-001                  1.4863391333360676E+010                  1.7394425770168792E-005                  1.6511277798677306E-005                 -2.3797949518676060E+000                  2.8525861626882860E+000                  3.0911467900481173E+000                  3.2416617878801079E+000 
                                     847                  3.4254122582950708E-001                 -6.4616833743348234E-001                  7.2938678701015984E+000                  1.4341409724761913E+000                  1.6612161481118267E+001                  1.3674920209721750E-001                  8.4376018678011400E-001                  1.9490611122668478E-002                  0.0000000000000000E+000                  2.0571738481446031E+008                  4.9855911882744029E+007                  1.3728076786437029E+000                  1.7265821337421404E+001                  4.4780596239860966E-037                  4.8451608709188665E-001                  1.4772058114257401E+010                  1.8550278825574544E-005                  1.7678675016967404E-005                 -2.3658247791026783E+000                  2.8544424728829667E+000                  3.0930031002427976E+000                  3.2435180980747886E+000 
                                     848                  3.3786557595099476E-001                 -6.4924892140892776E-001                  7.2959330519914198E+000                  1.4422003469336195E+000                  1.6618047950993571E+001                  1.2952275162823723E-001                  8.5098899832306163E-001                  1.9488250048701139E-002                  0.0000000000000000E+000                  2.0380023204957882E+008                  4.9729947958847694E+007                  1.2778337983191344E+000                  1.8177269859415613E+001                  5.8972196693391742E-037                  4.8175609716357415E-001                  1.4685411288042139E+010                  1.7225997382443442E-005                  1.6367593543884331E-005                 -2.3819078115562808E+000                  2.8563285611032732E+000                  3.0948891884631045E+000                  3.2454041862950951E+000 
                                     849                  3.3320977111184952E-001                 -6.5232474267401075E-001                  7.2974849931695225E+000                  1.4472413177085417E+000                  1.6622464859781104E+001                  1.2583132529076560E-001                  8.5468161471444359E-001                  1.9487059994790834E-002                  0.0000000000000000E+000                  2.0283918444963166E+008                  4.9693179029439941E+007                  1.2365225157893696E+000                  1.9066655688913045E+001                  7.1716470314443735E-037                  4.7991671394623892E-001                  1.4630788073589808E+010                  1.2120684063871899E-005                  1.1281705007054220E-005                 -2.4582364344420742E+000                  2.8586417506578141E+000                  3.0972023780176454E+000                  3.2477173758496360E+000 
                                     850                  3.3088186869227698E-001                 -6.5386938143071249E-001                  7.2985207945923154E+000                  1.4514199564771710E+000                  1.6625405779005465E+001                  1.2201092527905937E-001                  8.5850317244578667E-001                  1.9485902275154010E-002                  0.0000000000000000E+000                  2.0182303345040944E+008                  4.9621702528872162E+007                  1.1845291516278584E+000                  1.9498646052442297E+001                  8.2409030552594582E-037                  4.7849925382622466E-001                  1.4601426650562050E+010                  1.8506120161126575E-005                  1.7676799391469948E-005                 -2.3663423111322408E+000                  2.8597668408860870E+000                  3.0983274682459183E+000                  3.2488424660779089E+000 
                                     851                  3.2855396627270439E-001                 -6.5541564898803273E-001                  7.3000709526462799E+000                  1.4591883939439465E+000                  1.6629798465717126E+001                  1.1382958812987949E-001                  8.6668678603969040E-001                  1.9483625830430062E-002                  0.0000000000000000E+000                  1.9962104573865119E+008                  4.9428129326955415E+007                  1.0642546949766507E+000                  1.9775844225467083E+001                  1.0302756593938927E-036                  4.7605126287009392E-001                  1.4541644844463568E+010                  2.6521373100371144E-005                  2.5696796141856623E-005                 -2.2882019974021648E+000                  2.8604336552452274E+000                  3.0989942826050587E+000                  3.2495092804370489E+000 
                                     852                  3.2391895661782244E-001                 -6.5848837959991569E-001                  7.3021408080636556E+000                  1.4680308159738975E+000                  1.6635660008928724E+001                  1.0554327441523775E-001                  8.7497605607935958E-001                  1.9480669505402615E-002                  0.0000000000000000E+000                  1.9740815490573934E+008                  4.9257332002906367E+007                  9.5066655943001743E-001                  2.0413579973264735E+001                  1.3649059501196112E-036                  4.7313232006949257E-001                  1.4417792501238699E+010                  2.0758062400542128E-005                  1.9942863113181834E-005                 -2.3414065934277963E+000                  2.8616246857279077E+000                  3.1001853130877390E+000                  3.2507003109197297E+000 
                                     853                  3.1928394696294049E-001                 -6.6156379847158298E-001                  7.3042118164933445E+000                  1.4755311283128310E+000                  1.6641510294690860E+001                  9.9498948692972142E-002                  8.8102190513243084E-001                  1.9479146174597006E-002                  0.0000000000000000E+000                  1.9581433661751181E+008                  4.9162388565636896E+007                  8.7479882859301661E-001                  2.1348687114627989E+001                  1.7823513570648151E-036                  4.7048293427096727E-001                  1.4344852741083216E+010                  1.5623934167219494E-005                  1.4827598905009382E-005                 -2.4031047998266120E+000                  2.8635280701151480E+000                  3.1020886974749793E+000                  3.2526036953069699E+000 
                                     854                  3.1467071312490219E-001                 -6.6463693341821473E-001                  7.3062846517544742E+000                  1.4819288457924378E+000                  1.6647348519684829E+001                  9.5240769901674752E-002                  8.8528132384473524E-001                  1.9477906253590027E-002                  0.0000000000000000E+000                  1.9471469516494304E+008                  4.9129269892895982E+007                  8.2753942937038727E-001                  2.2603234267865940E+001                  2.3008140673973191E-036                  4.6790981921593588E-001                  1.4314366625884207E+010                  1.1342768063932683E-005                  1.0571700807203453E-005                 -2.4726404741239376E+000                  2.8660367267774132E+000                  3.1045973541372445E+000                  3.2551123519692351E+000 
                                     855                  3.1005747928686400E-001                 -6.6773031561497065E-001                  7.3083581042365742E+000                  1.4906037654909534E+000                  1.6653174035677832E+001                  8.7387709087106150E-002                  8.9313657145215353E-001                  1.9475719460740337E-002                  0.0000000000000000E+000                  1.9261996326858193E+008                  4.8966862290050514E+007                  7.2333531230853909E-001                  2.3070338312325561E+001                  3.0371777560231324E-036                  4.6475818018608761E-001                  1.4265322276321289E+010                  2.0515275265917373E-005                  1.9765001066730252E-005                 -2.3439613257324736E+000                  2.8682635497590194E+000                  3.1068241771188507E+000                  3.2573391749508414E+000 
                                     856                  3.0546703386509511E-001                 -6.7081259192444453E-001                  7.3104308216036689E+000                  1.4990271562031965E+000                  1.6658985565637568E+001                  7.9988332648466554E-002                  9.0053795818344229E-001                  1.9473709168091213E-002                  0.0000000000000000E+000                  1.9065015329802242E+008                  4.8818334309929013E+007                  6.2874037803008209E-001                  2.3469934395881225E+001                  3.9957434643233031E-036                  4.6167179010633114E-001                  1.4186294946284252E+010                  1.9695411977801815E-005                  1.8960896676822814E-005                 -2.3528174652132861E+000                  2.8699688356351118E+000                  3.1085294629949431E+000                  3.2590444608269338E+000 
                                     857                  3.0087658844332621E-001                 -6.7390078072564807E-001                  7.3135330378201813E+000                  1.5098546694501049E+000                  1.6667643493357108E+001                  7.1722779333078510E-002                  9.0880574514350498E-001                  1.9471475523416548E-002                  0.0000000000000000E+000                  1.8847986658387572E+008                  4.8694298168117277E+007                  5.3172253991752449E-001                  2.4531067236195092E+001                  5.9129113942412058E-036                  4.5745328049239359E-001                  1.4133077740671490E+010                  1.5126632789161043E-005                  1.4413671487576044E-005                 -2.4101288679063364E+000                  2.8720276153642144E+000                  3.1105882427240452E+000                  3.2611032405560358E+000 
                                     858                  2.9174336674140777E-001                 -6.8008855730864726E-001                  7.3186990178081635E+000                  1.5286532793684284E+000                  1.6681979910241754E+001                  5.6859774297674234E-002                  9.2367262954015406E-001                  1.9467596162171752E-002                  0.0000000000000000E+000                  1.8455975189412653E+008                  4.8440993213874742E+007                  3.6416498502312583E-001                  2.5131444852536841E+001                  1.1410343972412369E-035                  4.5020694578012599E-001                  1.4059884171331375E+010                  1.6610279812642500E-005                  1.5949098648241305E-005                 -2.3898115257350780E+000                  2.8765711678958659E+000                  3.1151317952556972E+000                  3.2656467930876878E+000 
                                     859                  2.7814431666578310E-001                 -6.8939580760009322E-001                  7.3238879775861836E+000                  1.5469156207492709E+000                  1.6696306214411759E+001                  4.3013630635992409E-002                  9.3752231600647273E-001                  1.9464053357534872E-002                  0.0000000000000000E+000                  1.8091847677406561E+008                  4.8218148633226313E+007                  2.2678534555114727E-001                  2.4540101363302234E+001                  2.1875839363765894E-035                  4.4303652646629077E-001                  1.3965817375833807E+010                  1.5768358368552338E-005                  1.5194045210411463E-005                 -2.4011067591881217E+000                  2.8833182843757554E+000                  3.1218789117355863E+000                  3.2723939095675769E+000 
                                     860                  2.6914018808745688E-001                 -6.9563095889388216E-001                  7.3270031308463306E+000                  1.5566239366595989E+000                  1.6704842920966190E+001                  3.6563282494235572E-002                  9.4397435186898748E-001                  1.9462365636776946E-002                  0.0000000000000000E+000                  1.7924866205152965E+008                  4.8150832305943765E+007                  1.7185513535650268E-001                  2.4244799019601089E+001                  3.1910569529040111E-035                  4.3896499375951797E-001                  1.3949790909519516E+010                  1.2514289874145418E-005                  1.2010783848030010E-005                 -2.4512968947414286E+000                  2.8883498142869075E+000                  3.1269104416467388E+000                  3.2774254394787294E+000 
                                     861                  2.6465171986040525E-001                 -6.9877061744129199E-001                  7.3290731302960674E+000                  1.5631670703324601E+000                  1.6710480838164891E+001                  3.2120500574395319E-002                  9.4841841111505731E-001                  1.9461088310547381E-002                  0.0000000000000000E+000                  1.7809525820560324E+008                  4.8099114861338206E+007                  1.3692643761059412E-001                  2.3628669876118174E+001                  4.1026283273342335E-035                  4.3622362247411839E-001                  1.3955669916601431E+010                  1.3050544462290683E-005                  1.2586302018272324E-005                 -2.4421856846978711E+000                  2.8910535073142736E+000                  3.1296141346741049E+000                  3.2801291325060955E+000 
                                     862                  2.6019164261130889E-001                 -7.0191115360169642E-001                  7.3311429589036052E+000                  1.5698327131540417E+000                  1.6716095108477546E+001                  2.7491629655294104E-002                  9.5304897624816509E-001                  1.9459394096540850E-002                  0.0000000000000000E+000                  1.7688948076100320E+008                  4.8039352760946147E+007                  1.0358058848280963E-001                  2.2695730106132320E+001                  5.2783822180722569E-035                  4.3344647813779869E-001                  1.3959619903845346E+010                  1.3640731660966934E-005                  1.3216308632465962E-005                 -2.4325811671931969E+000                  2.8936914795614652E+000                  3.1322521069212961E+000                  3.2827671047532867E+000 
                                     863                  2.5573156536221253E-001                 -7.0507190233686834E-001                  7.3332126614713724E+000                  1.5759031148401013E+000                  1.6721684702148771E+001                  2.3713674018086949E-002                  9.5682974826048506E-001                  1.9456577721427948E-002                  0.0000000000000000E+000                  1.7592035435709372E+008                  4.8011181663587429E+007                  7.9121215017937813E-002                  2.2780590519411170E+001                  6.7512802368629626E-035                  4.3076753145668689E-001                  1.3973214073350311E+010                  1.1241402229943388E-005                  1.0859330325070750E-005                 -2.4745897561831369E+000                  2.8964543938415193E+000                  3.1350150212013501E+000                  3.2855300190333412E+000 
                                     864                  2.5130112151456019E-001                 -7.0823645522705181E-001                  7.3352831336956248E+000                  1.5806063522121758E+000                  1.6727249143551813E+001                  2.1880154707730307E-002                  9.5866773408158668E-001                  1.9452111210683021E-002                  0.0000000000000000E+000                  1.7549380884981954E+008                  4.8057213179741204E+007                  5.1714294156818046E-002                  2.5662843263374299E+001                  8.5255762819506079E-035                  4.2832606163403164E-001                  1.4020137565801708E+010                  5.6168711434952724E-006                  5.2823986237405095E-006                 -2.6252527695743786E+000                  2.8997001200417398E+000                  3.1382607474015711E+000                  3.2887757452335618E+000 
                                     865                  2.4687067766690785E-001                 -7.1143649827089861E-001                  7.3373555818148057E+000                  1.5840431019303991E+000                  1.6732788087191704E+001                  2.1828156228778102E-002                  9.5871997199166192E-001                  1.9451871779559982E-002                  0.0000000000000000E+000                  1.7556554718809995E+008                  4.8172051534454077E+007                  2.5009224217518066E-002                  2.8089703096503015E+001                  1.0641416169127369E-034                  4.2615177656227338E-001                  1.4111246289354284E+010                  4.2945025431063313E-007                  1.4926557621605463E-007                 -3.1835435678716846E+000                  2.9036286110700624E+000                  3.1421892384298937E+000                  3.2927042362618844E+000 
                                     866                  2.4247115574394226E-001                 -7.1465988441101902E-001                  7.3389130906008218E+000                  1.5865773695330390E+000                  1.6736930082637830E+001                  2.1827467633062741E-002                  9.5872066426931168E-001                  1.9451868097625558E-002                  0.0000000000000000E+000                  1.7563126981646532E+008                  4.8260070297638848E+007                  2.4820491386183193E-002                  2.9982359012269267E+001                  1.2563288397628608E-034                  4.2452051253499196E-001                  1.4224747719518631E+010                  2.2537989083905929E-007                  2.6150662183831608E-009                 -3.3235424178965709E+000                  2.9078968521894986E+000                  3.1464574795493299E+000                  3.2969724773813205E+000 
                                     867                  2.4027139478245951E-001                 -7.1628930786927025E-001                  7.3399534781200453E+000                  1.5882583162624924E+000                  1.6739685771077095E+001                  2.1827411104649589E-002                  9.5872072111389905E-001                  1.9451867781451360E-002                  0.0000000000000000E+000                  1.7567585627207804E+008                  4.8318991855477370E+007                  2.5196486069596277E-002                  3.1314086652856410E+001                  1.4034456566691880E-034                  4.2342901644333947E-001                  1.4282875446159264E+010                  1.9429205894173317E-007                  3.2091304948096492E-010                 -3.3557724747085058E+000                  2.9100554221182500E+000                  3.1486160494780813E+000                  3.2991310473100719E+000 
                                     868                  2.3807163382097674E-001                 -7.1793087812346124E-001                  7.3415095958268655E+000                  1.5907552308844795E+000                  1.6743790965574998E+001                  2.1827401065469022E-002                  9.5872073121133827E-001                  1.9451867723192739E-002                  0.0000000000000000E+000                  1.7574342894739732E+008                  4.8407287008833520E+007                  2.5890875377803498E-002                  3.3413786325541885E+001                  1.6558563939592123E-034                  4.2179400228640368E-001                  1.4341823628714533E+010                  1.6518983697081707E-007                  3.8046565290016801E-011                 -3.3910083377186688E+000                  2.9122276211645168E+000                  3.1507882485243477E+000                  3.3013032463563383E+000 
                                     869                  2.3370437119997020E-001                 -7.2122694319093839E-001                  7.3435917425269590E+000                  1.5940667258653030E+000                  1.6749255607922635E+001                  2.1827400885137710E-002                  9.5872073139278058E-001                  1.9451867722081739E-002                  0.0000000000000000E+000                  1.7583539794594815E+008                  4.8525727623121947E+007                  2.6884076078339137E-002                  3.6438879983404689E+001                  2.0650993937986815E-034                  4.1960314593351783E-001                  1.4461119103768095E+010                  1.0787559233842237E-007                  5.0753943155176285E-013                 -3.4835384032925871E+000                  2.9165817932170133E+000                  3.1551424205768441E+000                  3.3056574184088352E+000 
                                     870                  2.2933710857896369E-001                 -7.2457388763794961E-001                  7.3456775962133296E+000                  1.5973489221365942E+000                  1.6754695975566388E+001                  2.1827400883659115E-002                  9.5872073139426883E-001                  1.9451867722072080E-002                  0.0000000000000000E+000                  1.7592938959434080E+008                  4.8644709860568866E+007                  2.7928990628222513E-002                  3.9736081435088785E+001                  2.5752085956497237E-034                  4.1740540341455290E-001                  1.4583451733566246E+010                  5.0529619874020718E-008                  4.0924702114819848E-015                 -3.6482269844375459E+000                  2.9209932326453569E+000                  3.1595538600051882E+000                  3.3100688578371789E+000 
                                     871                  2.2500349449616097E-001                 -7.2794744289552171E-001                  7.3477659715378838E+000                  1.6006038044309472E+000                  1.6760112568018311E+001                  2.1827400882636964E-002                  9.5872073139529768E-001                  1.9451867722065308E-002                  0.0000000000000000E+000                  1.7602526639728826E+008                  4.8764154676161811E+007                  2.9028242670490860E-002                  4.3327954285324573E+001                  3.2106476423621266E-034                  4.1520405988256426E-001                  1.4708013934428679E+010                 -3.2960838571583292E-014                  2.7697191187878321E-015                 -9.8999999999999986E+001                  2.9254290542942272E+000                  3.1639896816540585E+000                  3.3145046794860491E+000 
                                     872                  2.2066988041335822E-001                 -7.3137539613505576E-001                  7.3498448148939550E+000                  1.6038445325038431E+000                  1.6765505501181959E+001                  2.1827400881676055E-002                  9.5872073139626546E-001                  1.9451867722058536E-002                  0.0000000000000000E+000                  1.7612144504421276E+008                  4.8883356872762904E+007                  3.0180762895883489E-002                  4.7220528576652100E+001                  3.9975934204355793E-034                  4.1302078856691798E-001                  1.4835617059534529E+010                 -1.3201216044209623E-013                  2.4522585770073220E-015                 -9.8999999999999986E+001                  2.9299218620824843E+000                  3.1684824894423156E+000                  3.3189974872743062E+000 
                                     873                  2.1637135925065065E-001                 -7.3483151714647588E-001                  7.3519143861620542E+000                  1.6070715680686216E+000                  1.6770875271827993E+001                  2.1827400880721038E-002                  9.5872073139722769E-001                  1.9451867722051319E-002                  0.0000000000000000E+000                  1.7621793667801601E+008                  4.9002314413190544E+007                  3.1389673537163910E-002                  5.1437335763269992E+001                  4.9710451110453189E-034                  4.1085580997090576E-001                  1.4965102929213291E+010                 -2.0127549531549583E-013                  2.8725548343905458E-015                 -9.8999999999999986E+001                  2.9344337710986883E+000                  3.1729943984585196E+000                  3.3235093962905102E+000 
                                     874                  2.1207283808794306E-001                 -7.3834563984537849E-001                  7.3539746595133524E+000                  1.6102852703866968E+000                  1.6776221981799257E+001                  2.1827400879753180E-002                  9.5872073139820280E-001                  1.9451867722043992E-002                  0.0000000000000000E+000                  1.7631472778275073E+008                  4.9121008907492593E+007                  3.2658134716456177E-002                  5.6003053377604246E+001                  6.1736953351857621E-034                  4.0870917923980266E-001                  1.5097622838438194E+010                 -2.6076264782679106E-013                  2.5092732739897761E-015                 -9.8999999999999986E+001                  2.9390032649633420E+000                  3.1775638923231733E+000                  3.3280788901551639E+000 
                                     875                  2.0781091297840601E-001                 -7.4188950149557487E-001                  7.3555139929895299E+000                  1.6126910436875439E+000                  1.6780221192542484E+001                  2.1827400879011499E-002                  9.5872073139895064E-001                  1.9451867722037885E-002                  0.0000000000000000E+000                  1.7638739476262134E+008                  4.9209860797627188E+007                  3.3651003721134130E-002                  5.9673224529582242E+001                  7.2573565205588542E-034                  4.0711184114113247E-001                  1.5232077311206398E+010                 -3.1326873674935214E-013                  2.4960613560562685E-015                 -9.8999999999999986E+001                  2.9435933022959588E+000                  3.1821539296557901E+000                  3.3326689274877808E+000 
                                     876                  2.0567995042363751E-001                 -7.4368447193332710E-001                  7.3565396121007032E+000                  1.6142917910657280E+000                  1.6782883490272521E+001                  2.1827400878509828E-002                  9.5872073139945624E-001                  1.9451867722033889E-002                  0.0000000000000000E+000                  1.7643612600990599E+008                  4.9269138346944518E+007                  3.4334650419357154E-002                  6.2248655728888444E+001                  8.0822291109605916E-034                  4.0604957169866585E-001                  1.5300520374536709E+010                 -3.3725447218214251E-013                  3.1043338937041912E-015                 -9.8999999999999986E+001                  2.9459112285375229E+000                  3.1844718558973542E+000                  3.3349868537293448E+000 
                                     877                  2.0354898786886896E-001                 -7.4549524958517510E-001                  7.3580680331181885E+000                  1.6166742453946688E+000                  1.6786847672883709E+001                  2.1827400877750456E-002                  9.5872073140022207E-001                  1.9451867722027449E-002                  0.0000000000000000E+000                  1.7650921404209882E+008                  4.9357587868491195E+007                  3.5387686742253101E-002                  6.6290484057762072E+001                  9.4873220231742956E-034                  4.0446953518545786E-001                  1.5369867329556807E+010                 -3.6157861889689627E-013                  2.4694937739511048E-015                 -9.8999999999999986E+001                  2.9482447112383814E+000                  3.1868053385982122E+000                  3.3373203364302029E+000 
                                     878                  1.9932522466236421E-001                 -7.4913247170589814E-001                  7.3601013780211755E+000                  1.6198503430877085E+000                  1.6792127327532182E+001                  2.1827400876709323E-002                  9.5872073140127190E-001                  1.9451867722018790E-002                  0.0000000000000000E+000                  1.7660690157617110E+008                  4.9475455707206339E+007                  3.6856217854057377E-002                  7.2071509590715877E+001                  1.1740048060350646E-033                  4.0237607595041625E-001                  1.5509864283280445E+010                 -4.0591284511063316E-013                  2.7506628398198304E-015                 -9.8999999999999986E+001                  2.9529177718808177E+000                  3.1914783992406490E+000                  3.3419933970726396E+000 
                                     879                  1.9510146145585947E-001                 -7.5283590295181269E-001                  7.3621258648443328E+000                  1.6230145912674061E+000                  1.6797385055485346E+001                  2.1827400875640043E-002                  9.5872073140235103E-001                  1.9451867722008909E-002                  0.0000000000000000E+000                  1.7670486743219161E+008                  4.9593025962915950E+007                  3.8399141064504122E-002                  7.8320070983626522E+001                  1.4510846334827211E-033                  4.0030009303694508E-001                  1.5653314189557083E+010                 -4.4778424531730103E-013                  2.8654055883174423E-015                 -9.8999999999999986E+001                  2.9576569798788013E+000                  3.1962176072386326E+000                  3.3467326050706232E+000 
                                     880                  1.9091749309344941E-001                 -7.5657260834300044E-001                  7.3641417510558638E+000                  1.6261673634927463E+000                  1.6802621333555877E+001                  2.1827400874542224E-002                  9.5872073140345893E-001                  1.9451867721998806E-002                  0.0000000000000000E+000                  1.7680311854264975E+008                  4.9710300626158215E+007                  4.0020799600976063E-002                  8.5071631359494162E+001                  1.7915614263485649E-033                  3.9824124246762305E-001                  1.5799057725407469E+010                 -4.8735309702943752E-013                  2.6527063549340646E-015                 -9.8999999999999986E+001                  2.9624195360829693E+000                  3.2009801634428006E+000                  3.3514951612747912E+000 
                                     881                  1.8673352473103930E-001                 -7.6038021513459142E-001                  7.3661489856614404E+000                  1.6293089217422894E+000                  1.6807836221157881E+001                  2.1827400873415736E-002                  9.5872073140459635E-001                  1.9451867721987925E-002                  0.0000000000000000E+000                  1.7690163718682474E+008                  4.9827263960860804E+007                  4.1725563866838206E-002                  9.2363156255358746E+001                  2.2094975532161407E-033                  3.9619961186265978E-001                  1.5948613763894669E+010                 -5.2415374788736081E-013                  3.3033070595690746E-015                 -9.8999999999999986E+001                  2.9672528996220202E+000                  3.2058135269818511E+000                  3.3563285248138417E+000 
                                     882                  1.8259105608546156E-001                 -7.6422309555244261E-001                  7.3681478262443951E+000                  1.6324395980316910E+000                  1.6813030189489950E+001                  2.1827400872260757E-002                  9.5872073140576275E-001                  1.9451867721976490E-002                  0.0000000000000000E+000                  1.7700042857502443E+008                  4.9943920450201914E+007                  4.3518268694509844E-002                  1.0023519054115184E+002                  2.7220666084874811E-033                  3.9417490019217583E-001                  1.6100637615673956E+010                 -5.6003623439540512E-013                  2.8839243400957193E-015                 -9.8999999999999986E+001                  2.9721113538823802E+000                  3.2106719812422115E+000                  3.3611869790742022E+000 
                                     883                  1.7844858743988379E-001                 -7.6814203372841083E-001                  7.3701382132317450E+000                  1.6355596102878664E+000                  1.6818203283604511E+001                  2.1827400871077495E-002                  9.5872073140695835E-001                  1.9451867721964167E-002                  0.0000000000000000E+000                  1.7709946901480699E+008                  5.0060256979469344E+007                  4.5403767564136201E-002                  1.0872990370876371E+002                  3.3500785369375445E-033                  3.9216724090790661E-001                  1.6256802120636171E+010                 -5.9401469222365103E-013                  2.8538944311366096E-015                 -9.8999999999999986E+001                  2.9770459593652241E+000                  3.2156065867250554E+000                  3.3661215845570460E+000 
                                     884                  1.7434940068952720E-001                 -7.7209842849827715E-001                  7.3716257047872213E+000                  1.6378965703326147E+000                  1.6822073518112482E+001                  2.1827400870169104E-002                  9.5872073140787639E-001                  1.9451867721954508E-002                  0.0000000000000000E+000                  1.7717379415961748E+008                  5.0147308145433985E+007                  4.6882500100703314E-002                  1.1553873375438320E+002                  3.9120317188765245E-033                  3.9067327265953172E-001                  1.6415565570518019E+010                 -6.2628810622115265E-013                  2.6934626724966490E-015                 -9.8999999999999986E+001                  2.9820078088203505E+000                  3.2205684361801818E+000                  3.3710834340121725E+000 
                                     885                  1.7229980731434891E-001                 -7.7410701326639109E-001                  7.3726174369808977E+000                  1.6394530258988205E+000                  1.6824651745764655E+001                  2.1827400869554918E-002                  9.5872073140849756E-001                  1.9451867721947513E-002                  0.0000000000000000E+000                  1.7722364184274286E+008                  5.0205396868946955E+007                  4.7902610568761564E-002                  1.2030923684320278E+002                  4.3379403391421948E-033                  3.8967934920874464E-001                  1.6496625270462967E+010                 -6.4239129321056241E-013                  2.1388544378429104E-015                 -9.8999999999999986E+001                  2.9845192271389105E+000                  3.2230798544987418E+000                  3.3735948523307324E+000 
                                     886                  1.7025021393917061E-001                 -7.7613652130403021E-001                  7.3740943056566506E+000                  1.6417685723262270E+000                  1.6828488153585340E+001                  2.1827400868627538E-002                  9.5872073140943526E-001                  1.9451867721937188E-002                  0.0000000000000000E+000                  1.7729830521487233E+008                  5.0291975321091726E+007                  4.9474615407884392E-002                  1.2777411524805424E+002                  5.0593347905238517E-033                  3.8820245582216706E-001                  1.6578910907861460E+010                 -6.5566161878295301E-013                  4.0885241955936317E-015                 -9.8999999999999986E+001                  2.9870514704570930E+000                  3.2256120978169243E+000                  3.3761270956489149E+000 
                                     887                  1.6619617455545321E-001                 -7.8021450912972723E-001                  7.3760602289165353E+000                  1.6448580244566620E+000                  1.6833600545557086E+001                  2.1827400867361579E-002                  9.5872073141071579E-001                  1.9451867721922644E-002                  0.0000000000000000E+000                  1.7739808424374825E+008                  5.0407357080079585E+007                  5.1671343777338098E-002                  1.3842456869465965E+002                  6.2088193575446947E-033                  3.8624523782571940E-001                  1.6745212495308956E+010                 -6.8623826383330349E-013                  2.6304017398823165E-015                 -9.8999999999999986E+001                  2.9921242309355054E+000                  3.2306848582953362E+000                  3.3811998561273269E+000 
                                     888                  1.6214213517173581E-001                 -7.8438053406699981E-001                  7.3780180707331571E+000                  1.6479376213300636E+000                  1.6838693037515565E+001                  2.1827400866068804E-002                  9.5872073141202407E-001                  1.9451867721907101E-002                  0.0000000000000000E+000                  1.7749808437355202E+008                  5.0522414006234527E+007                  5.3983541350302769E-002                  1.4989943511757829E+002                  7.6127144914791351E-033                  3.8430492091463475E-001                  1.6916382861660149E+010                 -7.1348624031607730E-013                  3.2120991768641111E-015                 -9.8999999999999986E+001                  2.9972858456874820E+000                  3.2358464730473133E+000                  3.3863614708793039E+000 
                                     889                  1.5813519861506786E-001                 -7.8858904311165967E-001                  7.3799680921186486E+000                  1.6510075457536058E+000                  1.6843766087409008E+001                  2.1827400864749651E-002                  9.5872073141335956E-001                  1.9451867721890781E-002                  0.0000000000000000E+000                  1.7759831671494165E+008                  5.0637158261247262E+007                  5.6417819006641917E-002                  1.6225880610849956E+002                  9.3263179138316834E-033                  3.8238127021243851E-001                  1.7090702596549736E+010                 -7.3982469062455779E-013                  3.1206924565870392E-015                 -9.8999999999999986E+001                  3.0024791579149475E+000                  3.2410397852747788E+000                  3.3915547831067694E+000 
                                     890                  1.5412826205839988E-001                 -7.9289258182032174E-001                  7.3819102070099003E+000                  1.6540678603439622E+000                  1.6848819696157818E+001                  2.1827400863404473E-002                  9.5872073141472214E-001                  1.9451867721873350E-002                  0.0000000000000000E+000                  1.7769875616986433E+008                  5.0751583849925481E+007                  5.8980755482643046E-002                  1.7556472533968773E+002                  1.1416487242303839E-032                  3.8047449996070298E-001                  1.7270440995059231E+010                 -7.6422186403987417E-013                  3.8370501469462700E-015                 -9.8999999999999986E+001                  3.0077684722124882E+000                  3.2463290995723195E+000                  3.3968440974043101E+000 
                                     891                  1.5017048129674038E-001                 -7.9724151804786914E-001                  7.3838446787327277E+000                  1.6571186922081609E+000                  1.6853854318710997E+001                  2.1827400862033691E-002                  9.5872073141611136E-001                  1.9451867721854921E-002                  0.0000000000000000E+000                  1.7779941576626647E+008                  5.0865706378054731E+007                  6.1679666026286356E-002                  1.8988551824846741E+002                  1.3964767614848402E-032                  3.7858437922527505E-001                  1.7453624039143509E+010                 -7.8834128788975523E-013                  3.4055955853348316E-015                 -9.8999999999999986E+001                  3.0130922581382920E+000                  3.2516528854981228E+000                  3.4021678833301139E+000 
                                     892                  1.4621270053508084E-001                 -8.0169328562037667E-001                  7.3857714120366627E+000                  1.6601600467021049E+000                  1.6858869940878783E+001                  2.1827400860637652E-002                  9.5872073141752667E-001                  1.9451867721835714E-002                  0.0000000000000000E+000                  1.7790027698903415E+008                  5.0979521332581215E+007                  6.4521804831570842E-002                  2.0529153772899664E+002                  1.7069744778012320E-032                  3.7671113322812089E-001                  1.7642778730013100E+010                 -8.1095091228736714E-013                  3.1976796537098566E-015                 -9.8999999999999986E+001                  3.0185202664476241E+000                  3.2570808938074549E+000                  3.4075958916394455E+000 
                                     893                  1.4230623452260516E-001                 -8.0619368776382550E-001                  7.3876906733025418E+000                  1.6631919933883286E+000                  1.6863867015476480E+001                  2.1827400859216743E-002                  9.5872073141896819E-001                  1.9451867721815064E-002                  0.0000000000000000E+000                  1.7800135220380962E+008                  5.1093048762722291E+007                  6.7515253947583190E-002                  2.2186036603599845E+002                  2.0851730347225253E-032                  3.7485452723711360E-001                  1.7835717069331455E+010                 -8.3155770572535467E-013                  3.4472322410934016E-015                 -9.8999999999999986E+001                  3.0239858682682477E+000                  3.2625464956280790E+000                  3.4130614934600696E+000 
                                     894                  1.3839976851012947E-001                 -8.1080566405389964E-001                  7.3891285223992327E+000                  1.6654685095184234E+000                  1.6867614799914705E+001                  2.1827400858130164E-002                  9.5872073142007086E-001                  1.9451867721798966E-002                  0.0000000000000000E+000                  1.7807733448085195E+008                  5.1178204509395756E+007                  6.9870621552324638E-002                  2.3513173067491851E+002                  2.4227837868672957E-032                  3.7347063644498446E-001                  1.8035193810894772E+010                 -8.5176988807295258E-013                  3.0634112887494456E-015                 -9.8999999999999986E+001                  3.0295651078693560E+000                  3.2681257352291873E+000                  3.4186407330611779E+000 
                                     895                  1.3647333015152530E-001                 -8.1312300170011764E-001                  7.3900791984082783E+000                  1.6669720723109414E+000                  1.6870090770710540E+001                  2.1827400857403922E-002                  9.5872073142080805E-001                  1.9451867721788085E-002                  0.0000000000000000E+000                  1.7812784704061413E+008                  5.1234558986515291E+007                  7.1482785252374184E-002                  2.4433143322311565E+002                  2.6756522769674339E-032                  3.7255811560560470E-001                  1.8136133062178078E+010                 -8.6166504967950000E-013                  2.7337699004295015E-015                 -9.8999999999999986E+001                  3.0323602174095172E+000                  3.2709208447693485E+000                  3.4214358426013392E+000 
                                     896                  1.3454689179292112E-001                 -8.1546983309285581E-001                  7.3915066984961628E+000                  1.6692273920495329E+000                  1.6873805727640427E+001                  2.1827400856301703E-002                  9.5872073142192715E-001                  1.9451867721771099E-002                  0.0000000000000000E+000                  1.7820410587310073E+008                  5.1319258292123206E+007                  7.3988871412101129E-002                  2.5881295225941983E+002                  3.1060825047872782E-032                  3.7119170277520047E-001                  1.8238915799967102E+010                 -8.7085981871586909E-013                  2.9440047302519922E-015                 -9.8999999999999986E+001                  3.0351852160622870E+000                  3.2737458434221178E+000                  3.4242608412541085E+000 
                                     897                  1.3069401507571277E-001                 -8.2025547563235368E-001                  7.3943421222176031E+000                  1.6737041634595493E+000                  1.6881180214028959E+001                  2.1827400854066967E-002                  9.5872073142419778E-001                  1.9451867721735239E-002                  0.0000000000000000E+000                  1.7835682509548986E+008                  5.1487797232730843E+007                  7.9288467826328535E-002                  2.9012518659814538E+002                  4.1792039469221080E-032                  3.6849267434548993E-001                  1.8450186681859890E+010                 -8.8794826225424908E-013                  3.4166584492170107E-015                 -9.8999999999999986E+001                  3.0409287846053057E+000                  3.2794894119651370E+000                  3.4300044097971276E+000 
                                     898                  1.2310024238138073E-001                 -8.3007242185819818E-001                  7.3971763471522980E+000                  1.6782098169953237E+000                  1.6888580499268180E+001                  2.1827400851750653E-002                  9.5872073142655367E-001                  1.9451867721695715E-002                  0.0000000000000000E+000                  1.7850979189712250E+008                  5.1656701309697561E+007                  8.5053466815284126E-002                  3.2516619565720026E+002                  5.6277084858957330E-032                  3.6582270825107982E-001                  1.8889725568138062E+010                 -9.1891021765832182E-013                  3.1596654439549525E-015                 -9.8999999999999986E+001                  3.0526435107487595E+000                  3.2912041381085904E+000                  3.4417191359405810E+000 
                                     899                  1.1936188652749145E-001                 -8.3510781792690969E-001                  7.3990518996702521E+000                  1.6811839813605221E+000                  1.6893469882505315E+001                  2.1827400850187539E-002                  9.5872073142814440E-001                  1.9451867721668070E-002                  0.0000000000000000E+000                  1.7861213505921271E+008                  5.1768741612154208E+007                  8.9141848347391431E-002                  3.5060496450042928E+002                  6.8560918753248822E-032                  3.6406637757074994E-001                  1.9118604716320171E+010                 -9.3188709211479895E-013                  3.5008470418402605E-015                 -9.8999999999999986E+001                  3.0586183378268514E+000                  3.2971789651866827E+000                  3.4476939630186734E+000 
                                     900                  1.1562353067360220E-001                 -8.4028844372463252E-001                  7.4009203274530311E+000                  1.6841480134308033E+000                  1.6898341863089179E+001                  2.1827400848601849E-002                  9.5872073142975933E-001                  1.9451867721638871E-002                  0.0000000000000000E+000                  1.7871470024822927E+008                  5.1880589496869422E+007                  9.3447950656094583E-002                  3.7789267169885051E+002                  8.3506427070940834E-032                  3.6232678303979421E-001                  1.9356811365926605E+010                 -9.4493364843764584E-013                  2.5730676194959793E-015                 -9.8999999999999986E+001                  3.0647419471829358E+000                  3.3033025745427671E+000                  3.4538175723747577E+000 
                                     901                  1.1194639889983792E-001                 -8.4553515488510067E-001                  7.4027819175917946E+000                  1.6871019117264061E+000                  1.6903196897109687E+001                  2.1827400846993850E-002                  9.5872073143139758E-001                  1.9451867721608562E-002                  0.0000000000000000E+000                  1.7881751747562343E+008                  5.1992269822222516E+007                  9.7983662745800684E-002                  4.0715672873047782E+002                  1.0169552140917003E-031                  3.6060356304294977E-001                  1.9600769918042774E+010                 -9.5514350286934546E-013                  3.0192167202306850E-015                 -9.8999999999999986E+001                  3.0709203719924671E+000                  3.3094809993522980E+000                  3.4599959971842886E+000 
                                     902                  1.0826926712607365E-001                 -8.5094159650683399E-001                  7.4046365242986347E+000                  1.6900457302720893E+000                  1.6908034892180900E+001                  2.1827400845363887E-002                  9.5872073143305958E-001                  1.9451867721576477E-002                  0.0000000000000000E+000                  1.7892056657255745E+008                  5.2103771451565415E+007                  1.0276055034254820E-001                  4.3852637741021459E+002                  1.2383559886794923E-031                  3.5889681876708657E-001                  1.9855056591500973E+010                 -9.6401398703870517E-013                  3.4558850770111069E-015                 -9.8999999999999986E+001                  3.0772630302258346E+000                  3.3158236575856654E+000                  3.4663386554176561E+000 
                                     903                  1.0465622318553768E-001                 -8.5642005560205670E-001                  7.4064844418966969E+000                  1.6929796262719183E+000                  1.6912856308917743E+001                  2.1827400843712243E-002                  9.5872073143474468E-001                  1.9451867721543059E-002                  0.0000000000000000E+000                  1.7902386907961431E+008                  5.2215110768347338E+007                  1.0779171599635505E-001                  4.7214569796644906E+002                  1.5079744383283840E-031                  3.5720611050953371E-001                  2.0115778467322929E+010                 -9.7243751020088281E-013                  2.8349706374666508E-015                 -9.8999999999999986E+001                  3.0836661109881138E+000                  3.3222267383479451E+000                  3.4727417361799358E+000 
                                     904                  1.0104317924500171E-001                 -8.6207492825481025E-001                  7.4092345312130892E+000                  1.6973351423477263E+000                  1.6920021330656922E+001                  2.1827400841210577E-002                  9.5872073143729886E-001                  1.9451867721490546E-002                  0.0000000000000000E+000                  1.7917925691950038E+008                  5.2381252349753484E+007                  1.1581252470956130E-001                  5.2691019472508128E+002                  2.0245893017170083E-031                  3.5470583581880832E-001                  2.0388313423860420E+010                 -9.7863310904910247E-013                  3.1710126083886078E-015                 -9.8999999999999986E+001                  3.0902504083900357E+000                  3.3288110357498666E+000                  3.4793260335818572E+000 
                                     905                  9.3951373843738736E-002                 -8.7373869950946625E-001                  7.4119883460810119E+000                  1.7017240160580400E+000                  1.6927223586657295E+001                  2.1827400838629756E-002                  9.5872073143993741E-001                  1.9451867721432814E-002                  0.0000000000000000E+000                  1.7933520911242881E+008                  5.2548150212432206E+007                  1.2454547987654670E-001                  5.8803810027497025E+002                  2.7251868491978230E-031                  3.5222913814192430E-001                  2.0960753183251575E+010                 -9.8755654564392625E-013                  3.0485433622112428E-015                 -9.8999999999999986E+001                  3.1037553614047670E+000                  3.3423159887645983E+000                  3.4928309865965890E+000 
                                     906                  9.0475878351894412E-002                 -8.7975481381714171E-001                  7.4138097556089839E+000                  1.7046191772462660E+000                  1.6931979882565827E+001                  2.1827400836894519E-002                  9.5872073144171288E-001                  1.9451867721392624E-002                  0.0000000000000000E+000                  1.7943948281771564E+008                  5.2658833962018944E+007                  1.3073094057138571E-001                  6.3223700291438911E+002                  3.3211572791301455E-031                  3.5060126881879988E-001                  2.1261636004011272E+010                 -9.9008218451507656E-013                  2.7924430530933129E-015                 -9.8999999999999986E+001                  3.1106825157196476E+000                  3.3492431430794785E+000                  3.4997581409114691E+000 
                                     907                  8.7000382860050074E-002                 -8.8598920967265149E-001                  7.4156245761473807E+000                  1.7075048821936656E+000                  1.6936720160036277E+001                  2.1827400835139264E-002                  9.5872073144351033E-001                  1.9451867721350435E-002                  0.0000000000000000E+000                  1.7954398515540192E+008                  5.2769351112255812E+007                  1.3724229341564101E-001                  6.7952400026815769E+002                  4.0490189036282061E-031                  3.4898878105744952E-001                  2.1577807900392998E+010                 -9.9037461798759998E-013                  3.2290734218149209E-015                 -9.8999999999999986E+001                  3.1178339633653938E+000                  3.3563945907252246E+000                  3.5069095885572152E+000 
                                     908                  8.3598800263300119E-002                 -8.9231943029024563E-001                  7.4174331302947820E+000                  1.7103812805247851E+000                  1.6941444901972382E+001                  2.1827400833364291E-002                  9.5872073144532910E-001                  1.9451867721306582E-002                  0.0000000000000000E+000                  1.7964874854153192E+008                  5.2879718854440510E+007                  1.4409682661932419E-001                  7.3010571490374025E+002                  4.9388158307163436E-031                  3.4739118185185969E-001                  2.1903295672730495E+010                 -9.9010532621518712E-013                  2.6567247356057385E-015                 -9.8999999999999986E+001                  3.1250682390346598E+000                  3.3636288663944907E+000                  3.5141438642264813E+000 
                                     909                  8.0197217666550191E-002                 -8.9889445807636181E-001                  7.4192352172917495E+000                  1.7132484178421723E+000                  1.6946153943176945E+001                  2.1827400831570046E-002                  9.5872073144716896E-001                  1.9451867721260951E-002                  0.0000000000000000E+000                  1.7975373878101200E+008                  5.2989923764770895E+007                  1.5131086391244555E-001                  7.8418779697206787E+002                  6.0273957634221859E-031                  3.4580858140026655E-001                  2.2246202595603092E+010                 -9.8773604009145359E-013                  2.6101242145137768E-015                 -9.8999999999999986E+001                  3.1325542578281107E+000                  3.3711148851879420E+000                  3.5216298830199326E+000 
                                     910                  7.6873325854435848E-002                 -9.0557605119766682E-001                  7.4210311720302613E+000                  1.7161064416618479E+000                  1.6950847777532815E+001                  2.1827400829756885E-002                  9.5872073144903003E-001                  1.9451867721213101E-002                  0.0000000000000000E+000                  1.7985898809296989E+008                  5.3099984429732822E+007                  1.5890333280368737E-001                  8.4200287207676251E+002                  7.3606216556354844E-031                  3.4424047413738978E-001                  2.2599796339159977E+010                 -9.8383200710312877E-013                  2.5409288129464482E-015                 -9.8999999999999986E+001                  3.1401332552412557E+000                  3.3786938826010871E+000                  3.5292088804330777E+000 
                                     911                  7.3549434042321504E-002                 -9.1253394799187160E-001                  7.4237017210755569E+000                  1.7203462273802377E+000                  1.6957817848374280E+001                  2.1827400827020949E-002                  9.5872073145184022E-001                  1.9451867721138827E-002                  0.0000000000000000E+000                  1.8001712121932963E+008                  5.3264069311888285E+007                  1.7098192853030228E-001                  9.3578277269226896E+002                  9.9326711719440095E-031                  3.4192335592173723E-001                  2.2973764532189346E+010                 -9.7795316646880359E-013                  2.7860032744290451E-015                 -9.8999999999999986E+001                  3.1479960291972420E+000                  3.3865566565570733E+000                  3.5370716543890639E+000 
                                     912                  6.7065210695105737E-002                 -9.2700337402940192E-001                  7.4263825369231879E+000                  1.7246285362939293E+000                  1.6964841006150454E+001                  2.1827400824207834E-002                  9.5872073145473491E-001                  1.9451867721057226E-002                  0.0000000000000000E+000                  1.8017619176508009E+008                  5.3429297702368140E+007                  1.8414326865401326E-001                  1.0403040615458185E+003                  1.3465319833571072E-030                  3.3962191632188204E-001                  2.3769709369827911E+010                 -9.6203291526381980E-013                  2.7158004705774848E-015                 -9.8999999999999986E+001                  3.1642560713554024E+000                  3.4028166987152337E+000                  3.5533316965472244E+000 
                                     913                  6.3909327971555463E-002                 -9.3452924362795942E-001                  7.4281540347951793E+000                  1.7274509372761804E+000                  1.6969474899631216E+001                  2.1827400822323855E-002                  9.5872073145667513E-001                  1.9451867721001048E-002                  0.0000000000000000E+000                  1.8028242381917959E+008                  5.3538766036791064E+007                  1.9344371889516770E-001                  1.1155687024595047E+003                  1.6495581505784531E-030                  3.3811049542011540E-001                  2.4193808759792469E+010                 -9.5154932637176326E-013                  2.8052143278901107E-015                 -9.8999999999999986E+001                  3.1726665086615187E+000                  3.4112271360213495E+000                  3.5617421338533402E+000 
                                     914                  6.0753445248005182E-002                 -9.4241506685344711E-001                  7.4299194026345852E+000                  1.7302646286088343E+000                  1.6974093982488377E+001                  2.1827400820423653E-002                  9.5872073145863368E-001                  1.9451867720942650E-002                  0.0000000000000000E+000                  1.8038888364872035E+008                  5.3648080333782852E+007                  2.0322361021459553E-001                  1.1958973676082135E+003                  2.0225954582756861E-030                  3.3661296285159531E-001                  2.4646063973379383E+010                 -9.3958138533326250E-013                  2.5781386019275485E-015                 -9.8999999999999986E+001                  3.1814461767656428E+000                  3.4200068041254741E+000                  3.5705218019574647E+000 
                                     915                  5.7688659168647627E-002                 -9.5045398608250176E-001                  7.4316790250170541E+000                  1.7330697535769664E+000                  1.6978698796671857E+001                  2.1827400818507776E-002                  9.5872073146061032E-001                  1.9451867720881921E-002                  0.0000000000000000E+000                  1.8049560872155637E+008                  5.3757263374659970E+007                  2.1350769522794349E-001                  1.2816207423960079E+003                  2.4824050823440691E-030                  3.3512877764700394E-001                  2.5115365191257053E+010                 -9.2592423678902088E-013                  2.5131054498410145E-015                 -9.8999999999999986E+001                  3.1903630057693912E+000                  3.4289236331292221E+000                  3.5794386309612127E+000 
                                     916                  5.4623873089290065E-002                 -9.5890926438627044E-001                  7.4342928062779663E+000                  1.7372270310099516E+000                  1.6985529836974560E+001                  2.1827400815627191E-002                  9.5872073146358516E-001                  1.9451867720787663E-002                  0.0000000000000000E+000                  1.8065574368166864E+008                  5.3919861991092145E+007                  2.2982935864078544E-001                  1.4201908023290785E+003                  3.3755472562874735E-030                  3.3293778081341829E-001                  2.5618333094032753E+010                 -9.1016879401283609E-013                  2.5444910000184087E-015                 -9.8999999999999986E+001                  3.1997065640694773E+000                  3.4382671914293086E+000                  3.5887821892612992E+000 
                                     917                  4.8687216684659695E-002                 -9.7665977111738722E-001                  7.4369238580805783E+000                  1.7414371814206879E+000                  1.6992431481711254E+001                  2.1827400812672964E-002                  9.5872073146664172E-001                  1.9451867720685301E-002                  0.0000000000000000E+000                  1.8081725589550781E+008                  5.4084033548588522E+007                  2.4763374732294713E-001                  1.5746297534753292E+003                  4.6174914968972598E-030                  3.3075520289974170E-001                  2.6705206556950043E+010                 -8.7421824871271106E-013                  2.1356773948076301E-015                 -9.8999999999999986E+001                  3.2192125508818759E+000                  3.4577731782417067E+000                  3.6082881760736973E+000 
                                     918                  4.5821296457631659E-002                 -9.8598220226039968E-001                  7.4386604111737924E+000                  1.7442087898063019E+000                  1.6996979860253134E+001                  2.1827400810702623E-002                  9.5872073146868275E-001                  1.9451867720614580E-002                  0.0000000000000000E+000                  1.8092497048038033E+008                  5.4192667950286403E+007                  2.6018359546548137E-001                  1.6854629020728607E+003                  5.6900609397039671E-030                  3.2932342139995607E-001                  2.7293518721294861E+010                 -8.5298388131868768E-013                  2.7358611693831337E-015                 -9.8999999999999986E+001                  3.2294003498272117E+000                  3.4679609771870425E+000                  3.6184759750190332E+000 
                                     919                  4.2955376230603637E-002                 -9.9588093874865857E-001                  7.4403911263687847E+000                  1.7469721931195492E+000                  1.7001514225615150E+001                  2.1827400808721309E-002                  9.5872073147073678E-001                  1.9451867720541971E-002                  0.0000000000000000E+000                  1.8103290578694004E+008                  5.4301156662935562E+007                  2.7336666034947960E-001                  1.8035521972213810E+003                  7.0186954541219693E-030                  3.2790455578385758E-001                  2.7932056982410091E+010                 -8.3075822053538137E-013                  2.2561374444567700E-015                 -9.8999999999999986E+001                  3.2401775123952667E+000                  3.4787381397550976E+000                  3.6292531375870882E+000 
                                     920                  4.0198527198976430E-002                 -1.0060204846069707E+000                  7.4421164683500365E+000                  1.7497275340574998E+000                  1.7006035203338460E+001                  2.1827400806729940E-002                  9.5872073147280357E-001                  1.9451867720466476E-002                  0.0000000000000000E+000                  1.8114111800533766E+008                  5.4409526493614562E+007                  2.8721529299970816E-001                  1.9293660465499970E+003                  8.6663846080963557E-030                  3.2649801284683200E-001                  2.8601072284677055E+010                 -8.0694035836652971E-013                  2.0683478726587632E-015                 -9.8999999999999986E+001                  3.2511758399915052E+000                  3.4897364673513360E+000                  3.6402514651833267E+000 
                                     921                  3.7441678167349224E-002                 -1.0168524662759859E+000                  7.4446748013312218E+000                  1.7538041910048832E+000                  1.7012730400697073E+001                  2.1827400803751947E-002                  9.5872073147589731E-001                  1.9451867720350791E-002                  0.0000000000000000E+000                  1.8130315298152143E+008                  5.4570621108630724E+007                  3.0912167990710548E-001                  2.1319166286510958E+003                  1.1883155890351247E-029                  3.2442521117895368E-001                  2.9333090090402676E+010                 -7.8068518514745333E-013                  1.9889757885024251E-015                 -9.8999999999999986E+001                  3.2628813692780718E+000                  3.5014419966379031E+000                  3.6519569944698937E+000 
                                     922                  3.2161205852982988E-002                 -1.0399419551697708E+000                  7.4472611813719647E+000                  1.7579502285513635E+000                  1.7019523747378269E+001                  2.1827400800709156E-002                  9.5872073147906545E-001                  1.9451867720225446E-002                  0.0000000000000000E+000                  1.8146726490855798E+008                  5.4733969463635065E+007                  3.3307809543191486E-001                  2.3580520436917000E+003                  1.6411231730778072E-029                  3.2235118541476665E-001                  3.0953898496679077E+010                 -7.2322558107571744E-013                  1.9935625737019076E-015                 -9.8999999999999986E+001                  3.2876936726214505E+000                  3.5262542999812818E+000                  3.6767692978132724E+000 
                                     923                  2.9646228839586449E-002                 -1.0522608373041424E+000                  7.4489647330753890E+000                  1.7606739957293058E+000                  1.7023991521973830E+001                  2.1827400798693213E-002                  9.5872073148116677E-001                  1.9451867720140070E-002                  0.0000000000000000E+000                  1.8157647514392209E+008                  5.4841831335436165E+007                  3.4990545855430777E-001                  2.5196737897756002E+003                  2.0338015695523617E-029                  3.2099338667964222E-001                  3.1853919559330517E+010                 -6.9262791582430080E-013                  1.5761633737600995E-015                 -9.8999999999999986E+001                  3.3008586209938318E+000                  3.5394192483536631E+000                  3.6899342461856537E+000 
                                     924                  2.7131251826189917E-002                 -1.0656381327330711E+000                  7.4514857915348482E+000                  1.7646963305273897E+000                  1.7030595237351204E+001                  2.1827400795695732E-002                  9.5872073148429449E-001                  1.9451867720009730E-002                  0.0000000000000000E+000                  1.8173965027785319E+008                  5.5001850695692301E+007                  3.7644233781218717E-001                  2.7789732229796273E+003                  2.8011112717158988E-029                  3.1899641561794828E-001                  3.2860634067062294E+010                 -6.5893844225395291E-013                  1.7066172043750532E-015                 -9.8999999999999986E+001                  3.3151011030204964E+000                  3.5536617303803277E+000                  3.7041767282123184E+000 
                                     925                  2.2371956367525314E-002                 -1.0946345212724977E+000                  7.4540464450600439E+000                  1.7688061342720292E+000                  1.7037327023323698E+001                  2.1827400792645505E-002                  9.5872073148748505E-001                  1.9451867719869398E-002                  0.0000000000000000E+000                  1.8190567852735054E+008                  5.5164863892759033E+007                  4.0556284011380017E-001                  3.0693485561224775E+003                  3.8898674945304476E-029                  3.1698932317016443E-001                  3.5149786205780579E+010                 -5.8795177285922663E-013                  1.5293811328458926E-015                 -9.8999999999999986E+001                  3.3458002462748548E+000                  3.5843608736346861E+000                  3.7348758714666768E+000 
                                     926                  2.0139600747144604E-002                 -1.1103770685973990E+000                  7.4557290132394645E+000                  1.7714995548420638E+000                  1.7041743635733905E+001                  2.1827400790639963E-002                  9.5872073148958481E-001                  1.9451867719775251E-002                  0.0000000000000000E+000                  1.8201589219410223E+008                  5.5272244378069222E+007                  4.2594935972160097E-001                  3.2761280575503915E+003                  4.8341530012626441E-029                  3.1567915342106206E-001                  3.6457416956232605E+010                 -5.5073446040530078E-013                  1.3496286554640047E-015                 -9.8999999999999986E+001                  3.3623752254262831E+000                  3.6009358527861144E+000                  3.7514508506181050E+000 
                                     927                  1.7907245126763893E-002                 -1.1279266965351042E+000                  7.4574060876349195E+000                  1.7741855278424408E+000                  1.7046147332892676E+001                  2.1827400788645770E-002                  9.5872073149167569E-001                  1.9451867719678551E-002                  0.0000000000000000E+000                  1.8212630744919503E+008                  5.5379484688082881E+007                  4.4732287231733114E-001                  3.4958568483661752E+003                  6.0105996863358634E-029                  3.1438146663488298E-001                  3.7971823953628883E+010                 -5.1045768239054333E-013                  1.3811892142012616E-015                 -9.8999999999999986E+001                  3.3807838656348701E+000                  3.6193444929947010E+000                  3.7698594908266916E+000 
                                     928                  1.5836760298253649E-002                 -1.1462352661954942E+000                  7.4590784515701234E+000                  1.7768642116519988E+000                  1.7050539090646399E+001                  2.1827400786641592E-002                  9.5872073149377912E-001                  1.9451867719579297E-002                  0.0000000000000000E+000                  1.8223702418898538E+008                  5.5486633757111959E+007                  4.6973567297019342E-001                  3.7293819675025720E+003                  7.4771313587080623E-029                  3.1309560460121449E-001                  3.9058637531081779E+010                 -4.7496418044784465E-013                  1.2138438974416266E-015                 -9.8999999999999986E+001                  3.3999172392756591E+000                  3.6384778666354904E+000                  3.7889928644674811E+000 
                                     929                  1.3766275469743404E-002                 -1.1670605793205171E+000                  7.4615386161247184E+000                  1.7807971284602269E+000                  1.7056992496848206E+001                  2.1827400783614004E-002                  9.5872073149696102E-001                  1.9451867719424976E-002                  0.0000000000000000E+000                  1.8240140832194683E+008                  5.5644639560372926E+007                  5.0480927990686109E-001                  4.1009634382717759E+003                  1.0328059371139923E-028                  3.1121800322698584E-001                  3.9014539201839111E+010                 -4.4586611482487404E-013                  1.1896855317245858E-015                 -9.8999999999999986E+001                  3.4215995010382358E+000                  3.6601601283980667E+000                  3.8106751262300578E+000 
                                     930                  9.9858150264364731E-003                 -1.2146063775195752E+000                  7.4640739413816917E+000                  1.7848742185712165E+000                  1.7063667133418740E+001                  2.1827400780337316E-002                  9.5872073150041359E-001                  1.9451867719249116E-002                  0.0000000000000000E+000                  1.8257107898908874E+008                  5.5807946995991029E+007                  5.4379186172540328E-001                  4.5222098493127096E+003                  1.4439811156136461E-028                  3.0930624633213799E-001                  3.8927678628472946E+010                 -3.8211000381603506E-013                  9.2120569662382050E-016                 -9.8999999999999986E+001                  3.4708234653478498E+000                  3.7093840927076807E+000                  3.8598990905396713E+000 
                                     931                  8.3001612395128248E-003                 -1.2418836731357796E+000                  7.4657265176093111E+000                  1.7875243824466460E+000                  1.7068010763397840E+001                  2.1827400778145999E-002                  9.5872073150272519E-001                  1.9451867719128768E-002                  0.0000000000000000E+000                  1.8268281641367349E+008                  5.5914656288767718E+007                  5.7083067056457681E-001                  4.8193096057206485E+003                  1.7983220907992903E-028                  3.0806990791748162E-001                  3.8885752770585442E+010                 -3.4740607179417898E-013                  9.3584803536319390E-016                 -9.8999999999999986E+001                  3.4989078503720337E+000                  3.7374684777318645E+000                  3.8879834755638556E+000 
                                     932                  6.6145074525891800E-003                 -1.2752923309077417E+000                  7.4673735799586680E+000                  1.7901675709940872E+000                  1.7072341916951522E+001                  2.1827400775904216E-002                  9.5872073150509307E-001                  1.9451867719002758E-002                  0.0000000000000000E+000                  1.8279471232369813E+008                  5.6021214579414554E+007                  5.9914321012773686E-001                  5.1345105856802165E+003                  2.2396484869359257E-028                  3.0684676258961291E-001                  3.8841347286752953E+010                 -3.0784826277509087E-013                  7.4002891412127089E-016                 -9.8999999999999986E+001                  3.5331763121183988E+000                  3.7717369394782296E+000                  3.9222519373102203E+000 
                                     933                  5.1680231222603901E-003                 -1.3115205639307024E+000                  7.4696689458398273E+000                  1.7938432463660989E+000                  1.7078370376613975E+001                  2.1827400772700171E-002                  9.5872073150848203E-001                  1.9451867718817795E-002                  0.0000000000000000E+000                  1.8295208128709012E+008                  5.6170060454923630E+007                  6.4098255372603186E-001                  5.6077135837372061E+003                  3.0441768103848796E-028                  3.0515591826014793E-001                  3.8800535285531944E+010                 -2.6843048060492395E-013                  7.2943825681948608E-016                 -9.8999999999999986E+001                  3.5701986789326035E+000                  3.8087593062924343E+000                  3.9592743041244254E+000 
                                     934                  2.5698168458623272E-003                 -1.4137458338598630E+000                  7.4723319707540039E+000                  1.7981329149657674E+000                  1.7085389738929052E+001                  2.1827400768789716E-002                  9.5872073151262904E-001                  1.9451867718581206E-002                  0.0000000000000000E+000                  1.8313492635898304E+008                  5.6343246768794991E+007                  6.9328902729722386E-001                  6.2109680228769739E+003                  4.3527549687255777E-028                  3.0322030660154620E-001                  3.8714412867027588E+010                 -1.7893717523901468E-013                  4.5418711484008332E-016                 -9.8999999999999986E+001                  3.6740906388139143E+000                  3.9126512661737451E+000                  4.0631662640057353E+000 
                                     935                  1.4180948997930540E-003                 -1.5003983294394647E+000                  7.4739196430329056E+000                  1.8006860879320605E+000                  1.7089570619741831E+001                  2.1827400766388855E-002                  9.5872073151517911E-001                  1.9451867718431992E-002                  0.0000000000000000E+000                  1.8324493412078783E+008                  5.6446756689604253E+007                  7.2649829536095323E-001                  6.6004460924871555E+003                  5.3901684017658741E-028                  3.0207730004675554E-001                  3.8667265547278496E+010                 -1.2430651316638807E-013                  3.2622636878859817E-016                 -9.8999999999999986E+001                  3.7616508859212074E+000                  4.0002115132810383E+000                  4.1507265111130289E+000 
                                     936                  7.2404911969758956E-004                 -1.5981483996921937E+000                  7.4750352393697881E+000                  1.8024804179108989E+000                  1.7092508773122372E+001                  2.1827400764665290E-002                  9.5872073151701220E-001                  1.9451867718322524E-002                  0.0000000000000000E+000                  1.8332256758033872E+008                  5.6519604617640443E+007                  7.5078982926071991E-001                  6.8883837831899100E+003                  6.2652347860558288E-028                  3.0127948499231505E-001                  3.8632455216582695E+010                 -8.1314783111411053E-014                  2.2008278803762030E-016                 -9.8999999999999986E+001                  3.8600740139009244E+000                  4.0986346412607553E+000                  4.2491496390927459E+000 
                                     937                  3.7702622964985721E-004                 -1.6928856679099844E+000                  7.4757266204424688E+000                  1.8035921119516869E+000                  1.7094329388480123E+001                  2.1827400763582600E-002                  9.5872073151816417E-001                  1.9451867718253246E-002                  0.0000000000000000E+000                  1.8337084293338349E+008                  5.6564799405286066E+007                  7.6625309391568974E-001                  7.0729849016033750E+003                  6.8780444738730345E-028                  3.0078721083846888E-001                  3.8610858850257423E+010                 -5.3460241925682406E-014                  9.5794435008379012E-017                 -9.8999999999999986E+001                  3.9552293641038121E+000                  4.1937899914636434E+000                  4.3443049892956340E+000 
                                     938                  2.0351478462599101E-004                 -1.7823114438830614E+000                  7.4761504482145540E+000                  1.8042734713343596E+000                  1.7095445345894070E+001                  2.1827400762913347E-002                  9.5872073151887671E-001                  1.9451867718209948E-002                  0.0000000000000000E+000                  1.8340049819559011E+008                  5.6592522742399566E+007                  7.7589036345026630E-001                  7.1885412489639675E+003                  7.2831962334386754E-028                  3.0048626301063869E-001                  3.8597574334971222E+010                 -3.5720030705933625E-014                  1.1509391518340804E-016                 -9.8999999999999986E+001                  4.0449127013932191E+000                  4.2834733287530504E+000                  4.4339883265850411E+000 
                                     939                  1.1675906211405795E-004                 -1.8628477300965924E+000                  7.4764052095080800E+000                  1.8046829848294998E+000                  1.7096116101211155E+001                  2.1827400762509032E-002                  9.5872073151930737E-001                  1.9451867718183635E-002                  0.0000000000000000E+000                  1.8341834668022838E+008                  5.6609193780695982E+007                  7.8174186279313085E-001                  7.2588917404636177E+003                  7.5382055765636471E-028                  3.0030566673359937E-001                  3.8589525247260422E+010                 -2.4824674803226333E-014                  6.0234270812559312E-017                 -9.8999999999999986E+001                  4.1256051915972760E+000                  4.3641658189571073E+000                  4.5146808167890979E+000 
                                     940                  7.3381200858091411E-005                 -1.9301425498307130E+000                  7.4765538249313668E+000                  1.8049218567584531E+000                  1.7096507371291800E+001                  2.1827400762272464E-002                  9.5872073151955917E-001                  1.9451867718168314E-002                  0.0000000000000000E+000                  1.8342876662781036E+008                  5.6618921160715036E+007                  7.8517581666321079E-001                  7.3002425613503274E+003                  7.6910962696613142E-028                  3.0020042049428947E-001                  3.8584767657630821E+010                 -1.8297255014448982E-014                  2.2644781746674044E-017                 -9.8999999999999986E+001                  4.1929923938891802E+000                  4.4315530212490115E+000                  4.5820680190810021E+000 
                                     941                  5.1692270229941606E-005                 -1.9808961311126629E+000                  7.4766651312331742E+000                  1.8051007367500753E+000                  1.7096800392030186E+001                  2.1827400762094985E-002                  9.5872073151974846E-001                  1.9451867718156546E-002                  0.0000000000000000E+000                  1.8343657535801581E+008                  5.6626207645710468E+007                  7.8775759515695809E-001                  7.3313636064783150E+003                  7.8076440379371247E-028                  3.0012164423560950E-001                  3.8582049198964226E+010                 -1.4493366134395922E-014                  3.5911036099786172E-017                 -9.8999999999999986E+001                  4.2437987916494375E+000                  4.4823594190092688E+000                  4.6328744168412594E+000 
                                     942                  3.0003339601953130E-005                 -2.0596877978643158E+000                  7.4767779543145432E+000                  1.8052820702382020E+000                  1.7097097422276171E+001                  2.1827400761914743E-002                  9.5872073151994042E-001                  1.9451867718144888E-002                  0.0000000000000000E+000                  1.8344449267693689E+008                  5.6633594392176442E+007                  7.9038330932585932E-001                  7.3630420889168900E+003                  7.9275947756942743E-028                  3.0004184227363184E-001                  3.8578888032858337E+010                 -1.0109541684708789E-014                  1.8963305312720096E-017                 -9.8999999999999986E+001                  4.3226518889332999E+000                  4.5612125162931312E+000                  4.7117275141251218E+000 
                                     943                  1.5001669793896289E-005                 -2.1600652085274810E+000                  7.4768651062911387E+000                  1.8054221506329517E+000                  1.7097326874951740E+001                  2.1827400761775275E-002                  9.5872073152008896E-001                  1.9451867718135785E-002                  0.0000000000000000E+000                  1.8345061027050385E+008                  5.6639301067819290E+007                  7.9241762714229513E-001                  7.3876048168344869E+003                  8.0215211200054596E-028                  2.9998023029775700E-001                  3.8576194539577423E+010                 -6.3998884656693905E-015                 -6.1862368143130251E-018                 -9.8999999999999986E+001                  4.4230816341586952E+000                  4.6616422615185265E+000                  4.8121572593505171E+000 
                                     944                  7.5008348956965426E-006                 -2.2604299995483976E+000                  7.4769199964244999E+000                  1.8055103742818199E+000                  1.7097471387420232E+001                  2.1827400761687342E-002                  9.5872073152018267E-001                  1.9451867718130011E-002                  0.0000000000000000E+000                  1.8345446427800924E+008                  5.6642895550387748E+007                  7.9370158434266225E-001                  7.4031162197491776E+003                  8.0812517540348151E-028                  2.9994143956253505E-001                  3.8574498257128838E+010                 -4.0138883984851856E-015                  2.7330162426147794E-017                 -9.8999999999999986E+001                  4.5234793851037818E+000                  4.7620400124636131E+000                  4.9125550102956037E+000 
                                     945                  3.7504174467632018E-006                 -2.3607868398927394E+000                  7.4769545702107365E+000                  1.8055659431773452E+000                  1.7097562411211754E+001                  2.1827400761631918E-002                  9.5872073152024173E-001                  1.9451867718126348E-002                  0.0000000000000000E+000                  1.8345689221763974E+008                  5.6645159734378196E+007                  7.9451138722253467E-001                  7.4129028398503860E+003                  8.1191039089309223E-028                  2.9991701181151265E-001                  3.8573429972274895E+010                 -2.5444584896331531E-015                  1.0830833484792394E-017                 -9.8999999999999986E+001                  4.6238569853300913E+000                  4.8624176126899217E+000                  5.0129326105219123E+000 
                                     946                  1.8752087221299977E-006                 -2.4611386649789706E+000                  7.4769763484113270E+000                  1.8056009460023288E+000                  1.7097619747298797E+001                  2.1827400761596987E-002                  9.5872073152027892E-001                  1.9451867718124127E-002                  0.0000000000000000E+000                  1.8345842175271276E+008                  5.6646586001941934E+007                  7.9502191250212428E-001                  7.4190740020423709E+003                  8.1430386691476280E-028                  2.9990162681896709E-001                  3.8572757116489494E+010                 -1.5830857809256198E-015                  2.5274739411114027E-017                 -9.8999999999999986E+001                  4.7242218869030106E+000                  4.9627825142628419E+000                  5.1132975120948325E+000 
                                     947                  9.3760435964686251E-007                 -2.5614873153779540E+000                  7.4769900670521494E+000                  1.8056229950506280E+000                  1.7097655864653543E+001                  2.1827400761574980E-002                  9.5872073152030224E-001                  1.9451867718122795E-002                  0.0000000000000000E+000                  1.8345938530251670E+008                  5.6647484463786468E+007                  7.9534367463259470E-001                  7.4229639634685573E+003                  8.1581522013041358E-028                  2.9989193628319044E-001                  3.8572333292205414E+010                 -1.0015836023839591E-015                  4.6426224179126927E-018                 -9.8999999999999986E+001                  4.8245787744129878E+000                  5.0631394017728191E+000                  5.2136543996048097E+000 
                                     948                  4.6880217857182821E-007                 -2.6618339344329871E+000                  7.4769987089453727E+000                  1.8056368845370128E+000                  1.7097678616308045E+001                  2.1827400761561117E-002                  9.5872073152031700E-001                  1.9451867718121907E-002                  0.0000000000000000E+000                  1.8345999231043300E+008                  5.6648050445689842E+007                  7.9554643204102871E-001                  7.4254154262651709E+003                  8.1676872698657178E-028                  2.9988583218819975E-001                  3.8572066318919380E+010                 -6.2052408414517418E-016                  9.2856522237616639E-018                 -9.8999999999999986E+001                  4.9249305822953726E+000                  5.1634912096552030E+000                  5.3140062074871937E+000 
                                     949                  2.3440108803431114E-007                 -2.7621792107777421E+000                  7.4770059674937928E+000                  1.8056485505821274E+000                  1.7097697725921428E+001                  2.1827400761549470E-002                  9.5872073152032966E-001                  1.9451867718120908E-002                  0.0000000000000000E+000                  1.8346050216722661E+008                  5.6648525832864955E+007                  7.9571677324205070E-001                  7.4274750861761477E+003                  8.1757046766931139E-028                  2.9988070539676492E-001                  3.8571898146397751E+010                 -4.0314727054338948E-016                  1.1607449907629866E-018                 -9.8999999999999986E+001                  5.0252791272999389E+000                  5.2638397546597702E+000                  5.4143547524917608E+000 
