                                                                                                                                                                                                                                                                
                        1                         2                         3                         4                         5                         6                         7
                 Re(freq)                  Im(freq)                freq_units                         l                      n_pg                 Re(omega)                 Im(omega)
  0.5868842084554447E+001   0.0000000000000000E+000 CYC_PER_DAY                                       1                        -5   0.3101798217990401E+001   0.0000000000000000E+000
                        1                         2                         3                         4                         5
                        x                  Re(xi_h)                  Im(xi_h)                  Re(xi_r)                  Im(xi_r)
  0.0000000000000000E+000   0.0000000000000000E+000   0.0000000000000000E+000   0.0000000000000000E+000   0.0000000000000000E+000
  0.3601951270324615E-003  -0.4519832719400957E+000   0.0000000000000000E+000  -0.4519885363394334E+000   0.0000000000000000E+000
  0.4538196130380512E-003  -0.4519845742668614E+000   0.0000000000000000E+000  -0.4519930748913320E+000   0.0000000000000000E+000
  0.5717815488321416E-003  -0.4519869925989355E+000   0.0000000000000000E+000  -0.4520003449881154E+000   0.0000000000000000E+000
  0.7204091201126337E-003  -0.4519908118372921E+000   0.0000000000000000E+000  -0.4520119329751385E+000   0.0000000000000000E+000
  0.9076777509699697E-003  -0.4519968588577662E+000   0.0000000000000000E+000  -0.4520303533187371E+000   0.0000000000000000E+000
  0.1143640653102308E-002  -0.4520064509417744E+000   0.0000000000000000E+000  -0.4520596109404937E+000   0.0000000000000000E+000
  0.1440973689373378E-002  -0.4520217455229310E+000   0.0000000000000000E+000  -0.4521060836710727E+000   0.0000000000000000E+000
  0.1815666676570740E-002  -0.4520456700284983E+000   0.0000000000000000E+000  -0.4521798440996524E+000   0.0000000000000000E+000
  0.2176861948199035E-002  -0.4520741826784592E+000   0.0000000000000000E+000  -0.4522670387184740E+000   0.0000000000000000E+000
  0.2446736009505056E-002  -0.4520995411055782E+000   0.0000000000000000E+000  -0.4523425862033553E+000   0.0000000000000000E+000
  0.2856844415233305E-002  -0.4521427610961475E+000   0.0000000000000000E+000  -0.4524743960222334E+000   0.0000000000000000E+000
  0.3438989023845166E-002  -0.4522156129677580E+000   0.0000000000000000E+000  -0.4526966121710806E+000   0.0000000000000000E+000
  0.4225417886504457E-002  -0.4523353167755086E+000   0.0000000000000000E+000  -0.4530623946765365E+000   0.0000000000000000E+000
  0.5255672185627249E-002  -0.4525301145524853E+000   0.0000000000000000E+000  -0.4536562844303436E+000   0.0000000000000000E+000
  0.6582832592582752E-002  -0.4528393445289446E+000   0.0000000000000000E+000  -0.4546138667947739E+000   0.0000000000000000E+000
  0.8037328985934945E-002  -0.4532784732638243E+000   0.0000000000000000E+000  -0.4559177886142984E+000   0.0000000000000000E+000
  0.1017240301155034E-001  -0.4540027532935980E+000   0.0000000000000000E+000  -0.4583095382132156E+000   0.0000000000000000E+000
  0.1105839774884840E-001  -0.4543968126594043E+000   0.0000000000000000E+000  -0.4594735792618536E+000   0.0000000000000000E+000
  0.1194386379599591E-001  -0.4548161628813179E+000   0.0000000000000000E+000  -0.4607433062745361E+000   0.0000000000000000E+000
  0.1271931053240521E-001  -0.4552146966586488E+000   0.0000000000000000E+000  -0.4619431821614735E+000   0.0000000000000000E+000
  0.1419373069666101E-001  -0.4560220533286004E+000   0.0000000000000000E+000  -0.4644525501771449E+000   0.0000000000000000E+000
  0.1489245879932858E-001  -0.4564485031346035E+000   0.0000000000000000E+000  -0.4657479415452875E+000   0.0000000000000000E+000
  0.1553524118155105E-001  -0.4568584745100844E+000   0.0000000000000000E+000  -0.4670015863115486E+000   0.0000000000000000E+000
  0.1617754513835377E-001  -0.4572864446885099E+000   0.0000000000000000E+000  -0.4683143568891597E+000   0.0000000000000000E+000
  0.1677640605035982E-001  -0.4577032376223106E+000   0.0000000000000000E+000  -0.4695931727987875E+000   0.0000000000000000E+000
  0.1793847895660849E-001  -0.4585507492587433E+000   0.0000000000000000E+000  -0.4722279132904552E+000   0.0000000000000000E+000
  0.1850158600315048E-001  -0.4589876380672888E+000   0.0000000000000000E+000  -0.4735786907263018E+000   0.0000000000000000E+000
  0.1877207919753384E-001  -0.4592026841265839E+000   0.0000000000000000E+000  -0.4742450761262565E+000   0.0000000000000000E+000
  0.1903586892006105E-001  -0.4594157341775308E+000   0.0000000000000000E+000  -0.4749060147762348E+000   0.0000000000000000E+000
  0.1956980397021461E-001  -0.4598566018180973E+000   0.0000000000000000E+000  -0.4762775725724392E+000   0.0000000000000000E+000
  0.2007948879222722E-001  -0.4602904988088635E+000   0.0000000000000000E+000  -0.4776294738796916E+000   0.0000000000000000E+000
  0.2058884253768017E-001  -0.4607365100971068E+000   0.0000000000000000E+000  -0.4790226883811455E+000   0.0000000000000000E+000
  0.2107745393822416E-001  -0.4611762641816116E+000   0.0000000000000000E+000  -0.4803993650600736E+000   0.0000000000000000E+000
  0.2156576233432649E-001  -0.4616274243740944E+000   0.0000000000000000E+000  -0.4818150761104462E+000   0.0000000000000000E+000
  0.2203609520249865E-001  -0.4620731809408882E+000   0.0000000000000000E+000  -0.4832169101138194E+000   0.0000000000000000E+000
  0.2250615078721417E-001  -0.4625297510609796E+000   0.0000000000000000E+000  -0.4846559463160330E+000   0.0000000000000000E+000
  0.2296045859762615E-001  -0.4629814752802169E+000   0.0000000000000000E+000  -0.4860834085196984E+000   0.0000000000000000E+000
  0.2318930121510831E-001  -0.4632130912969412E+000   0.0000000000000000E+000  -0.4868162456453732E+000   0.0000000000000000E+000
  0.2341450376252311E-001  -0.4634436396391539E+000   0.0000000000000000E+000  -0.4875465438008253E+000   0.0000000000000000E+000
  0.2385463538730201E-001  -0.4639015885087032E+000   0.0000000000000000E+000  -0.4890001923193991E+000   0.0000000000000000E+000
  0.2429453576371539E-001  -0.4643694969018028E+000   0.0000000000000000E+000  -0.4904883459536102E+000   0.0000000000000000E+000
  0.2472203096031418E-001  -0.4648339072868539E+000   0.0000000000000000E+000  -0.4919687982492532E+000   0.0000000000000000E+000
  0.2514931585289612E-001  -0.4653077723859929E+000   0.0000000000000000E+000  -0.4934827649760211E+000   0.0000000000000000E+000
  0.2556547357944126E-001  -0.4657785539110967E+000   0.0000000000000000E+000  -0.4949906838857017E+000   0.0000000000000000E+000
  0.2577475554650824E-001  -0.4660188934083610E+000   0.0000000000000000E+000  -0.4957615985273582E+000   0.0000000000000000E+000
  0.2598143360089830E-001  -0.4662585701930033E+000   0.0000000000000000E+000  -0.4965312783593823E+000   0.0000000000000000E+000
  0.2638736214931121E-001  -0.4667359693769768E+000   0.0000000000000000E+000  -0.4980673903639448E+000   0.0000000000000000E+000
  0.2679311929053787E-001  -0.4672223278674665E+000   0.0000000000000000E+000  -0.4996355725348775E+000   0.0000000000000000E+000
  0.2718977384593828E-001  -0.4677065840098650E+000   0.0000000000000000E+000  -0.5012006505858163E+000   0.0000000000000000E+000
  0.2758627529275032E-001  -0.4681994509842405E+000   0.0000000000000000E+000  -0.5027972841041356E+000   0.0000000000000000E+000
  0.2797448645361723E-001  -0.4686906301406948E+000   0.0000000000000000E+000  -0.5043921423453201E+000   0.0000000000000000E+000
  0.2836256222022228E-001  -0.4691902508735764E+000   0.0000000000000000E+000  -0.5060181634652151E+000   0.0000000000000000E+000
  0.2874305811002162E-001  -0.4696884488950120E+000   0.0000000000000000E+000  -0.5076436624386347E+000   0.0000000000000000E+000
  0.2893413987286372E-001  -0.4699418529497899E+000   0.0000000000000000E+000  -0.5084717817949483E+000   0.0000000000000000E+000
  0.2912343003048112E-001  -0.4701949849395421E+000   0.0000000000000000E+000  -0.5093000002672882E+000   0.0000000000000000E+000
  0.2949685362146126E-001  -0.4707004563737210E+000   0.0000000000000000E+000  -0.5109570550579957E+000   0.0000000000000000E+000
  0.2987017592365671E-001  -0.4712141432414914E+000   0.0000000000000000E+000  -0.5126447869007289E+000   0.0000000000000000E+000
  0.3023709884217477E-001  -0.4717271428758568E+000   0.0000000000000000E+000  -0.5143343591894303E+000   0.0000000000000000E+000
  0.3060393704423964E-001  -0.4722481187928034E+000   0.0000000000000000E+000  -0.5160544975234330E+000   0.0000000000000000E+000
  0.3096487060428002E-001  -0.4716783952080804E+000   0.0000000000000000E+000  -0.5177708610138502E+000   0.0000000000000000E+000
  0.3132575401192750E-001  -0.4678790381403089E+000   0.0000000000000000E+000  -0.5194563358885721E+000   0.0000000000000000E+000
  0.3168121598613895E-001  -0.4608368783539796E+000   0.0000000000000000E+000  -0.5210153288111828E+000   0.0000000000000000E+000
  0.3203668675053276E-001  -0.4505335711745212E+000   0.0000000000000000E+000  -0.5224063238723705E+000   0.0000000000000000E+000
  0.3221253537054573E-001  -0.4442289138350975E+000   0.0000000000000000E+000  -0.5230124689098476E+000   0.0000000000000000E+000
  0.3238717305600950E-001  -0.4371560931426573E+000   0.0000000000000000E+000  -0.5235506833482798E+000   0.0000000000000000E+000
  0.3256245045256065E-001  -0.4275082376281457E+000   0.0000000000000000E+000  -0.5240136275552405E+000   0.0000000000000000E+000
  0.3273772784911180E-001  -0.4131445688175526E+000   0.0000000000000000E+000  -0.5243573509850853E+000   0.0000000000000000E+000
  0.3291075518315831E-001  -0.3986610918612056E+000   0.0000000000000000E+000  -0.5245512580635815E+000   0.0000000000000000E+000
  0.3308378251720483E-001  -0.3870498543180165E+000   0.0000000000000000E+000  -0.5246220314557267E+000   0.0000000000000000E+000
  0.3325686946612522E-001  -0.3761739603073828E+000   0.0000000000000000E+000  -0.5245931149532405E+000   0.0000000000000000E+000
  0.3342995641504561E-001  -0.3641881376736121E+000   0.0000000000000000E+000  -0.5244628690161178E+000   0.0000000000000000E+000
  0.3360093673085827E-001  -0.3494135211958479E+000   0.0000000000000000E+000  -0.5242173741201781E+000   0.0000000000000000E+000
  0.3377191704667094E-001  -0.3301237716297464E+000   0.0000000000000000E+000  -0.5238163530640285E+000   0.0000000000000000E+000
  0.3394302696785571E-001  -0.3108162935168577E+000   0.0000000000000000E+000  -0.5232348411878642E+000   0.0000000000000000E+000
  0.3411413688904048E-001  -0.2950314286519414E+000   0.0000000000000000E+000  -0.5224991077503113E+000   0.0000000000000000E+000
  0.3428329786788145E-001  -0.2787765271331902E+000   0.0000000000000000E+000  -0.5216432074572441E+000   0.0000000000000000E+000
  0.3445245884672242E-001  -0.2567113873752469E+000   0.0000000000000000E+000  -0.5206231748588231E+000   0.0000000000000000E+000
  0.3462177800452171E-001  -0.2339707318040118E+000   0.0000000000000000E+000  -0.5194027244326445E+000   0.0000000000000000E+000
  0.3479109716232099E-001  -0.2142898395356906E+000   0.0000000000000000E+000  -0.5180036657591509E+000   0.0000000000000000E+000
  0.3495862808681802E-001  -0.1956170449693278E+000   0.0000000000000000E+000  -0.5164672385043094E+000   0.0000000000000000E+000
  0.3512615901131505E-001  -0.1754543884358919E+000   0.0000000000000000E+000  -0.5147773224752440E+000   0.0000000000000000E+000
  0.3521020950138705E-001  -0.1634592258364588E+000   0.0000000000000000E+000  -0.5138649786982383E+000   0.0000000000000000E+000
  0.3529425999145906E-001  -0.1481712928852100E+000   0.0000000000000000E+000  -0.5128957541401332E+000   0.0000000000000000E+000
  0.3537790771606571E-001  -0.1330810512341006E+000   0.0000000000000000E+000  -0.5118656909650158E+000   0.0000000000000000E+000
  0.3546155544067235E-001  -0.1212585455233594E+000   0.0000000000000000E+000  -0.5107809316564124E+000   0.0000000000000000E+000
  0.3562762963871933E-001  -0.9978125957930491E-001   0.0000000000000000E+000  -0.5085009535301823E+000   0.0000000000000000E+000
  0.3579370383676631E-001  -0.7771884769940689E-001   0.0000000000000000E+000  -0.5060562616468846E+000   0.0000000000000000E+000
  0.3595994627821136E-001  -0.5300376092616715E-001   0.0000000000000000E+000  -0.5034339038438193E+000   0.0000000000000000E+000
  0.3604306749893389E-001  -0.3852598377896413E-001   0.0000000000000000E+000  -0.5020456685985654E+000   0.0000000000000000E+000
  0.3612618871965643E-001  -0.2306206869957959E-001   0.0000000000000000E+000  -0.5005984235538812E+000   0.0000000000000000E+000
  0.3620857915030193E-001  -0.7841121846143330E-002   0.0000000000000000E+000  -0.4991039526099170E+000   0.0000000000000000E+000
  0.3629096958094744E-001   0.6349342323451779E-002   0.0000000000000000E+000  -0.4975530045295222E+000   0.0000000000000000E+000
  0.3645575044223844E-001   0.3107891341924507E-001   0.0000000000000000E+000  -0.4943052035517528E+000   0.0000000000000000E+000
  0.3653823247131047E-001   0.4302778775393472E-001   0.0000000000000000E+000  -0.4926150693487990E+000   0.0000000000000000E+000
  0.3662071450038249E-001   0.5664577386032398E-001   0.0000000000000000E+000  -0.4908790605672552E+000   0.0000000000000000E+000
  0.3670319652945452E-001   0.7252854521242462E-001   0.0000000000000000E+000  -0.4890881786928009E+000   0.0000000000000000E+000
  0.3678567855852655E-001   0.9000735556206474E-001   0.0000000000000000E+000  -0.4872336836365836E+000   0.0000000000000000E+000
  0.3686750096892635E-001   0.1074024398677074E+000   0.0000000000000000E+000  -0.4853278778160838E+000   0.0000000000000000E+000
  0.3694932337932616E-001   0.1240586055291088E+000   0.0000000000000000E+000  -0.4833584932232337E+000   0.0000000000000000E+000
  0.3703114578972597E-001   0.1397934114563388E+000   0.0000000000000000E+000  -0.4813297291266421E+000   0.0000000000000000E+000
  0.3711296820012578E-001   0.1548092293030313E+000   0.0000000000000000E+000  -0.4792457039980756E+000   0.0000000000000000E+000
  0.3719491236285630E-001   0.1696671178374295E+000   0.0000000000000000E+000  -0.4771056172522821E+000   0.0000000000000000E+000
  0.3727685652558682E-001   0.1849098605677336E+000   0.0000000000000000E+000  -0.4749123549772302E+000   0.0000000000000000E+000
  0.3735880068831735E-001   0.2008797799615779E+000   0.0000000000000000E+000  -0.4726637283570663E+000   0.0000000000000000E+000
  0.3744074485104787E-001   0.2176881392831301E+000   0.0000000000000000E+000  -0.4703565665061585E+000   0.0000000000000000E+000
  0.3752207947879679E-001   0.2352364859418977E+000   0.0000000000000000E+000  -0.4680054124830500E+000   0.0000000000000000E+000
  0.3760341410654570E-001   0.2539524819609534E+000   0.0000000000000000E+000  -0.4655893018685101E+000   0.0000000000000000E+000
  0.3768474873429463E-001   0.2738130978625333E+000   0.0000000000000000E+000  -0.4631034673025771E+000   0.0000000000000000E+000
  0.3776608336204355E-001   0.2943167941357958E+000   0.0000000000000000E+000  -0.4605443214252304E+000   0.0000000000000000E+000
  0.3784773005876766E-001   0.3147293014080539E+000   0.0000000000000000E+000  -0.4579010436019693E+000   0.0000000000000000E+000
  0.3792937675549177E-001   0.3344546162316623E+000   0.0000000000000000E+000  -0.4551857128218191E+000   0.0000000000000000E+000
  0.3801074529530091E-001   0.3524760312889583E+000   0.0000000000000000E+000  -0.4524127983674762E+000   0.0000000000000000E+000
  0.3809211383511005E-001   0.3675486273201758E+000   0.0000000000000000E+000  -0.4495842185352487E+000   0.0000000000000000E+000
  0.3817305104342460E-001   0.3819873771954054E+000   0.0000000000000000E+000  -0.4467241454912646E+000   0.0000000000000000E+000
  0.3825398825173915E-001   0.3982687809198875E+000   0.0000000000000000E+000  -0.4438145943716114E+000   0.0000000000000000E+000
  0.3833492546005370E-001   0.4173247702516905E+000   0.0000000000000000E+000  -0.4408456975681590E+000   0.0000000000000000E+000
  0.3841586266836825E-001   0.4389155623634028E+000   0.0000000000000000E+000  -0.4378062206187728E+000   0.0000000000000000E+000
  0.3849700802875033E-001   0.4620109908144777E+000   0.0000000000000000E+000  -0.4346799695779308E+000   0.0000000000000000E+000
  0.3857815338913242E-001   0.4858604635252332E+000   0.0000000000000000E+000  -0.4314706886932961E+000   0.0000000000000000E+000
  0.3865929874951450E-001   0.5101227629248702E+000   0.0000000000000000E+000  -0.4281764601696885E+000   0.0000000000000000E+000
  0.3874044410989658E-001   0.5346469053169584E+000   0.0000000000000000E+000  -0.4247964203315816E+000   0.0000000000000000E+000
  0.3882115122288156E-001   0.5593033243297244E+000   0.0000000000000000E+000  -0.4213489498065694E+000   0.0000000000000000E+000
  0.3890185833586653E-001   0.5842073392769260E+000   0.0000000000000000E+000  -0.4178154047196641E+000   0.0000000000000000E+000
  0.3898256544885151E-001   0.6092258802865640E+000   0.0000000000000000E+000  -0.4141954797720294E+000   0.0000000000000000E+000
  0.3906327256183648E-001   0.6341164415721264E+000   0.0000000000000000E+000  -0.4104896525413139E+000   0.0000000000000000E+000
  0.3914423088850445E-001   0.6586772704183842E+000   0.0000000000000000E+000  -0.4066876150280646E+000   0.0000000000000000E+000
  0.3922518921517242E-001   0.6827583091225791E+000   0.0000000000000000E+000  -0.4028031377768401E+000   0.0000000000000000E+000
  0.3930614754184039E-001   0.7063524898878137E+000   0.0000000000000000E+000  -0.3988386587320177E+000   0.0000000000000000E+000
  0.3938710586850836E-001   0.7294584400407000E+000   0.0000000000000000E+000  -0.3947965966199414E+000   0.0000000000000000E+000
  0.3946767160723351E-001   0.7523729920463329E+000   0.0000000000000000E+000  -0.3906990629555717E+000   0.0000000000000000E+000
  0.3954823734595866E-001   0.7767952874013416E+000   0.0000000000000000E+000  -0.3865242139665251E+000   0.0000000000000000E+000
  0.3962880308468381E-001   0.8035775226142519E+000   0.0000000000000000E+000  -0.3822642072465917E+000   0.0000000000000000E+000
  0.3970936882340896E-001   0.8324139426816491E+000   0.0000000000000000E+000  -0.3779101838521609E+000   0.0000000000000000E+000
  0.3979027192447165E-001   0.8622500527632454E+000   0.0000000000000000E+000  -0.3734377198660866E+000   0.0000000000000000E+000
  0.3987117502553434E-001   0.8920656361351391E+000   0.0000000000000000E+000  -0.3688638714653047E+000   0.0000000000000000E+000
  0.3995207812659703E-001   0.9215516050529683E+000   0.0000000000000000E+000  -0.3641900433650309E+000   0.0000000000000000E+000
  0.4003298122765972E-001   0.9508843700135483E+000   0.0000000000000000E+000  -0.3594178784580492E+000   0.0000000000000000E+000
  0.4011363856119715E-001   0.9806273479928768E+000   0.0000000000000000E+000  -0.3545622868169007E+000   0.0000000000000000E+000
  0.4019429589473458E-001   0.1011627333330930E+001   0.0000000000000000E+000  -0.3496057219957430E+000   0.0000000000000000E+000
  0.4027495322827201E-001   0.1043892866748762E+001   0.0000000000000000E+000  -0.3445433937873024E+000   0.0000000000000000E+000
  0.4035561056180945E-001   0.1076617244652003E+001   0.0000000000000000E+000  -0.3393722171189112E+000   0.0000000000000000E+000
  0.4043674426087437E-001   0.1105974986987249E+001   0.0000000000000000E+000  -0.3340649523275656E+000   0.0000000000000000E+000
  0.4051787795993928E-001   0.1125204953784279E+001   0.0000000000000000E+000  -0.3286828727381649E+000   0.0000000000000000E+000
  0.4059883942381871E-001   0.1143258849243689E+001   0.0000000000000000E+000  -0.3232649921984777E+000   0.0000000000000000E+000
  0.4067980088769815E-001   0.1168548689147390E+001   0.0000000000000000E+000  -0.3177836395127145E+000   0.0000000000000000E+000
  0.4076065052988777E-001   0.1197223279090989E+001   0.0000000000000000E+000  -0.3122235038835279E+000   0.0000000000000000E+000
  0.4080107535098258E-001   0.1211885922569876E+001   0.0000000000000000E+000  -0.3094088384014356E+000   0.0000000000000000E+000
  0.4084150017207740E-001   0.1226609491760159E+001   0.0000000000000000E+000  -0.3065707965856369E+000   0.0000000000000000E+000
  0.4088192499317221E-001   0.1241317567942818E+001   0.0000000000000000E+000  -0.3037093930481856E+000   0.0000000000000000E+000
  0.4092234981426703E-001   0.1255963924744498E+001   0.0000000000000000E+000  -0.3008247649042335E+000   0.0000000000000000E+000
  0.4096277463536184E-001   0.1270530620419718E+001   0.0000000000000000E+000  -0.2979171136046306E+000   0.0000000000000000E+000
  0.4100319945645665E-001   0.1285026065850873E+001   0.0000000000000000E+000  -0.2949866508761921E+000   0.0000000000000000E+000
  0.4104387750787741E-001   0.1299561055013788E+001   0.0000000000000000E+000  -0.2920149837569446E+000   0.0000000000000000E+000
  0.4108455555929817E-001   0.1314030386104756E+001   0.0000000000000000E+000  -0.2890205649207443E+000   0.0000000000000000E+000
  0.4112523361071893E-001   0.1328410028583649E+001   0.0000000000000000E+000  -0.2860036035076290E+000   0.0000000000000000E+000
  0.4116591166213968E-001   0.1342677322494147E+001   0.0000000000000000E+000  -0.2829643541930558E+000   0.0000000000000000E+000
  0.4120658971356043E-001   0.1356810936947566E+001   0.0000000000000000E+000  -0.2799031142934284E+000   0.0000000000000000E+000
  0.4124726776498119E-001   0.1370790828022563E+001   0.0000000000000000E+000  -0.2768202209701872E+000   0.0000000000000000E+000
  0.4128794581640195E-001   0.1384598196026436E+001   0.0000000000000000E+000  -0.2737160485329536E+000   0.0000000000000000E+000
  0.4132862386782271E-001   0.1398215442077436E+001   0.0000000000000000E+000  -0.2705910058423164E+000   0.0000000000000000E+000
  0.4136930355686982E-001   0.1411621170627628E+001   0.0000000000000000E+000  -0.2674454094583363E+000   0.0000000000000000E+000
  0.4140998324591692E-001   0.1424776489467551E+001   0.0000000000000000E+000  -0.2642798873124126E+000   0.0000000000000000E+000
  0.4145066293496403E-001   0.1437651492728948E+001   0.0000000000000000E+000  -0.2610950096348005E+000   0.0000000000000000E+000
  0.4149134262401113E-001   0.1450230510579715E+001   0.0000000000000000E+000  -0.2578913884230346E+000   0.0000000000000000E+000
  0.4153202231305824E-001   0.1462510842400133E+001   0.0000000000000000E+000  -0.2546696507408949E+000   0.0000000000000000E+000
  0.4157270200210535E-001   0.1474501477781879E+001   0.0000000000000000E+000  -0.2514304146540520E+000   0.0000000000000000E+000
  0.4161338169115245E-001   0.1486221806845146E+001   0.0000000000000000E+000  -0.2481742678065796E+000   0.0000000000000000E+000
  0.4165406138019956E-001   0.1497700321616940E+001   0.0000000000000000E+000  -0.2449017486393363E+000   0.0000000000000000E+000
  0.4169503595104567E-001   0.1509062818985359E+001   0.0000000000000000E+000  -0.2415894316509172E+000   0.0000000000000000E+000
  0.4173601052189178E-001   0.1520294234172655E+001   0.0000000000000000E+000  -0.2382613396905383E+000   0.0000000000000000E+000
  0.4177698509273790E-001   0.1531435271728566E+001   0.0000000000000000E+000  -0.2349177191462917E+000   0.0000000000000000E+000
  0.4181795966358401E-001   0.1542490198823240E+001   0.0000000000000000E+000  -0.2315587726517006E+000   0.0000000000000000E+000
  0.4185893423443012E-001   0.1553430938772385E+001   0.0000000000000000E+000  -0.2281847263009241E+000   0.0000000000000000E+000
  0.4189990880527623E-001   0.1564201181811941E+001   0.0000000000000000E+000  -0.2247958884854917E+000   0.0000000000000000E+000
  0.4194088337612235E-001   0.1574720513346621E+001   0.0000000000000000E+000  -0.2213927003762680E+000   0.0000000000000000E+000
  0.4198185794696847E-001   0.1584888560956289E+001   0.0000000000000000E+000  -0.2179757780723865E+000   0.0000000000000000E+000
  0.4202304034632552E-001   0.1594655348100312E+001   0.0000000000000000E+000  -0.2145285094033327E+000   0.0000000000000000E+000
  0.4206422274568257E-001   0.1603935093698209E+001   0.0000000000000000E+000  -0.2110691463988365E+000   0.0000000000000000E+000
  0.4210540514503962E-001   0.1612716729417270E+001   0.0000000000000000E+000  -0.2075986760206369E+000   0.0000000000000000E+000
  0.4214658754439667E-001   0.1620994068673986E+001   0.0000000000000000E+000  -0.2041180987821135E+000   0.0000000000000000E+000
  0.4218776994375373E-001   0.1628765236241088E+001   0.0000000000000000E+000  -0.2006284196768613E+000   0.0000000000000000E+000
  0.4222895234311078E-001   0.1636032094890433E+001   0.0000000000000000E+000  -0.1971306402685083E+000   0.0000000000000000E+000
  0.4227013474246782E-001   0.1642799670073621E+001   0.0000000000000000E+000  -0.1936257519387845E+000   0.0000000000000000E+000
  0.4231131714182488E-001   0.1649075573677248E+001   0.0000000000000000E+000  -0.1901147302889131E+000   0.0000000000000000E+000
  0.4235256926808835E-001   0.1654876434261177E+001   0.0000000000000000E+000  -0.1865925746150184E+000   0.0000000000000000E+000
  0.4239382139435181E-001   0.1660192112134328E+001   0.0000000000000000E+000  -0.1830661745160271E+000   0.0000000000000000E+000
  0.4243507352061528E-001   0.1665024778829634E+001   0.0000000000000000E+000  -0.1795364739009357E+000   0.0000000000000000E+000
  0.4247632564687874E-001   0.1669379406382712E+001   0.0000000000000000E+000  -0.1760044057356820E+000   0.0000000000000000E+000
  0.4251757777314220E-001   0.1673263146778069E+001   0.0000000000000000E+000  -0.1724708873546802E+000   0.0000000000000000E+000
  0.4255882989940567E-001   0.1676684713653323E+001   0.0000000000000000E+000  -0.1689368169957484E+000   0.0000000000000000E+000
  0.4260008202566913E-001   0.1679653767281017E+001   0.0000000000000000E+000  -0.1654030715447705E+000   0.0000000000000000E+000
  0.4264133415193260E-001   0.1682180303808687E+001   0.0000000000000000E+000  -0.1618705054746163E+000   0.0000000000000000E+000
  0.4268294094350313E-001   0.1684291826512056E+001   0.0000000000000000E+000  -0.1583096073601893E+000   0.0000000000000000E+000
  0.4272454773507366E-001   0.1685979277051667E+001   0.0000000000000000E+000  -0.1547515788692894E+000   0.0000000000000000E+000
  0.4276615452664418E-001   0.1687252082828824E+001   0.0000000000000000E+000  -0.1511972170802303E+000   0.0000000000000000E+000
  0.4280776131821470E-001   0.1688113551661435E+001   0.0000000000000000E+000  -0.1476473039657596E+000   0.0000000000000000E+000
  0.4284936810978523E-001   0.1688561814289699E+001   0.0000000000000000E+000  -0.1441026173929752E+000   0.0000000000000000E+000
  0.4289097490135575E-001   0.1688590761792482E+001   0.0000000000000000E+000  -0.1405639402446359E+000   0.0000000000000000E+000
  0.4293258169292628E-001   0.1688190976684147E+001   0.0000000000000000E+000  -0.1370320676855440E+000   0.0000000000000000E+000
  0.4297418848449681E-001   0.1687350656622188E+001   0.0000000000000000E+000  -0.1335078125996919E+000   0.0000000000000000E+000
  0.4301579527606733E-001   0.1686056529749517E+001   0.0000000000000000E+000  -0.1299920092256007E+000   0.0000000000000000E+000
  0.4305740206763786E-001   0.1684294760731651E+001   0.0000000000000000E+000  -0.1264855150189152E+000   0.0000000000000000E+000
  0.4309900885920839E-001   0.1682051846540076E+001   0.0000000000000000E+000  -0.1229892107728741E+000   0.0000000000000000E+000
  0.4314061565077891E-001   0.1679315500987961E+001   0.0000000000000000E+000  -0.1195039990288921E+000   0.0000000000000000E+000
  0.4318222244234943E-001   0.1676075526954054E+001   0.0000000000000000E+000  -0.1160308008112230E+000   0.0000000000000000E+000
  0.4322382923391996E-001   0.1672324675144413E+001   0.0000000000000000E+000  -0.1125705507214958E+000   0.0000000000000000E+000
  0.4326543602549049E-001   0.1668059488148962E+001   0.0000000000000000E+000  -0.1091241904309495E+000   0.0000000000000000E+000
  0.4330704281706101E-001   0.1663281128459266E+001   0.0000000000000000E+000  -0.1056926606103498E+000   0.0000000000000000E+000
  0.4337043078281916E-001   0.1655025036431642E+001   0.0000000000000000E+000  -0.1004953300416231E+000   0.0000000000000000E+000
  0.4343381874857731E-001   0.1645594237834852E+001   0.0000000000000000E+000  -0.9533783228186483E-001   0.0000000000000000E+000
  0.4349720671433546E-001   0.1634992311145440E+001   0.0000000000000000E+000  -0.9022339228857822E-001   0.0000000000000000E+000
  0.4356059468009361E-001   0.1623225202462006E+001   0.0000000000000000E+000  -0.8515520407244742E-001   0.0000000000000000E+000
  0.4362398264585177E-001   0.1610301189116001E+001   0.0000000000000000E+000  -0.8013642393673047E-001   0.0000000000000000E+000
  0.4368737061160992E-001   0.1596230839009085E+001   0.0000000000000000E+000  -0.7517016388373006E-001   0.0000000000000000E+000
  0.4375075857736807E-001   0.1581026965771331E+001   0.0000000000000000E+000  -0.7025948519945842E-001   0.0000000000000000E+000
  0.4381414654312622E-001   0.1564704579849256E+001   0.0000000000000000E+000  -0.6540739222720163E-001   0.0000000000000000E+000
  0.4387753450888437E-001   0.1547280835647708E+001   0.0000000000000000E+000  -0.6061682634024507E-001   0.0000000000000000E+000
  0.4394092247464253E-001   0.1528774974863014E+001   0.0000000000000000E+000  -0.5589066012353811E-001   0.0000000000000000E+000
  0.4400431044040068E-001   0.1509208266157635E+001   0.0000000000000000E+000  -0.5123169177355442E-001   0.0000000000000000E+000
  0.4406769840615883E-001   0.1488603941338596E+001   0.0000000000000000E+000  -0.4664263972505235E-001   0.0000000000000000E+000
  0.4413108637191698E-001   0.1466987128213432E+001   0.0000000000000000E+000  -0.4212613751285856E-001   0.0000000000000000E+000
  0.4419447433767514E-001   0.1444384780307363E+001   0.0000000000000000E+000  -0.3768472887619143E-001   0.0000000000000000E+000
  0.4425786230343329E-001   0.1420825603635107E+001   0.0000000000000000E+000  -0.3332086311240067E-001   0.0000000000000000E+000
  0.4432125026919143E-001   0.1396339980729225E+001   0.0000000000000000E+000  -0.2903689068635602E-001   0.0000000000000000E+000
  0.4436424613130382E-001   0.1379223758457771E+001   0.0000000000000000E+000  -0.2617770479948991E-001   0.0000000000000000E+000
  0.4440724199341622E-001   0.1361727589938319E+001   0.0000000000000000E+000  -0.2335696311078068E-001   0.0000000000000000E+000
  0.4445023785552862E-001   0.1343882360752773E+001   0.0000000000000000E+000  -0.2057525622848064E-001   0.0000000000000000E+000
  0.4449323371764102E-001   0.1325717138338876E+001   0.0000000000000000E+000  -0.1783311513159561E-001   0.0000000000000000E+000
  0.4453622957975342E-001   0.1307258769908434E+001   0.0000000000000000E+000  -0.1513101537434314E-001   0.0000000000000000E+000
  0.4457922544186581E-001   0.1288531495326230E+001   0.0000000000000000E+000  -0.1246938202345632E-001   0.0000000000000000E+000
  0.4462222130397821E-001   0.1269556575506132E+001   0.0000000000000000E+000  -0.9848595294171262E-002   0.0000000000000000E+000
  0.4466521716609061E-001   0.1250351936776653E+001   0.0000000000000000E+000  -0.7268996850043986E-002   0.0000000000000000E+000
  0.4470821302820301E-001   0.1230931831566791E+001   0.0000000000000000E+000  -0.4730896731244117E-002   0.0000000000000000E+000
  0.4475120889031540E-001   0.1211306515667301E+001   0.0000000000000000E+000  -0.2234580875671295E-002   0.0000000000000000E+000
  0.4479420475242779E-001   0.1191481942233857E+001   0.0000000000000000E+000   0.2196808028769773E-003   0.0000000000000000E+000
  0.4483720061454019E-001   0.1171459472618708E+001   0.0000000000000000E+000   0.2631625815221398E-002   0.0000000000000000E+000
  0.4488019647665259E-001   0.1151235604049546E+001   0.0000000000000000E+000   0.5000990011559591E-002   0.0000000000000000E+000
  0.4492319233876499E-001   0.1130801714117222E+001   0.0000000000000000E+000   0.7327498045731730E-002   0.0000000000000000E+000
  0.4496618820087739E-001   0.1110143821991467E+001   0.0000000000000000E+000   0.9610853423868259E-002   0.0000000000000000E+000
  0.4500918406298978E-001   0.1089242366256268E+001   0.0000000000000000E+000   0.1185072817185083E-001   0.0000000000000000E+000
  0.4505261606625803E-001   0.1067793328022754E+001   0.0000000000000000E+000   0.1406877276162540E-001   0.0000000000000000E+000
  0.4509604806952627E-001   0.1045693142883697E+001   0.0000000000000000E+000   0.1624123960261860E-001   0.0000000000000000E+000
  0.4513948007279452E-001   0.1022645830056178E+001   0.0000000000000000E+000   0.1836670918408318E-001   0.0000000000000000E+000
  0.4518291207606277E-001   0.9984501078992976E+000   0.0000000000000000E+000   0.2044328971850575E-001   0.0000000000000000E+000
  0.4522634407933102E-001   0.9730054515712225E+000   0.0000000000000000E+000   0.2246880609955613E-001   0.0000000000000000E+000
  0.4526977608259926E-001   0.9463178304876706E+000   0.0000000000000000E+000   0.2444099905593697E-001   0.0000000000000000E+000
  0.4531320808586750E-001   0.9185051143124958E+000   0.0000000000000000E+000   0.2635773381770655E-001   0.0000000000000000E+000
  0.4535664008913575E-001   0.8898021108220742E+000   0.0000000000000000E+000   0.2821721757029574E-001   0.0000000000000000E+000
  0.4540032932019511E-001   0.8603218523502333E+000   0.0000000000000000E+000   0.3002868183903687E-001   0.0000000000000000E+000
  0.4544401855125446E-001   0.8303314336822937E+000   0.0000000000000000E+000   0.3178004875403341E-001   0.0000000000000000E+000
  0.4548770778231381E-001   0.7998723514255864E+000   0.0000000000000000E+000   0.3347053731036619E-001   0.0000000000000000E+000
  0.4553139701337317E-001   0.7689874219215489E+000   0.0000000000000000E+000   0.3509945359975891E-001   0.0000000000000000E+000
  0.4557508624443253E-001   0.7377206950960803E+000   0.0000000000000000E+000   0.3666619306577987E-001   0.0000000000000000E+000
  0.4561877547549188E-001   0.7061173663810806E+000   0.0000000000000000E+000   0.3817024256868986E-001   0.0000000000000000E+000
  0.4566246470655123E-001   0.6742236869441842E+000   0.0000000000000000E+000   0.3961118225709240E-001   0.0000000000000000E+000
  0.4570615393761059E-001   0.6420868724719345E+000   0.0000000000000000E+000   0.4098868724408167E-001   0.0000000000000000E+000
  0.4575034122160347E-001   0.6095367065788531E+000   0.0000000000000000E+000   0.4231721065354060E-001   0.0000000000000000E+000
  0.4579452850559636E-001   0.5776677303863408E+000   0.0000000000000000E+000   0.4358143489872934E-001   0.0000000000000000E+000
  0.4583871578958924E-001   0.5471421902647273E+000   0.0000000000000000E+000   0.4478352556255903E-001   0.0000000000000000E+000
  0.4588290307358213E-001   0.5183753640030861E+000   0.0000000000000000E+000   0.4592667253986062E-001   0.0000000000000000E+000
  0.4592709035757502E-001   0.4915280822087411E+000   0.0000000000000000E+000   0.4701460502169341E-001   0.0000000000000000E+000
  0.4597127764156790E-001   0.4665005781355536E+000   0.0000000000000000E+000   0.4805109619018966E-001   0.0000000000000000E+000
  0.4601546492556079E-001   0.4429275935525399E+000   0.0000000000000000E+000   0.4903946018269074E-001   0.0000000000000000E+000
  0.4605965220955367E-001   0.4201745511502683E+000   0.0000000000000000E+000   0.4998204360784685E-001   0.0000000000000000E+000
  0.4610408866379108E-001   0.3973784493543296E+000   0.0000000000000000E+000   0.5088473333356504E-001   0.0000000000000000E+000
  0.4614852511802849E-001   0.3744367008626550E+000   0.0000000000000000E+000   0.5174209493383806E-001   0.0000000000000000E+000
  0.4619296157226591E-001   0.3512697037268231E+000   0.0000000000000000E+000   0.5255391124040474E-001   0.0000000000000000E+000
  0.4623739802650331E-001   0.3277992195897794E+000   0.0000000000000000E+000   0.5331981239697672E-001   0.0000000000000000E+000
  0.4628183448074072E-001   0.3039485336386586E+000   0.0000000000000000E+000   0.5403927924248372E-001   0.0000000000000000E+000
  0.4632627093497813E-001   0.2796426080382808E+000   0.0000000000000000E+000   0.5471164697934743E-001   0.0000000000000000E+000
  0.4637070738921555E-001   0.2548082298329439E+000   0.0000000000000000E+000   0.5533610911337167E-001   0.0000000000000000E+000
  0.4641514384345295E-001   0.2293741542090003E+000   0.0000000000000000E+000   0.5591172165380687E-001   0.0000000000000000E+000
  0.4645958029769036E-001   0.2032712439157101E+000   0.0000000000000000E+000   0.5643740756391803E-001   0.0000000000000000E+000
  0.4650401675192777E-001   0.1764326055467577E+000   0.0000000000000000E+000   0.5691196145396438E-001   0.0000000000000000E+000
  0.4654845320616519E-001   0.1487937232909102E+000   0.0000000000000000E+000   0.5733405450987644E-001   0.0000000000000000E+000
  0.4659288966040259E-001   0.1202925906669076E+000   0.0000000000000000E+000   0.5770223965211108E-001   0.0000000000000000E+000
  0.4663732611464000E-001   0.9086984066644140E-001   0.0000000000000000E+000   0.5801495692016313E-001   0.0000000000000000E+000
  0.4668176256887741E-001   0.6046887463892218E-001   0.0000000000000000E+000   0.5827053907903608E-001   0.0000000000000000E+000
  0.4672619902311483E-001   0.2903599016391272E-001   0.0000000000000000E+000   0.5846721744461484E-001   0.0000000000000000E+000
  0.4677063547735223E-001  -0.3479491928643627E-002   0.0000000000000000E+000   0.5860312792535311E-001   0.0000000000000000E+000
  0.4681556173620612E-001  -0.3757023667638081E-001   0.0000000000000000E+000   0.5867673427294851E-001   0.0000000000000000E+000
  0.4686048799506000E-001  -0.7321499778668841E-001   0.0000000000000000E+000   0.5868370734774961E-001   0.0000000000000000E+000
  0.4690541425391388E-001  -0.1106611672912113E+000   0.0000000000000000E+000   0.5862098313577143E-001   0.0000000000000000E+000
  0.4695034051276777E-001  -0.1499909267415556E+000   0.0000000000000000E+000   0.5848520211133097E-001   0.0000000000000000E+000
  0.4699526677162165E-001  -0.1911212745609152E+000   0.0000000000000000E+000   0.5827302496001346E-001   0.0000000000000000E+000
  0.4704019303047553E-001  -0.2338044935700135E+000   0.0000000000000000E+000   0.5798144606142405E-001   0.0000000000000000E+000
  0.4708511928932942E-001  -0.2776291411357681E+000   0.0000000000000000E+000   0.5760810383512096E-001   0.0000000000000000E+000
  0.4713004554818329E-001  -0.3220216722321739E+000   0.0000000000000000E+000   0.5715158687312220E-001   0.0000000000000000E+000
  0.4717551495024437E-001  -0.3664403752983090E+000   0.0000000000000000E+000   0.5660486082584856E-001   0.0000000000000000E+000
  0.4722098435230545E-001  -0.4082142167301691E+000   0.0000000000000000E+000   0.5597616702684802E-001   0.0000000000000000E+000
  0.4726645375436653E-001  -0.4460229979228822E+000   0.0000000000000000E+000   0.5527226550808397E-001   0.0000000000000000E+000
  0.4731192315642761E-001  -0.4798113832309550E+000   0.0000000000000000E+000   0.5450122147051063E-001   0.0000000000000000E+000
  0.4735752009304093E-001  -0.5103767006932606E+000   0.0000000000000000E+000   0.5366781500622870E-001   0.0000000000000000E+000
  0.4740311702965425E-001  -0.5375345330368464E+000   0.0000000000000000E+000   0.5278068695397948E-001   0.0000000000000000E+000
  0.4744871396626758E-001  -0.5615857038765029E+000   0.0000000000000000E+000   0.5184636692611411E-001   0.0000000000000000E+000
  0.4749431090288090E-001  -0.5836433582605128E+000   0.0000000000000000E+000   0.5086998788759096E-001   0.0000000000000000E+000
  0.4753997512002049E-001  -0.6053204920709430E+000   0.0000000000000000E+000   0.4985239340703282E-001   0.0000000000000000E+000
  0.4758563933716009E-001  -0.6273452988922494E+000   0.0000000000000000E+000   0.4879503481054946E-001   0.0000000000000000E+000
  0.4763130355429968E-001  -0.6500940690529939E+000   0.0000000000000000E+000   0.4769698536566465E-001   0.0000000000000000E+000
  0.4767696777143927E-001  -0.6738091585653743E+000   0.0000000000000000E+000   0.4655672818996524E-001   0.0000000000000000E+000
  0.4772263198857887E-001  -0.6986020303361257E+000   0.0000000000000000E+000   0.4537241110982920E-001   0.0000000000000000E+000
  0.4776829620571846E-001  -0.7244564714710643E+000   0.0000000000000000E+000   0.4414209414305352E-001   0.0000000000000000E+000
  0.4781396042285806E-001  -0.7512319880293753E+000   0.0000000000000000E+000   0.4286398932465092E-001   0.0000000000000000E+000
  0.4785962463999766E-001  -0.7786674087386871E+000   0.0000000000000000E+000   0.4153669256533909E-001   0.0000000000000000E+000
  0.4790570648461234E-001  -0.8067039662730886E+000   0.0000000000000000E+000   0.4014654928848560E-001   0.0000000000000000E+000
  0.4795178832922702E-001  -0.8349551564002811E+000   0.0000000000000000E+000   0.3870507609381669E-001   0.0000000000000000E+000
  0.4799787017384170E-001  -0.8633395572141612E+000   0.0000000000000000E+000   0.3721206804552768E-001   0.0000000000000000E+000
  0.4804395201845639E-001  -0.8917771298320641E+000   0.0000000000000000E+000   0.3566747854784795E-001   0.0000000000000000E+000
  0.4809003386307108E-001  -0.9201893298052086E+000   0.0000000000000000E+000   0.3407141581810786E-001   0.0000000000000000E+000
  0.4813611570768576E-001  -0.9484992207453657E+000   0.0000000000000000E+000   0.3242413915579469E-001   0.0000000000000000E+000
  0.4818219755230044E-001  -0.9766315892658349E+000   0.0000000000000000E+000   0.3072605500517294E-001   0.0000000000000000E+000
  0.4822827939691512E-001  -0.1004513060363314E+001   0.0000000000000000E+000   0.2897771281084984E-001   0.0000000000000000E+000
  0.4827462479484335E-001  -0.1032217895005903E+001   0.0000000000000000E+000   0.2716938056596997E-001   0.0000000000000000E+000
  0.4832097019277158E-001  -0.1059473134281372E+001   0.0000000000000000E+000   0.2531180112133754E-001   0.0000000000000000E+000
  0.4836731559069981E-001  -0.1086190146902708E+001   0.0000000000000000E+000   0.2340605589546444E-001   0.0000000000000000E+000
  0.4841366098862804E-001  -0.1112316962052041E+001   0.0000000000000000E+000   0.2145335604301955E-001   0.0000000000000000E+000
  0.4846000638655627E-001  -0.1137836832552356E+001   0.0000000000000000E+000   0.1945497346516424E-001   0.0000000000000000E+000
  0.4850635178448449E-001  -0.1162766697708730E+001   0.0000000000000000E+000   0.1741217503248885E-001   0.0000000000000000E+000
  0.4855269718241272E-001  -0.1187155551872836E+001   0.0000000000000000E+000   0.1532616018462814E-001   0.0000000000000000E+000
  0.4859904258034095E-001  -0.1211082726811172E+001   0.0000000000000000E+000   0.1319800205586035E-001   0.0000000000000000E+000
  0.4864581212764756E-001  -0.1234859456150540E+001   0.0000000000000000E+000   0.1100855498144754E-001   0.0000000000000000E+000
  0.4869258167495417E-001  -0.1258331872406383E+001   0.0000000000000000E+000   0.8777856717731460E-002   0.0000000000000000E+000
  0.4873935122226079E-001  -0.1281539272650455E+001   0.0000000000000000E+000   0.6506560285211693E-002   0.0000000000000000E+000
  0.4878612076956740E-001  -0.1304500960861082E+001   0.0000000000000000E+000   0.4195260471925802E-002   0.0000000000000000E+000
  0.4883289031687401E-001  -0.1327217277098853E+001   0.0000000000000000E+000   0.1844531219141597E-002   0.0000000000000000E+000
  0.4887965986418062E-001  -0.1349670669495043E+001   0.0000000000000000E+000  -0.5450392019318948E-003   0.0000000000000000E+000
  0.4892642941148723E-001  -0.1371826806870944E+001   0.0000000000000000E+000  -0.2972815287113027E-002   0.0000000000000000E+000
  0.4897319895879384E-001  -0.1393635730438008E+001   0.0000000000000000E+000  -0.5438083730605781E-002   0.0000000000000000E+000
  0.4902022328469800E-001  -0.1415150446056871E+001   0.0000000000000000E+000  -0.7953754903808145E-002   0.0000000000000000E+000
  0.4906724761060216E-001  -0.1436190294606210E+001   0.0000000000000000E+000  -0.1050555397015202E-001   0.0000000000000000E+000
  0.4911427193650632E-001  -0.1456703299504853E+001   0.0000000000000000E+000  -0.1309242910158605E-001   0.0000000000000000E+000
  0.4916129626241049E-001  -0.1476645563468524E+001   0.0000000000000000E+000  -0.1571323966699492E-001   0.0000000000000000E+000
  0.4920832058831465E-001  -0.1495980947109577E+001   0.0000000000000000E+000  -0.1836677178252619E-001   0.0000000000000000E+000
  0.4925534491421881E-001  -0.1514680731424111E+001   0.0000000000000000E+000  -0.2105175315416222E-001   0.0000000000000000E+000
  0.4930236924012298E-001  -0.1532723264678217E+001   0.0000000000000000E+000  -0.2376686718690976E-001   0.0000000000000000E+000
  0.4934939356602713E-001  -0.1550093594445213E+001   0.0000000000000000E+000  -0.2651076633634343E-001   0.0000000000000000E+000
  0.4939681914749328E-001  -0.1566901462463939E+001   0.0000000000000000E+000  -0.2930583590616204E-001   0.0000000000000000E+000
  0.4944424472895942E-001  -0.1582905548881250E+001   0.0000000000000000E+000  -0.3212725767046050E-001   0.0000000000000000E+000
  0.4949167031042556E-001  -0.1598044024711625E+001   0.0000000000000000E+000  -0.3497335638752166E-001   0.0000000000000000E+000
  0.4953909589189170E-001  -0.1612303760490627E+001   0.0000000000000000E+000  -0.3784239422753770E-001   0.0000000000000000E+000
  0.4958652147335785E-001  -0.1625716204426827E+001   0.0000000000000000E+000  -0.4073265965944341E-001   0.0000000000000000E+000
  0.4963394705482399E-001  -0.1638353173065038E+001   0.0000000000000000E+000  -0.4364254791589292E-001   0.0000000000000000E+000
  0.4968137263629013E-001  -0.1650322573705164E+001   0.0000000000000000E+000  -0.4657063294375718E-001   0.0000000000000000E+000
  0.4972879821775628E-001  -0.1661764080378134E+001   0.0000000000000000E+000  -0.4951573078766093E-001   0.0000000000000000E+000
  0.4977635862912988E-001  -0.1672878444843581E+001   0.0000000000000000E+000  -0.5248539471159204E-001   0.0000000000000000E+000
  0.4982391904050349E-001  -0.1683813885808211E+001   0.0000000000000000E+000  -0.5547071953731678E-001   0.0000000000000000E+000
  0.4987147945187710E-001  -0.1694715217211656E+001   0.0000000000000000E+000  -0.5847146561275198E-001   0.0000000000000000E+000
  0.4991903986325071E-001  -0.1705685855022667E+001   0.0000000000000000E+000  -0.6148763234084066E-001   0.0000000000000000E+000
  0.4996660027462431E-001  -0.1716791193536684E+001   0.0000000000000000E+000  -0.6451938155024065E-001   0.0000000000000000E+000
  0.5001416068599791E-001  -0.1728061993419011E+001   0.0000000000000000E+000  -0.6756696768250500E-001   0.0000000000000000E+000
  0.5006172109737152E-001  -0.1739497773599158E+001   0.0000000000000000E+000  -0.7063067476485908E-001   0.0000000000000000E+000
  0.5010928150874513E-001  -0.1751070204765539E+001   0.0000000000000000E+000  -0.7371076012821527E-001   0.0000000000000000E+000
  0.5015729803111074E-001  -0.1762885040436198E+001   0.0000000000000000E+000  -0.7683720509151418E-001   0.0000000000000000E+000
  0.5020531455347636E-001  -0.1774953264502167E+001   0.0000000000000000E+000  -0.7998087695747257E-001   0.0000000000000000E+000
  0.5025333107584198E-001  -0.1787344276394384E+001   0.0000000000000000E+000  -0.8314230050631154E-001   0.0000000000000000E+000
  0.5030134759820760E-001  -0.1800036571454233E+001   0.0000000000000000E+000  -0.8632203776975639E-001   0.0000000000000000E+000
  0.5034936412057323E-001  -0.1812930305677324E+001   0.0000000000000000E+000  -0.8952052783358332E-001   0.0000000000000000E+000
  0.5039738064293885E-001  -0.1825859875852567E+001   0.0000000000000000E+000  -0.9273795135362645E-001   0.0000000000000000E+000
  0.5044539716530447E-001  -0.1838606556041471E+001   0.0000000000000000E+000  -0.9597411969070085E-001   0.0000000000000000E+000
  0.5049341368767008E-001  -0.1850911239240207E+001   0.0000000000000000E+000  -0.9922838865833174E-001   0.0000000000000000E+000
  0.5054184377918249E-001  -0.1862496098316496E+001   0.0000000000000000E+000  -0.1025278009881449E+000   0.0000000000000000E+000
  0.5059027387069488E-001  -0.1872670322538606E+001   0.0000000000000000E+000  -0.1058422125142410E+000   0.0000000000000000E+000
  0.5063870396220728E-001  -0.1881165496772173E+001   0.0000000000000000E+000  -0.1091685741043774E+000   0.0000000000000000E+000
  0.5068713405371968E-001  -0.1888080789644552E+001   0.0000000000000000E+000  -0.1125036938251140E+000   0.0000000000000000E+000
  0.5073572524366661E-001  -0.1893737358967670E+001   0.0000000000000000E+000  -0.1158559444910478E+000   0.0000000000000000E+000
  0.5078431643361354E-001  -0.1898261064120127E+001   0.0000000000000000E+000  -0.1192119418206156E+000   0.0000000000000000E+000
  0.5083290762356048E-001  -0.1901776551004521E+001   0.0000000000000000E+000  -0.1225696282270377E+000   0.0000000000000000E+000
  0.5088149881350742E-001  -0.1904436043934378E+001   0.0000000000000000E+000  -0.1259272220854603E+000   0.0000000000000000E+000
  0.5093032043428644E-001  -0.1906423629419962E+001   0.0000000000000000E+000  -0.1292991696011603E+000   0.0000000000000000E+000
  0.5097914205506546E-001  -0.1907899383964315E+001   0.0000000000000000E+000  -0.1326684203924604E+000   0.0000000000000000E+000
  0.5102796367584448E-001  -0.1908934913864253E+001   0.0000000000000000E+000  -0.1360340922431453E+000   0.0000000000000000E+000
  0.5107678529662350E-001  -0.1909514687962813E+001   0.0000000000000000E+000  -0.1393953534164438E+000   0.0000000000000000E+000
  0.5117447068651190E-001  -0.1909042719450857E+001   0.0000000000000000E+000  -0.1461037510449316E+000   0.0000000000000000E+000
  0.5127215607640029E-001  -0.1906754495181759E+001   0.0000000000000000E+000  -0.1527829186523363E+000   0.0000000000000000E+000
  0.5136965883101034E-001  -0.1903898361423814E+001   0.0000000000000000E+000  -0.1594162237149757E+000   0.0000000000000000E+000
  0.5146716158562038E-001  -0.1900475569957078E+001   0.0000000000000000E+000  -0.1660148055352197E+000   0.0000000000000000E+000
  0.5151594087306329E-001  -0.1898297939431461E+001   0.0000000000000000E+000  -0.1693019978290151E+000   0.0000000000000000E+000
  0.5156472016050620E-001  -0.1895701743967655E+001   0.0000000000000000E+000  -0.1725789977184854E+000   0.0000000000000000E+000
  0.5161349944794910E-001  -0.1892626519024475E+001   0.0000000000000000E+000  -0.1758449842219690E+000   0.0000000000000000E+000
  0.5166227873539201E-001  -0.1889060387991733E+001   0.0000000000000000E+000  -0.1790990669367696E+000   0.0000000000000000E+000
  0.5171138043979117E-001  -0.1885017000210587E+001   0.0000000000000000E+000  -0.1823617735761966E+000   0.0000000000000000E+000
  0.5176048214419033E-001  -0.1880531509296516E+001   0.0000000000000000E+000  -0.1856107493955094E+000   0.0000000000000000E+000
  0.5180958384858949E-001  -0.1875603525759697E+001   0.0000000000000000E+000  -0.1888451959033927E+000   0.0000000000000000E+000
  0.5185868555298865E-001  -0.1870234734404963E+001   0.0000000000000000E+000  -0.1920643185846833E+000   0.0000000000000000E+000
  0.5190778725738781E-001  -0.1864428866747501E+001   0.0000000000000000E+000  -0.1952673310484613E+000   0.0000000000000000E+000
  0.5195688896178697E-001  -0.1858191671657546E+001   0.0000000000000000E+000  -0.1984534591004345E+000   0.0000000000000000E+000
  0.5200599066618613E-001  -0.1851530884220243E+001   0.0000000000000000E+000  -0.2016219447363996E+000   0.0000000000000000E+000
  0.5205509237058529E-001  -0.1844456192816431E+001   0.0000000000000000E+000  -0.2047720500535715E+000   0.0000000000000000E+000
  0.5210443683560528E-001  -0.1836945914926992E+001   0.0000000000000000E+000  -0.2079184939578594E+000   0.0000000000000000E+000
  0.5215378130062528E-001  -0.1829070542073262E+001   0.0000000000000000E+000  -0.2110449845353438E+000   0.0000000000000000E+000
  0.5220312576564527E-001  -0.1820869679366891E+001   0.0000000000000000E+000  -0.2141509268013259E+000   0.0000000000000000E+000
  0.5225247023066527E-001  -0.1812378590125272E+001   0.0000000000000000E+000  -0.2172357987493375E+000   0.0000000000000000E+000
  0.5230181469568526E-001  -0.1803625885626598E+001   0.0000000000000000E+000  -0.2202991407331976E+000   0.0000000000000000E+000
  0.5235115916070526E-001  -0.1794631272123304E+001   0.0000000000000000E+000  -0.2233405406327408E+000   0.0000000000000000E+000
  0.5240050362572525E-001  -0.1785403358290577E+001   0.0000000000000000E+000  -0.2263596149408166E+000   0.0000000000000000E+000
  0.5244984809074524E-001  -0.1775937525301263E+001   0.0000000000000000E+000  -0.2293559859131775E+000   0.0000000000000000E+000
  0.5249953746920747E-001  -0.1766149800902443E+001   0.0000000000000000E+000  -0.2323499576616446E+000   0.0000000000000000E+000
  0.5254922684766970E-001  -0.1756099769278889E+001   0.0000000000000000E+000  -0.2353200802616531E+000   0.0000000000000000E+000
  0.5259891622613192E-001  -0.1745786822834273E+001   0.0000000000000000E+000  -0.2382659258171220E+000   0.0000000000000000E+000
  0.5264860560459415E-001  -0.1735211977299173E+001   0.0000000000000000E+000  -0.2411870683046431E+000   0.0000000000000000E+000
  0.5269829498305637E-001  -0.1724378313815637E+001   0.0000000000000000E+000  -0.2440830869979511E+000   0.0000000000000000E+000
  0.5274798436151860E-001  -0.1713291408025921E+001   0.0000000000000000E+000  -0.2469535706890623E+000   0.0000000000000000E+000
  0.5279767373998082E-001  -0.1701959745914779E+001   0.0000000000000000E+000  -0.2497981226763938E+000   0.0000000000000000E+000
  0.5284736311844305E-001  -0.1690395126146380E+001   0.0000000000000000E+000  -0.2526163664899211E+000   0.0000000000000000E+000
  0.5289721958117906E-001  -0.1678573948869424E+001   0.0000000000000000E+000  -0.2554172946332490E+000   0.0000000000000000E+000
  0.5294707604391506E-001  -0.1666556272912907E+001   0.0000000000000000E+000  -0.2581910722779215E+000   0.0000000000000000E+000
  0.5299693250665106E-001  -0.1654359718585031E+001   0.0000000000000000E+000  -0.2609374244892861E+000   0.0000000000000000E+000
  0.5304678896938707E-001  -0.1641995140649340E+001   0.0000000000000000E+000  -0.2636561035374955E+000   0.0000000000000000E+000
  0.5309664543212307E-001  -0.1629465861019174E+001   0.0000000000000000E+000  -0.2663468753462494E+000   0.0000000000000000E+000
  0.5314650189485907E-001  -0.1616766930530613E+001   0.0000000000000000E+000  -0.2690095046138719E+000   0.0000000000000000E+000
  0.5319635835759508E-001  -0.1603884419849791E+001   0.0000000000000000E+000  -0.2716437386696021E+000   0.0000000000000000E+000
  0.5324621482033109E-001  -0.1590794739343714E+001   0.0000000000000000E+000  -0.2742492901273778E+000   0.0000000000000000E+000
  0.5329632165015363E-001  -0.1577360354272292E+001   0.0000000000000000E+000  -0.2768386668487561E+000   0.0000000000000000E+000
  0.5334642847997617E-001  -0.1563456453402894E+001   0.0000000000000000E+000  -0.2793980975725557E+000   0.0000000000000000E+000
  0.5339653530979871E-001  -0.1548947968625695E+001   0.0000000000000000E+000  -0.2819266437560274E+000   0.0000000000000000E+000
  0.5344664213962125E-001  -0.1533808624007936E+001   0.0000000000000000E+000  -0.2844232165508588E+000   0.0000000000000000E+000
  0.5349684155476499E-001  -0.1518067041709773E+001   0.0000000000000000E+000  -0.2868912944031465E+000   0.0000000000000000E+000
  0.5354704096990872E-001  -0.1501761154995932E+001   0.0000000000000000E+000  -0.2893252666577191E+000   0.0000000000000000E+000
  0.5359724038505245E-001  -0.1484889912331301E+001   0.0000000000000000E+000  -0.2917241670589658E+000   0.0000000000000000E+000
  0.5364743980019619E-001  -0.1467465987279577E+001   0.0000000000000000E+000  -0.2940870435702289E+000   0.0000000000000000E+000
  0.5369781065292244E-001  -0.1449446978472596E+001   0.0000000000000000E+000  -0.2964208596677350E+000   0.0000000000000000E+000
  0.5374818150564870E-001  -0.1430894353983704E+001   0.0000000000000000E+000  -0.2987165816194536E+000   0.0000000000000000E+000
  0.5379855235837495E-001  -0.1411814437876918E+001   0.0000000000000000E+000  -0.3009733161214883E+000   0.0000000000000000E+000
  0.5384892321110120E-001  -0.1392225128940317E+001   0.0000000000000000E+000  -0.3031901966853799E+000   0.0000000000000000E+000
  0.5389929406382745E-001  -0.1372156510102625E+001   0.0000000000000000E+000  -0.3053664057004836E+000   0.0000000000000000E+000
  0.5394966491655370E-001  -0.1351651421560528E+001   0.0000000000000000E+000  -0.3075011974702674E+000   0.0000000000000000E+000
  0.5400003576927995E-001  -0.1330765995831307E+001   0.0000000000000000E+000  -0.3095939221471064E+000   0.0000000000000000E+000
  0.5405040662200621E-001  -0.1309570152870836E+001   0.0000000000000000E+000  -0.3116440504872786E+000   0.0000000000000000E+000
  0.5410119487133459E-001  -0.1287980482077809E+001   0.0000000000000000E+000  -0.3136676550549294E+000   0.0000000000000000E+000
  0.5415198312066297E-001  -0.1266311712728658E+001   0.0000000000000000E+000  -0.3156474031422256E+000   0.0000000000000000E+000
  0.5420277136999135E-001  -0.1244689654874251E+001   0.0000000000000000E+000  -0.3175833841648019E+000   0.0000000000000000E+000
  0.5425355961931973E-001  -0.1223209559104626E+001   0.0000000000000000E+000  -0.3194758942016463E+000   0.0000000000000000E+000
  0.5430434786864811E-001  -0.1201934401486121E+001   0.0000000000000000E+000  -0.3213253767178452E+000   0.0000000000000000E+000
  0.5435513611797649E-001  -0.1180893291964364E+001   0.0000000000000000E+000  -0.3231323605402777E+000   0.0000000000000000E+000
  0.5440592436730488E-001  -0.1160080007732210E+001   0.0000000000000000E+000  -0.3248973953349787E+000   0.0000000000000000E+000
  0.5445671261663326E-001  -0.1139451649407871E+001   0.0000000000000000E+000  -0.3266209848324887E+000   0.0000000000000000E+000
  0.5450771161870444E-001  -0.1118857140099587E+001   0.0000000000000000E+000  -0.3283104211212078E+000   0.0000000000000000E+000
  0.5455871062077562E-001  -0.1098351424131852E+001   0.0000000000000000E+000  -0.3299587681851901E+000   0.0000000000000000E+000
  0.5460970962284680E-001  -0.1077920696748456E+001   0.0000000000000000E+000  -0.3315662902806602E+000   0.0000000000000000E+000
  0.5466070862491798E-001  -0.1057557049742320E+001   0.0000000000000000E+000  -0.3331332302106935E+000   0.0000000000000000E+000
  0.5471170762698916E-001  -0.1037258720151949E+001   0.0000000000000000E+000  -0.3346598205484183E+000   0.0000000000000000E+000
  0.5476270662906034E-001  -0.1017030318704250E+001   0.0000000000000000E+000  -0.3361462952409659E+000   0.0000000000000000E+000
  0.5481370563113153E-001  -0.9968830385425126E+000   0.0000000000000000E+000  -0.3375929015547715E+000   0.0000000000000000E+000
  0.5486470463320271E-001  -0.9768348446826585E+000   0.0000000000000000E+000  -0.3389999123240345E+000   0.0000000000000000E+000
  0.5491600442082706E-001  -0.9567911608328894E+000   0.0000000000000000E+000  -0.3403755883667268E+000   0.0000000000000000E+000
  0.5496730420845142E-001  -0.9368883167252772E+000   0.0000000000000000E+000  -0.3417118677001668E+000   0.0000000000000000E+000
  0.5501860399607578E-001  -0.9171397598302291E+000   0.0000000000000000E+000  -0.3430091313551707E+000   0.0000000000000000E+000
  0.5506990378370014E-001  -0.8975557440244700E+000   0.0000000000000000E+000  -0.3442677811984908E+000   0.0000000000000000E+000
  0.5512120357132450E-001  -0.8781432578753814E+000   0.0000000000000000E+000  -0.3454882338704837E+000   0.0000000000000000E+000
  0.5517250335894885E-001  -0.8589059611646372E+000   0.0000000000000000E+000  -0.3466709146308219E+000   0.0000000000000000E+000
  0.5527510293419757E-001  -0.8209546063606006E+000   0.0000000000000000E+000  -0.3489246669538875E+000   0.0000000000000000E+000
  0.5537794550861265E-001  -0.7836367183515309E+000   0.0000000000000000E+000  -0.3510372602500809E+000   0.0000000000000000E+000
  0.5548078808302773E-001  -0.7471869678502122E+000   0.0000000000000000E+000  -0.3530069515024492E+000   0.0000000000000000E+000
  0.5558363065744280E-001  -0.7115550179195960E+000   0.0000000000000000E+000  -0.3548377036194358E+000   0.0000000000000000E+000
  0.5568647323185787E-001  -0.6764086593164932E+000   0.0000000000000000E+000  -0.3565327082756599E+000   0.0000000000000000E+000
  0.5578973444420951E-001  -0.6406461787904715E+000   0.0000000000000000E+000  -0.3580991304258124E+000   0.0000000000000000E+000
  0.5589299565656114E-001  -0.6022882674599586E+000   0.0000000000000000E+000  -0.3595249434858044E+000   0.0000000000000000E+000
  0.5594462626273695E-001  -0.5816506889159829E+000   0.0000000000000000E+000  -0.3601816160604323E+000   0.0000000000000000E+000
  0.5599625686891277E-001  -0.5599315782023669E+000   0.0000000000000000E+000  -0.3607984017484713E+000   0.0000000000000000E+000
  0.5604788747508858E-001  -0.5371439422335571E+000   0.0000000000000000E+000  -0.3613734131628139E+000   0.0000000000000000E+000
  0.5609951808126440E-001  -0.5133773758723212E+000   0.0000000000000000E+000  -0.3619048597777897E+000   0.0000000000000000E+000
  0.5615138054856643E-001  -0.4886186861928261E+000   0.0000000000000000E+000  -0.3623932364938050E+000   0.0000000000000000E+000
  0.5620324301586845E-001  -0.4628782783641667E+000   0.0000000000000000E+000  -0.3628344598071367E+000   0.0000000000000000E+000
  0.5625510548317048E-001  -0.4360701947611375E+000   0.0000000000000000E+000  -0.3632267454776967E+000   0.0000000000000000E+000
  0.5630696795047251E-001  -0.4081854528527069E+000   0.0000000000000000E+000  -0.3635682336139282E+000   0.0000000000000000E+000
  0.5635883041777453E-001  -0.3792924228108996E+000   0.0000000000000000E+000  -0.3638571302041235E+000   0.0000000000000000E+000
  0.5641069288507655E-001  -0.3495370657070874E+000   0.0000000000000000E+000  -0.3640918484411741E+000   0.0000000000000000E+000
  0.5646255535237858E-001  -0.3191430091829578E+000   0.0000000000000000E+000  -0.3642711495667332E+000   0.0000000000000000E+000
  0.5651441781968061E-001  -0.2884114303270252E+000   0.0000000000000000E+000  -0.3643942829129859E+000   0.0000000000000000E+000
  0.5656668414755218E-001  -0.2576134606416287E+000   0.0000000000000000E+000  -0.3644614813762668E+000   0.0000000000000000E+000
  0.5661895047542377E-001  -0.2279137961684819E+000   0.0000000000000000E+000  -0.3644728669862833E+000   0.0000000000000000E+000
  0.5667121680329535E-001  -0.1999194659209514E+000   0.0000000000000000E+000  -0.3644312329156687E+000   0.0000000000000000E+000
  0.5672348313116693E-001  -0.1737395689828690E+000   0.0000000000000000E+000  -0.3643400321793477E+000   0.0000000000000000E+000
  0.5677587894775729E-001  -0.1491596475009810E+000   0.0000000000000000E+000  -0.3642021740266641E+000   0.0000000000000000E+000
  0.5682827476434765E-001  -0.1265005380768258E+000   0.0000000000000000E+000  -0.3640212371583667E+000   0.0000000000000000E+000
  0.5693306639752837E-001  -0.8608898532591212E-001   0.0000000000000000E+000  -0.3635440864610145E+000   0.0000000000000000E+000
  0.5703798473365400E-001  -0.4691245276401287E-001   0.0000000000000000E+000  -0.3629245167787880E+000   0.0000000000000000E+000
  0.5714290306977962E-001  -0.6050020532567233E-002   0.0000000000000000E+000  -0.3621611867598619E+000   0.0000000000000000E+000
  0.5724798532697403E-001   0.3533371927506401E-001   0.0000000000000000E+000  -0.3612488456080234E+000   0.0000000000000000E+000
  0.5735306758416845E-001   0.7650017545187969E-001   0.0000000000000000E+000  -0.3601893013261146E+000   0.0000000000000000E+000
  0.5745863043732632E-001   0.1174659914223390E+000   0.0000000000000000E+000  -0.3589785766710364E+000   0.0000000000000000E+000
  0.5756419329048419E-001   0.1578684643059103E+000   0.0000000000000000E+000  -0.3576236810896075E+000   0.0000000000000000E+000
  0.5766975614364207E-001   0.1975369252503596E+000   0.0000000000000000E+000  -0.3561277322931709E+000   0.0000000000000000E+000
  0.5777531899679994E-001   0.2363061709475532E+000   0.0000000000000000E+000  -0.3544944503764555E+000   0.0000000000000000E+000
  0.5788118978722595E-001   0.2740133861234317E+000   0.0000000000000000E+000  -0.3527228922621081E+000   0.0000000000000000E+000
  0.5798706057765195E-001   0.3100203480707438E+000   0.0000000000000000E+000  -0.3508235968628817E+000   0.0000000000000000E+000
  0.5809293136807796E-001   0.3442099475630538E+000   0.0000000000000000E+000  -0.3488037805437511E+000   0.0000000000000000E+000
  0.5819880215850397E-001   0.3770075430308050E+000   0.0000000000000000E+000  -0.3466700272691406E+000   0.0000000000000000E+000
  0.5827855062782575E-001   0.4013635241086698E+000   0.0000000000000000E+000  -0.3449901052355138E+000   0.0000000000000000E+000
  0.5835829909714752E-001   0.4259939013558173E+000   0.0000000000000000E+000  -0.3432480903916568E+000   0.0000000000000000E+000
  0.5843804756646929E-001   0.4511668259961289E+000   0.0000000000000000E+000  -0.3414430465385653E+000   0.0000000000000000E+000
  0.5851779603579108E-001   0.4768496528642797E+000   0.0000000000000000E+000  -0.3395737174735623E+000   0.0000000000000000E+000
  0.5859771443990044E-001   0.5028410356075185E+000   0.0000000000000000E+000  -0.3376350932306834E+000   0.0000000000000000E+000
  0.5867763284400980E-001   0.5289219040377243E+000   0.0000000000000000E+000  -0.3356309006434258E+000   0.0000000000000000E+000
  0.5875755124811917E-001   0.5550302318400999E+000   0.0000000000000000E+000  -0.3335612398656361E+000   0.0000000000000000E+000
  0.5883746965222853E-001   0.5811684301763730E+000   0.0000000000000000E+000  -0.3314262930119858E+000   0.0000000000000000E+000
  0.5891759173081769E-001   0.6074384105040341E+000   0.0000000000000000E+000  -0.3292204838006752E+000   0.0000000000000000E+000
  0.5899771380940684E-001   0.6337559091910172E+000   0.0000000000000000E+000  -0.3269492638588092E+000   0.0000000000000000E+000
  0.5907783588799599E-001   0.6601416893312254E+000   0.0000000000000000E+000  -0.3246127369398966E+000   0.0000000000000000E+000
  0.5915795796658514E-001   0.6866815898335008E+000   0.0000000000000000E+000  -0.3222108557144546E+000   0.0000000000000000E+000
  0.5923832684875076E-001   0.7136693658941147E+000   0.0000000000000000E+000  -0.3197355048995925E+000   0.0000000000000000E+000
  0.5931869573091638E-001   0.7413712844963081E+000   0.0000000000000000E+000  -0.3171927294380645E+000   0.0000000000000000E+000
  0.5939906461308200E-001   0.7697856593835904E+000   0.0000000000000000E+000  -0.3145807623389956E+000   0.0000000000000000E+000
  0.5947943349524762E-001   0.7984797926491380E+000   0.0000000000000000E+000  -0.3118984488609394E+000   0.0000000000000000E+000
  0.5956032796777234E-001   0.8268143000535944E+000   0.0000000000000000E+000  -0.3091281230517117E+000   0.0000000000000000E+000
  0.5964122244029707E-001   0.8537435812879123E+000   0.0000000000000000E+000  -0.3062900686270836E+000   0.0000000000000000E+000
  0.5972211691282180E-001   0.8788484969191167E+000   0.0000000000000000E+000  -0.3033890057324470E+000   0.0000000000000000E+000
  0.5980301138534652E-001   0.9021771803120636E+000   0.0000000000000000E+000  -0.3004301350700807E+000   0.0000000000000000E+000
  0.5988413858317429E-001   0.9241250799750953E+000   0.0000000000000000E+000  -0.2974092828565708E+000   0.0000000000000000E+000
  0.5996526578100207E-001   0.9447049053507680E+000   0.0000000000000000E+000  -0.2943388598260941E+000   0.0000000000000000E+000
  0.6004639297882984E-001   0.9640572076764672E+000   0.0000000000000000E+000  -0.2912225989765404E+000   0.0000000000000000E+000
  0.6012752017665761E-001   0.9824976084444499E+000   0.0000000000000000E+000  -0.2880635881426496E+000   0.0000000000000000E+000
  0.6022255679363331E-001   0.1003435206136181E+001   0.0000000000000000E+000  -0.2843113169465775E+000   0.0000000000000000E+000
  0.6031759341060901E-001   0.1023792457845440E+001   0.0000000000000000E+000  -0.2805054189125961E+000   0.0000000000000000E+000
  0.6041263002758471E-001   0.1043587446139309E+001   0.0000000000000000E+000  -0.2766479228037781E+000   0.0000000000000000E+000
  0.6050766664456041E-001   0.1062820028261014E+001   0.0000000000000000E+000  -0.2727408091336467E+000   0.0000000000000000E+000
  0.6060293530097739E-001   0.1081527317335349E+001   0.0000000000000000E+000  -0.2687763473746055E+000   0.0000000000000000E+000
  0.6069820395739438E-001   0.1099669909251328E+001   0.0000000000000000E+000  -0.2647660016876074E+000   0.0000000000000000E+000
  0.6079347261381136E-001   0.1117240543462014E+001   0.0000000000000000E+000  -0.2607117392922620E+000   0.0000000000000000E+000
  0.6088874127022836E-001   0.1134209567763016E+001   0.0000000000000000E+000  -0.2566155756694558E+000   0.0000000000000000E+000
  0.6098424983393397E-001   0.1150570695472198E+001   0.0000000000000000E+000  -0.2524691726131200E+000   0.0000000000000000E+000
  0.6107975839763958E-001   0.1166238267023108E+001   0.0000000000000000E+000  -0.2482850650908719E+000   0.0000000000000000E+000
  0.6117526696134519E-001   0.1181187408834932E+001   0.0000000000000000E+000  -0.2440656163785923E+000   0.0000000000000000E+000
  0.6127077552505080E-001   0.1195409082173771E+001   0.0000000000000000E+000  -0.2398132293088569E+000   0.0000000000000000E+000
  0.6136651315788628E-001   0.1208928056143646E+001   0.0000000000000000E+000  -0.2355200018804207E+000   0.0000000000000000E+000
  0.6146225079072176E-001   0.1221682522514853E+001   0.0000000000000000E+000  -0.2311985612778036E+000   0.0000000000000000E+000
  0.6155798842355725E-001   0.1233680132208737E+001   0.0000000000000000E+000  -0.2268513967412559E+000   0.0000000000000000E+000
  0.6165372605639273E-001   0.1244970630630938E+001   0.0000000000000000E+000  -0.2224808898599784E+000   0.0000000000000000E+000
  0.6176355284224718E-001   0.1257157759261105E+001   0.0000000000000000E+000  -0.2174412302252873E+000   0.0000000000000000E+000
  0.6187337962810163E-001   0.1268634547733040E+001   0.0000000000000000E+000  -0.2123765158423083E+000   0.0000000000000000E+000
  0.6198320641395608E-001   0.1279454259656227E+001   0.0000000000000000E+000  -0.2072892624764324E+000   0.0000000000000000E+000
  0.6209303319981053E-001   0.1289616136078540E+001   0.0000000000000000E+000  -0.2021818773816007E+000   0.0000000000000000E+000
  0.6220309190305147E-001   0.1299105433683665E+001   0.0000000000000000E+000  -0.1970459835393785E+000   0.0000000000000000E+000
  0.6231315060629241E-001   0.1307884850004562E+001   0.0000000000000000E+000  -0.1918949061167070E+000   0.0000000000000000E+000
  0.6242337715613011E-001   0.1315985328129784E+001   0.0000000000000000E+000  -0.1867233058137598E+000   0.0000000000000000E+000
  0.6253360370596781E-001   0.1323392992844874E+001   0.0000000000000000E+000  -0.1815414758542463E+000   0.0000000000000000E+000
  0.6264433483615446E-001   0.1329989687915994E+001   0.0000000000000000E+000  -0.1763283645563603E+000   0.0000000000000000E+000
  0.6275506596634112E-001   0.1335669602718894E+001   0.0000000000000000E+000  -0.1711108390144861E+000   0.0000000000000000E+000
  0.6286579709652779E-001   0.1340428296819070E+001   0.0000000000000000E+000  -0.1658921498510636E+000   0.0000000000000000E+000
  0.6297652822671444E-001   0.1344287904479813E+001   0.0000000000000000E+000  -0.1606754931700734E+000   0.0000000000000000E+000
  0.6308759724353830E-001   0.1347289980614744E+001   0.0000000000000000E+000  -0.1554480477148033E+000   0.0000000000000000E+000
  0.6319866626036216E-001   0.1349443640110499E+001   0.0000000000000000E+000  -0.1502287132947432E+000   0.0000000000000000E+000
  0.6330973527718603E-001   0.1350769456607061E+001   0.0000000000000000E+000  -0.1450203742492309E+000   0.0000000000000000E+000
  0.6342080429400988E-001   0.1351288699600869E+001   0.0000000000000000E+000  -0.1398258212243960E+000   0.0000000000000000E+000
  0.6353219214963299E-001   0.1351018663213262E+001   0.0000000000000000E+000  -0.1346329161916955E+000   0.0000000000000000E+000
  0.6364358000525611E-001   0.1349970882131683E+001   0.0000000000000000E+000  -0.1294592388225683E+000   0.0000000000000000E+000
  0.6375496786087921E-001   0.1348156838505067E+001   0.0000000000000000E+000  -0.1243073742984493E+000   0.0000000000000000E+000
  0.6386635571650232E-001   0.1345587593359615E+001   0.0000000000000000E+000  -0.1191798516813297E+000   0.0000000000000000E+000
  0.6397797660119744E-001   0.1342268011557872E+001   0.0000000000000000E+000  -0.1140685015461704E+000   0.0000000000000000E+000
  0.6408959748589256E-001   0.1338217789155582E+001   0.0000000000000000E+000  -0.1089864994001481E+000   0.0000000000000000E+000
  0.6420137262798642E-001   0.1333442622218303E+001   0.0000000000000000E+000  -0.1039292447143830E+000   0.0000000000000000E+000
  0.6431314777008029E-001   0.1327958353962362E+001   0.0000000000000000E+000  -0.9890609247849665E-001   0.0000000000000000E+000
  0.6442545146795489E-001   0.1321749008001611E+001   0.0000000000000000E+000  -0.9389580342520434E-001   0.0000000000000000E+000
  0.6453775516582949E-001   0.1314856703262131E+001   0.0000000000000000E+000  -0.8892442420497672E-001   0.0000000000000000E+000
  0.6465005886370409E-001   0.1307298992655173E+001   0.0000000000000000E+000  -0.8399408894127132E-001   0.0000000000000000E+000
  0.6476236256157869E-001   0.1299091772667206E+001   0.0000000000000000E+000  -0.7910685920430484E-001   0.0000000000000000E+000
  0.6487496324887675E-001   0.1290224609411737E+001   0.0000000000000000E+000  -0.7425198822740953E-001   0.0000000000000000E+000
  0.6498756393617480E-001   0.1280733184568002E+001   0.0000000000000000E+000  -0.6944440868967677E-001   0.0000000000000000E+000
  0.6510016462347286E-001   0.1270632305843573E+001   0.0000000000000000E+000  -0.6468600617632182E-001   0.0000000000000000E+000
  0.6521276531077091E-001   0.1259935791080286E+001   0.0000000000000000E+000  -0.5997860453238689E-001   0.0000000000000000E+000
  0.6532565353513370E-001   0.1248625802962619E+001   0.0000000000000000E+000  -0.5531215394700816E-001   0.0000000000000000E+000
  0.6543854175949648E-001   0.1236738025504150E+001   0.0000000000000000E+000  -0.5070047549244729E-001   0.0000000000000000E+000
  0.6555142998385927E-001   0.1224285552510107E+001   0.0000000000000000E+000  -0.4614525504031811E-001   0.0000000000000000E+000
  0.6566431820822204E-001   0.1211288147275950E+001   0.0000000000000000E+000  -0.4164811137188144E-001   0.0000000000000000E+000
  0.6577741480957805E-001   0.1197749711564333E+001   0.0000000000000000E+000  -0.3720243517482290E-001   0.0000000000000000E+000
  0.6589051141093406E-001   0.1183729987579808E+001   0.0000000000000000E+000  -0.3281798890439118E-001   0.0000000000000000E+000
  0.6600374441824575E-001   0.1169245153956141E+001   0.0000000000000000E+000  -0.2849088091104793E-001   0.0000000000000000E+000
  0.6611697742555742E-001   0.1154339633456049E+001   0.0000000000000000E+000  -0.2422759031120431E-001   0.0000000000000000E+000
  0.6623057423299036E-001   0.1138912685263860E+001   0.0000000000000000E+000  -0.2001592188761712E-001   0.0000000000000000E+000
  0.6634417104042331E-001   0.1122979024944457E+001   0.0000000000000000E+000  -0.1587103832432452E-001   0.0000000000000000E+000
  0.6645776784785626E-001   0.1106538229696598E+001   0.0000000000000000E+000  -0.1179433893039539E-001   0.0000000000000000E+000
  0.6657136465528922E-001   0.1089612482650258E+001   0.0000000000000000E+000  -0.7787177902728482E-002   0.0000000000000000E+000
  0.6668523038588649E-001   0.1072206291309626E+001   0.0000000000000000E+000  -0.3841550363563914E-002   0.0000000000000000E+000
  0.6679909611648376E-001   0.1054409642351515E+001   0.0000000000000000E+000   0.3191855328546756E-004   0.0000000000000000E+000
  0.6691296184708102E-001   0.1036251603724256E+001   0.0000000000000000E+000   0.3832317386976820E-002   0.0000000000000000E+000
  0.6702682757767829E-001   0.1017734343092707E+001   0.0000000000000000E+000   0.7558794090623647E-002   0.0000000000000000E+000
  0.6714108887954237E-001   0.9987659707971401E+000   0.0000000000000000E+000   0.1122301643620798E-001   0.0000000000000000E+000
  0.6725535018140646E-001   0.9793784343301064E+000   0.0000000000000000E+000   0.1481091279266843E-001   0.0000000000000000E+000
  0.6736961148327056E-001   0.9595590954469627E+000   0.0000000000000000E+000   0.1832141525055643E-001   0.0000000000000000E+000
  0.6748387278513464E-001   0.9393188981229826E+000   0.0000000000000000E+000   0.2175345822723194E-001   0.0000000000000000E+000
  0.6759833378081290E-001   0.9186473472244399E+000   0.0000000000000000E+000   0.2511184129937655E-001   0.0000000000000000E+000
  0.6771279477649114E-001   0.8975996076254691E+000   0.0000000000000000E+000   0.2838958053467516E-001   0.0000000000000000E+000
  0.6782739237324953E-001   0.8762040136741338E+000   0.0000000000000000E+000   0.3158965522834084E-001   0.0000000000000000E+000
  0.6794198997000793E-001   0.8545200506334978E+000   0.0000000000000000E+000   0.3470748861194600E-001   0.0000000000000000E+000
  0.6805679372105045E-001   0.8325030105026726E+000   0.0000000000000000E+000   0.3774790061455899E-001   0.0000000000000000E+000
  0.6817159747209296E-001   0.8101652837408925E+000   0.0000000000000000E+000   0.4070458012535213E-001   0.0000000000000000E+000
  0.6828640122313548E-001   0.7875002762475362E+000   0.0000000000000000E+000   0.4357684161686196E-001   0.0000000000000000E+000
  0.6840120497417800E-001   0.7645296701926577E+000   0.0000000000000000E+000   0.4636402807897752E-001   0.0000000000000000E+000
  0.6851628658911488E-001   0.7412388405414120E+000   0.0000000000000000E+000   0.4907203344138238E-001   0.0000000000000000E+000
  0.6863136820405175E-001   0.7177070842351762E+000   0.0000000000000000E+000   0.5169358219519155E-001   0.0000000000000000E+000
  0.6874644981898861E-001   0.6939513851474939E+000   0.0000000000000000E+000   0.5422831635431917E-001   0.0000000000000000E+000
  0.6886153143392550E-001   0.6699887547416641E+000   0.0000000000000000E+000   0.5667594077548200E-001   0.0000000000000000E+000
  0.6897358417525545E-001   0.6464901704756522E+000   0.0000000000000000E+000   0.5897523408720710E-001   0.0000000000000000E+000
  0.6908563691658540E-001   0.6229176700126291E+000   0.0000000000000000E+000   0.6119172911455822E-001   0.0000000000000000E+000
  0.6919768965791534E-001   0.5993608372358311E+000   0.0000000000000000E+000   0.6332572444902762E-001   0.0000000000000000E+000
  0.6930974239924528E-001   0.5758900736855760E+000   0.0000000000000000E+000   0.6537777469897781E-001   0.0000000000000000E+000
  0.6942179514057523E-001   0.5525557055305079E+000   0.0000000000000000E+000   0.6734862571344118E-001   0.0000000000000000E+000
  0.6953384788190517E-001   0.5293872073603815E+000   0.0000000000000000E+000   0.6923914775574667E-001   0.0000000000000000E+000
  0.6964590062323511E-001   0.5063925412679972E+000   0.0000000000000000E+000   0.7105026702081974E-001   0.0000000000000000E+000
  0.6975795336456507E-001   0.4835576078097235E+000   0.0000000000000000E+000   0.7278289587707444E-001   0.0000000000000000E+000
  0.6987039464603600E-001   0.4607847528126987E+000   0.0000000000000000E+000   0.7444348101793768E-001   0.0000000000000000E+000
  0.6998283592750695E-001   0.4381834868616395E+000   0.0000000000000000E+000   0.7602674307434201E-001   0.0000000000000000E+000
  0.7009527720897789E-001   0.4157833711546740E+000   0.0000000000000000E+000   0.7753364831119247E-001   0.0000000000000000E+000
  0.7020771849044882E-001   0.3935957270828564E+000   0.0000000000000000E+000   0.7896521938369834E-001   0.0000000000000000E+000
  0.7032015977191976E-001   0.3716133233770936E+000   0.0000000000000000E+000   0.8032247644423531E-001   0.0000000000000000E+000
  0.7043260105339069E-001   0.3498101442641748E+000   0.0000000000000000E+000   0.8160637795671977E-001   0.0000000000000000E+000
  0.7054504233486163E-001   0.3281412340175532E+000   0.0000000000000000E+000   0.8281776147061987E-001   0.0000000000000000E+000
  0.7065748361633256E-001   0.3065426127361078E+000   0.0000000000000000E+000   0.8395728458788770E-001   0.0000000000000000E+000
  0.7075215364445112E-001   0.2883598553132132E+000   0.0000000000000000E+000   0.8486130870398652E-001   0.0000000000000000E+000
  0.7084682367256967E-001   0.2701604414721416E+000   0.0000000000000000E+000   0.8571487421221977E-001   0.0000000000000000E+000
  0.7094149370068822E-001   0.2519355247630105E+000   0.0000000000000000E+000   0.8651812528736090E-001   0.0000000000000000E+000
  0.7103616372880678E-001   0.2336761705276578E+000   0.0000000000000000E+000   0.8727118075010896E-001   0.0000000000000000E+000
  0.7113083375692533E-001   0.2153733758020736E+000   0.0000000000000000E+000   0.8797413398584206E-001   0.0000000000000000E+000
  0.7122550378504389E-001   0.1970180887337541E+000   0.0000000000000000E+000   0.8862705291813443E-001   0.0000000000000000E+000
  0.7132017381316244E-001   0.1786012275362049E+000   0.0000000000000000E+000   0.8922998003529471E-001   0.0000000000000000E+000
  0.7141484384128099E-001   0.1601136990022976E+000   0.0000000000000000E+000   0.8978293246826377E-001   0.0000000000000000E+000
  0.7150951386939955E-001   0.1415464165983587E+000   0.0000000000000000E+000   0.9028590211828964E-001   0.0000000000000000E+000
  0.7160418389751810E-001   0.1228903181604304E+000   0.0000000000000000E+000   0.9073885583287417E-001   0.0000000000000000E+000
  0.7169885392563666E-001   0.1041363832137129E+000   0.0000000000000000E+000   0.9114173562856275E-001   0.0000000000000000E+000
  0.7179352395375521E-001   0.8527564993597996E-001   0.0000000000000000E+000   0.9149445895922088E-001   0.0000000000000000E+000
  0.7188819398187377E-001   0.6629923178516241E-001   0.0000000000000000E+000   0.9179691902851514E-001   0.0000000000000000E+000
  0.7198286400999232E-001   0.4719833381072124E-001   0.0000000000000000E+000   0.9204898514538676E-001   0.0000000000000000E+000
  0.7207753403811087E-001   0.2796426866792100E-001   0.0000000000000000E+000   0.9225050312137072E-001   0.0000000000000000E+000
  0.7217220406622944E-001   0.8588472353551245E-002   0.0000000000000000E+000   0.9240129570868305E-001   0.0000000000000000E+000
  0.7233310789086145E-001  -0.2490128512422618E-001   0.0000000000000000E+000   0.9254040656417364E-001   0.0000000000000000E+000
  0.7249401171549344E-001  -0.5983727180423248E-001   0.0000000000000000E+000   0.9252847553571694E-001   0.0000000000000000E+000
  0.7265491554012543E-001  -0.9645619185510965E-001   0.0000000000000000E+000   0.9235927075296135E-001   0.0000000000000000E+000
  0.7273536745244143E-001  -0.1152416348712876E+000   0.0000000000000000E+000   0.9221387948163748E-001   0.0000000000000000E+000
  0.7281581936475742E-001  -0.1341583096887302E+000   0.0000000000000000E+000   0.9202742520099248E-001   0.0000000000000000E+000
  0.7294825733520088E-001  -0.1651906852959072E+000   0.0000000000000000E+000   0.9163126465128398E-001   0.0000000000000000E+000
  0.7308069530564436E-001  -0.1959327706075718E+000   0.0000000000000000E+000   0.9112532875593884E-001   0.0000000000000000E+000
  0.7321313327608783E-001  -0.2263045264950314E+000   0.0000000000000000E+000   0.9051137181210075E-001   0.0000000000000000E+000
  0.7334557124653129E-001  -0.2562546510530600E+000   0.0000000000000000E+000   0.8979137557109551E-001   0.0000000000000000E+000
  0.7347800921697475E-001  -0.2857601374151866E+000   0.0000000000000000E+000   0.8896744550583617E-001   0.0000000000000000E+000
  0.7361044718741822E-001  -0.3148256951431704E+000   0.0000000000000000E+000   0.8804170998371411E-001   0.0000000000000000E+000
  0.7374288515786168E-001  -0.3434830434016317E+000   0.0000000000000000E+000   0.8701622278068807E-001   0.0000000000000000E+000
  0.7387532312830515E-001  -0.3717900859967428E+000   0.0000000000000000E+000   0.8589286933375639E-001   0.0000000000000000E+000
  0.7403799126276682E-001  -0.4061963214475731E+000   0.0000000000000000E+000   0.8438155762967774E-001   0.0000000000000000E+000
  0.7420065939722849E-001  -0.4403421833636671E+000   0.0000000000000000E+000   0.8272746991249942E-001   0.0000000000000000E+000
  0.7436332753169016E-001  -0.4743693288826205E+000   0.0000000000000000E+000   0.8093233919116545E-001   0.0000000000000000E+000
  0.7452599566615183E-001  -0.5084144683504818E+000   0.0000000000000000E+000   0.7899723055325138E-001   0.0000000000000000E+000
  0.7468932325752278E-001  -0.5429797379573742E+000   0.0000000000000000E+000   0.7691363680997780E-001   0.0000000000000000E+000
  0.7477098705320827E-001  -0.5607323587105627E+000   0.0000000000000000E+000   0.7581823947844965E-001   0.0000000000000000E+000
  0.7485265084889375E-001  -0.5789261085173014E+000   0.0000000000000000E+000   0.7468616749213837E-001   0.0000000000000000E+000
  0.7493431464457923E-001  -0.5975919128887203E+000   0.0000000000000000E+000   0.7351653649103865E-001   0.0000000000000000E+000
  0.7501597844026471E-001  -0.6167102272457126E+000   0.0000000000000000E+000   0.7230845341208456E-001   0.0000000000000000E+000
  0.7509764223595020E-001  -0.6362123142895156E+000   0.0000000000000000E+000   0.7106112378824753E-001   0.0000000000000000E+000
  0.7517930603163567E-001  -0.6559815697771986E+000   0.0000000000000000E+000   0.6977395556002285E-001   0.0000000000000000E+000
  0.7526885161720293E-001  -0.6778071423298021E+000   0.0000000000000000E+000   0.6831640837738329E-001   0.0000000000000000E+000
  0.7535839720277018E-001  -0.6997080623980807E+000   0.0000000000000000E+000   0.6681048308517579E-001   0.0000000000000000E+000
  0.7544794278833744E-001  -0.7216079174533366E+000   0.0000000000000000E+000   0.6525624880891585E-001   0.0000000000000000E+000
  0.7553748837390471E-001  -0.7434074012433769E+000   0.0000000000000000E+000   0.6365399713093468E-001   0.0000000000000000E+000
  0.7564263028412632E-001  -0.7686529691024172E+000   0.0000000000000000E+000   0.6171220066621990E-001   0.0000000000000000E+000
  0.7574777219434792E-001  -0.7930722977477909E+000   0.0000000000000000E+000   0.5970692597074004E-001   0.0000000000000000E+000
  0.7585291410456951E-001  -0.8162638020744268E+000   0.0000000000000000E+000   0.5764129182371840E-001   0.0000000000000000E+000
  0.7595805601479111E-001  -0.8379537839035086E+000   0.0000000000000000E+000   0.5551932853890718E-001   0.0000000000000000E+000
  0.7606319792501270E-001  -0.8579919956897092E+000   0.0000000000000000E+000   0.5334562777384950E-001   0.0000000000000000E+000
  0.7616833983523430E-001  -0.8763467284594816E+000   0.0000000000000000E+000   0.5112500795347542E-001   0.0000000000000000E+000
  0.7627348174545590E-001  -0.8930994327417887E+000   0.0000000000000000E+000   0.4886219646326578E-001   0.0000000000000000E+000
  0.7637862365567749E-001  -0.9084389311262812E+000   0.0000000000000000E+000   0.4656152966058028E-001   0.0000000000000000E+000
  0.7655951756427003E-001  -0.9321312091990437E+000   0.0000000000000000E+000   0.4252517919134263E-001   0.0000000000000000E+000
  0.7674041147286256E-001  -0.9527220754881808E+000   0.0000000000000000E+000   0.3840370413358679E-001   0.0000000000000000E+000
  0.7692130538145510E-001  -0.9704685558004283E+000   0.0000000000000000E+000   0.3421169991566073E-001   0.0000000000000000E+000
  0.7710219929004763E-001  -0.9856288655898430E+000   0.0000000000000000E+000   0.2996239751404614E-001   0.0000000000000000E+000
  0.7728309319864017E-001  -0.9984602750287204E+000   0.0000000000000000E+000   0.2566767968909713E-001   0.0000000000000000E+000
  0.7746398710723271E-001  -0.1009217205019407E+001   0.0000000000000000E+000   0.2133810660928338E-001   0.0000000000000000E+000
  0.7764488101582523E-001  -0.1018149545833319E+001   0.0000000000000000E+000   0.1698294961550351E-001   0.0000000000000000E+000
  0.7782577492441776E-001  -0.1025501187378653E+001   0.0000000000000000E+000   0.1261023194924341E-001   0.0000000000000000E+000
  0.7806470684217851E-001  -0.1033170894546155E+001   0.0000000000000000E+000   0.6819146100721145E-002   0.0000000000000000E+000
  0.7830363875993926E-001  -0.1038918352902486E+001   0.0000000000000000E+000   0.1022488482236848E-002   0.0000000000000000E+000
  0.7854257067770000E-001  -0.1043119020268668E+001   0.0000000000000000E+000  -0.4769150349799005E-002   0.0000000000000000E+000
  0.7878150259546074E-001  -0.1046090190502460E+001   0.0000000000000000E+000  -0.1054743672256329E-001   0.0000000000000000E+000
  0.7902043451322149E-001  -0.1048095883673673E+001   0.0000000000000000E+000  -0.1630592219926464E-001   0.0000000000000000E+000
  0.7925936643098223E-001  -0.1049351824215569E+001   0.0000000000000000E+000  -0.2203970790288399E-001   0.0000000000000000E+000
  0.7973723026650373E-001  -0.1050265524625936E+001   0.0000000000000000E+000  -0.3341956015685423E-001   0.0000000000000000E+000
  0.8020877628837279E-001  -0.1049788195812193E+001   0.0000000000000000E+000  -0.4452026605485752E-001   0.0000000000000000E+000
  0.8068032231024186E-001  -0.1048500611663998E+001   0.0000000000000000E+000  -0.5548333541071372E-001   0.0000000000000000E+000
  0.8114592485232260E-001  -0.1046793689682822E+001   0.0000000000000000E+000  -0.6616925644582106E-001   0.0000000000000000E+000
  0.8161152739440333E-001  -0.1044739977689856E+001   0.0000000000000000E+000  -0.7671573769830432E-001   0.0000000000000000E+000
  0.8207712993648408E-001  -0.1042363804416051E+001   0.0000000000000000E+000  -0.8712190073042102E-001   0.0000000000000000E+000
  0.8254273247856482E-001  -0.1039685699840853E+001   0.0000000000000000E+000  -0.9738713821230281E-001   0.0000000000000000E+000
  0.8300072926510794E-001  -0.1036772940568552E+001   0.0000000000000000E+000  -0.1073468179116223E+000   0.0000000000000000E+000
  0.8345872605165107E-001  -0.1033598690059471E+001   0.0000000000000000E+000  -0.1171695423135471E+000   0.0000000000000000E+000
  0.8391672283819419E-001  -0.1030178804313368E+001   0.0000000000000000E+000  -0.1268552616264810E+000   0.0000000000000000E+000
  0.8437471962473732E-001  -0.1026526774877313E+001   0.0000000000000000E+000  -0.1364040844392489E+000   0.0000000000000000E+000
  0.8482730992791440E-001  -0.1022706288524090E+001   0.0000000000000000E+000  -0.1457059394603880E+000   0.0000000000000000E+000
  0.8527990023109148E-001  -0.1018677361387846E+001   0.0000000000000000E+000  -0.1548747281810400E+000   0.0000000000000000E+000
  0.8572770338678065E-001  -0.1014440418814666E+001   0.0000000000000000E+000  -0.1638156531151264E+000   0.0000000000000000E+000
  0.8617550654246983E-001  -0.1009932613101290E+001   0.0000000000000000E+000  -0.1726260850582888E+000   0.0000000000000000E+000
  0.8662330969815901E-001  -0.1005150154723586E+001   0.0000000000000000E+000  -0.1813055975289423E+000   0.0000000000000000E+000
  0.8707111285384819E-001  -0.1000101382112587E+001   0.0000000000000000E+000  -0.1898537909427956E+000   0.0000000000000000E+000
  0.8751287830230163E-001  -0.9948869429571279E+000   0.0000000000000000E+000  -0.1981578291314625E+000   0.0000000000000000E+000
  0.8795464375075507E-001  -0.9895091801507628E+000   0.0000000000000000E+000  -0.2063341017274304E+000   0.0000000000000000E+000
  0.8839640919920851E-001  -0.9840312988298924E+000   0.0000000000000000E+000  -0.2143835604351330E+000   0.0000000000000000E+000
  0.8883817464766194E-001  -0.9784667753399429E+000   0.0000000000000000E+000  -0.2223075422655336E+000   0.0000000000000000E+000
  0.8927395878829204E-001  -0.9728497100411765E+000   0.0000000000000000E+000  -0.2300023983262454E+000   0.0000000000000000E+000
  0.8970974292892214E-001  -0.9670940105825002E+000   0.0000000000000000E+000  -0.2375770051852567E+000   0.0000000000000000E+000
  0.9014552706955226E-001  -0.9612031770333808E+000   0.0000000000000000E+000  -0.2450320943062470E+000   0.0000000000000000E+000
  0.9058131121018236E-001  -0.9551801401840428E+000   0.0000000000000000E+000  -0.2523683990292889E+000   0.0000000000000000E+000
  0.9101145669967997E-001  -0.9491076559671390E+000   0.0000000000000000E+000  -0.2594940024656974E+000   0.0000000000000000E+000
  0.9144160218917760E-001  -0.9429084577532811E+000   0.0000000000000000E+000  -0.2665052864496801E+000   0.0000000000000000E+000
  0.9187174767867522E-001  -0.9365828602587081E+000   0.0000000000000000E+000  -0.2734029322933659E+000   0.0000000000000000E+000
  0.9230189316817283E-001  -0.9301335163616139E+000   0.0000000000000000E+000  -0.2801876151374648E+000   0.0000000000000000E+000
  0.9272674437407881E-001  -0.9236471440765844E+000   0.0000000000000000E+000  -0.2867785830648156E+000   0.0000000000000000E+000
  0.9315159557998479E-001  -0.9170488373106166E+000   0.0000000000000000E+000  -0.2932607245961290E+000   0.0000000000000000E+000
  0.9357644678589076E-001  -0.9103413626518505E+000   0.0000000000000000E+000  -0.2996347458123670E+000   0.0000000000000000E+000
  0.9400129799179674E-001  -0.9035275843725105E+000   0.0000000000000000E+000  -0.3059013585707127E+000   0.0000000000000000E+000
  0.9442117296975594E-001  -0.8966924806018154E+000   0.0000000000000000E+000  -0.3119897477703387E+000   0.0000000000000000E+000
  0.9484104794771515E-001  -0.8897599295268734E+000   0.0000000000000000E+000  -0.3179746449294775E+000   0.0000000000000000E+000
  0.9526092292567437E-001  -0.8827324641544696E+000   0.0000000000000000E+000  -0.3238567675253732E+000   0.0000000000000000E+000
  0.9568079790363357E-001  -0.8756125756094538E+000   0.0000000000000000E+000  -0.3296368357466801E+000   0.0000000000000000E+000
  0.9609598980339629E-001  -0.8684840424394523E+000   0.0000000000000000E+000  -0.3352527926228563E+000   0.0000000000000000E+000
  0.9651118170315900E-001  -0.8612706503893122E+000   0.0000000000000000E+000  -0.3407703800204163E+000   0.0000000000000000E+000
  0.9692637360292172E-001  -0.8539745999695232E+000   0.0000000000000000E+000  -0.3461903136263956E+000   0.0000000000000000E+000
  0.9734156550268443E-001  -0.8465980579849645E+000   0.0000000000000000E+000  -0.3515133092016796E+000   0.0000000000000000E+000
  0.9775234516582290E-001  -0.8392232263859287E+000   0.0000000000000000E+000  -0.3566850433394381E+000   0.0000000000000000E+000
  0.9816312482896139E-001  -0.8317746156316039E+000   0.0000000000000000E+000  -0.3617632974043170E+000   0.0000000000000000E+000
  0.9857390449209988E-001  -0.8242541333623814E+000   0.0000000000000000E+000  -0.3667487774324646E+000   0.0000000000000000E+000
  0.9898468415523835E-001  -0.8166635120340978E+000   0.0000000000000000E+000  -0.3716421852321042E+000   0.0000000000000000E+000
  0.9939130244039546E-001  -0.8090823354428942E+000   0.0000000000000000E+000  -0.3763960271682044E+000   0.0000000000000000E+000
  0.9979792072555257E-001  -0.8014352080099264E+000   0.0000000000000000E+000  -0.3810610108195172E+000   0.0000000000000000E+000
  0.1002045390107097E+000  -0.7937240272060283E+000   0.0000000000000000E+000  -0.3856378101413695E+000   0.0000000000000000E+000
  0.1006111572958668E+000  -0.7859521035258352E+000   0.0000000000000000E+000  -0.3901271075784190E+000   0.0000000000000000E+000
  0.1010147580296062E+000  -0.7781827385772582E+000   0.0000000000000000E+000  -0.3944972530840279E+000   0.0000000000000000E+000
  0.1014183587633455E+000  -0.7703619420783268E+000   0.0000000000000000E+000  -0.3987825942530143E+000   0.0000000000000000E+000
  0.1019188815442304E+000  -0.7605907120017216E+000   0.0000000000000000E+000  -0.4039802852837991E+000   0.0000000000000000E+000
  0.1024194043251152E+000  -0.7507379254390907E+000   0.0000000000000000E+000  -0.4090499261153493E+000   0.0000000000000000E+000
  0.1029199271060001E+000  -0.7408042347092655E+000   0.0000000000000000E+000  -0.4139927716602796E+000   0.0000000000000000E+000
  0.1034204498868849E+000  -0.7307931724387549E+000   0.0000000000000000E+000  -0.4188100563772691E+000   0.0000000000000000E+000
  0.1038167789121697E+000  -0.7228152800786420E+000   0.0000000000000000E+000  -0.4225362729681956E+000   0.0000000000000000E+000
  0.1042131079374545E+000  -0.7147951637157456E+000   0.0000000000000000E+000  -0.4261851737639844E+000   0.0000000000000000E+000
  0.1046094369627393E+000  -0.7067344401895193E+000   0.0000000000000000E+000  -0.4297573935589022E+000   0.0000000000000000E+000
  0.1050057659880241E+000  -0.6986344561123363E+000   0.0000000000000000E+000  -0.4332535663859873E+000   0.0000000000000000E+000
  0.1053987275392008E+000  -0.6905659706550256E+000   0.0000000000000000E+000  -0.4366455759384946E+000   0.0000000000000000E+000
  0.1057916890903775E+000  -0.6824616724123720E+000   0.0000000000000000E+000  -0.4399640654830816E+000   0.0000000000000000E+000
  0.1061846506415542E+000  -0.6743226260854716E+000   0.0000000000000000E+000  -0.4432096479933368E+000   0.0000000000000000E+000
  0.1065776121927309E+000  -0.6661499962096142E+000   0.0000000000000000E+000  -0.4463829301864886E+000   0.0000000000000000E+000
  0.1069673856070546E+000  -0.6580120466377990E+000   0.0000000000000000E+000  -0.4494596386699583E+000   0.0000000000000000E+000
  0.1073571590213782E+000  -0.6498441910888023E+000   0.0000000000000000E+000  -0.4524664011537253E+000   0.0000000000000000E+000
  0.1077469324357019E+000  -0.6416476721360658E+000   0.0000000000000000E+000  -0.4554038083697826E+000   0.0000000000000000E+000
  0.1081367058500255E+000  -0.6334236861798311E+000   0.0000000000000000E+000  -0.4582724470479449E+000   0.0000000000000000E+000
  0.1085234590837025E+000  -0.6252376955951510E+000   0.0000000000000000E+000  -0.4610514624854645E+000   0.0000000000000000E+000
  0.1089102123173795E+000  -0.6170274672250206E+000   0.0000000000000000E+000  -0.4637639191509007E+000   0.0000000000000000E+000
  0.1092969655510565E+000  -0.6087941122655918E+000   0.0000000000000000E+000  -0.4664103876466796E+000   0.0000000000000000E+000
  0.1096837187847335E+000  -0.6005387529030869E+000   0.0000000000000000E+000  -0.4689914345361594E+000   0.0000000000000000E+000
  0.1104514999599211E+000  -0.5840905662231224E+000   0.0000000000000000E+000  -0.4739236936724722E+000   0.0000000000000000E+000
  0.1112192811351088E+000  -0.5675707277771181E+000   0.0000000000000000E+000  -0.4786047709170451E+000   0.0000000000000000E+000
  0.1119816329819255E+000  -0.5511040442772589E+000   0.0000000000000000E+000  -0.4830085127886680E+000   0.0000000000000000E+000
  0.1127439848287423E+000  -0.5345819132226314E+000   0.0000000000000000E+000  -0.4871731061693675E+000   0.0000000000000000E+000
  0.1135023779755510E+000  -0.5181069341582194E+000   0.0000000000000000E+000  -0.4910829972199371E+000   0.0000000000000000E+000
  0.1142571022306767E+000  -0.5016812877818048E+000   0.0000000000000000E+000  -0.4947473964144080E+000   0.0000000000000000E+000
  0.1150118264858024E+000  -0.4852262580358117E+000   0.0000000000000000E+000  -0.4981898366017933E+000   0.0000000000000000E+000
  0.1157617876224321E+000  -0.4688552372082687E+000   0.0000000000000000E+000  -0.5013946000105758E+000   0.0000000000000000E+000
  0.1165117487590618E+000  -0.4524736297156274E+000   0.0000000000000000E+000  -0.5043879910980120E+000   0.0000000000000000E+000
  0.1172571873603888E+000  -0.4361878596781225E+000   0.0000000000000000E+000  -0.5071577015447885E+000   0.0000000000000000E+000
  0.1180026259617157E+000  -0.4199063153637413E+000   0.0000000000000000E+000  -0.5097261988371767E+000   0.0000000000000000E+000
  0.1187437694694407E+000  -0.4037283287842590E+000   0.0000000000000000E+000  -0.5120841016794533E+000   0.0000000000000000E+000
  0.1194849129771657E+000  -0.3875660004372221E+000   0.0000000000000000E+000  -0.5142503972398299E+000   0.0000000000000000E+000
  0.1202219300034511E+000  -0.3715196956985539E+000   0.0000000000000000E+000  -0.5162182020789184E+000   0.0000000000000000E+000
  0.1209589341589616E+000  -0.3555071035440101E+000   0.0000000000000000E+000  -0.5180036541968783E+000   0.0000000000000000E+000
  0.1216920089694796E+000  -0.3396172084915715E+000   0.0000000000000000E+000  -0.5196022192390302E+000   0.0000000000000000E+000
  0.1224252048625125E+000  -0.3237682803588695E+000   0.0000000000000000E+000  -0.5210275358428879E+000   0.0000000000000000E+000
  0.1231545336207312E+000  -0.3080525577104272E+000   0.0000000000000000E+000  -0.5222765477176091E+000   0.0000000000000000E+000
  0.1238841111424288E+000  -0.2923883335813885E+000   0.0000000000000000E+000  -0.5233608978256882E+000   0.0000000000000000E+000
  0.1246101139513022E+000  -0.2768632459408372E+000   0.0000000000000000E+000  -0.5242793340256192E+000   0.0000000000000000E+000
  0.1253361167601756E+000  -0.2614031777675659E+000   0.0000000000000000E+000  -0.5250407942827648E+000   0.0000000000000000E+000
  0.1260587932408437E+000  -0.2460848288144547E+000   0.0000000000000000E+000  -0.5256459994157257E+000   0.0000000000000000E+000
  0.1267814697215117E+000  -0.2308431254146672E+000   0.0000000000000000E+000  -0.5261019036719338E+000   0.0000000000000000E+000
  0.1275006390790455E+000  -0.2157513178606027E+000   0.0000000000000000E+000  -0.5264104344182421E+000   0.0000000000000000E+000
  0.1282204074207422E+000  -0.2007354731631538E+000   0.0000000000000000E+000  -0.5265772460019055E+000   0.0000000000000000E+000
  0.1289365199858062E+000  -0.1858931630239582E+000   0.0000000000000000E+000  -0.5266053315308326E+000   0.0000000000000000E+000
  0.1296533368858011E+000  -0.1711315113410680E+000   0.0000000000000000E+000  -0.5264986941399529E+000   0.0000000000000000E+000
  0.1303665426415501E+000  -0.1565439374460192E+000   0.0000000000000000E+000  -0.5262616962242248E+000   0.0000000000000000E+000
  0.1310805545328975E+000  -0.1420437637448485E+000   0.0000000000000000E+000  -0.5258965197217814E+000   0.0000000000000000E+000
  0.1317909970189297E+000  -0.1277232752682334E+000   0.0000000000000000E+000  -0.5254089606746923E+000   0.0000000000000000E+000
  0.1325023432402058E+000  -0.1134955578217947E+000   0.0000000000000000E+000  -0.5247994378095031E+000   0.0000000000000000E+000
  0.1332101591437736E+000  -0.9945208549544393E-001   0.0000000000000000E+000  -0.5240751489479563E+000   0.0000000000000000E+000
  0.1339189724812605E+000  -0.8550781406361342E-001   0.0000000000000000E+000  -0.5232348049258222E+000   0.0000000000000000E+000
  0.1346248773944198E+000  -0.7174046556490203E-001   0.0000000000000000E+000  -0.5222861672754543E+000   0.0000000000000000E+000
  0.1353307823075791E+000  -0.5809112681060999E-001   0.0000000000000000E+000  -0.5212285882181075E+000   0.0000000000000000E+000
  0.1360337306620837E+000  -0.4462394000427155E-001   0.0000000000000000E+000  -0.5200697017915396E+000   0.0000000000000000E+000
  0.1367378532799960E+000  -0.3126316581083410E-001   0.0000000000000000E+000  -0.5188056463630251E+000   0.0000000000000000E+000
  0.1374385489155913E+000  -0.1809482836657467E-001   0.0000000000000000E+000  -0.5174476507805968E+000   0.0000000000000000E+000
  0.1381405025725290E+000  -0.5033232280319663E-002   0.0000000000000000E+000  -0.5159895183620558E+000   0.0000000000000000E+000
  0.1388390597050598E+000   0.7833268733085199E-002   0.0000000000000000E+000  -0.5144437429153945E+000   0.0000000000000000E+000
  0.1395389555502588E+000   0.2058997332509931E-001   0.0000000000000000E+000  -0.5128026096889259E+000   0.0000000000000000E+000
  0.1402362303340773E+000   0.3316351156840679E-001   0.0000000000000000E+000  -0.5110779696116093E+000   0.0000000000000000E+000
  0.1409335051178957E+000   0.4560370438145158E-001   0.0000000000000000E+000  -0.5092660867967814E+000   0.0000000000000000E+000
  0.1416288936989851E+000   0.5787603827247730E-001   0.0000000000000000E+000  -0.5073743795030793E+000   0.0000000000000000E+000
  0.1423242822800746E+000   0.7001258855791594E-001   0.0000000000000000E+000  -0.5054001913089928E+000   0.0000000000000000E+000
  0.1430170649996698E+000   0.8196450293060707E-001   0.0000000000000000E+000  -0.5033534951829719E+000   0.0000000000000000E+000
  0.1437114136092070E+000   0.9380280041085838E-001   0.0000000000000000E+000  -0.5012242538636978E+000   0.0000000000000000E+000
  0.1444024714120537E+000   0.1054458253927947E+000   0.0000000000000000E+000  -0.4990296896750623E+000   0.0000000000000000E+000
  0.1450951662151345E+000   0.1169759726107097E+000   0.0000000000000000E+000  -0.4967564238300899E+000   0.0000000000000000E+000
  0.1457845929979724E+000   0.1283111836654275E+000   0.0000000000000000E+000  -0.4944227672860826E+000   0.0000000000000000E+000
  0.1464757257704976E+000   0.1395328396197062E+000   0.0000000000000000E+000  -0.4920140504303325E+000   0.0000000000000000E+000
  0.1471636119719643E+000   0.1505602825185162E+000   0.0000000000000000E+000  -0.4895496453993891E+000   0.0000000000000000E+000
  0.1478532711269396E+000   0.1614726330706817E+000   0.0000000000000000E+000  -0.4870136434046932E+000   0.0000000000000000E+000
  0.1485406573360969E+000   0.1722054252155486E+000   0.0000000000000000E+000  -0.4844228249988543E+000   0.0000000000000000E+000
  0.1492280435452542E+000   0.1827964626156392E+000   0.0000000000000000E+000  -0.4817707166280268E+000   0.0000000000000000E+000
  0.1499140915743482E+000   0.1932248638999275E+000   0.0000000000000000E+000  -0.4790643836424744E+000   0.0000000000000000E+000
  0.1506001396034422E+000   0.2035104962823821E+000   0.0000000000000000E+000  -0.4763004182094237E+000   0.0000000000000000E+000
  0.1512839146623852E+000   0.2136177762674940E+000   0.0000000000000000E+000  -0.4734899437289238E+000   0.0000000000000000E+000
  0.1519696522357684E+000   0.2236088308902202E+000   0.0000000000000000E+000  -0.4706172619804134E+000   0.0000000000000000E+000
  0.1526522164783907E+000   0.2334098684856289E+000   0.0000000000000000E+000  -0.4677056548465072E+000   0.0000000000000000E+000
  0.1533368028797941E+000   0.2430954392669935E+000   0.0000000000000000E+000  -0.4647346869702649E+000   0.0000000000000000E+000
  0.1540182312841578E+000   0.2525923558033854E+000   0.0000000000000000E+000  -0.4617285243024783E+000   0.0000000000000000E+000
  0.1547017398225337E+000   0.2619730713773812E+000   0.0000000000000000E+000  -0.4586657164302482E+000   0.0000000000000000E+000
  0.1553832050134016E+000   0.2711808093661266E+000   0.0000000000000000E+000  -0.4555662543625342E+000   0.0000000000000000E+000
  0.1560646702042694E+000   0.2802450813835179E+000   0.0000000000000000E+000  -0.4524225288944774E+000   0.0000000000000000E+000
  0.1567451683766056E+000   0.2891528119165285E+000   0.0000000000000000E+000  -0.4492405366235529E+000   0.0000000000000000E+000
  0.1574256665489418E+000   0.2979163626070656E+000   0.0000000000000000E+000  -0.4460172689462440E+000   0.0000000000000000E+000
  0.1581052637215939E+000   0.3065243740482530E+000   0.0000000000000000E+000  -0.4427584765599731E+000   0.0000000000000000E+000
  0.1587848608942461E+000   0.3149885948726722E+000   0.0000000000000000E+000  -0.4394612950171606E+000   0.0000000000000000E+000
  0.1594636205025264E+000   0.3232988889398610E+000   0.0000000000000000E+000  -0.4361312087675880E+000   0.0000000000000000E+000
  0.1601423801108067E+000   0.3314658725744868E+000   0.0000000000000000E+000  -0.4327655036446499E+000   0.0000000000000000E+000
  0.1608203630645402E+000   0.3394805847648370E+000   0.0000000000000000E+000  -0.4293693933726955E+000   0.0000000000000000E+000
  0.1614983460182736E+000   0.3473526583665670E+000   0.0000000000000000E+000  -0.4259403250745403E+000   0.0000000000000000E+000
  0.1621756107871918E+000   0.3550742543496542E+000   0.0000000000000000E+000  -0.4224832375706262E+000   0.0000000000000000E+000
  0.1628528755561101E+000   0.3626541262297092E+000   0.0000000000000000E+000  -0.4189957466279191E+000   0.0000000000000000E+000
  0.1635294782870794E+000   0.3700854786476073E+000   0.0000000000000000E+000  -0.4154825131602564E+000   0.0000000000000000E+000
  0.1642060810180487E+000   0.3773762574765895E+000   0.0000000000000000E+000  -0.4119413270991254E+000   0.0000000000000000E+000
  0.1648820756553102E+000   0.3845206279572621E+000   0.0000000000000000E+000  -0.4083765698189463E+000   0.0000000000000000E+000
  0.1655580702925717E+000   0.3915257895164198E+000   0.0000000000000000E+000  -0.4047862095220004E+000   0.0000000000000000E+000
  0.1662335086914530E+000   0.3983867897980641E+000   0.0000000000000000E+000  -0.4011743476995059E+000   0.0000000000000000E+000
  0.1669089470903343E+000   0.4051101404518837E+000   0.0000000000000000E+000  -0.3975391336972125E+000   0.0000000000000000E+000
  0.1675838791250864E+000   0.4116916978013560E+000   0.0000000000000000E+000  -0.3938843898967795E+000   0.0000000000000000E+000
  0.1682588111598385E+000   0.4181373410404385E+000   0.0000000000000000E+000  -0.3902084485698446E+000   0.0000000000000000E+000
  0.1689332848263951E+000   0.4244436657466428E+000   0.0000000000000000E+000  -0.3865148547340391E+000   0.0000000000000000E+000
  0.1696077584929517E+000   0.4306159707078372E+000   0.0000000000000000E+000  -0.3828021244148183E+000   0.0000000000000000E+000
  0.1702818200072364E+000   0.4366515254084203E+000   0.0000000000000000E+000  -0.3790735278500416E+000   0.0000000000000000E+000
  0.1709558815215211E+000   0.4425550970518749E+000   0.0000000000000000E+000  -0.3753277648181373E+000   0.0000000000000000E+000
  0.1716295754125126E+000   0.4483245675684268E+000   0.0000000000000000E+000  -0.3715678340863427E+000   0.0000000000000000E+000
  0.1723032693035041E+000   0.4539642182734155E+000   0.0000000000000000E+000  -0.3677926184651249E+000   0.0000000000000000E+000
  0.1729766385018938E+000   0.4594724857605817E+000   0.0000000000000000E+000  -0.3640048491802545E+000   0.0000000000000000E+000
  0.1736500077002834E+000   0.4648532081138198E+000   0.0000000000000000E+000  -0.3602035907348555E+000   0.0000000000000000E+000
  0.1743230936229669E+000   0.4701053223402845E+000   0.0000000000000000E+000  -0.3563913112684302E+000   0.0000000000000000E+000
  0.1749961795456504E+000   0.4752322630577769E+000   0.0000000000000000E+000  -0.3525672551105122E+000   0.0000000000000000E+000
  0.1756690221761156E+000   0.4802334168146975E+000   0.0000000000000000E+000  -0.3487336322118187E+000   0.0000000000000000E+000
  0.1763418648065809E+000   0.4851118517799020E+000   0.0000000000000000E+000  -0.3448898644164624E+000   0.0000000000000000E+000
  0.1770145027713978E+000   0.4898673564179687E+000   0.0000000000000000E+000  -0.3410379087509788E+000   0.0000000000000000E+000
  0.1776871407362147E+000   0.4945026668865384E+000   0.0000000000000000E+000  -0.3371773618890900E+000   0.0000000000000000E+000
  0.1783596113787161E+000   0.4990179291235908E+000   0.0000000000000000E+000  -0.3333099334919324E+000   0.0000000000000000E+000
  0.1790320820212176E+000   0.5034155793448630E+000   0.0000000000000000E+000  -0.3294353920734833E+000   0.0000000000000000E+000
  0.1797044214703567E+000   0.5076960795995354E+000   0.0000000000000000E+000  -0.3255552057282000E+000   0.0000000000000000E+000
  0.1803767609194958E+000   0.5118615960394223E+000   0.0000000000000000E+000  -0.3216693115646521E+000   0.0000000000000000E+000
  0.1810490041539876E+000   0.5159128684111086E+000   0.0000000000000000E+000  -0.3177789421015808E+000   0.0000000000000000E+000
  0.1817212473884795E+000   0.5198518204308755E+000   0.0000000000000000E+000  -0.3138841995806265E+000   0.0000000000000000E+000
  0.1823934282968509E+000   0.5236794307580389E+000   0.0000000000000000E+000  -0.3099860870966574E+000   0.0000000000000000E+000
  0.1830656092052223E+000   0.5273974034125078E+000   0.0000000000000000E+000  -0.3060848684212296E+000   0.0000000000000000E+000
  0.1837377606359813E+000   0.5310069187402657E+000   0.0000000000000000E+000  -0.3021813235721729E+000   0.0000000000000000E+000
  0.1844099120667402E+000   0.5345094816200004E+000   0.0000000000000000E+000  -0.2982758741242477E+000   0.0000000000000000E+000
  0.1850820658663961E+000   0.5379064432237043E+000   0.0000000000000000E+000  -0.2943690835655358E+000   0.0000000000000000E+000
  0.1857542196660519E+000   0.5411991321769672E+000   0.0000000000000000E+000  -0.2904615273578108E+000   0.0000000000000000E+000
  0.1864264067123171E+000   0.5443890438335286E+000   0.0000000000000000E+000  -0.2865535591318533E+000   0.0000000000000000E+000
  0.1870985937585822E+000   0.5474773535091023E+000   0.0000000000000000E+000  -0.2826459041134664E+000   0.0000000000000000E+000
  0.1877708439922776E+000   0.5504656761651195E+000   0.0000000000000000E+000  -0.2787387128192094E+000   0.0000000000000000E+000
  0.1884430942259729E+000   0.5533550550976027E+000   0.0000000000000000E+000  -0.2748328559399810E+000   0.0000000000000000E+000
  0.1891154366806506E+000   0.5561472022055383E+000   0.0000000000000000E+000  -0.2709282876681414E+000   0.0000000000000000E+000
  0.1897877791353282E+000   0.5588430485618472E+000   0.0000000000000000E+000  -0.2670260197123043E+000   0.0000000000000000E+000
  0.1904602419660791E+000   0.5614443820710370E+000   0.0000000000000000E+000  -0.2631258167480305E+000   0.0000000000000000E+000
  0.1911327047968301E+000   0.5639520399005626E+000   0.0000000000000000E+000  -0.2592288269387417E+000   0.0000000000000000E+000
  0.1918053153084902E+000   0.5663678666459444E+000   0.0000000000000000E+000  -0.2553346322412349E+000   0.0000000000000000E+000
  0.1924779258201504E+000   0.5686926224559397E+000   0.0000000000000000E+000  -0.2514445126267497E+000   0.0000000000000000E+000
  0.1938234951699076E+000   0.5730752702738522E+000   0.0000000000000000E+000  -0.2436761237351300E+000   0.0000000000000000E+000
  0.1951694642197678E+000   0.5771103315053374E+000   0.0000000000000000E+000  -0.2359265272283789E+000   0.0000000000000000E+000
  0.1965158828040504E+000   0.5808080220042591E+000   0.0000000000000000E+000  -0.2281984177980039E+000   0.0000000000000000E+000
  0.1978627992698829E+000   0.5841784189239995E+000   0.0000000000000000E+000  -0.2204943252296308E+000   0.0000000000000000E+000
  0.1992102605287933E+000   0.5872314544840933E+000   0.0000000000000000E+000  -0.2128166214612329E+000   0.0000000000000000E+000
  0.2005583121068338E+000   0.5899769099900940E+000   0.0000000000000000E+000  -0.2051675273553049E+000   0.0000000000000000E+000
  0.2019069981932338E+000   0.5924244102204043E+000   0.0000000000000000E+000  -0.1975491192027727E+000   0.0000000000000000E+000
  0.2032563616872416E+000   0.5945834182580831E+000   0.0000000000000000E+000  -0.1899633349758697E+000   0.0000000000000000E+000
  0.2046064442392611E+000   0.5964632308930542E+000   0.0000000000000000E+000  -0.1824119803639327E+000   0.0000000000000000E+000
  0.2059572862908801E+000   0.5980729741605463E+000   0.0000000000000000E+000  -0.1748967345657742E+000   0.0000000000000000E+000
  0.2073089271150219E+000   0.5994215644722518E+000   0.0000000000000000E+000  -0.1674191563514573E+000   0.0000000000000000E+000
  0.2086614048473970E+000   0.6005179515461239E+000   0.0000000000000000E+000  -0.1599806864602067E+000   0.0000000000000000E+000
  0.2100153996816507E+000   0.6013707844415950E+000   0.0000000000000000E+000  -0.1525791504135171E+000   0.0000000000000000E+000
  0.2113693945159045E+000   0.6019878004125739E+000   0.0000000000000000E+000  -0.1452242529242349E+000   0.0000000000000000E+000
  0.2127246021325282E+000   0.6023778087198718E+000   0.0000000000000000E+000  -0.1379106919188881E+000   0.0000000000000000E+000
  0.2140807883736725E+000   0.6025485159838961E+000   0.0000000000000000E+000  -0.1306409608075158E+000   0.0000000000000000E+000
  0.2154386918704910E+000   0.6025077094474196E+000   0.0000000000000000E+000  -0.1234122551286837E+000   0.0000000000000000E+000
  0.2167965953673096E+000   0.6022633378977875E+000   0.0000000000000000E+000  -0.1162347233288918E+000   0.0000000000000000E+000
  0.2181559118274901E+000   0.6018227416006990E+000   0.0000000000000000E+000  -0.1091017941470123E+000   0.0000000000000000E+000
  0.2195163324688229E+000   0.6011930997535773E+000   0.0000000000000000E+000  -0.1020159574198208E+000   0.0000000000000000E+000
  0.2208786473276663E+000   0.6003809888202373E+000   0.0000000000000000E+000  -0.9497391122343353E-001   0.0000000000000000E+000
  0.2222409621865098E+000   0.5993946934247948E+000   0.0000000000000000E+000  -0.8798611779954191E-001   0.0000000000000000E+000
  0.2236048671894347E+000   0.5982401156402494E+000   0.0000000000000000E+000  -0.8104499403412983E-001   0.0000000000000000E+000
  0.2246289946526719E+000   0.5972673201391875E+000   0.0000000000000000E+000  -0.7586935643801535E-001   0.0000000000000000E+000
  0.2256531221159090E+000   0.5962071298003402E+000   0.0000000000000000E+000  -0.7072501804929635E-001   0.0000000000000000E+000
  0.2270209283741916E+000   0.5946595365851625E+000   0.0000000000000000E+000  -0.6390335896081319E-001   0.0000000000000000E+000
  0.2283887346324741E+000   0.5929674225575146E+000   0.0000000000000000E+000  -0.5713798186542907E-001   0.0000000000000000E+000
  0.2297583056110375E+000   0.5911348291078551E+000   0.0000000000000000E+000  -0.5042043740338276E-001   0.0000000000000000E+000
  0.2311292006869547E+000   0.5891680186006087E+000   0.0000000000000000E+000  -0.4375318659159244E-001   0.0000000000000000E+000
  0.2325014419901655E+000   0.5870728043862679E+000   0.0000000000000000E+000  -0.3713633874169692E-001   0.0000000000000000E+000
  0.2338750509121942E+000   0.5848546526295095E+000   0.0000000000000000E+000  -0.3056995699841607E-001   0.0000000000000000E+000
  0.2352500481009163E+000   0.5825190143994831E+000   0.0000000000000000E+000  -0.2405405903375196E-001   0.0000000000000000E+000
  0.2366273377434856E+000   0.5800694643722323E+000   0.0000000000000000E+000  -0.1758448463486266E-001   0.0000000000000000E+000
  0.2380046273860550E+000   0.5775152666094091E+000   0.0000000000000000E+000  -0.1117199355591252E-001   0.0000000000000000E+000
  0.2393848080984909E+000   0.5748558807433707E+000   0.0000000000000000E+000  -0.4803114066997560E-002   0.0000000000000000E+000
  0.2407649888109268E+000   0.5721015779758865E+000   0.0000000000000000E+000   0.1508867651918581E-002   0.0000000000000000E+000
  0.2421472131096833E+000   0.5692532311175736E+000   0.0000000000000000E+000   0.7773445522797092E-002   0.0000000000000000E+000
  0.2435318568996352E+000   0.5663141877372639E+000   0.0000000000000000E+000   0.1399236059001661E-001   0.0000000000000000E+000
  0.2449165006895871E+000   0.5632942846146508E+000   0.0000000000000000E+000   0.2015494410337371E-001   0.0000000000000000E+000
  0.2463032602916359E+000   0.5601935162953222E+000   0.0000000000000000E+000   0.2627086651309927E-001   0.0000000000000000E+000
  0.2476925020610112E+000   0.5570146576355179E+000   0.0000000000000000E+000   0.3234187849884858E-001   0.0000000000000000E+000
  0.2490817438303865E+000   0.5537677253851950E+000   0.0000000000000000E+000   0.3835742587371206E-001   0.0000000000000000E+000
  0.2504731629726453E+000   0.5504518712163474E+000   0.0000000000000000E+000   0.4432728010506459E-001   0.0000000000000000E+000
  0.2518671165114930E+000   0.5470695543277241E+000   0.0000000000000000E+000   0.5025319325663839E-001   0.0000000000000000E+000
  0.2532610700503407E+000   0.5436309111033922E+000   0.0000000000000000E+000   0.5612476623876822E-001   0.0000000000000000E+000
  0.2546572515633683E+000   0.5401343488018259E+000   0.0000000000000000E+000   0.6195180422905690E-001   0.0000000000000000E+000
  0.2560560089195729E+000   0.5365820523727335E+000   0.0000000000000000E+000   0.6773605445409044E-001   0.0000000000000000E+000
  0.2574547662757776E+000   0.5329842317031506E+000   0.0000000000000000E+000   0.7346731133145268E-001   0.0000000000000000E+000
  0.2588557909104820E+000   0.5293386293829438E+000   0.0000000000000000E+000   0.7915535258391519E-001   0.0000000000000000E+000
  0.2602594218300052E+000   0.5256472898956613E+000   0.0000000000000000E+000   0.8480191527255633E-001   0.0000000000000000E+000
  0.2616630527495283E+000   0.5219203098974012E+000   0.0000000000000000E+000   0.9039702044271823E-001   0.0000000000000000E+000
  0.2630699615788428E+000   0.5181521832051246E+000   0.0000000000000000E+000   0.9595422590925315E-001   0.0000000000000000E+000
  0.2644768704081573E+000   0.5143545232646085E+000   0.0000000000000000E+000   0.1014610967891584E+000   0.0000000000000000E+000
  0.2658870729468523E+000   0.5105212090270046E+000   0.0000000000000000E+000   0.1069310521365809E+000   0.0000000000000000E+000
  0.2672972754855472E+000   0.5066641241237735E+000   0.0000000000000000E+000   0.1123518618886177E+000   0.0000000000000000E+000
  0.2687097964584870E+000   0.5027796958951765E+000   0.0000000000000000E+000   0.1177330428548991E+000   0.0000000000000000E+000
  0.2701249565612841E+000   0.4988693977166418E+000   0.0000000000000000E+000   0.1230763013203032E+000   0.0000000000000000E+000
  0.2715401166640812E+000   0.4949431874173406E+000   0.0000000000000000E+000   0.1283722917027920E+000   0.0000000000000000E+000
  0.2729576024340618E+000   0.4909971967592439E+000   0.0000000000000000E+000   0.1336303652664481E+000   0.0000000000000000E+000
  0.2743777277154664E+000   0.4870326587537432E+000   0.0000000000000000E+000   0.1388522120680029E+000   0.0000000000000000E+000
  0.2757978529968711E+000   0.4830592168357682E+000   0.0000000000000000E+000   0.1440287738511111E+000   0.0000000000000000E+000
  0.2772212865375068E+000   0.4790699229481889E+000   0.0000000000000000E+000   0.1491727435460102E+000   0.0000000000000000E+000
  0.2786447200781426E+000   0.4750760638754253E+000   0.0000000000000000E+000   0.1542728128508573E+000   0.0000000000000000E+000
  0.2800714555896826E+000   0.4710703361546673E+000   0.0000000000000000E+000   0.1593414677013561E+000   0.0000000000000000E+000
  0.2814981911012227E+000   0.4670640920815374E+000   0.0000000000000000E+000   0.1643676431882774E+000   0.0000000000000000E+000
  0.2829272432113853E+000   0.4630526759573861E+000   0.0000000000000000E+000   0.1693602055218793E+000   0.0000000000000000E+000
  0.2843589118159763E+000   0.4590368927153176E+000   0.0000000000000000E+000   0.1743207968728885E+000   0.0000000000000000E+000
  0.2857905804205672E+000   0.4550257597262658E+000   0.0000000000000000E+000   0.1792410531477358E+000   0.0000000000000000E+000
  0.2872255223725148E+000   0.4510118760699665E+000   0.0000000000000000E+000   0.1841329157851950E+000   0.0000000000000000E+000
  0.2886604643244624E+000   0.4470059224554861E+000   0.0000000000000000E+000   0.1889859261611731E+000   0.0000000000000000E+000
  0.2900986638100087E+000   0.4430003273621271E+000   0.0000000000000000E+000   0.1938117976109620E+000   0.0000000000000000E+000
  0.2915368632955550E+000   0.4390056203537903E+000   0.0000000000000000E+000   0.1986003017419712E+000   0.0000000000000000E+000
  0.2929783021712881E+000   0.4350142012704812E+000   0.0000000000000000E+000   0.2033629300637778E+000   0.0000000000000000E+000
  0.2944197410470212E+000   0.4310363760005331E+000   0.0000000000000000E+000   0.2080896909261315E+000   0.0000000000000000E+000
  0.2958643988291095E+000   0.4270645492486928E+000   0.0000000000000000E+000   0.2127918530018792E+000   0.0000000000000000E+000
  0.2973090566111978E+000   0.4231088014023126E+000   0.0000000000000000E+000   0.2174596572580121E+000   0.0000000000000000E+000
  0.2987569104071316E+000   0.4191615676145147E+000   0.0000000000000000E+000   0.2221041494571614E+000   0.0000000000000000E+000
  0.3002047642030653E+000   0.4152326944549684E+000   0.0000000000000000E+000   0.2267158006038629E+000   0.0000000000000000E+000
  0.3031068130140696E+000   0.4074171056113708E+000   0.0000000000000000E+000   0.2358637470504479E+000   0.0000000000000000E+000
  0.3060151469338987E+000   0.3996704085160119E+000   0.0000000000000000E+000   0.2449091359506177E+000   0.0000000000000000E+000
  0.3089297041343863E+000   0.3920004477146978E+000   0.0000000000000000E+000   0.2538576399370899E+000   0.0000000000000000E+000
  0.3111195382152475E+000   0.3863030904489237E+000   0.0000000000000000E+000   0.2605084605481608E+000   0.0000000000000000E+000
  0.3140448169131964E+000   0.3787843448813645E+000   0.0000000000000000E+000   0.2693009966356044E+000   0.0000000000000000E+000
  0.3169761146595588E+000   0.3713608275368132E+000   0.0000000000000000E+000   0.2780121448734493E+000   0.0000000000000000E+000
  0.3199133432159578E+000   0.3640384671075177E+000   0.0000000000000000E+000   0.2866475524319209E+000   0.0000000000000000E+000
  0.3228564065662820E+000   0.3568226026381619E+000   0.0000000000000000E+000   0.2952128237652953E+000   0.0000000000000000E+000
  0.3258052008977226E+000   0.3497180779097146E+000   0.0000000000000000E+000   0.3037135436667072E+000   0.0000000000000000E+000
  0.3287596146073082E+000   0.3427292630932492E+000   0.0000000000000000E+000   0.3121552692456586E+000   0.0000000000000000E+000
  0.3317195283854247E+000   0.3358600721920225E+000   0.0000000000000000E+000   0.3205435262886179E+000   0.0000000000000000E+000
  0.3346848153515974E+000   0.3291139797686178E+000   0.0000000000000000E+000   0.3288838057349179E+000   0.0000000000000000E+000
  0.3376553412246154E+000   0.3224940367468304E+000   0.0000000000000000E+000   0.3371815603361473E+000   0.0000000000000000E+000
  0.3406309644662561E+000   0.3160028853216121E+000   0.0000000000000000E+000   0.3454422013383638E+000   0.0000000000000000E+000
  0.3436115364749726E+000   0.3096427750593545E+000   0.0000000000000000E+000   0.3536710953837681E+000   0.0000000000000000E+000
  0.3465969018522733E+000   0.3034156047928319E+000   0.0000000000000000E+000   0.3618735618727624E+000   0.0000000000000000E+000
  0.3495868984331338E+000   0.2973229972213636E+000   0.0000000000000000E+000   0.3700548705093348E+000   0.0000000000000000E+000
  0.3525813570359481E+000   0.2913663619378316E+000   0.0000000000000000E+000   0.3782202391504513E+000   0.0000000000000000E+000
  0.3555801010418084E+000   0.2855469309647407E+000   0.0000000000000000E+000   0.3863748318580164E+000   0.0000000000000000E+000
  0.3585829459458867E+000   0.2798657860870299E+000   0.0000000000000000E+000   0.3945237571746082E+000   0.0000000000000000E+000
  0.3615896989092739E+000   0.2743238844007705E+000   0.0000000000000000E+000   0.4026720666038329E+000   0.0000000000000000E+000
  0.3646001582783501E+000   0.2689220818898507E+000   0.0000000000000000E+000   0.4108247531926901E+000   0.0000000000000000E+000
  0.3676141130375563E+000   0.2636611553246620E+000   0.0000000000000000E+000   0.4189867501165375E+000   0.0000000000000000E+000
  0.3706313421585359E+000   0.2585418228186303E+000   0.0000000000000000E+000   0.4271629291214812E+000   0.0000000000000000E+000
  0.3736516139759267E+000   0.2535647627382291E+000   0.0000000000000000E+000   0.4353580991108701E+000   0.0000000000000000E+000
  0.3766746855831252E+000   0.2487306141235340E+000   0.0000000000000000E+000   0.4435770045800759E+000   0.0000000000000000E+000
  0.3797003023651152E+000   0.2440399489148137E+000   0.0000000000000000E+000   0.4518243238128523E+000   0.0000000000000000E+000
  0.3827281976659004E+000   0.2394932297008290E+000   0.0000000000000000E+000   0.4601046669314396E+000   0.0000000000000000E+000
  0.3857580925265668E+000   0.2350909309053334E+000   0.0000000000000000E+000   0.4684225738651361E+000   0.0000000000000000E+000
  0.3887896955019417E+000   0.2308332499981581E+000   0.0000000000000000E+000   0.4767825122039071E+000   0.0000000000000000E+000
  0.3918227025084361E+000   0.2267205176732357E+000   0.0000000000000000E+000   0.4851888742923274E+000   0.0000000000000000E+000
  0.3948567966567668E+000   0.2227529037894797E+000   0.0000000000000000E+000   0.4936459743521577E+000   0.0000000000000000E+000
  0.3978916480118956E+000   0.2189305499048809E+000   0.0000000000000000E+000   0.5021580464164712E+000   0.0000000000000000E+000
  0.4009269134400587E+000   0.2152535580538596E+000   0.0000000000000000E+000   0.5107292417751860E+000   0.0000000000000000E+000
  0.4039622365430117E+000   0.2117219976160298E+000   0.0000000000000000E+000   0.5193636250612869E+000   0.0000000000000000E+000
  0.4069972476414255E+000   0.2083358800212943E+000   0.0000000000000000E+000   0.5280651703331410E+000   0.0000000000000000E+000
  0.4100315641191216E+000   0.2050950747903107E+000   0.0000000000000000E+000   0.5368377587168216E+000   0.0000000000000000E+000
  0.4130647913573889E+000   0.2019992194717976E+000   0.0000000000000000E+000   0.5456851763443012E+000   0.0000000000000000E+000
  0.4160965241345845E+000   0.1990476667203384E+000   0.0000000000000000E+000   0.5546111105532885E+000   0.0000000000000000E+000
  0.4191263483927085E+000   0.1962394629795700E+000   0.0000000000000000E+000   0.5636191622173951E+000   0.0000000000000000E+000
  0.4221538433462239E+000   0.1935729772666662E+000   0.0000000000000000E+000   0.5727127204594189E+000   0.0000000000000000E+000
  0.4259345106615706E+000   0.1904366073534725E+000   0.0000000000000000E+000   0.5842058252682421E+000   0.0000000000000000E+000
  0.4282002625352342E+000   0.1886589148856535E+000   0.0000000000000000E+000   0.5911705075594830E+000   0.0000000000000000E+000
  0.4304639851821846E+000   0.1869576216860692E+000   0.0000000000000000E+000   0.5981889311330092E+000   0.0000000000000000E+000
  0.4327255006385602E+000   0.1853310858800905E+000   0.0000000000000000E+000   0.6052623308171191E+000   0.0000000000000000E+000
  0.4349846333188933E+000   0.1837777972870615E+000   0.0000000000000000E+000   0.6123920006768369E+000   0.0000000000000000E+000
  0.4372412107565824E+000   0.1822959512295332E+000   0.0000000000000000E+000   0.6195791482941150E+000   0.0000000000000000E+000
  0.4402458429092383E+000   0.1804280768854272E+000   0.0000000000000000E+000   0.6292538588440657E+000   0.0000000000000000E+000
  0.4432452422807568E+000   0.1786804017940141E+000   0.0000000000000000E+000   0.6390357257895815E+000   0.0000000000000000E+000
  0.4462390301039401E+000   0.1770494511387620E+000   0.0000000000000000E+000   0.6489275644022579E+000   0.0000000000000000E+000
  0.4492268392139686E+000   0.1755316191840247E+000   0.0000000000000000E+000   0.6589320310084166E+000   0.0000000000000000E+000
  0.4522083139025458E+000   0.1741235473926311E+000   0.0000000000000000E+000   0.6690517277498139E+000   0.0000000000000000E+000
  0.4551831096373678E+000   0.1728218044927479E+000   0.0000000000000000E+000   0.6792891945286967E+000   0.0000000000000000E+000
  0.4581508926148393E+000   0.1716237132320198E+000   0.0000000000000000E+000   0.6896469112419220E+000   0.0000000000000000E+000
  0.4611113391223114E+000   0.1705263336576358E+000   0.0000000000000000E+000   0.7001272982975288E+000   0.0000000000000000E+000
  0.4640641347474887E+000   0.1695272016881369E+000   0.0000000000000000E+000   0.7107327180868200E+000   0.0000000000000000E+000
  0.4670089739597532E+000   0.1686239022580461E+000   0.0000000000000000E+000   0.7214654766068580E+000   0.0000000000000000E+000
  0.4699455605655535E+000   0.1678139657875335E+000   0.0000000000000000E+000   0.7323278275681272E+000   0.0000000000000000E+000
  0.4728736086665353E+000   0.1670948059497563E+000   0.0000000000000000E+000   0.7433219735849541E+000   0.0000000000000000E+000
  0.4757928436916258E+000   0.1664637076746911E+000   0.0000000000000000E+000   0.7544500677491216E+000   0.0000000000000000E+000
  0.4787030034582294E+000   0.1659178166883821E+000   0.0000000000000000E+000   0.7657142187925490E+000   0.0000000000000000E+000
  0.4816038392364685E+000   0.1654541278316477E+000   0.0000000000000000E+000   0.7771164956547676E+000   0.0000000000000000E+000
  0.4844951168678535E+000   0.1650694708607914E+000   0.0000000000000000E+000   0.7886589297662496E+000   0.0000000000000000E+000
  0.4873766179195910E+000   0.1647604958833582E+000   0.0000000000000000E+000   0.8003435193291216E+000   0.0000000000000000E+000
  0.4902481408433946E+000   0.1645236776775560E+000   0.0000000000000000E+000   0.8121722361926399E+000   0.0000000000000000E+000
  0.4931095019697146E+000   0.1643553993183005E+000   0.0000000000000000E+000   0.8241470308483813E+000   0.0000000000000000E+000
  0.4959605358065547E+000   0.1642520866585776E+000   0.0000000000000000E+000   0.8362698357586626E+000   0.0000000000000000E+000
  0.4988010946714946E+000   0.1642102448117616E+000   0.0000000000000000E+000   0.8485425283254087E+000   0.0000000000000000E+000
  0.5016310481747069E+000   0.1642269919892020E+000   0.0000000000000000E+000   0.8609671832517318E+000   0.0000000000000000E+000
  0.5030314606833186E+000   0.1642562468199252E+000   0.0000000000000000E+000   0.8671900856624751E+000   0.0000000000000000E+000
  0.5044501494153363E+000   0.1642993980672031E+000   0.0000000000000000E+000   0.8735452043917596E+000   0.0000000000000000E+000
  0.5072585606572294E+000   0.1644230851148287E+000   0.0000000000000000E+000   0.8862791604404023E+000   0.0000000000000000E+000
  0.5100560731262186E+000   0.1645953734172431E+000   0.0000000000000000E+000   0.8991704591903089E+000   0.0000000000000000E+000
  0.5128426199185877E+000   0.1648138685210859E+000   0.0000000000000000E+000   0.9122211333004885E+000   0.0000000000000000E+000
  0.5156181484082307E+000   0.1650758962841735E+000   0.0000000000000000E+000   0.9254330337470920E+000   0.0000000000000000E+000
  0.5183826195413225E+000   0.1653789577068741E+000   0.0000000000000000E+000   0.9388080153874030E+000   0.0000000000000000E+000
  0.5211360069290093E+000   0.1657212163222737E+000   0.0000000000000000E+000   0.9523481770023193E+000   0.0000000000000000E+000
  0.5224981205066982E+000   0.1659050047496932E+000   0.0000000000000000E+000   0.9591287464362890E+000   0.0000000000000000E+000
  0.5252348738290479E+000   0.1663017474798080E+000   0.0000000000000000E+000   0.9729192644516366E+000   0.0000000000000000E+000
  0.5279605246960828E+000   0.1667325412795027E+000   0.0000000000000000E+000   0.9868794558938855E+000   0.0000000000000000E+000
  0.5306750804808060E+000   0.1671964790851245E+000   0.0000000000000000E+000   0.1001011468877928E+001   0.0000000000000000E+000
  0.5333785550653457E+000   0.1676925511650038E+000   0.0000000000000000E+000   0.1015317254711128E+001   0.0000000000000000E+000
  0.5360709673423317E+000   0.1682200663435889E+000   0.0000000000000000E+000   0.1029798813392363E+001   0.0000000000000000E+000
  0.5387523396918009E+000   0.1687786122169002E+000   0.0000000000000000E+000   0.1044458117775661E+001   0.0000000000000000E+000
  0.5414226964709921E+000   0.1693683782648552E+000   0.0000000000000000E+000   0.1059297367191495E+001   0.0000000000000000E+000
  0.5427639112897528E+000   0.1696774990853569E+000   0.0000000000000000E+000   0.1066842557626757E+001   0.0000000000000000E+000
  0.5440819816832297E+000   0.1699897434595319E+000   0.0000000000000000E+000   0.1074318257959925E+001   0.0000000000000000E+000
  0.5454176865144960E+000   0.1703146708654044E+000   0.0000000000000000E+000   0.1081955925523149E+001   0.0000000000000000E+000
  0.5480605842317570E+000   0.1709829270333135E+000   0.0000000000000000E+000   0.1097254321576984E+001   0.0000000000000000E+000
  0.5506925507193701E+000   0.1716825964381796E+000   0.0000000000000000E+000   0.1112739446709567E+001   0.0000000000000000E+000
  0.5533136101904768E+000   0.1724139289696303E+000   0.0000000000000000E+000   0.1128413445995680E+001   0.0000000000000000E+000
  0.5559237877352101E+000   0.1731771020377385E+000   0.0000000000000000E+000   0.1144278497455535E+001   0.0000000000000000E+000
  0.5572147096727088E+000   0.1735676009191303E+000   0.0000000000000000E+000   0.1152221017958214E+001   0.0000000000000000E+000
  0.5585230407878735E+000   0.1739720577489690E+000   0.0000000000000000E+000   0.1160336303617262E+001   0.0000000000000000E+000
  0.5611115331160118E+000   0.1747976352210339E+000   0.0000000000000000E+000   0.1176589162264077E+001   0.0000000000000000E+000
  0.5636892292680217E+000   0.1756535076023167E+000   0.0000000000000000E+000   0.1193038805778839E+001   0.0000000000000000E+000
  0.5662561632933587E+000   0.1765393077375025E+000   0.0000000000000000E+000   0.1209687407098580E+001   0.0000000000000000E+000
  0.5688123729013647E+000   0.1774545712240930E+000   0.0000000000000000E+000   0.1226537180316630E+001   0.0000000000000000E+000
  0.5700765171882723E+000   0.1779194276369598E+000   0.0000000000000000E+000   0.1234971565419857E+001   0.0000000000000000E+000
  0.5713578427789571E+000   0.1783986397196972E+000   0.0000000000000000E+000   0.1243589921732557E+001   0.0000000000000000E+000
  0.5738927301030606E+000   0.1793699580379879E+000   0.0000000000000000E+000   0.1260847874291376E+001   0.0000000000000000E+000
  0.5764170295959680E+000   0.1803681260511470E+000   0.0000000000000000E+000   0.1278312889419922E+001   0.0000000000000000E+000
  0.5789307925295474E+000   0.1813930010382113E+000   0.0000000000000000E+000   0.1295987212084275E+001   0.0000000000000000E+000
  0.5814340714129136E+000   0.1824446197971149E+000   0.0000000000000000E+000   0.1313873122440521E+001   0.0000000000000000E+000
  0.5826719901838817E+000   0.1829763032550779E+000   0.0000000000000000E+000   0.1322824973050347E+001   0.0000000000000000E+000
  0.5839268727561279E+000   0.1835230798676781E+000   0.0000000000000000E+000   0.1331972508487616E+001   0.0000000000000000E+000
  0.5864093393844449E+000   0.1846278429398626E+000   0.0000000000000000E+000   0.1350287510330863E+001   0.0000000000000000E+000
  0.5888814772945770E+000   0.1857594104935923E+000   0.0000000000000000E+000   0.1368820014005149E+001   0.0000000000000000E+000
  0.5913433344541067E+000   0.1869185624916097E+000   0.0000000000000000E+000   0.1387572277855823E+001   0.0000000000000000E+000
  0.5937949552497190E+000   0.1881060466129448E+000   0.0000000000000000E+000   0.1406546283222855E+001   0.0000000000000000E+000
  0.5962363794917803E+000   0.1893228127028700E+000   0.0000000000000000E+000   0.1425744014427420E+001   0.0000000000000000E+000
  0.5986676417401094E+000   0.1905698880767777E+000   0.0000000000000000E+000   0.1445167407879927E+001   0.0000000000000000E+000
  0.6010887713417830E+000   0.1918482533071233E+000   0.0000000000000000E+000   0.1464818350605920E+001   0.0000000000000000E+000
  0.6034997928864514E+000   0.1931587976941914E+000   0.0000000000000000E+000   0.1484698680392166E+001   0.0000000000000000E+000
  0.6059007266603467E+000   0.1945023201983539E+000   0.0000000000000000E+000   0.1504810186255397E+001   0.0000000000000000E+000
  0.6082915890747008E+000   0.1958795294263820E+000   0.0000000000000000E+000   0.1525154609086463E+001   0.0000000000000000E+000
  0.6106723931247748E+000   0.1972910426971951E+000   0.0000000000000000E+000   0.1545733642708280E+001   0.0000000000000000E+000
  0.6130431488570250E+000   0.1987373843723027E+000   0.0000000000000000E+000   0.1566548935128840E+001   0.0000000000000000E+000
  0.6154038638469125E+000   0.2002189834996518E+000   0.0000000000000000E+000   0.1587602090090452E+001   0.0000000000000000E+000
  0.6177545436899160E+000   0.2017361708885616E+000   0.0000000000000000E+000   0.1608894669181548E+001   0.0000000000000000E+000
  0.6200951924928828E+000   0.2032891751581321E+000   0.0000000000000000E+000   0.1630428194537940E+001   0.0000000000000000E+000
  0.6224258133583731E+000   0.2048781274482772E+000   0.0000000000000000E+000   0.1652204151827189E+001   0.0000000000000000E+000
  0.6247464088049398E+000   0.2065030890424161E+000   0.0000000000000000E+000   0.1674223992858203E+001   0.0000000000000000E+000
  0.6270569810212767E+000   0.2081640831309545E+000   0.0000000000000000E+000   0.1696489136887559E+001   0.0000000000000000E+000
  0.6293575320321249E+000   0.2098611047551156E+000   0.0000000000000000E+000   0.1719000971342909E+001   0.0000000000000000E+000
  0.6316480638856183E+000   0.2115941181864257E+000   0.0000000000000000E+000   0.1741760852956818E+001   0.0000000000000000E+000
  0.6339285788745367E+000   0.2133630541942325E+000   0.0000000000000000E+000   0.1764770109446716E+001   0.0000000000000000E+000
  0.6361990797440342E+000   0.2151678071050430E+000   0.0000000000000000E+000   0.1788030041317199E+001   0.0000000000000000E+000
  0.6384595698927141E+000   0.2170082315363808E+000   0.0000000000000000E+000   0.1811541923697820E+001   0.0000000000000000E+000
  0.6407100535970887E+000   0.2188841387678056E+000   0.0000000000000000E+000   0.1835307008387041E+001   0.0000000000000000E+000
  0.6429505362569822E+000   0.2207952927582328E+000   0.0000000000000000E+000   0.1859326526236377E+001   0.0000000000000000E+000
  0.6451810246746729E+000   0.2227414054423734E+000   0.0000000000000000E+000   0.1883601690188897E+001   0.0000000000000000E+000
  0.6474015274026041E+000   0.2247221358812699E+000   0.0000000000000000E+000   0.1908133699438254E+001   0.0000000000000000E+000
  0.6496120550200145E+000   0.2267371100730156E+000   0.0000000000000000E+000   0.1932923743609117E+001   0.0000000000000000E+000
  0.6518126202292007E+000   0.2287859551672014E+000   0.0000000000000000E+000   0.1957972982294275E+001   0.0000000000000000E+000
  0.6540032378135114E+000   0.2308683176012674E+000   0.0000000000000000E+000   0.1983282683316465E+001   0.0000000000000000E+000
  0.6561839245700667E+000   0.2329838654547888E+000   0.0000000000000000E+000   0.2008853879512813E+001   0.0000000000000000E+000
  0.6583546992450878E+000   0.2351322898989131E+000   0.0000000000000000E+000   0.2034687825807810E+001   0.0000000000000000E+000
  0.6605155824939910E+000   0.2373133076216064E+000   0.0000000000000000E+000   0.2060785660448415E+001   0.0000000000000000E+000
  0.6626665968112370E+000   0.2395266632708644E+000   0.0000000000000000E+000   0.2087148543054498E+001   0.0000000000000000E+000
  0.6648077664304276E+000   0.2417721314689504E+000   0.0000000000000000E+000   0.2113777631674741E+001   0.0000000000000000E+000
  0.6669391172119692E+000   0.2440495188749973E+000   0.0000000000000000E+000   0.2140674081641121E+001   0.0000000000000000E+000
  0.6690606765171616E+000   0.2463586674514790E+000   0.0000000000000000E+000   0.2167839046619058E+001   0.0000000000000000E+000
  0.6711724730659985E+000   0.2486994592258911E+000   0.0000000000000000E+000   0.2195273682034859E+001   0.0000000000000000E+000
  0.6732745367933141E+000   0.2510718009704632E+000   0.0000000000000000E+000   0.2222979146307712E+001   0.0000000000000000E+000
  0.6753668988548593E+000   0.2534755713183605E+000   0.0000000000000000E+000   0.2250956600947418E+001   0.0000000000000000E+000
  0.6774495918993380E+000   0.2559105692030681E+000   0.0000000000000000E+000   0.2279207214464460E+001   0.0000000000000000E+000
  0.6795226504671266E+000   0.2583764954707505E+000   0.0000000000000000E+000   0.2307732171336993E+001   0.0000000000000000E+000
  0.6815861114035623E+000   0.2608729483412400E+000   0.0000000000000000E+000   0.2336532683417774E+001   0.0000000000000000E+000
  0.6836400142978158E+000   0.2633994169539036E+000   0.0000000000000000E+000   0.2365609999722432E+001   0.0000000000000000E+000
  0.6856844019402725E+000   0.2659552737142012E+000   0.0000000000000000E+000   0.2394965414947354E+001   0.0000000000000000E+000
  0.6877193207890697E+000   0.2685397660828653E+000   0.0000000000000000E+000   0.2424600278589051E+001   0.0000000000000000E+000
  0.6897448214572381E+000   0.2711520080810157E+000   0.0000000000000000E+000   0.2454516005392483E+001   0.0000000000000000E+000
  0.6917609592347344E+000   0.2737909717649110E+000   0.0000000000000000E+000   0.2484714087815250E+001   0.0000000000000000E+000
  0.6937677946429801E+000   0.2764554780298413E+000   0.0000000000000000E+000   0.2515196110026414E+001   0.0000000000000000E+000
  0.6957653940150289E+000   0.2791441895745855E+000   0.0000000000000000E+000   0.2545963762679501E+001   0.0000000000000000E+000
  0.6977538300452961E+000   0.2818556750981621E+000   0.0000000000000000E+000   0.2577018855519818E+001   0.0000000000000000E+000
  0.6997331818245861E+000   0.2845885704030317E+000   0.0000000000000000E+000   0.2608363318993854E+001   0.0000000000000000E+000
  0.7017035341766216E+000   0.2873417032706560E+000   0.0000000000000000E+000   0.2639999197061326E+001   0.0000000000000000E+000
  0.7036649767546967E+000   0.2901141238696626E+000   0.0000000000000000E+000   0.2671928640440470E+001   0.0000000000000000E+000
  0.7056176031507516E+000   0.2929051066659603E+000   0.0000000000000000E+000   0.2704153899974943E+001   0.0000000000000000E+000
  0.7075615100164997E+000   0.2957141513332067E+000   0.0000000000000000E+000   0.2736677313574042E+001   0.0000000000000000E+000
  0.7094967962037897E+000   0.2985409761269183E+000   0.0000000000000000E+000   0.2769501286630681E+001   0.0000000000000000E+000
  0.7114235619520298E+000   0.3013855061217631E+000   0.0000000000000000E+000   0.2802628276879471E+001   0.0000000000000000E+000
  0.7133419081309315E+000   0.3042478691586015E+000   0.0000000000000000E+000   0.2836060785694352E+001   0.0000000000000000E+000
  0.7152519354914834E+000   0.3071284032626398E+000   0.0000000000000000E+000   0.2869801349310037E+001   0.0000000000000000E+000
  0.7171537438950061E+000   0.3100276682214225E+000   0.0000000000000000E+000   0.2903852522960650E+001   0.0000000000000000E+000
  0.7190474315144733E+000   0.3129464616509707E+000   0.0000000000000000E+000   0.2938216858103928E+001   0.0000000000000000E+000
  0.7209330940007631E+000   0.3158857783588521E+000   0.0000000000000000E+000   0.2972896882261067E+001   0.0000000000000000E+000
  0.7228108240439678E+000   0.3188466347392983E+000   0.0000000000000000E+000   0.3007895090417864E+001   0.0000000000000000E+000
  0.7246807117955397E+000   0.3218298786770671E+000   0.0000000000000000E+000   0.3043213953255789E+001   0.0000000000000000E+000
  0.7265428457642032E+000   0.3248361241574698E+000   0.0000000000000000E+000   0.3078855931774644E+001   0.0000000000000000E+000
  0.7283973137430366E+000   0.3278657486173947E+000   0.0000000000000000E+000   0.3114823489582421E+001   0.0000000000000000E+000
  0.7302442037266126E+000   0.3309188845009698E+000   0.0000000000000000E+000   0.3151119107542097E+001   0.0000000000000000E+000
  0.7320836048313653E+000   0.3339954343069594E+000   0.0000000000000000E+000   0.3187745302071566E+001   0.0000000000000000E+000
  0.7339156080143400E+000   0.3370952180096370E+000   0.0000000000000000E+000   0.3224704642023272E+001   0.0000000000000000E+000
  0.7357403059436421E+000   0.3402182098421410E+000   0.0000000000000000E+000   0.3261999751271151E+001   0.0000000000000000E+000
  0.7375577921506850E+000   0.3433646579027630E+000   0.0000000000000000E+000   0.3299633298334227E+001   0.0000000000000000E+000
  0.7393681600913938E+000   0.3465350894075332E+000   0.0000000000000000E+000   0.3337607980019368E+001   0.0000000000000000E+000
  0.7411715022372837E+000   0.3497303043265900E+000   0.0000000000000000E+000   0.3375926499730697E+001   0.0000000000000000E+000
  0.7429679091992529E+000   0.3529513719867472E+000   0.0000000000000000E+000   0.3414591544258192E+001   0.0000000000000000E+000
  0.7447574689091540E+000   0.3561995575410297E+000   0.0000000000000000E+000   0.3453605766576973E+001   0.0000000000000000E+000
  0.7465402663183384E+000   0.3594761269688975E+000   0.0000000000000000E+000   0.3492971790949850E+001   0.0000000000000000E+000
  0.7483163839087574E+000   0.3627821783882030E+000   0.0000000000000000E+000   0.3532692233560646E+001   0.0000000000000000E+000
  0.7500859025300498E+000   0.3661186034317434E+000   0.0000000000000000E+000   0.3572769717596468E+001   0.0000000000000000E+000
  0.7518489021976186E+000   0.3694860997141164E+000   0.0000000000000000E+000   0.3613206883314001E+001   0.0000000000000000E+000
  0.7536054628455950E+000   0.3728851812584530E+000   0.0000000000000000E+000   0.3654006403055347E+001   0.0000000000000000E+000
  0.7553556650274524E+000   0.3763162001734258E+000   0.0000000000000000E+000   0.3695171012144282E+001   0.0000000000000000E+000
  0.7570995904992035E+000   0.3797794242203813E+000   0.0000000000000000E+000   0.3736703545178170E+001   0.0000000000000000E+000
  0.7588373224316379E+000   0.3832751543765044E+000   0.0000000000000000E+000   0.3778606949499431E+001   0.0000000000000000E+000
  0.7605689452647060E+000   0.3868037900314812E+000   0.0000000000000000E+000   0.3820884280307015E+001   0.0000000000000000E+000
  0.7622945444878022E+000   0.3903658382299238E+000   0.0000000000000000E+000   0.3863538694065117E+001   0.0000000000000000E+000
  0.7640142064125112E+000   0.3939619162009215E+000   0.0000000000000000E+000   0.3906573446355544E+001   0.0000000000000000E+000
  0.7657280179265312E+000   0.3975927576569421E+000   0.0000000000000000E+000   0.3949991896502801E+001   0.0000000000000000E+000
  0.7674360662625953E+000   0.4012592016602043E+000   0.0000000000000000E+000   0.3993797511287942E+001   0.0000000000000000E+000
  0.7691384388919514E+000   0.4049621289965690E+000   0.0000000000000000E+000   0.4037993867522445E+001   0.0000000000000000E+000
  0.7708352237265786E+000   0.4087023812333414E+000   0.0000000000000000E+000   0.4082584662821080E+001   0.0000000000000000E+000
  0.7725265095358491E+000   0.4124807233443287E+000   0.0000000000000000E+000   0.4127573727732477E+001   0.0000000000000000E+000
  0.7742123863909921E+000   0.4162978339233462E+000   0.0000000000000000E+000   0.4172965031756615E+001   0.0000000000000000E+000
  0.7758929461394848E+000   0.4201542962355415E+000   0.0000000000000000E+000   0.4218762695530255E+001   0.0000000000000000E+000
  0.7775682829166640E+000   0.4240505911874717E+000   0.0000000000000000E+000   0.4264971014211946E+001   0.0000000000000000E+000
  0.7792384936693818E+000   0.4279871287574743E+000   0.0000000000000000E+000   0.4311594485909762E+001   0.0000000000000000E+000
  0.7809036784758709E+000   0.4319643399200391E+000   0.0000000000000000E+000   0.4358637831605122E+001   0.0000000000000000E+000
  0.7825639405274106E+000   0.4359827564607586E+000   0.0000000000000000E+000   0.4406105991608301E+001   0.0000000000000000E+000
  0.7842193859583558E+000   0.4400430357839051E+000   0.0000000000000000E+000   0.4454004112487549E+001   0.0000000000000000E+000
  0.7858701236586497E+000   0.4441459686978776E+000   0.0000000000000000E+000   0.4502337545754407E+001   0.0000000000000000E+000
  0.7875162650711400E+000   0.4482924910930447E+000   0.0000000000000000E+000   0.4551111854025457E+001   0.0000000000000000E+000
  0.7891579239770485E+000   0.4524836860684067E+000   0.0000000000000000E+000   0.4600332816647119E+001   0.0000000000000000E+000
  0.7907952163477822E+000   0.4567207207021599E+000   0.0000000000000000E+000   0.4650006428768219E+001   0.0000000000000000E+000
  0.7924282605563699E+000   0.4610047272998498E+000   0.0000000000000000E+000   0.4700138903588420E+001   0.0000000000000000E+000
  0.7940571779459612E+000   0.4653367321571106E+000   0.0000000000000000E+000   0.4750736692711278E+001   0.0000000000000000E+000
  0.7956820934988820E+000   0.4697176411604030E+000   0.0000000000000000E+000   0.4801806518020793E+001   0.0000000000000000E+000
  0.7973031365460796E+000   0.4741482332227933E+000   0.0000000000000000E+000   0.4853355407624805E+001   0.0000000000000000E+000
  0.7989204415178131E+000   0.4786291513052852E+000   0.0000000000000000E+000   0.4905390732081568E+001   0.0000000000000000E+000
  0.8005341487324887E+000   0.4831609362340268E+000   0.0000000000000000E+000   0.4957920239477350E+001   0.0000000000000000E+000
  0.8021444049564502E+000   0.4877441592422131E+000   0.0000000000000000E+000   0.5010952085306827E+001   0.0000000000000000E+000
  0.8037513634479743E+000   0.4923795691565319E+000   0.0000000000000000E+000   0.5064494848361632E+001   0.0000000000000000E+000
  0.8053551837013908E+000   0.4970681538177834E+000   0.0000000000000000E+000   0.5118557537520452E+001   0.0000000000000000E+000
  0.8069560311579025E+000   0.5018111557374993E+000   0.0000000000000000E+000   0.5173149597539258E+001   0.0000000000000000E+000
  0.8085540769066959E+000   0.5066100895304555E+000   0.0000000000000000E+000   0.5228280914304372E+001   0.0000000000000000E+000
  0.8101494973725152E+000   0.5114667451347816E+000   0.0000000000000000E+000   0.5283961819808280E+001   0.0000000000000000E+000
  0.8117424740998113E+000   0.5163830905900885E+000   0.0000000000000000E+000   0.5340203108341233E+001   0.0000000000000000E+000
  0.8133331940959893E+000   0.5213610601621730E+000   0.0000000000000000E+000   0.5397015842869386E+001   0.0000000000000000E+000
  0.8149218507703367E+000   0.5264028359473285E+000   0.0000000000000000E+000   0.5454412978383822E+001   0.0000000000000000E+000
  0.8157086765236314E+000   0.5289263480042761E+000   0.0000000000000000E+000   0.5483086426673919E+001   0.0000000000000000E+000
  0.8172946208809607E+000   0.5340664563439899E+000   0.0000000000000000E+000   0.5541380237171506E+001   0.0000000000000000E+000
  0.8180938206672892E+000   0.5366841178118306E+000   0.0000000000000000E+000   0.5571010757163640E+001   0.0000000000000000E+000
  0.8196775271895559E+000   0.5419260498025305E+000   0.0000000000000000E+000   0.5630235968187667E+001   0.0000000000000000E+000
  0.8204621343736940E+000   0.5445502487457763E+000   0.0000000000000000E+000   0.5659830417286805E+001   0.0000000000000000E+000
  0.8212600692309386E+000   0.5472375273778702E+000   0.0000000000000000E+000   0.5690100508110298E+001   0.0000000000000000E+000
  0.8228416160042542E+000   0.5526187528097036E+000   0.0000000000000000E+000   0.5750614863138505E+001   0.0000000000000000E+000
  0.8244224631786020E+000   0.5580718514116533E+000   0.0000000000000000E+000   0.5811798749654522E+001   0.0000000000000000E+000
  0.8252059297409542E+000   0.5608024156722168E+000   0.0000000000000000E+000   0.5842382667220376E+001   0.0000000000000000E+000
  0.8260029211098590E+000   0.5635991239581564E+000   0.0000000000000000E+000   0.5873672894899730E+001   0.0000000000000000E+000
  0.8275831968367400E+000   0.5692011307201841E+000   0.0000000000000000E+000   0.5936249538188044E+001   0.0000000000000000E+000
  0.8291636309361996E+000   0.5748803627554850E+000   0.0000000000000000E+000   0.5999550746550267E+001   0.0000000000000000E+000
  0.8307445398827165E+000   0.5806394760276467E+000   0.0000000000000000E+000   0.6063598640981315E+001   0.0000000000000000E+000
  0.8323262569131701E+000   0.5864809059940206E+000   0.0000000000000000E+000   0.6128415391168923E+001   0.0000000000000000E+000
  0.8339091335726280E+000   0.5924071536527512E+000   0.0000000000000000E+000   0.6194024862343664E+001   0.0000000000000000E+000
  0.8354935415532958E+000   0.5984207420796273E+000   0.0000000000000000E+000   0.6260452511979759E+001   0.0000000000000000E+000
  0.8370798747168119E+000   0.6045242206592789E+000   0.0000000000000000E+000   0.6327725539524199E+001   0.0000000000000000E+000
  0.8386685513125063E+000   0.6107201800608406E+000   0.0000000000000000E+000   0.6395873083160524E+001   0.0000000000000000E+000
  0.8402600163824820E+000   0.6170113124095730E+000   0.0000000000000000E+000   0.6464926488942880E+001   0.0000000000000000E+000
  0.8418547442106563E+000   0.6234004731936584E+000   0.0000000000000000E+000   0.6534919200864301E+001   0.0000000000000000E+000
  0.8434532408031649E+000   0.6298912627279226E+000   0.0000000000000000E+000   0.6605889194011074E+001   0.0000000000000000E+000
  0.8442471673285813E+000   0.6331475951522018E+000   0.0000000000000000E+000   0.6641443370536490E+001   0.0000000000000000E+000
  0.8450560967494766E+000   0.6364876558908540E+000   0.0000000000000000E+000   0.6677878993111670E+001   0.0000000000000000E+000
  0.8458523694029141E+000   0.6397973108649612E+000   0.0000000000000000E+000   0.6713952077513833E+001   0.0000000000000000E+000
  0.8466638420838446E+000   0.6431924090084731E+000   0.0000000000000000E+000   0.6750926552790139E+001   0.0000000000000000E+000
  0.8482770406989396E+000   0.6500084608182557E+000   0.0000000000000000E+000   0.6825072485040899E+001   0.0000000000000000E+000
  0.8498964098964610E+000   0.6569412383608741E+000   0.0000000000000000E+000   0.6900371893257518E+001   0.0000000000000000E+000
  0.8507086577574748E+000   0.6604533794655557E+000   0.0000000000000000E+000   0.6938473496935821E+001   0.0000000000000000E+000
  0.8515227206444977E+000   0.6639966915001337E+000   0.0000000000000000E+000   0.6976884375312391E+001   0.0000000000000000E+000
  0.8523386962045326E+000   0.6675717911473590E+000   0.0000000000000000E+000   0.7015611775420555E+001   0.0000000000000000E+000
  0.8531566857327328E+000   0.6711793247173388E+000   0.0000000000000000E+000   0.7054663133178661E+001   0.0000000000000000E+000
  0.8547990672720863E+000   0.6784948005066398E+000   0.0000000000000000E+000   0.7133767589140389E+001   0.0000000000000000E+000
  0.8556237435901982E+000   0.6822051377382315E+000   0.0000000000000000E+000   0.7173842147838576E+001   0.0000000000000000E+000
  0.8564508788095476E+000   0.6859517363884053E+000   0.0000000000000000E+000   0.7214276098395309E+001   0.0000000000000000E+000
  0.8572805950988808E+000   0.6897355044398428E+000   0.0000000000000000E+000   0.7255078729032880E+001   0.0000000000000000E+000
  0.8581130195040629E+000   0.6935573345916876E+000   0.0000000000000000E+000   0.7296259692771536E+001   0.0000000000000000E+000
  0.8597864559596525E+000   0.7013190647157810E+000   0.0000000000000000E+000   0.7379795733363891E+001   0.0000000000000000E+000
  0.8606278190460627E+000   0.7052617498894322E+000   0.0000000000000000E+000   0.7422178142186911E+001   0.0000000000000000E+000
  0.8614724543275467E+000   0.7092469332105055E+000   0.0000000000000000E+000   0.7464984890796194E+001   0.0000000000000000E+000
  0.8623205189351743E+000   0.7132755197870235E+000   0.0000000000000000E+000   0.7508228234371198E+001   0.0000000000000000E+000
  0.8631721774090142E+000   0.7173483641734311E+000   0.0000000000000000E+000   0.7551920986037375E+001   0.0000000000000000E+000
  0.8648868905918222E+000   0.7256306011610846E+000   0.0000000000000000E+000   0.7640707098777143E+001   0.0000000000000000E+000
  0.8657503988550138E+000   0.7298430145095592E+000   0.0000000000000000E+000   0.7685836467755878E+001   0.0000000000000000E+000
  0.8666182447924824E+000   0.7341043762775968E+000   0.0000000000000000E+000   0.7731476764543424E+001   0.0000000000000000E+000
  0.8674906387504044E+000   0.7384157926709677E+000   0.0000000000000000E+000   0.7777644599999737E+001   0.0000000000000000E+000
  0.8683678020491234E+000   0.7427786768357533E+000   0.0000000000000000E+000   0.7824358224887115E+001   0.0000000000000000E+000
  0.8692499676717962E+000   0.7471945505623980E+000   0.0000000000000000E+000   0.7871636787547694E+001   0.0000000000000000E+000
  0.8701373810073905E+000   0.7516650699567861E+000   0.0000000000000000E+000   0.7919500511770792E+001   0.0000000000000000E+000
  0.8710303006533057E+000   0.7561920394896426E+000   0.0000000000000000E+000   0.7967970768051716E+001   0.0000000000000000E+000
  0.8719289992859138E+000   0.7607774264392844E+000   0.0000000000000000E+000   0.8017070157120729E+001   0.0000000000000000E+000
  0.8728337646080061E+000   0.7654233667005452E+000   0.0000000000000000E+000   0.8066822599028074E+001   0.0000000000000000E+000
  0.8737449004080556E+000   0.7701321627164908E+000   0.0000000000000000E+000   0.8117253429373919E+001   0.0000000000000000E+000
  0.8746627277460878E+000   0.7749062892577452E+000   0.0000000000000000E+000   0.8168389505846816E+001   0.0000000000000000E+000
  0.8755875862558558E+000   0.7797484091841180E+000   0.0000000000000000E+000   0.8220259329815200E+001   0.0000000000000000E+000
  0.8765198355708191E+000   0.7846613842895075E+000   0.0000000000000000E+000   0.8272893052608472E+001   0.0000000000000000E+000
  0.8774598568881378E+000   0.7896484355252575E+000   0.0000000000000000E+000   0.8326323500318740E+001   0.0000000000000000E+000
  0.8779308518181151E+000   0.7921598068635533E+000   0.0000000000000000E+000   0.8353230564655323E+001   0.0000000000000000E+000
  0.8788832780704950E+000   0.7972640077129108E+000   0.0000000000000000E+000   0.8407918347073705E+001   0.0000000000000000E+000
  0.8798445343512800E+000   0.8024509852003089E+000   0.0000000000000000E+000   0.8463491627677879E+001   0.0000000000000000E+000
  0.8808150920070527E+000   0.8077250128317398E+000   0.0000000000000000E+000   0.8519991752118168E+001   0.0000000000000000E+000
  0.8815499640351544E+000   0.8117432993559293E+000   0.0000000000000000E+000   0.8563033087820187E+001   0.0000000000000000E+000
  0.8825380338230769E+000   0.8171804316783372E+000   0.0000000000000000E+000   0.8621260881067911E+001   0.0000000000000000E+000
  0.8832877612210965E+000   0.8213326675336813E+000   0.0000000000000000E+000   0.8665717403315451E+001   0.0000000000000000E+000
  0.8842950843386145E+000   0.8269481482483694E+000   0.0000000000000000E+000   0.8725822618395700E+001   0.0000000000000000E+000
  0.8855692828479940E+000   0.8341125309755045E+000   0.0000000000000000E+000   0.8802470100557091E+001   0.0000000000000000E+000
  0.8866042133391890E+000   0.8399830034591856E+000   0.0000000000000000E+000   0.8865237485179440E+001   0.0000000000000000E+000
  0.8877841907535773E+000   0.8467335532049509E+000   0.0000000000000000E+000   0.8937365969410930E+001   0.0000000000000000E+000
  0.8888486785465981E+000   0.8528769464349286E+000   0.0000000000000000E+000   0.9002954488739254E+001   0.0000000000000000E+000
  0.8896558265889454E+000   0.8575697903291075E+000   0.0000000000000000E+000   0.9053017980641364E+001   0.0000000000000000E+000
  0.8903355284685324E+000   0.8615451909080540E+000   0.0000000000000000E+000   0.9095399005042257E+001   0.0000000000000000E+000
  0.8908845180595961E+000   0.8647719837347604E+000   0.0000000000000000E+000   0.9129778610458537E+001   0.0000000000000000E+000
  0.8917203282108737E+000   0.8697121388734420E+000   0.0000000000000000E+000   0.9182375139567913E+001   0.0000000000000000E+000
  0.8929831775766087E+000   0.8772408569081935E+000   0.0000000000000000E+000   0.9262432597347823E+001   0.0000000000000000E+000
  0.8938408713909494E+000   0.8823998709044639E+000   0.0000000000000000E+000   0.9317213075734305E+001   0.0000000000000000E+000
  0.8944927368756620E+000   0.8863462336861513E+000   0.0000000000000000E+000   0.9359069418278462E+001   0.0000000000000000E+000
  0.8949311853742030E+000   0.8890130881029602E+000   0.0000000000000000E+000   0.9387330140645263E+001   0.0000000000000000E+000
  0.8958143751850484E+000   0.8944160570462237E+000   0.0000000000000000E+000   0.9444520565472443E+001   0.0000000000000000E+000
  0.8966340191091793E+000   0.8994681912498219E+000   0.0000000000000000E+000   0.9497912564107306E+001   0.0000000000000000E+000
  0.8975438574679778E+000   0.9051202495381436E+000   0.0000000000000000E+000   0.9557538694075602E+001   0.0000000000000000E+000
  0.8984691749123273E+000   0.9109172564076602E+000   0.0000000000000000E+000   0.9618567600750042E+001   0.0000000000000000E+000
  0.8996036983515299E+000   0.9180944063711092E+000   0.0000000000000000E+000   0.9693931610773451E+001   0.0000000000000000E+000
  0.9005601979845752E+000   0.9242071371372488E+000   0.0000000000000000E+000   0.9757932605325179E+001   0.0000000000000000E+000
  0.9014735793017874E+000   0.9300989375100466E+000   0.0000000000000000E+000   0.9819444747061176E+001   0.0000000000000000E+000
  0.9026517379007206E+000   0.9377804666970424E+000   0.0000000000000000E+000   0.9899362730694492E+001   0.0000000000000000E+000
  0.9033252781941953E+000   0.9422147868475117E+000   0.0000000000000000E+000   0.9945343870908644E+001   0.0000000000000000E+000
  0.9040076558937944E+000   0.9467398247812833E+000   0.0000000000000000E+000   0.9992145407265893E+001   0.0000000000000000E+000
  0.9051345349656158E+000   0.9542861916672424E+000   0.0000000000000000E+000   0.1006991239921986E+002   0.0000000000000000E+000
  0.9057960904820035E+000   0.9587602826840209E+000   0.0000000000000000E+000   0.1011584700443364E+002   0.0000000000000000E+000
  0.9064722471396014E+000   0.9633675711407517E+000   0.0000000000000000E+000   0.1016301032541315E+002   0.0000000000000000E+000
  0.9069813247827574E+000   0.9668596606238954E+000   0.0000000000000000E+000   0.1019866269098703E+002   0.0000000000000000E+000
  0.9080527231140008E+000   0.9742754638941530E+000   0.0000000000000000E+000   0.1027409637534223E+002   0.0000000000000000E+000
  0.9092603776266338E+000   0.9827459595796048E+000   0.0000000000000000E+000   0.1035977890341821E+002   0.0000000000000000E+000
  0.9101307837811334E+000   0.9889273275782264E+000   0.0000000000000000E+000   0.1042196912997351E+002   0.0000000000000000E+000
  0.9109195505032991E+000   0.9945860698317028E+000   0.0000000000000000E+000   0.1047864245546292E+002   0.0000000000000000E+000
  0.9114207698715955E+000   0.9982108139468029E+000   0.0000000000000000E+000   0.1051481146237534E+002   0.0000000000000000E+000
  0.9124841430091909E+000   0.1005977310774621E+001   0.0000000000000000E+000   0.1059194574053340E+002   0.0000000000000000E+000
  0.9135779966724529E+000   0.1014079138701073E+001   0.0000000000000000E+000   0.1067186178460041E+002   0.0000000000000000E+000
  0.9143274036647768E+000   0.1019698626736734E+001   0.0000000000000000E+000   0.1072695032609117E+002   0.0000000000000000E+000
  0.9151969738981175E+000   0.1026291445983530E+001   0.0000000000000000E+000   0.1079121366272373E+002   0.0000000000000000E+000
  0.9165081426734257E+000   0.1036384747458406E+001   0.0000000000000000E+000   0.1088880875516531E+002   0.0000000000000000E+000
  0.9171509831749082E+000   0.1041403012449616E+001   0.0000000000000000E+000   0.1093696787568600E+002   0.0000000000000000E+000
  0.9175876722699284E+000   0.1044838738696511E+001   0.0000000000000000E+000   0.1096979906308787E+002   0.0000000000000000E+000
  0.9186477523059354E+000   0.1053270437509384E+001   0.0000000000000000E+000   0.1104988448958955E+002   0.0000000000000000E+000
  0.9195124423329817E+000   0.1060246536893327E+001   0.0000000000000000E+000   0.1111561740399754E+002   0.0000000000000000E+000
  0.9203529288016344E+000   0.1067114575892079E+001   0.0000000000000000E+000   0.1117986336650784E+002   0.0000000000000000E+000
  0.9213693936307631E+000   0.1075538534210631E+001   0.0000000000000000E+000   0.1125802641022470E+002   0.0000000000000000E+000
  0.9218883089484220E+000   0.1079890193192990E+001   0.0000000000000000E+000   0.1129812784389886E+002   0.0000000000000000E+000
  0.9221514199943995E+000   0.1082110063586263E+001   0.0000000000000000E+000   0.1131851208051950E+002   0.0000000000000000E+000
  0.9226122142025885E+000   0.1086019586406264E+001   0.0000000000000000E+000   0.1135429376815480E+002   0.0000000000000000E+000
  0.9230807596058963E+000   0.1090023492831079E+001   0.0000000000000000E+000   0.1139078426559680E+002   0.0000000000000000E+000
  0.9240422685315725E+000   0.1098331509855470E+001   0.0000000000000000E+000   0.1146600306707609E+002   0.0000000000000000E+000
  0.9248824523671162E+000   0.1105694397551851E+001   0.0000000000000000E+000   0.1153210567142082E+002   0.0000000000000000E+000
  0.9253123736397182E+000   0.1109499863380830E+001   0.0000000000000000E+000   0.1156606640211282E+002   0.0000000000000000E+000
  0.9261135751842805E+000   0.1116660329526264E+001   0.0000000000000000E+000   0.1162959767139825E+002   0.0000000000000000E+000
  0.9268573949989777E+000   0.1123388956662726E+001   0.0000000000000000E+000   0.1168886317257284E+002   0.0000000000000000E+000
  0.9272370928282122E+000   0.1126854051707826E+001   0.0000000000000000E+000   0.1171922249848339E+002   0.0000000000000000E+000
  0.9282000058914969E+000   0.1135733208676457E+001   0.0000000000000000E+000   0.1179653034722706E+002   0.0000000000000000E+000
  0.9289540664944368E+000   0.1142778955144513E+001   0.0000000000000000E+000   0.1185738814219312E+002   0.0000000000000000E+000
  0.9299304554647140E+000   0.1152024216502375E+001   0.0000000000000000E+000   0.1193660852422869E+002   0.0000000000000000E+000
  0.9303455561624047E+000   0.1155996823435638E+001   0.0000000000000000E+000   0.1197043227560906E+002   0.0000000000000000E+000
  0.9308503496314267E+000   0.1160861457600074E+001   0.0000000000000000E+000   0.1201167906250206E+002   0.0000000000000000E+000
  0.9316261947296880E+000   0.1168409737411244E+001   0.0000000000000000E+000   0.1207531705766367E+002   0.0000000000000000E+000
  0.9323328484006725E+000   0.1175360353617259E+001   0.0000000000000000E+000   0.1213353849662440E+002   0.0000000000000000E+000
  0.9330504292822200E+000   0.1182491494374278E+001   0.0000000000000000E+000   0.1219291343649506E+002   0.0000000000000000E+000
  0.9337885483349122E+000   0.1189902336141806E+001   0.0000000000000000E+000   0.1225425454014099E+002   0.0000000000000000E+000
  0.9343564376500283E+000   0.1195655362663260E+001   0.0000000000000000E+000   0.1230163465892419E+002   0.0000000000000000E+000
  0.9347421898909050E+000   0.1199587984493862E+001   0.0000000000000000E+000   0.1233391081641569E+002   0.0000000000000000E+000
  0.9355265531741408E+000   0.1207643367467955E+001   0.0000000000000000E+000   0.1239976578839356E+002   0.0000000000000000E+000
  0.9363307945605490E+000   0.1215982420130093E+001   0.0000000000000000E+000   0.1246760866937539E+002   0.0000000000000000E+000
  0.9369487721242418E+000   0.1222442859788445E+001   0.0000000000000000E+000   0.1251996228819765E+002   0.0000000000000000E+000
  0.9373658137925240E+000   0.1226827386613212E+001   0.0000000000000000E+000   0.1255540314560630E+002   0.0000000000000000E+000
  0.9377900715482811E+000   0.1231306988554655E+001   0.0000000000000000E+000   0.1259154732863778E+002   0.0000000000000000E+000
  0.9386614504358106E+000   0.1240564490423474E+001   0.0000000000000000E+000   0.1266606729022900E+002   0.0000000000000000E+000
  0.9393363286059891E+000   0.1247782984978748E+001   0.0000000000000000E+000   0.1272404803487296E+002   0.0000000000000000E+000
  0.9400309111773090E+000   0.1255253533597497E+001   0.0000000000000000E+000   0.1278396590495709E+002   0.0000000000000000E+000
  0.9405024853761278E+000   0.1260346969485020E+001   0.0000000000000000E+000   0.1282478782387035E+002   0.0000000000000000E+000
  0.9408601402862421E+000   0.1264220528699774E+001   0.0000000000000000E+000   0.1285582456946628E+002   0.0000000000000000E+000
  0.9414687966071562E+000   0.1270831034076622E+001   0.0000000000000000E+000   0.1290879209319148E+002   0.0000000000000000E+000
  0.9422212161142037E+000   0.1279031332728798E+001   0.0000000000000000E+000   0.1297453207369021E+002   0.0000000000000000E+000
  0.9427325671846599E+000   0.1284619740436597E+001   0.0000000000000000E+000   0.1301937642010164E+002   0.0000000000000000E+000
  0.9432559054871994E+000   0.1290349732920745E+001   0.0000000000000000E+000   0.1306541229259205E+002   0.0000000000000000E+000
  0.9435222954194201E+000   0.1293269794351787E+001   0.0000000000000000E+000   0.1308889999428174E+002   0.0000000000000000E+000
  0.9440649870460959E+000   0.1299223778754581E+001   0.0000000000000000E+000   0.1313686171304263E+002   0.0000000000000000E+000
  0.9447574802023809E+000   0.1306828616427119E+001   0.0000000000000000E+000   0.1319828358616716E+002   0.0000000000000000E+000
  0.9451817423222301E+000   0.1311490370923314E+001   0.0000000000000000E+000   0.1323603843068077E+002   0.0000000000000000E+000
  0.9457610212713486E+000   0.1317856578388178E+001   0.0000000000000000E+000   0.1328774138766898E+002   0.0000000000000000E+000
  0.9460568069202731E+000   0.1321107047219719E+001   0.0000000000000000E+000   0.1331420995666587E+002   0.0000000000000000E+000
  0.9468153633121518E+000   0.1329439799991713E+001   0.0000000000000000E+000   0.1338230124876136E+002   0.0000000000000000E+000
  0.9474432968346651E+000   0.1336331975695729E+001   0.0000000000000000E+000   0.1343890092574868E+002   0.0000000000000000E+000
  0.9480916212447702E+000   0.1343440296105321E+001   0.0000000000000000E+000   0.1349756552787199E+002   0.0000000000000000E+000
  0.9485923037131870E+000   0.1348923065299924E+001   0.0000000000000000E+000   0.1354303014096256E+002   0.0000000000000000E+000
  0.9491062705299590E+000   0.1354544083326281E+001   0.0000000000000000E+000   0.1358984795210872E+002   0.0000000000000000E+000
  0.9493673761074840E+000   0.1357396563887946E+001   0.0000000000000000E+000   0.1361368988552103E+002   0.0000000000000000E+000
  0.9498958955931860E+000   0.1363163428989223E+001   0.0000000000000000E+000   0.1366206849649373E+002   0.0000000000000000E+000
  0.9503480285424121E+000   0.1368089198492518E+001   0.0000000000000000E+000   0.1370358287989545E+002   0.0000000000000000E+000
  0.9507178728207426E+000   0.1372113304595893E+001   0.0000000000000000E+000   0.1373763069717511E+002   0.0000000000000000E+000
  0.9510953516405214E+000   0.1376215823892907E+001   0.0000000000000000E+000   0.1377246447796014E+002   0.0000000000000000E+000
  0.9514808707889433E+000   0.1380401190671562E+001   0.0000000000000000E+000   0.1380812769186157E+002   0.0000000000000000E+000
  0.9518748703014998E+000   0.1384674373585768E+001   0.0000000000000000E+000   0.1384466721955599E+002   0.0000000000000000E+000
  0.9524295471790132E+000   0.1390684029891313E+001   0.0000000000000000E+000   0.1389626616582855E+002   0.0000000000000000E+000
  0.9530500466294003E+000   0.1397400046690973E+001   0.0000000000000000E+000   0.1395421031879585E+002   0.0000000000000000E+000
  0.9536119958374387E+000   0.1403477740728116E+001   0.0000000000000000E+000   0.1400689291227849E+002   0.0000000000000000E+000
  0.9540251206720692E+000   0.1407943718080916E+001   0.0000000000000000E+000   0.1404574925909162E+002   0.0000000000000000E+000
  0.9545347175518133E+000   0.1413450565383338E+001   0.0000000000000000E+000   0.1409382644207640E+002   0.0000000000000000E+000
  0.9549717248668025E+000   0.1418171565924144E+001   0.0000000000000000E+000   0.1413518542459812E+002   0.0000000000000000E+000
  0.9554207469782533E+000   0.1423021335185774E+001   0.0000000000000000E+000   0.1417780724849700E+002   0.0000000000000000E+000
  0.9557891778283205E+000   0.1427000158659755E+001   0.0000000000000000E+000   0.1421287508546494E+002   0.0000000000000000E+000
  0.9559766252116600E+000   0.1429024363323281E+001   0.0000000000000000E+000   0.1423074984022509E+002   0.0000000000000000E+000
  0.9563582821811917E+000   0.1433145605369901E+001   0.0000000000000000E+000   0.1426721259892586E+002   0.0000000000000000E+000
  0.9567494168461874E+000   0.1437369123836759E+001   0.0000000000000000E+000   0.1430467610062285E+002   0.0000000000000000E+000
  0.9571506167539260E+000   0.1441701622590279E+001   0.0000000000000000E+000   0.1434320479181511E+002   0.0000000000000000E+000
  0.9573551957046484E+000   0.1443911048720278E+001   0.0000000000000000E+000   0.1436289067961636E+002   0.0000000000000000E+000
  0.9577727254045856E+000   0.1448420885071446E+001   0.0000000000000000E+000   0.1440314977821585E+002   0.0000000000000000E+000
  0.9581281860999853E+000   0.1452261120596719E+001   0.0000000000000000E+000   0.1443751035884563E+002   0.0000000000000000E+000
  0.9587113332918266E+000   0.1458563510827091E+001   0.0000000000000000E+000   0.1449405116677255E+002   0.0000000000000000E+000
  0.9593183745351794E+000   0.1465128881153390E+001   0.0000000000000000E+000   0.1455313669120460E+002   0.0000000000000000E+000
  0.9596316315582137E+000   0.1468519463232044E+001   0.0000000000000000E+000   0.1458371932601091E+002   0.0000000000000000E+000
  0.9599518203884257E+000   0.1471987156657274E+001   0.0000000000000000E+000   0.1461504299866905E+002   0.0000000000000000E+000
  0.9602793158751488E+000   0.1475536275379819E+001   0.0000000000000000E+000   0.1464714808852325E+002   0.0000000000000000E+000
  0.9607851433930340E+000   0.1481023035449808E+001   0.0000000000000000E+000   0.1469686888394981E+002   0.0000000000000000E+000
  0.9610450512083780E+000   0.1483844831577759E+001   0.0000000000000000E+000   0.1472248043342240E+002   0.0000000000000000E+000
  0.9614892911542532E+000   0.1488671798591070E+001   0.0000000000000000E+000   0.1476635532904114E+002   0.0000000000000000E+000
  0.9620419858370841E+000   0.1494684092508749E+001   0.0000000000000000E+000   0.1482111805339773E+002   0.0000000000000000E+000
  0.9624233343662590E+000   0.1498837062887656E+001   0.0000000000000000E+000   0.1485901996175693E+002   0.0000000000000000E+000
  0.9628158035618939E+000   0.1503115076407695E+001   0.0000000000000000E+000   0.1489812805345808E+002   0.0000000000000000E+000
  0.9630164599593205E+000   0.1505303800978457E+001   0.0000000000000000E+000   0.1491816244014597E+002   0.0000000000000000E+000
  0.9634271305564327E+000   0.1509786368552924E+001   0.0000000000000000E+000   0.1495924899759120E+002   0.0000000000000000E+000
  0.9638492000971540E+000   0.1514397763550693E+001   0.0000000000000000E+000   0.1500159479030889E+002   0.0000000000000000E+000
  0.9641750278656767E+000   0.1517960915867588E+001   0.0000000000000000E+000   0.1503436945511094E+002   0.0000000000000000E+000
  0.9643969319492537E+000   0.1520389211281054E+001   0.0000000000000000E+000   0.1505673321256299E+002   0.0000000000000000E+000
  0.9647371970151306E+000   0.1524115083107779E+001   0.0000000000000000E+000   0.1509109236318868E+002   0.0000000000000000E+000
  0.9652056203737189E+000   0.1529248847654815E+001   0.0000000000000000E+000   0.1513852787635731E+002   0.0000000000000000E+000
  0.9654465936344119E+000   0.1531891813019795E+001   0.0000000000000000E+000   0.1516299282464613E+002   0.0000000000000000E+000
  0.9658799159376378E+000   0.1536647110501124E+001   0.0000000000000000E+000   0.1520709293580248E+002   0.0000000000000000E+000
  0.9663291456663180E+000   0.1541579785808487E+001   0.0000000000000000E+000   0.1525295937134677E+002   0.0000000000000000E+000
  0.9667279604533250E+000   0.1545960639200952E+001   0.0000000000000000E+000   0.1529380783850307E+002   0.0000000000000000E+000
  0.9670014360439195E+000   0.1548965225195500E+001   0.0000000000000000E+000   0.1532188983857998E+002   0.0000000000000000E+000
  0.9672813786845995E+000   0.1552040929648261E+001   0.0000000000000000E+000   0.1535069609897225E+002   0.0000000000000000E+000
  0.9676512607393055E+000   0.1556104299523866E+001   0.0000000000000000E+000   0.1538885033572288E+002   0.0000000000000000E+000
  0.9681308351595586E+000   0.1561371211216098E+001   0.0000000000000000E+000   0.1543847996127601E+002   0.0000000000000000E+000
  0.9684285395604221E+000   0.1564639579557955E+001   0.0000000000000000E+000   0.1546938073045914E+002   0.0000000000000000E+000
  0.9688380557740434E+000   0.1569133609692946E+001   0.0000000000000000E+000   0.1551200293856770E+002   0.0000000000000000E+000
  0.9690485775739127E+000   0.1571442988360832E+001   0.0000000000000000E+000   0.1553396636553390E+002   0.0000000000000000E+000
  0.9692631663917382E+000   0.1573796328420022E+001   0.0000000000000000E+000   0.1555639050525122E+002   0.0000000000000000E+000
  0.9695930846896151E+000   0.1577413169803369E+001   0.0000000000000000E+000   0.1559093719726502E+002   0.0000000000000000E+000
  0.9699332830116142E+000   0.1581141438448621E+001   0.0000000000000000E+000   0.1562665079197023E+002   0.0000000000000000E+000
  0.9701661831402004E+000   0.1583693363666400E+001   0.0000000000000000E+000   0.1565115366287511E+002   0.0000000000000000E+000
  0.9704042536658599E+000   0.1586301738694020E+001   0.0000000000000000E+000   0.1567624461226817E+002   0.0000000000000000E+000
  0.9708814413430097E+000   0.1591530144967527E+001   0.0000000000000000E+000   0.1572667049829278E+002   0.0000000000000000E+000
  0.9711204769577679E+000   0.1594149731149322E+001   0.0000000000000000E+000   0.1575199790002826E+002   0.0000000000000000E+000
  0.9713651292059731E+000   0.1596831432553528E+001   0.0000000000000000E+000   0.1577796719461851E+002   0.0000000000000000E+000
  0.9715524958139675E+000   0.1598885615116934E+001   0.0000000000000000E+000   0.1579788740283710E+002   0.0000000000000000E+000
  0.9718725720088227E+000   0.1602395614332102E+001   0.0000000000000000E+000   0.1583198008251608E+002   0.0000000000000000E+000
  0.9721360865544709E+000   0.1605286246051800E+001   0.0000000000000000E+000   0.1586010842077148E+002   0.0000000000000000E+000
  0.9724066669302234E+000   0.1608255242264488E+001   0.0000000000000000E+000   0.1588904794436984E+002   0.0000000000000000E+000
  0.9726847671741429E+000   0.1611307653821197E+001   0.0000000000000000E+000   0.1591885216385016E+002   0.0000000000000000E+000
  0.9728985809085730E+000   0.1613655110508380E+001   0.0000000000000000E+000   0.1594180875930705E+002   0.0000000000000000E+000
  0.9731171367585419E+000   0.1616055239824459E+001   0.0000000000000000E+000   0.1596531252211251E+002   0.0000000000000000E+000
  0.9732656000464069E+000   0.1617685979750354E+001   0.0000000000000000E+000   0.1598130039956042E+002   0.0000000000000000E+000
  0.9735694911636378E+000   0.1621024893329188E+001   0.0000000000000000E+000   0.1601408184033368E+002   0.0000000000000000E+000
  0.9737251030234102E+000   0.1622735167975885E+001   0.0000000000000000E+000   0.1603089734822280E+002   0.0000000000000000E+000
  0.9740441024605920E+000   0.1626242361588184E+001   0.0000000000000000E+000   0.1606543056524157E+002   0.0000000000000000E+000
  0.9743741800978444E+000   0.1629873377721268E+001   0.0000000000000000E+000   0.1610125287677241E+002   0.0000000000000000E+000
  0.9745436668663944E+000   0.1631738772120629E+001   0.0000000000000000E+000   0.1611968321933527E+002   0.0000000000000000E+000
  0.9748037962195136E+000   0.1634603120244058E+001   0.0000000000000000E+000   0.1614801822530373E+002   0.0000000000000000E+000
  0.9750714287616269E+000   0.1637551942163571E+001   0.0000000000000000E+000   0.1617723194260535E+002   0.0000000000000000E+000
  0.9753470801708001E+000   0.1640591348506541E+001   0.0000000000000000E+000   0.1620738718250862E+002   0.0000000000000000E+000
  0.9756795698151648E+000   0.1644260927488793E+001   0.0000000000000000E+000   0.1624385133063306E+002   0.0000000000000000E+000
  0.9759247941835573E+000   0.1646970200319683E+001   0.0000000000000000E+000   0.1627081052306177E+002   0.0000000000000000E+000
  0.9761259271026316E+000   0.1649194337728364E+001   0.0000000000000000E+000   0.1629296460953089E+002   0.0000000000000000E+000
  0.9763317123191100E+000   0.1651471908892126E+001   0.0000000000000000E+000   0.1631567058286456E+002   0.0000000000000000E+000
  0.9766496605795885E+000   0.1654995197091324E+001   0.0000000000000000E+000   0.1635083143649409E+002   0.0000000000000000E+000
  0.9769795982044329E+000   0.1658657747535921E+001   0.0000000000000000E+000   0.1638742262739732E+002   0.0000000000000000E+000
  0.9772067549069552E+000   0.1661183689862133E+001   0.0000000000000000E+000   0.1641267878595398E+002   0.0000000000000000E+000
  0.9774400763509813E+000   0.1663782241947660E+001   0.0000000000000000E+000   0.1643867515005540E+002   0.0000000000000000E+000
  0.9776799557719178E+000   0.1666458478388670E+001   0.0000000000000000E+000   0.1646546045258685E+002   0.0000000000000000E+000
  0.9780530105779293E+000   0.1670631070973793E+001   0.0000000000000000E+000   0.1650723704511971E+002   0.0000000000000000E+000
  0.9782459632579547E+000   0.1672794908915080E+001   0.0000000000000000E+000   0.1652890465693268E+002   0.0000000000000000E+000
  0.9784434955062220E+000   0.1675014484081881E+001   0.0000000000000000E+000   0.1655112967252564E+002   0.0000000000000000E+000
  0.9785778540119351E+000   0.1676526883812048E+001   0.0000000000000000E+000   0.1656627207818156E+002   0.0000000000000000E+000
  0.9787144402414342E+000   0.1678066681072321E+001   0.0000000000000000E+000   0.1658168670646063E+002   0.0000000000000000E+000
  0.9789946290744690E+000   0.1681233098266989E+001   0.0000000000000000E+000   0.1661337497834771E+002   0.0000000000000000E+000
  0.9792848159666464E+000   0.1684524519751694E+001   0.0000000000000000E+000   0.1664629367859112E+002   0.0000000000000000E+000
  0.9794339239084250E+000   0.1686220929267193E+001   0.0000000000000000E+000   0.1666324944847711E+002   0.0000000000000000E+000
  0.9797407166271814E+000   0.1689723197269804E+001   0.0000000000000000E+000   0.1669822574194712E+002   0.0000000000000000E+000
  0.9798986709811757E+000   0.1691533055664385E+001   0.0000000000000000E+000   0.1671628226282084E+002   0.0000000000000000E+000
  0.9800598432122825E+000   0.1693384791805830E+001   0.0000000000000000E+000   0.1673474192873133E+002   0.0000000000000000E+000
  0.9802243838989682E+000   0.1695280706102644E+001   0.0000000000000000E+000   0.1675362471531372E+002   0.0000000000000000E+000
  0.9804778611771562E+000   0.1698212879785310E+001   0.0000000000000000E+000   0.1678279029707599E+002   0.0000000000000000E+000
  0.9806515572084044E+000   0.1700230830146059E+001   0.0000000000000000E+000   0.1680283203925470E+002   0.0000000000000000E+000
  0.9808292438339442E+000   0.1702302905930617E+001   0.0000000000000000E+000   0.1682338292535488E+002   0.0000000000000000E+000
  0.9811037128600193E+000   0.1705520093584134E+001   0.0000000000000000E+000   0.1685522749619874E+002   0.0000000000000000E+000
  0.9813884230162880E+000   0.1708880368551734E+001   0.0000000000000000E+000   0.1688839570370475E+002   0.0000000000000000E+000
  0.9817347151121647E+000   0.1713002767088323E+001   0.0000000000000000E+000   0.1692893884333013E+002   0.0000000000000000E+000
  0.9819922483349105E+000   0.1716096539711367E+001   0.0000000000000000E+000   0.1695924440106998E+002   0.0000000000000000E+000
  0.9823135419702510E+000   0.1719993821278175E+001   0.0000000000000000E+000   0.1699725264358110E+002   0.0000000000000000E+000
  0.9825357921036941E+000   0.1722716751041491E+001   0.0000000000000000E+000   0.1702368442312988E+002   0.0000000000000000E+000
  0.9827649962093787E+000   0.1725550447768415E+001   0.0000000000000000E+000   0.1705107215121430E+002   0.0000000000000000E+000
  0.9830016505655462E+000   0.1728506033556353E+001   0.0000000000000000E+000   0.1707949670772254E+002   0.0000000000000000E+000
  0.9832463067787676E+000   0.1731596452336261E+001   0.0000000000000000E+000   0.1710905115793938E+002   0.0000000000000000E+000
  0.9834995802661038E+000   0.1734836876387135E+001   0.0000000000000000E+000   0.1713984321378581E+002   0.0000000000000000E+000
  0.9836956046953981E+000   0.1737376304657723E+001   0.0000000000000000E+000   0.1716382452751754E+002   0.0000000000000000E+000
  0.9838631882474378E+000   0.1739570822932207E+001   0.0000000000000000E+000   0.1718443705073190E+002   0.0000000000000000E+000
  0.9840696648575844E+000   0.1742306745947510E+001   0.0000000000000000E+000   0.1720998266853373E+002   0.0000000000000000E+000
  0.9842464689655404E+000   0.1744679813305514E+001   0.0000000000000000E+000   0.1723199748515114E+002   0.0000000000000000E+000
  0.9844278367205851E+000   0.1747145559582101E+001   0.0000000000000000E+000   0.1725472556916485E+002   0.0000000000000000E+000
  0.9845389557839654E+000   0.1748673035132766E+001   0.0000000000000000E+000   0.1726872726073816E+002   0.0000000000000000E+000
  0.9847666429615614E+000   0.1751845754133991E+001   0.0000000000000000E+000   0.1729760938898292E+002   0.0000000000000000E+000
  0.9850020336115767E+000   0.1755191770591868E+001   0.0000000000000000E+000   0.1732776077234545E+002   0.0000000000000000E+000
  0.9852456982031631E+000   0.1758733897343094E+001   0.0000000000000000E+000   0.1735931677156809E+002   0.0000000000000000E+000
  0.9854130458910070E+000   0.1761217398983971E+001   0.0000000000000000E+000   0.1738121013858387E+002   0.0000000000000000E+000
  0.9855845531957838E+000   0.1763808961141099E+001   0.0000000000000000E+000   0.1740384650161039E+002   0.0000000000000000E+000
  0.9857961623296606E+000   0.1767075385721658E+001   0.0000000000000000E+000   0.1743206867948744E+002   0.0000000000000000E+000
  0.9860144863875543E+000   0.1770530425109352E+001   0.0000000000000000E+000   0.1746154961435163E+002   0.0000000000000000E+000
  0.9861639838104199E+000   0.1772948505083118E+001   0.0000000000000000E+000   0.1748196138043560E+002   0.0000000000000000E+000
  0.9863945193801044E+000   0.1776763749731462E+001   0.0000000000000000E+000   0.1751381034585831E+002   0.0000000000000000E+000
  0.9865526265863843E+000   0.1779442841816286E+001   0.0000000000000000E+000   0.1753592375741216E+002   0.0000000000000000E+000
  0.9867144679227298E+000   0.1782239171486823E+001   0.0000000000000000E+000   0.1755879188108281E+002   0.0000000000000000E+000
  0.9868802276333398E+000   0.1785160616474302E+001   0.0000000000000000E+000   0.1758245714164454E+002   0.0000000000000000E+000
  0.9870501037183371E+000   0.1788215848622736E+001   0.0000000000000000E+000   0.1760696472056659E+002   0.0000000000000000E+000
  0.9871366494745261E+000   0.1789796340691340E+001   0.0000000000000000E+000   0.1761954773283218E+002   0.0000000000000000E+000
  0.9873131061338298E+000   0.1793068009623748E+001   0.0000000000000000E+000   0.1764539622334091E+002   0.0000000000000000E+000
  0.9874942483098170E+000   0.1796493725741759E+001   0.0000000000000000E+000   0.1767218773608931E+002   0.0000000000000000E+000
  0.9875866552932597E+000   0.1798266310127673E+001   0.0000000000000000E+000   0.1768594799232027E+002   0.0000000000000000E+000
  0.9877753317504907E+000   0.1801932926864890E+001   0.0000000000000000E+000   0.1771421427464166E+002   0.0000000000000000E+000
  0.9878716744611992E+000   0.1803827011822273E+001   0.0000000000000000E+000   0.1772872468684923E+002   0.0000000000000000E+000
  0.9880685996855592E+000   0.1807735366770548E+001   0.0000000000000000E+000   0.1775850995248127E+002   0.0000000000000000E+000
  0.9881692754412175E+000   0.1809748153531181E+001   0.0000000000000000E+000   0.1777378554575681E+002   0.0000000000000000E+000
  0.9883753409792616E+000   0.1813885289161657E+001   0.0000000000000000E+000   0.1780508822881281E+002   0.0000000000000000E+000
  0.9885611341625637E+000   0.1817619350611504E+001   0.0000000000000000E+000   0.1783330726653308E+002   0.0000000000000000E+000
  0.9887247783811822E+000   0.1820899326254992E+001   0.0000000000000000E+000   0.1785808439232852E+002   0.0000000000000000E+000
  0.9888644704409504E+000   0.1823682360147594E+001   0.0000000000000000E+000   0.1787913448996080E+002   0.0000000000000000E+000
  0.9889785382174107E+000   0.1825938054301191E+001   0.0000000000000000E+000   0.1789622847651542E+002   0.0000000000000000E+000
  0.9890363816514974E+000   0.1827074683869122E+001   0.0000000000000000E+000   0.1790485759545387E+002   0.0000000000000000E+000
  0.9891537622839059E+000   0.1829363095761812E+001   0.0000000000000000E+000   0.1792227485167255E+002   0.0000000000000000E+000
  0.9893343213640933E+000   0.1832828301617059E+001   0.0000000000000000E+000   0.1794878491991893E+002   0.0000000000000000E+000
  0.9894267632436416E+000   0.1834573572278219E+001   0.0000000000000000E+000   0.1796220842052243E+002   0.0000000000000000E+000
  0.9895207392023201E+000   0.1836325846502734E+001   0.0000000000000000E+000   0.1797574199979703E+002   0.0000000000000000E+000
  0.9896485615160912E+000   0.1838671668343113E+001   0.0000000000000000E+000   0.1799395788602299E+002   0.0000000000000000E+000
  0.9897794557451085E+000   0.1841027662521572E+001   0.0000000000000000E+000   0.1801237327928440E+002   0.0000000000000000E+000
  0.9898797807829920E+000   0.1842801360106961E+001   0.0000000000000000E+000   0.1802632106116591E+002   0.0000000000000000E+000
  0.9899820681463883E+000   0.1844581116330768E+001   0.0000000000000000E+000   0.1804039199117382E+002   0.0000000000000000E+000
  0.9901217015826969E+000   0.1846964812972228E+001   0.0000000000000000E+000   0.1805935965943549E+002   0.0000000000000000E+000
  0.9902653321594033E+000   0.1849363500808032E+001   0.0000000000000000E+000   0.1807859020697622E+002   0.0000000000000000E+000
  0.9903758842430748E+000   0.1851174911698151E+001   0.0000000000000000E+000   0.1809320833124540E+002   0.0000000000000000E+000
  0.9904890345423601E+000   0.1852999578989528E+001   0.0000000000000000E+000   0.1810801460755276E+002   0.0000000000000000E+000
  0.9906442421629744E+000   0.1855458088551956E+001   0.0000000000000000E+000   0.1812808748312647E+002   0.0000000000000000E+000
  0.9907641630261631E+000   0.1857325562291771E+001   0.0000000000000000E+000   0.1814342603764595E+002   0.0000000000000000E+000
  0.9908873347094757E+000   0.1859217441777992E+001   0.0000000000000000E+000   0.1815904178878960E+002   0.0000000000000000E+000
  0.9910570369217724E+000   0.1861785017148095E+001   0.0000000000000000E+000   0.1818035416169226E+002   0.0000000000000000E+000
  0.9911444246639268E+000   0.1863091202011034E+001   0.0000000000000000E+000   0.1819124836995909E+002   0.0000000000000000E+000
  0.9912789211143858E+000   0.1865082444191534E+001   0.0000000000000000E+000   0.1820792263557899E+002   0.0000000000000000E+000
  0.9913710156280143E+000   0.1866433658617723E+001   0.0000000000000000E+000   0.1821928289140820E+002   0.0000000000000000E+000
  0.9914651819385176E+000   0.1867805817677923E+001   0.0000000000000000E+000   0.1823085665747079E+002   0.0000000000000000E+000
  0.9916105816318872E+000   0.1869907333128066E+001   0.0000000000000000E+000   0.1824865516283574E+002   0.0000000000000000E+000
  0.9917104902320869E+000   0.1871340211073484E+001   0.0000000000000000E+000   0.1826084193587279E+002   0.0000000000000000E+000
  0.9918129545319068E+000   0.1872801077146026E+001   0.0000000000000000E+000   0.1827331002024442E+002   0.0000000000000000E+000
  0.9918651993988343E+000   0.1873542773177981E+001   0.0000000000000000E+000   0.1827965700629010E+002   0.0000000000000000E+000
  0.9919181487351260E+000   0.1874292390267158E+001   0.0000000000000000E+000   0.1828608324900102E+002   0.0000000000000000E+000
  0.9920262553793532E+000   0.1875816709164387E+001   0.0000000000000000E+000   0.1829918615506444E+002   0.0000000000000000E+000
  0.9921374882826101E+000   0.1877376989002848E+001   0.0000000000000000E+000   0.1831264743567123E+002   0.0000000000000000E+000
  0.9922520824532675E+000   0.1878976455494256E+001   0.0000000000000000E+000   0.1832649873476254E+002   0.0000000000000000E+000
  0.9923107237356004E+000   0.1879792030969758E+001   0.0000000000000000E+000   0.1833358170450735E+002   0.0000000000000000E+000
  0.9924308643461175E+000   0.1881457204316430E+001   0.0000000000000000E+000   0.1834808440826017E+002   0.0000000000000000E+000
  0.9925236345049619E+000   0.1882738153442420E+001   0.0000000000000000E+000   0.1835927765715535E+002   0.0000000000000000E+000
  0.9926188506694413E+000   0.1884048899458494E+001   0.0000000000000000E+000   0.1837076310835136E+002   0.0000000000000000E+000
  0.9927498920461151E+000   0.1885847045103252E+001   0.0000000000000000E+000   0.1838656813405596E+002   0.0000000000000000E+000
  0.9928172921961110E+000   0.1886769672180787E+001   0.0000000000000000E+000   0.1839469813552213E+002   0.0000000000000000E+000
  0.9928514876518991E+000   0.1887237266292967E+001   0.0000000000000000E+000   0.1839882328969958E+002   0.0000000000000000E+000
  0.9929209071769626E+000   0.1888185609347517E+001   0.0000000000000000E+000   0.1840719862926280E+002   0.0000000000000000E+000
  0.9930458695785728E+000   0.1889890194480054E+001   0.0000000000000000E+000   0.1842227992002684E+002   0.0000000000000000E+000
  0.9931380356222689E+000   0.1891145840585591E+001   0.0000000000000000E+000   0.1843340882342083E+002   0.0000000000000000E+000
  0.9932520879253858E+000   0.1892698437122722E+001   0.0000000000000000E+000   0.1844718915126691E+002   0.0000000000000000E+000
  0.9933303670458886E+000   0.1893763560954404E+001   0.0000000000000000E+000   0.1845665368351813E+002   0.0000000000000000E+000
  0.9934514074431572E+000   0.1895410159147014E+001   0.0000000000000000E+000   0.1847130022530074E+002   0.0000000000000000E+000
  0.9935389157290800E+000   0.1896600572238561E+001   0.0000000000000000E+000   0.1848189937818129E+002   0.0000000000000000E+000
  0.9936288853602858E+000   0.1897824626125444E+001   0.0000000000000000E+000   0.1849280658939005E+002   0.0000000000000000E+000
  0.9936991920581709E+000   0.1898781346113325E+001   0.0000000000000000E+000   0.1850133755879918E+002   0.0000000000000000E+000
  0.9937711097092791E+000   0.1899760178482456E+001   0.0000000000000000E+000   0.1851007118093272E+002   0.0000000000000000E+000
  0.9938822026165671E+000   0.1901272567545763E+001   0.0000000000000000E+000   0.1852357705639888E+002   0.0000000000000000E+000
  0.9939974666995622E+000   0.1902842247125149E+001   0.0000000000000000E+000   0.1853761117716692E+002   0.0000000000000000E+000
  0.9940567870799443E+000   0.1903650289334327E+001   0.0000000000000000E+000   0.1854484304208447E+002   0.0000000000000000E+000
  0.9941173023211677E+000   0.1904474739622874E+001   0.0000000000000000E+000   0.1855222731203286E+002   0.0000000000000000E+000
  0.9941790712908343E+000   0.1905316412222127E+001   0.0000000000000000E+000   0.1855977189915022E+002   0.0000000000000000E+000
  0.9942421575717129E+000   0.1906176210126213E+001   0.0000000000000000E+000   0.1856748546960175E+002   0.0000000000000000E+000
  0.9943284396606451E+000   0.1907352509149109E+001   0.0000000000000000E+000   0.1857804927125187E+002   0.0000000000000000E+000
  0.9944173659725347E+000   0.1908565479466307E+001   0.0000000000000000E+000   0.1858895535935802E+002   0.0000000000000000E+000
  0.9945091374034366E+000   0.1909818219874894E+001   0.0000000000000000E+000   0.1860023245619207E+002   0.0000000000000000E+000
  0.9945799698462370E+000   0.1910786049649964E+001   0.0000000000000000E+000   0.1860895364323176E+002   0.0000000000000000E+000
  0.9946526351146120E+000   0.1911780017255899E+001   0.0000000000000000E+000   0.1861791778269426E+002   0.0000000000000000E+000
  0.9947021549494593E+000   0.1912458164872464E+001   0.0000000000000000E+000   0.1862403758293545E+002   0.0000000000000000E+000
  0.9948039388113761E+000   0.1913854484014083E+001   0.0000000000000000E+000   0.1863664677398960E+002   0.0000000000000000E+000
  0.9949096688525216E+000   0.1915309630845961E+001   0.0000000000000000E+000   0.1864979455544255E+002   0.0000000000000000E+000
  0.9949917857986860E+000   0.1916443736211016E+001   0.0000000000000000E+000   0.1866004712932494E+002   0.0000000000000000E+000
  0.9950338141965603E+000   0.1917025843162103E+001   0.0000000000000000E+000   0.1866531004098013E+002   0.0000000000000000E+000
  0.9951345557764820E+000   0.1918426496807360E+001   0.0000000000000000E+000   0.1867797176191710E+002   0.0000000000000000E+000
  0.9952546547127602E+000   0.1920108000654161E+001   0.0000000000000000E+000   0.1869316542020635E+002   0.0000000000000000E+000
  0.9953168733561698E+000   0.1920985010529108E+001   0.0000000000000000E+000   0.1870108566464023E+002   0.0000000000000000E+000
  0.9953806460511146E+000   0.1921888686564070E+001   0.0000000000000000E+000   0.1870924206281025E+002   0.0000000000000000E+000
  0.9954460660042556E+000   0.1922821235006202E+001   0.0000000000000000E+000   0.1871765266052306E+002   0.0000000000000000E+000
  0.9955132353588038E+000   0.1923785128672612E+001   0.0000000000000000E+000   0.1872633798128442E+002   0.0000000000000000E+000
  0.9955822664083851E+000   0.1924783148461772E+001   0.0000000000000000E+000   0.1873532110711154E+002   0.0000000000000000E+000
  0.9956532829834102E+000   0.1925818406459348E+001   0.0000000000000000E+000   0.1874462751336921E+002   0.0000000000000000E+000
  0.9957638277369631E+000   0.1927448741725409E+001   0.0000000000000000E+000   0.1875925650506520E+002   0.0000000000000000E+000
  0.9958210589779748E+000   0.1928302522616499E+001   0.0000000000000000E+000   0.1876690401219707E+002   0.0000000000000000E+000
  0.9958796908101228E+000   0.1929184535831205E+001   0.0000000000000000E+000   0.1877479402212501E+002   0.0000000000000000E+000
  0.9959398048339391E+000   0.1930096920773365E+001   0.0000000000000000E+000   0.1878294398946484E+002   0.0000000000000000E+000
  0.9960014903228588E+000   0.1931042007723749E+001   0.0000000000000000E+000   0.1879137301503199E+002   0.0000000000000000E+000
  0.9960863501378762E+000   0.1932357400738786E+001   0.0000000000000000E+000   0.1880308200681341E+002   0.0000000000000000E+000
  0.9961299756536609E+000   0.1933040716582568E+001   0.0000000000000000E+000   0.1880915382771601E+002   0.0000000000000000E+000
  0.9962197870892611E+000   0.1934462995063974E+001   0.0000000000000000E+000   0.1882176618499334E+002   0.0000000000000000E+000
  0.9963132889960299E+000   0.1935966508600825E+001   0.0000000000000000E+000   0.1883505885687968E+002   0.0000000000000000E+000
  0.9963615401491114E+000   0.1936751664841072E+001   0.0000000000000000E+000   0.1884198316759420E+002   0.0000000000000000E+000
  0.9964108565419628E+000   0.1937560706881622E+001   0.0000000000000000E+000   0.1884910469279755E+002   0.0000000000000000E+000
  0.9964612936748312E+000   0.1938394962401640E+001   0.0000000000000000E+000   0.1885643320357863E+002   0.0000000000000000E+000
  0.9965129116524388E+000   0.1939255831099579E+001   0.0000000000000000E+000   0.1886397891733570E+002   0.0000000000000000E+000
  0.9965926938204401E+000   0.1940600261672120E+001   0.0000000000000000E+000   0.1887572775944896E+002   0.0000000000000000E+000
  0.9966475619298992E+000   0.1941534398681235E+001   0.0000000000000000E+000   0.1888386439449454E+002   0.0000000000000000E+000
  0.9967038659622734E+000   0.1942500755495433E+001   0.0000000000000000E+000   0.1889225750320227E+002   0.0000000000000000E+000
  0.9967764001572803E+000   0.1943756724370304E+001   0.0000000000000000E+000   0.1890312768672320E+002   0.0000000000000000E+000
  0.9968362742381248E+000   0.1944802336329420E+001   0.0000000000000000E+000   0.1891214299744907E+002   0.0000000000000000E+000
  0.9968979083823976E+000   0.1945886373573387E+001   0.0000000000000000E+000   0.1892145589932277E+002   0.0000000000000000E+000
  0.9969776131306168E+000   0.1947298515410920E+001   0.0000000000000000E+000   0.1893353524000457E+002   0.0000000000000000E+000
  0.9970436799052564E+000   0.1948476676023737E+001   0.0000000000000000E+000   0.1894356690737122E+002   0.0000000000000000E+000
  0.9970775352766569E+000   0.1949082683775315E+001   0.0000000000000000E+000   0.1894871034805594E+002   0.0000000000000000E+000
  0.9971469936943416E+000   0.1950329788561850E+001   0.0000000000000000E+000   0.1895925985335288E+002   0.0000000000000000E+000
  0.9971826477344008E+000   0.1950971516888999E+001   0.0000000000000000E+000   0.1896466984600204E+002   0.0000000000000000E+000
  0.9972559315518487E+000   0.1952292615234474E+001   0.0000000000000000E+000   0.1897576760587403E+002   0.0000000000000000E+000
  0.9973127445623663E+000   0.1953317669536012E+001   0.0000000000000000E+000   0.1898434165401494E+002   0.0000000000000000E+000
  0.9973712659021172E+000   0.1954373236726457E+001   0.0000000000000000E+000   0.1899313537795608E+002   0.0000000000000000E+000
  0.9974112917387048E+000   0.1955094472275457E+001   0.0000000000000000E+000   0.1899912336262798E+002   0.0000000000000000E+000
  0.9974729474005165E+000   0.1956203365524797E+001   0.0000000000000000E+000   0.1900829588452012E+002   0.0000000000000000E+000
  0.9975045461132226E+000   0.1956770356975781E+001   0.0000000000000000E+000   0.1901296918764089E+002   0.0000000000000000E+000
  0.9975584219796614E+000   0.1957734371568351E+001   0.0000000000000000E+000   0.1902088791429084E+002   0.0000000000000000E+000
  0.9976161610696730E+000   0.1958762889214757E+001   0.0000000000000000E+000   0.1902929704924162E+002   0.0000000000000000E+000
  0.9976898110843538E+000   0.1960066572737653E+001   0.0000000000000000E+000   0.1903989135335577E+002   0.0000000000000000E+000
  0.9977277909553757E+000   0.1960734773304878E+001   0.0000000000000000E+000   0.1904529055180229E+002   0.0000000000000000E+000
  0.9977665915225139E+000   0.1961414244482409E+001   0.0000000000000000E+000   0.1905075756056473E+002   0.0000000000000000E+000
  0.9978062559716231E+000   0.1962105276954105E+001   0.0000000000000000E+000   0.1905629218322526E+002   0.0000000000000000E+000
  0.9978883612930681E+000   0.1963523478358655E+001   0.0000000000000000E+000   0.1906756198646487E+002   0.0000000000000000E+000
  0.9979309154631723E+000   0.1964251741755499E+001   0.0000000000000000E+000   0.1907329714872653E+002   0.0000000000000000E+000
  0.9979745477513080E+000   0.1964993462211263E+001   0.0000000000000000E+000   0.1907909812115699E+002   0.0000000000000000E+000
  0.9980421617075689E+000   0.1966132750208312E+001   0.0000000000000000E+000   0.1908792212296004E+002   0.0000000000000000E+000
  0.9980887941469236E+000   0.1966911493704266E+001   0.0000000000000000E+000   0.1909388734696553E+002   0.0000000000000000E+000
  0.9981367672768707E+000   0.1967706912953974E+001   0.0000000000000000E+000   0.1909991913756064E+002   0.0000000000000000E+000
  0.9981861741369296E+000   0.1968520429696113E+001   0.0000000000000000E+000   0.1910601857676196E+002   0.0000000000000000E+000
  0.9982371178772361E+000   0.1969353782064680E+001   0.0000000000000000E+000   0.1911218731291881E+002   0.0000000000000000E+000
  0.9982897131320209E+000   0.1970209084003171E+001   0.0000000000000000E+000   0.1911842778408199E+002   0.0000000000000000E+000
  0.9983440876984951E+000   0.1971088894120872E+001   0.0000000000000000E+000   0.1912474368535464E+002   0.0000000000000000E+000
  0.9983719873686722E+000   0.1971538952117063E+001   0.0000000000000000E+000   0.1912793163191921E+002   0.0000000000000000E+000
  0.9984003868814891E+000   0.1971996372583886E+001   0.0000000000000000E+000   0.1913114054421394E+002   0.0000000000000000E+000
  0.9984587668128382E+000   0.1972935401710238E+001   0.0000000000000000E+000   0.1913762500865002E+002   0.0000000000000000E+000
  0.9985194112316619E+000   0.1973910632703481E+001   0.0000000000000000E+000   0.1914420739822880E+002   0.0000000000000000E+000
  0.9985506474130724E+000   0.1974413542982981E+001   0.0000000000000000E+000   0.1914753884008269E+002   0.0000000000000000E+000
  0.9986068806538004E+000   0.1975321038768420E+001   0.0000000000000000E+000   0.1915343980851408E+002   0.0000000000000000E+000
  0.9986652596547387E+000   0.1976267588254922E+001   0.0000000000000000E+000   0.1915943589665217E+002   0.0000000000000000E+000
  0.9986996558082540E+000   0.1976828074151217E+001   0.0000000000000000E+000   0.1916290981082311E+002   0.0000000000000000E+000
  0.9987348533956432E+000   0.1977404245334639E+001   0.0000000000000000E+000   0.1916642060966105E+002   0.0000000000000000E+000
  0.9987618030655370E+000   0.1977847447202248E+001   0.0000000000000000E+000   0.1916907898556386E+002   0.0000000000000000E+000
  0.9988266370166655E+000   0.1978922001459607E+001   0.0000000000000000E+000   0.1917536979257850E+002   0.0000000000000000E+000
  0.9988649959078318E+000   0.1979563923474142E+001   0.0000000000000000E+000   0.1917902253799024E+002   0.0000000000000000E+000
  0.9989043761284202E+000   0.1980228196042804E+001   0.0000000000000000E+000   0.1918271836861745E+002   0.0000000000000000E+000
  0.9989448387775276E+000   0.1980916677075627E+001   0.0000000000000000E+000   0.1918645708402782E+002   0.0000000000000000E+000
  0.9989864505671565E+000   0.1981631364138192E+001   0.0000000000000000E+000   0.1919023771126902E+002   0.0000000000000000E+000
  0.9990292844343961E+000   0.1982374392484327E+001   0.0000000000000000E+000   0.1919405797084068E+002   0.0000000000000000E+000
  0.9990734203793664E+000   0.1983148019866823E+001   0.0000000000000000E+000   0.1919791382813340E+002   0.0000000000000000E+000
  0.9991189465171438E+000   0.1983954610150906E+001   0.0000000000000000E+000   0.1920179882586451E+002   0.0000000000000000E+000
  0.9991659603903860E+000   0.1984796604978472E+001   0.0000000000000000E+000   0.1920570312857345E+002   0.0000000000000000E+000
  0.9992145705341517E+000   0.1985676528346329E+001   0.0000000000000000E+000   0.1920961299695821E+002   0.0000000000000000E+000
  0.9992395120727071E+000   0.1986131511350771E+001   0.0000000000000000E+000   0.1921156429151404E+002   0.0000000000000000E+000
  0.9992907481155576E+000   0.1987072997744991E+001   0.0000000000000000E+000   0.1921544399241727E+002   0.0000000000000000E+000
  0.9993170802923347E+000   0.1987560121325505E+001   0.0000000000000000E+000   0.1921736494438262E+002   0.0000000000000000E+000
  0.9993712694752580E+000   0.1988568376455519E+001   0.0000000000000000E+000   0.1922114463165815E+002   0.0000000000000000E+000
  0.9994276458052097E+000   0.1989623672858332E+001   0.0000000000000000E+000   0.1922480089691364E+002   0.0000000000000000E+000
  0.9994567195378677E+000   0.1990169560131094E+001   0.0000000000000000E+000   0.1922656417284580E+002   0.0000000000000000E+000
  0.9994864210007839E+000   0.1990727784192045E+001   0.0000000000000000E+000   0.1922827167133931E+002   0.0000000000000000E+000
  0.9995415668408701E+000   0.1991763932232856E+001   0.0000000000000000E+000   0.1923116807298207E+002   0.0000000000000000E+000
  0.9995990697351155E+000   0.1992841059978385E+001   0.0000000000000000E+000   0.1923376867795261E+002   0.0000000000000000E+000
  0.9996338082021824E+000   0.1993488659449332E+001   0.0000000000000000E+000   0.1923511014441960E+002   0.0000000000000000E+000
  0.9996694998342777E+000   0.1994150589533248E+001   0.0000000000000000E+000   0.1923629231275905E+002   0.0000000000000000E+000
  0.9996956174326198E+000   0.1994632319336636E+001   0.0000000000000000E+000   0.1923702334672022E+002   0.0000000000000000E+000
  0.9997222866051905E+000   0.1995121578578693E+001   0.0000000000000000E+000   0.1923764625024879E+002   0.0000000000000000E+000
  0.9997550627951663E+000   0.1995718913300263E+001   0.0000000000000000E+000   0.1923823149911611E+002   0.0000000000000000E+000
  0.9998001800189393E+000   0.1996533349637685E+001   0.0000000000000000E+000   0.1923869069944953E+002   0.0000000000000000E+000
  0.9998671867961989E+000   0.1997725391714393E+001   0.0000000000000000E+000   0.1923856588374918E+002   0.0000000000000000E+000
  0.9999085434931144E+000   0.1998450798337435E+001   0.0000000000000000E+000   0.1923796337514088E+002   0.0000000000000000E+000
  0.9999638709426588E+000   0.1999410151139275E+001   0.0000000000000000E+000   0.1923647025150983E+002   0.0000000000000000E+000
